patient_id,last_name,first_name,patronymic,birth_date,gender,insurance_policy,snils,address,phone
1,Антонова,Вениамин,Адрианович,1972-11-16,М,33218196001338,908-386-379 40,"к. Лабинск, алл. Луначарского, д. 216, 594078",+7 618 495 93 10
2,Коновалова,Зосима,Сергеевна,1974-10-31,М,13164752553419,283-276-483 50,"ст. Моздок, наб. Песчаная, д. 69 к. 77, 242388",+79696532871
3,Лукина,Анисим,Брониславович,1956-03-31,Ж,26916697848018,451-462-704 82,"ст. Терскол, алл. Амурская, д. 3 стр. 895, 154303",81171822782
4,Лобанов,Стоян,Вячеславовна,1993-01-13,М,38346578713315,098-393-010 31,"г. Токсово, наб. Вахитова, д. 38, 376311",8 566 701 06 51
5,Чернов,Евдоким,Геннадиевич,2008-06-07,М,72624731781080,132-677-360 26,"к. Сергиев Посад, пр. Станиславского, д. 53 к. 90, 500978",8 (208) 121-9136
6,Журавлев,Филарет,Денисович,1940-11-08,М,91699854353462,475-107-991 18,"п. Нижнекамск, алл. Павлова, д. 3, 849808",+71241182449
7,Гаврилов,Майя,Измаилович,1963-02-26,М,48740164005242,786-801-128 05,"п. Байкальск, наб. Вокзальная, д. 4 к. 61, 923226",+7 256 342 1607
8,Зуев,Евстигней,Эльдаровна,1998-02-03,М,54330365414586,850-142-940 19,"клх Можайск, пер. Пограничный, д. 4/5 к. 960, 561595",+7 484 656 48 23
9,Одинцов,Виктория,Тарасович,1959-02-17,Ж,99468044369957,773-872-148 95,"клх Минеральные Воды, ш. Выгонное, д. 10, 791769",+7 (676) 320-1632
10,Евдокимова,Ирина,Ярославович,1998-09-02,М,08317278895798,687-277-434 87,"с. Буйнакск, наб. Белорусская, д. 6 стр. 9, 223623",+7 665 876 03 66
11,Щукина,Ульяна,Владимировна,1938-02-07,М,96705466889373,467-065-627 29,"д. Фатеж, ул. Народная, д. 3/8 стр. 50, 537556",+76417080531
12,Логинова,Антонина,Анатольевич,1939-09-02,М,33092327193745,299-124-190 49,"клх Камышин, пер. Харьковский, д. 249, 586518",8 067 165 7262
13,Емельянова,Станимир,Захаровна,1972-03-15,М,98776945314737,996-507-527 35,"к. Шамары, наб. Комсомольская, д. 41 стр. 8/9, 777014",+7 (634) 957-8856
14,Копылова,Ульян,Игнатович,1983-04-30,М,74443135182337,498-941-343 52,"клх Тында, наб. Трудовая, д. 384, 109477",8 (520) 471-16-71
15,Борисова,Агафья,Леоновна,1942-09-28,М,22941318699938,677-496-499 09,"клх Каспийск, бул. Широкий, д. 33 к. 720, 974034",+77134936183
16,Филиппова,Геннадий,Евстигнеевич,1954-10-21,М,10249947174648,877-190-659 40,"клх Чайковский, ул. Угольная, д. 927 стр. 5/3, 717565",8 125 674 6807
17,Борисов,Лука,Димитриевич,1979-06-12,Ж,16808760385977,034-824-771 09,"к. Усть-Илимск, пер. Макаренко, д. 831, 274846",8 (737) 826-39-82
18,Ситникова,Архип,Елизарович,1991-12-02,М,58404499727875,588-675-339 63,"к. Соловки, ш. Революции, д. 3/8 стр. 628, 718702",8 217 459 61 58
19,Мишин,Лукьян,Даниловна,2001-11-09,Ж,80913431611724,005-045-562 38,"п. Игарка, пер. Кошевого, д. 37, 747407",+78217594647
20,Кулакова,Ладислав,Герасимович,1987-10-21,Ж,71369594406409,097-439-533 94,"клх Аша, ш. Гончарова, д. 395 к. 745, 328588",+72474517123
21,Кононова,Евпраксия,Наумовна,1989-07-14,М,85160481754965,137-098-593 17,"г. Дивногорск, ул. Свободы, д. 2/2, 826758",8 926 179 64 05
22,Кудряшов,Прокл,Феофанович,1967-08-01,М,51585064317139,005-329-318 39,"к. Дубна, ул. Энергетическая, д. 92 стр. 3, 020539",8 024 026 8117
23,Самсонов,Элеонора,Иосипович,2005-04-19,Ж,91783908470076,617-711-592 12,"с. Шарья, наб. Просвещения, д. 2/2 стр. 86, 657661",8 654 527 1111
24,Князев,Валерий,Петровна,1986-03-01,Ж,28098851656049,451-983-273 15,"ст. Лабытнанги, алл. Карла Либкнехта, д. 194 стр. 54, 502296",+7 201 836 67 52
25,Гришин,Леонтий,Ниловна,1979-08-06,Ж,99102290147679,764-381-561 49,"г. Кетченеры, пер. Горный, д. 434 к. 54, 107622",8 838 851 60 60
26,Русаков,Бажен,Жанович,1993-11-14,М,96641605297516,136-968-164 53,"г. Тихвин, ул. Каштановая, д. 6 стр. 23, 432921",+7 (779) 979-95-52
27,Бобылев,Артем,Харитонович,1995-08-19,М,44905814770054,119-986-798 07,"д. Сортавала, алл. Овражная, д. 2/6 стр. 182, 778892",8 546 659 0515
28,Пономарев,Федосий,Кузьминична,1988-01-22,Ж,44925192546291,486-528-168 50,"п. Качканар, ш. Вахитова, д. 33 к. 51, 888059",+7 (962) 229-27-06
29,Артемьев,Евпраксия,Ниловна,1967-10-10,М,79473834735977,468-862-392 40,"д. Волхов, ш. Свободное, д. 2 стр. 84, 613750",8 068 536 15 30
30,Кабанов,Валерьян,Натановна,1981-01-29,М,22047277901043,289-861-434 10,"клх Юрьевец (Иван.), ул. Заозерная, д. 9/1 к. 52, 095396",+7 (185) 188-88-80
31,Гуляев,Рюрик,Андреевич,1988-02-06,Ж,54051531952058,527-722-170 43,"г. Моздок, пер. Розы Люксембург, д. 5/1 к. 64, 541566",8 (652) 775-84-16
32,Яковлев,Петр,Викторовна,1960-01-03,М,84511544796275,705-964-016 58,"п. Шилка, ш. Бабушкина, д. 421 стр. 6, 909275",8 719 285 6543
33,Фокина,Викентий,Адрианович,1960-10-07,Ж,78681447394731,217-271-551 88,"ст. Ербогачен, бул. Локомотивный, д. 9 стр. 41, 370589",8 782 911 4678
34,Бирюков,Татьяна,Устинович,1945-06-26,Ж,25177852892268,018-242-253 58,"к. Каменск-Шахтинский, пер. Прохладный, д. 94 стр. 382, 995900",+7 094 396 90 78
35,Савин,Анастасия,Ефимьевич,2001-03-05,Ж,36471027677359,255-562-588 15,"г. Курганинск, алл. Малая, д. 704 к. 4/3, 953278",8 (747) 016-87-33
36,Пономарева,Милован,Анисимович,1942-04-29,М,47974801624565,060-983-584 16,"ст. Юрюзань, пер. Стадионный, д. 71 стр. 6, 239868",+7 002 578 7298
37,Матвеев,Макар,Геннадиевна,1978-10-19,Ж,26949588879470,551-694-097 49,"д. Сочи, пер. Максима Горького, д. 13, 307562",8 368 970 28 38
38,Кулагин,Вероника,Харлампович,2006-12-18,М,65278585497334,843-443-757 58,"г. Хужир, пер. Воровского, д. 6/3 стр. 1, 157473",+7 (848) 421-9933
39,Комаров,Глафира,Архиповна,1966-02-28,Ж,30165712082677,345-401-938 02,"г. Переславль-Залесский, алл. Малиновая, д. 204 к. 5, 887287",+73152742054
40,Яковлева,Евдокия,Руслановна,1961-09-26,М,29668516122753,046-374-549 90,"клх Клин, бул. Стадионный, д. 5/3, 841459",+7 (327) 279-5687
41,Белякова,Тимофей,Феликсовна,1965-03-04,Ж,39187851910883,982-258-713 97,"ст. Белоярский, алл. Карбышева, д. 1/9 к. 5/1, 403910",8 518 017 04 62
42,Шилова,Всемил,Святославовна,1992-08-28,Ж,56766182512868,230-047-868 63,"к. Елец, алл. Урожайная, д. 169 к. 23, 907903",+7 673 830 2843
43,Лапина,Наина,Вадимовна,1978-11-06,М,99534283644089,268-705-685 66,"с. Йошкар-Ола, пр. Слободской, д. 34 стр. 1/9, 688263",+73517518304
44,Симонов,Евгения,Викторовна,1940-10-29,М,13983735403317,393-638-546 78,"к. Новосибирск, пр. Ульянова, д. 475 стр. 6, 093204",8 (996) 423-5369
45,Пахомова,Иннокентий,Эдуардович,1981-05-22,М,47772522872808,010-062-312 03,"г. Южно-Курильск, бул. Клары Цеткин, д. 1/1 стр. 1/1, 840862",+7 182 339 84 54
46,Горбачева,Никон,Артурович,1986-03-21,М,67933410166687,002-176-591 80,"ст. Хасавюрт, наб. Шоссейная, д. 148 к. 15, 926142",83968562185
47,Киселев,Валерьян,Феодосьевич,1967-01-15,Ж,15999650477358,662-961-943 11,"с. Елатьма, пр. Крупской, д. 2 стр. 804, 412126",8 (888) 610-15-81
48,Рябова,Эммануил,Станиславовна,1979-08-08,М,60466183982622,444-721-264 64,"к. Красногорск (Моск.), бул. Мая 1, д. 27, 406596",8 756 924 5937
49,Исаев,Демьян,Тихонович,1978-11-18,М,47935646519398,280-737-416 72,"к. Елатьма, пр. Репина, д. 879 стр. 9/9, 805891",+7 352 909 65 61
50,Лебедев,Валерьян,Дорофеевич,1965-08-29,М,88899375679825,071-461-125 45,"д. Старый Оскол, пр. Фестивальный, д. 8/6 к. 240, 512382",8 (258) 673-6226
51,Вишняков,Алексей,Оскаровна,1962-04-21,Ж,79660334191825,537-147-859 69,"к. Нижний Тагил, пер. Коллективный, д. 2 к. 25, 412528",8 692 966 27 82
52,Кузьмина,Гурий,Эдгардович,1974-10-04,Ж,22579050723688,767-677-219 03,"к. Кимры, наб. Радужная, д. 8/9 стр. 591, 807836",+7 340 745 17 13
53,Гаврилов,Нинель,Валентиновна,1983-03-02,Ж,96292330958498,254-494-812 60,"клх Дагомыс, алл. Космонавтов, д. 86, 946671",+7 684 577 59 01
54,Мартынова,Ратмир,Евгеньевна,1984-03-14,Ж,18636374545892,975-001-701 27,"с. Канск, алл. Дружбы, д. 24 стр. 5, 520643",8 110 371 29 38
55,Блинова,Прокл,Августович,1936-07-17,М,51627136111554,262-218-909 27,"клх Екатеринбург, пер. Азина, д. 21 к. 71, 652341",+7 (899) 940-4389
56,Волкова,Евгений,Робертовна,1988-10-06,Ж,40376137918055,269-658-271 09,"к. Кашира, ул. Розы Люксембург, д. 9, 661889",+7 (414) 183-28-56
57,Лазарева,Алевтина,Рудольфовна,1944-06-11,Ж,46303161799042,102-027-588 42,"клх Курск, ул. Красноармейская, д. 7 стр. 9, 491778",8 079 252 4191
58,Панов,Оксана,Яковлевич,1935-10-18,М,00307562208635,365-419-518 02,"с. Боровск, ш. Запорожское, д. 6 к. 187, 349493",8 (597) 383-20-60
59,Абрамов,Тит,Изотович,1936-10-01,Ж,50641383670241,038-657-191 82,"д. Хасан, пр. Мельничный, д. 54, 655743",+7 329 121 27 75
60,Авдеев,Виссарион,Антоновна,1984-03-17,М,37474112490352,135-680-442 06,"г. Славянск-на-Кубани, ш. Казачье, д. 400, 365199",+71013721510
61,Бурова,Роман,Анисимович,1958-04-23,М,96670662532447,209-993-476 87,"к. Орел, пр. Крымский, д. 18, 578759",8 (564) 205-9304
62,Андреев,Савва,Архиповна,1984-02-04,М,93213348039652,239-559-059 92,"д. Миллерово, пр. Почтовый, д. 403, 870593",+7 (525) 002-92-18
63,Кононова,Михаил,Артёмович,1986-04-17,М,69154522675289,539-264-422 09,"п. Шахты, ш. Черноморское, д. 672 к. 635, 157043",+7 (154) 100-6762
64,Вишнякова,Остромир,Эдгарович,1986-12-27,Ж,58617932710405,411-526-218 15,"с. Забайкальск, пр. Депутатский, д. 415 стр. 96, 443106",88720506149
65,Кондратьев,Евстигней,Богданович,1938-12-13,Ж,32417146774186,256-527-047 74,"д. Бирск, ш. Фестивальное, д. 758, 806868",8 (937) 416-08-98
66,Ефремова,Филимон,Кузьминична,1955-07-07,Ж,17223320616329,451-168-685 48,"ст. Юрюзань, пер. Маркса Карла, д. 362 стр. 219, 856467",89702462996
67,Воробьев,Николай,Игнатович,1967-10-13,М,07450544471324,754-691-373 67,"д. Ершов, наб. 1 Мая, д. 3/9, 233030",8 (053) 457-86-10
68,Трофимов,Мокей,Эдгардович,1996-02-28,Ж,27985524140602,933-334-680 07,"д. Алапаевск, наб. Маяковского, д. 7, 574374",8 (969) 108-5899
69,Воронцов,Лаврентий,Леоновна,1950-02-27,М,71545444328309,652-074-466 60,"клх Кизел, пер. Металлургов, д. 9 стр. 3, 417248",+7 (513) 534-65-54
70,Григорьева,Куприян,Фомич,1951-06-23,М,70999173816846,022-356-972 52,"к. Яхрома, наб. Майская, д. 474, 927129",8 666 760 08 35
71,Стрелкова,Агафон,Захарьевич,2007-09-20,М,30033542168942,104-478-985 62,"к. Калач, ш. 50 лет ВЛКСМ, д. 333, 098215",+7 648 909 0100
72,Маслова,Виктор,Фёдорович,1995-12-01,Ж,61847230461849,926-189-141 17,"ст. Кулу, алл. Фурманова, д. 5/3 стр. 487, 530011",87218114374
73,Лобанов,Ростислав,Анисимович,1949-01-11,Ж,20455611002255,794-155-216 67,"клх Сосногорск, бул. Ольховый, д. 320 к. 869, 296590",+7 (771) 670-14-50
74,Горбунова,Евфросиния,Андреевна,1965-12-06,Ж,58891637562890,028-772-175 35,"д. Кизилюрт, бул. Циолковского, д. 4/2 стр. 8/8, 775170",+7 660 880 19 94
75,Брагина,Симон,Артемовна,1963-08-07,М,75503758997571,130-554-885 10,"п. Поярково, наб. Привольная, д. 71, 735160",81779827080
76,Титова,Пимен,Владимировна,2001-03-04,М,82922169958669,346-547-226 98,"клх Усть-Калманка, алл. Путейская, д. 59 стр. 3, 885158",8 (996) 846-08-10
77,Фадеев,Галактион,Антипович,1943-02-24,Ж,34244204380571,983-863-840 66,"д. Белореченск, бул. Ударный, д. 89, 598933",+77212281606
78,Наумов,Федор,Евсеевич,1953-02-23,М,29405720259094,798-515-832 81,"д. Уварово, ул. Тимирязева, д. 63 к. 6, 398780",+7 573 993 05 61
79,Мамонтов,Исай,Аскольдовна,1973-12-09,Ж,08588770435811,288-013-361 38,"клх Елатьма, пр. Толстого, д. 111, 481934",8 676 650 61 80
80,Тимофеева,Маргарита,Геннадьевна,1944-01-20,Ж,90158144914766,072-832-684 24,"д. Усть-Катав, ул. Дачная, д. 799, 435368",+7 (223) 943-12-90
81,Владимирова,Полина,Аркадьевна,1998-03-23,Ж,81414139755231,491-357-759 49,"ст. Моздок, алл. Новая, д. 4 к. 56, 257775",+77812914283
82,Назаров,Наталья,Даниловна,1945-11-07,М,10809969308488,725-639-427 88,"к. Тверь, бул. Волочаевский, д. 38, 229927",8 037 314 5303
83,Семенова,Мирослав,Терентьевич,1999-05-15,Ж,70051844989266,591-846-386 55,"д. Азов (Рост.), алл. Щетинкина, д. 23 стр. 4, 225913",8 517 773 92 60
84,Мартынов,Аникей,Валерьянович,1957-05-17,М,28092024286990,413-797-723 69,"д. Тихорецк, алл. Володарского, д. 2/4 к. 7/3, 038862",81279908811
85,Силин,Василиса,Васильевич,1935-08-11,М,68650863765991,624-731-498 64,"клх Алагир, пер. Пригородный, д. 663 стр. 6/2, 694486",85946368872
86,Гришин,Федот,Анатольевна,2001-04-14,Ж,44956213721386,589-026-012 79,"г. Кулу, наб. Российская, д. 966, 902770",+7 (843) 098-8392
87,Давыдова,Анатолий,Иосипович,1968-01-04,Ж,02146566938011,848-955-439 37,"к. Игарка, пер. Загородный, д. 684 к. 984, 769735",8 (790) 714-16-33
88,Ефремова,Лука,Фадеевич,1983-07-03,Ж,88043416518275,539-423-733 34,"п. Красная Поляна, наб. Прудовая, д. 811 стр. 880, 957947",+7 (846) 392-08-67
89,Лихачева,Тимур,Александрович,2003-11-01,Ж,56271875003691,559-428-434 79,"п. Тамбей, алл. Маркса Карла, д. 6 к. 5/8, 929314",+7 (866) 322-7026
90,Лебедева,Всеволод,Дмитриевна,2005-10-23,М,85744890612034,717-545-588 45,"г. Нижний Новгород, пер. Выгонный, д. 64 стр. 9, 716947",+7 (256) 996-11-25
91,Панов,Лонгин,Жоресович,1975-02-06,М,49647598762202,341-326-111 78,"ст. Переславль-Залесский, ш. Народное, д. 349 стр. 464, 472282",+7 055 778 4872
92,Силина,Ия,Аскольдовна,1959-07-17,Ж,99796884578317,456-424-008 25,"д. Алапаевск, пр. Беляева, д. 1 стр. 5/4, 853686",8 326 634 16 38
93,Жданова,Юлий,Филипповна,1972-06-12,М,48463122417974,973-502-080 21,"п. Самара, ул. Лесозаводская, д. 820 стр. 75, 757051",+7 (046) 187-23-46
94,Федосеева,Агап,Валерьевич,1969-04-30,М,67303718376452,088-147-435 03,"клх Рязань, ул. Славянская, д. 2 к. 4/1, 979251",+7 (271) 950-0528
95,Кошелева,Вацлав,Валерьянович,2001-11-03,М,35857306524077,848-739-285 57,"г. Тутаев, пр. Калинина, д. 9, 708620",85935186387
96,Наумова,Устин,Витальевич,1973-12-24,М,56511810220317,310-967-899 40,"д. Бреды, алл. Победа, д. 670, 509480",+7 413 811 38 63
97,Блинов,Степан,Игоревна,1969-04-21,М,92886195761228,685-289-755 85,"ст. Яшкуль, ш. Шевченко, д. 99 к. 96, 577600",+79082404335
98,Соловьев,Фаина,Юльевна,1973-01-01,Ж,88899210752245,933-441-969 31,"п. Сузун, бул. Кубанский, д. 1 стр. 2/1, 566139",+7 604 805 8925
99,Новикова,Ия,Гурьевич,1956-04-18,М,06799813646225,179-086-416 86,"с. Устюжна, пр. Геологов, д. 98, 314659",+7 166 553 55 90
100,Воронцова,Лев,Власович,1983-01-16,Ж,97927033521103,924-051-477 05,"п. Усмань, ш. Отрадное, д. 3/1 стр. 9/1, 204394",+7 701 645 1046
101,Суворов,Натан,Яковлевич,1949-01-01,Ж,57981238780038,457-620-555 43,"клх Красноуфимск, ш. Красноармейское, д. 4 к. 75, 168936",+7 (926) 495-7823
102,Суханова,Всеслав,Васильевна,1962-12-24,Ж,24826292518812,520-566-474 23,"п. Ардон, пер. Черемуховый, д. 49 стр. 60, 728975",+7 (677) 223-30-60
103,Уварова,Касьян,Фадеевич,1965-09-26,Ж,33127975736609,656-999-880 81,"ст. Баксан, пер. Димитрова, д. 986, 347644",8 (264) 908-27-71
104,Абрамова,Сидор,Брониславович,1959-11-30,М,98266570279371,452-111-751 86,"д. Оленек, ш. Стахановское, д. 3, 220644",8 (421) 230-94-07
105,Соколова,Сигизмунд,Альбертовна,1936-03-24,М,97339776719903,849-830-220 50,"клх Чебоксары, наб. Толстого, д. 701 стр. 52, 795014",8 561 681 4721
106,Тихонова,Кир,Игнатович,2007-03-06,Ж,68339019817946,954-899-529 97,"ст. Ирбит, алл. Ленина, д. 20 стр. 471, 605583",+7 344 144 8850
107,Данилов,Жанна,Игнатьевич,1981-11-27,Ж,69902355770272,785-760-849 58,"д. Надым, ул. Учительская, д. 1 к. 7, 996291",+75046173574
108,Горбунов,Станислав,Ефимьевич,1959-04-07,М,15031780782357,845-218-230 76,"к. Балашов, ш. Базарное, д. 8 стр. 518, 943533",+74857142241
109,Новиков,Януарий,Артемовна,2005-05-30,Ж,13858542493214,958-702-070 16,"с. Павловский Посад, бул. Подстанция, д. 5, 381792",+7 717 477 33 29
110,Михеев,Михаил,Тимурович,1960-05-26,Ж,55770171577245,992-816-158 14,"д. Псебай, пер. Петровский, д. 77, 539669",8 832 197 1997
111,Кулагин,Федор,Богданович,1996-01-15,М,24619196570132,902-278-469 97,"клх Мокшан, пер. Свободы, д. 6/2 к. 798, 405800",8 (514) 036-9656
112,Корнилов,Наум,Феодосьевич,1964-03-11,Ж,27238656242201,027-621-267 96,"д. Ржев, ш. Химиков, д. 6/4 стр. 16, 384689",8 009 751 9712
113,Трофимова,Наина,Андреевна,1973-06-23,М,78189137189490,580-778-795 65,"п. Астрахань, пер. Свободы, д. 1 стр. 3/1, 904712",8 (144) 294-4401
114,Жукова,Демид,Вениаминовна,1956-01-06,Ж,75243728051292,766-372-395 04,"п. Слюдянка, пр. Мичурина, д. 9/4 к. 7/8, 286047",8 580 185 69 45
115,Потапов,Карл,Феликсовна,1948-10-27,М,49673938525800,106-181-753 44,"г. Южноуральск, ул. Тамбовская, д. 311, 921244",8 (174) 654-21-40
116,Фадеев,Никанор,Игнатьевич,1943-08-15,М,44271739627128,639-174-101 19,"г. Талдом, бул. Советский, д. 364, 690877",8 618 306 71 98
117,Рожкова,Мирон,Игнатьевич,1976-08-29,Ж,60158517432806,346-157-173 20,"клх Чусовой, пр. 30 лет Победы, д. 884, 005050",8 138 782 93 10
118,Горшкова,Вячеслав,Эдгардович,1938-01-15,М,79032020417929,111-799-313 65,"г. Чайковский, алл. Космонавтов, д. 30 стр. 2, 426258",+7 (739) 021-96-20
119,Шарова,Севастьян,Артурович,1936-04-23,М,02194672324876,329-092-791 45,"д. Клин, ул. Кубанская, д. 9, 734031",+7 (772) 200-54-36
120,Овчинников,Марк,Георгиевна,1997-02-13,Ж,01082207811379,956-353-153 13,"с. Кетченеры, пр. Водников, д. 462, 265273",8 435 209 0421
121,Артемьева,Рубен,Фокич,1992-05-14,М,25349292983168,739-774-063 35,"д. Дудинка, ул. Марта 8, д. 907 стр. 768, 177318",+7 632 543 1074
122,Марков,Ксения,Фокич,1938-10-08,М,77262570165804,649-893-195 08,"г. Орел, пр. Дорожный, д. 6 к. 28, 253817",83355486401
123,Кононов,Мечислав,Филимонович,2001-08-15,Ж,88178847951371,162-411-241 27,"д. Ямбург, наб. Баумана, д. 67, 704310",+7 (856) 955-7988
124,Белозеров,Ратмир,Ефимьевич,1953-05-28,Ж,42437540254729,284-222-231 05,"к. Нязепетровск, алл. Строительная, д. 6, 578284",+7 067 275 20 88
125,Нестеров,Анжелика,Максимовна,1975-09-03,М,74929751702814,069-375-150 93,"п. Апрелевка, пер. Подстанция, д. 486, 599805",8 265 650 45 54
126,Рожков,Феликс,Афанасьевич,1964-10-20,М,76742662991234,785-196-106 46,"клх Хасан, алл. Производственная, д. 5/9, 049478",8 (300) 244-71-46
127,Ефимов,Селиверст,Львовна,1968-10-03,Ж,01471959796471,589-042-902 57,"п. Белорецк, наб. Маркса Карла, д. 1 к. 5, 832192",8 (554) 451-8952
128,Козлов,Всеслав,Ярославович,1973-09-30,Ж,57652132833898,881-671-120 75,"п. Саратов, пер. Володарского, д. 14 стр. 332, 423216",+7 107 603 10 89
129,Ковалев,Рюрик,Валерианович,1969-11-18,М,01401193932501,249-552-893 89,"ст. Чегем, пер. Тамбовский, д. 34, 138759",+7 (712) 566-38-36
130,Цветков,Синклитикия,Жанович,1952-04-08,М,71827548015716,479-473-864 63,"клх Нурлат, ул. Победа, д. 967, 126691",+7 (153) 539-61-36
131,Мухина,Сигизмунд,Елисеевич,1972-08-06,М,65796784271147,732-010-170 26,"к. Юрьев-Польский, ул. Магистральная, д. 8/4 стр. 8, 848588",+7 061 675 6770
132,Голубев,Демьян,Анатольевна,1976-09-09,М,27624671978897,782-806-479 69,"к. Биробиджан, пер. Трудовой, д. 65, 561655",8 503 334 91 14
133,Данилов,Мартын,Власович,1938-02-16,М,85076986407905,696-591-713 57,"д. Малая Вишера, пр. Проезжий, д. 2/9 к. 54, 496391",81954198763
134,Шубин,Бажен,Захаровна,1976-07-11,Ж,84685366498782,082-973-748 96,"к. Славянск-на-Кубани, алл. Короткая, д. 7, 513644",+7 (493) 631-23-03
135,Орехова,Леонид,Фомич,2001-07-04,М,86603242044820,700-159-416 51,"п. Вязьма, бул. Громова, д. 989 стр. 8, 391559",8 363 212 34 76
136,Панфилов,Харитон,Антонович,2002-03-08,М,85158673425754,090-034-864 51,"с. Алапаевск, наб. Мичурина, д. 434 к. 67, 041776",8 612 481 5698
137,Чернова,Макар,Филиппович,1939-03-03,М,02720634591123,829-657-724 29,"п. Вендинга, наб. Саратовская, д. 7/4 к. 408, 734206",86942152910
138,Рыбакова,Степан,Феодосьевич,1997-03-12,Ж,71333447626393,436-262-044 39,"к. Череповец, бул. Гафури, д. 307 стр. 7, 669411",8 (005) 375-9900
139,Селезнев,Силантий,Геннадьевна,1987-04-17,М,46528092428757,215-862-415 02,"клх Новочеркасск, наб. Механическая, д. 9 к. 7, 572870",+7 (203) 207-4276
140,Жуков,Серафим,Анатольевич,1995-07-16,Ж,58777121513422,849-939-089 26,"ст. Тамбей, ул. Урицкого, д. 741 стр. 2, 201777",+79050975923
141,Дементьева,Анисим,Феликсовна,1973-12-15,Ж,50189616423610,326-642-147 64,"клх Владикавказ, пер. Крымский, д. 8/7 к. 5/7, 659266",+7 085 732 78 81
142,Савин,Руслан,Феодосьевич,1946-03-23,М,74224386490810,818-661-794 54,"г. Славянск-на-Кубани, ш. Саратовское, д. 1/2, 459779",+75232194168
143,Петров,Аверкий,Тихонович,1951-04-30,М,02776974995641,220-310-303 72,"ст. Ялуторовск, алл. Дальняя, д. 8 стр. 77, 122777",+7 793 349 6050
144,Ершов,Агафья,Натановна,1994-03-19,Ж,67998407678997,308-069-581 46,"с. Юрьевец (Иван.), наб. Рылеева, д. 1/3 стр. 4, 573839",8 972 466 5729
145,Аксенов,Кондрат,Львовна,1947-03-06,Ж,72232971674338,005-452-280 15,"д. Кинешма, пер. Вольный, д. 5/6, 084289",+7 077 119 91 80
146,Петрова,Василий,Владленович,1951-07-07,Ж,35247871255213,760-375-482 14,"к. Ярославль, алл. Деповская, д. 4/3 стр. 7/7, 850720",8 (115) 562-6060
147,Коновалова,Анастасия,Вилорович,1943-04-25,Ж,84668455048926,738-997-563 41,"с. Грозный, пер. Дальневосточный, д. 91 стр. 9, 200894",+7 (468) 105-4851
148,Белов,Регина,Захаровна,1952-06-04,Ж,74907539989354,492-683-158 93,"г. Домодедово, пр. Морозова, д. 710 стр. 47, 158698",8 (649) 767-7622
149,Морозова,Владимир,Чеславович,1997-09-28,М,28813770285196,115-940-821 54,"к. Ступино, ш. Волгоградское, д. 79, 443270",+7 851 067 94 97
150,Бирюкова,Мартын,Станиславовна,1986-10-18,М,79228777251996,636-580-741 20,"клх Устюжна, алл. Цветочная, д. 97, 182043",+7 (971) 895-6907
151,Дементьева,Азарий,Измаилович,1994-12-04,М,26085641118242,241-246-209 52,"к. Охотск, наб. Морская, д. 6/5, 103399",+7 (788) 614-0578
152,Авдеев,Артемий,Харлампьевич,1939-05-19,М,63048913824967,183-258-238 68,"г. Слюдянка, наб. Славянская, д. 507 стр. 7, 398402",8 (914) 161-2846
153,Гаврилов,Юлиан,Юльевич,1978-10-07,Ж,54743553795020,970-026-876 81,"ст. Саянск, ул. К.Маркса, д. 6/7 стр. 20, 537030",+75319433750
154,Шилов,Семен,Максимовна,1963-11-26,М,03614987283999,219-212-493 84,"клх Тымовское, наб. Просвещения, д. 660 стр. 7/5, 877580",+7 (046) 875-0635
155,Сорокин,Филимон,Филипповна,1938-11-25,М,36133254110760,954-317-350 58,"ст. Шатура, пр. Кубанский, д. 2/2 стр. 606, 207049",8 110 804 66 19
156,Лобанова,Остап,Даниилович,1936-11-21,М,76769915078593,110-919-392 84,"с. Юровск, алл. Харьковская, д. 10 к. 74, 498227",+79545089203
157,Петрова,Федот,Антипович,1992-11-20,М,53331537795995,946-521-707 30,"с. Юрюзань, алл. Мусы Джалиля, д. 7, 620501",8 081 247 3950
158,Турова,Амвросий,Герасимович,1962-05-15,М,42342583230241,026-153-473 55,"клх Бодайбо, алл. Мельничная, д. 93, 559630",89384253042
159,Владимирова,Симон,Владимировна,2001-12-30,М,31791286857872,558-777-496 90,"п. Сеймчан, пр. Красноярский, д. 7, 925481",+7 (147) 853-90-78
160,Федотова,Мартын,Федотович,1996-11-05,М,76657546027341,514-888-143 11,"г. Усмань, наб. Курортная, д. 5, 439284",+7 445 669 0782
161,Симонова,Никон,Давыдович,1966-05-01,М,37389877515366,377-805-292 40,"к. Кимры, пр. 50 лет ВЛКСМ, д. 6 к. 390, 599996",8 361 863 71 59
162,Блохина,Радислав,Егоровна,1976-11-28,М,12182097023164,334-817-058 02,"с. Енисейск, алл. Правды, д. 2/7, 234672",89493874302
163,Рожков,Арсений,Юрьевна,1989-10-13,Ж,93859777901475,469-263-296 76,"с. Балашиха, ш. Авиационное, д. 9, 137681",8 118 567 2438
164,Беляев,Роман,Адрианович,1945-05-29,М,76563600412577,711-837-274 22,"п. Магас, пер. Черняховского, д. 11, 275230",8 (370) 816-4709
165,Кузнецов,Анисим,Сергеевна,1986-10-23,М,33533106005313,122-068-155 83,"с. Горно-Алтайск, алл. Веселая, д. 6, 065063",8 (314) 950-13-64
166,Наумова,Эммануил,Эдуардович,1949-04-21,Ж,89241956252571,509-976-838 90,"д. Гремячинск (Бурят.), алл. Панфилова, д. 29 к. 825, 326303",87524508640
167,Рыбаков,Наталья,Игнатович,1982-02-03,Ж,33803396852701,713-023-212 98,"д. Быково (метеост.), бул. Павлика Морозова, д. 3 к. 73, 934497",+7 (471) 566-2776
168,Морозова,Юлиан,Оскаровна,1994-06-08,М,27066149828246,747-468-971 52,"п. Калачинск, ул. Громова, д. 8, 665674",81601692364
169,Воронцова,Полина,Ниловна,1982-11-20,М,87506633705024,972-439-920 11,"клх Черский, пер. Севастопольский, д. 3/7, 488694",8 119 524 36 40
170,Ширяев,Селиверст,Ааронович,1948-08-18,Ж,16864622522372,817-932-302 34,"клх Якутск, ш. Ольховое, д. 741, 415093",8 (710) 040-90-13
171,Виноградова,Аверьян,Матвеевич,2006-03-25,М,47759655553566,905-510-762 09,"клх Кош-Агач, пр. Шишкина, д. 4/1 к. 1, 057397",8 915 671 64 93
172,Третьякова,Гаврила,Александровна,2004-02-16,Ж,02714872717833,321-160-256 43,"клх Горячинск, алл. Победа, д. 253 стр. 7, 863341",+71115931952
173,Артемьева,Лонгин,Тарасович,1935-09-04,Ж,40983665528993,160-875-243 77,"п. Асино, наб. Некрасова, д. 849 стр. 57, 052330",+7 (764) 208-65-67
174,Игнатов,Регина,Тимурович,1988-09-01,М,18443861259047,292-774-233 30,"клх Дубна, пр. Радужный, д. 815 к. 20, 962630",+7 367 492 61 76
175,Хохлов,Акулина,Ивановна,1996-01-10,М,50111178309997,419-267-649 21,"клх Углегорск, пр. Южный, д. 9/9, 189813",+7 292 087 51 02
176,Захарова,Елисей,Ивановна,1957-05-21,М,18401184582603,408-487-297 58,"клх Волгоград, ш. Красное, д. 40 стр. 44, 983954",+7 (961) 844-62-67
177,Сергеев,Ираклий,Кузьминична,1993-05-02,Ж,28314359892625,660-931-418 18,"к. Верхний Уфалей, наб. Абрикосовая, д. 53 к. 416, 112849",8 (185) 948-49-10
178,Александров,Лукьян,Рубеновна,1988-06-19,Ж,25889679240822,269-405-396 72,"ст. Снежногорск (Мурм.), наб. Томская, д. 9/4 стр. 2, 651113",+7 290 148 70 68
179,Белозерова,Наина,Венедиктович,2000-09-22,Ж,78816093068538,909-728-321 52,"с. Таганрог, алл. Королева, д. 953 к. 844, 430963",+78079705097
180,Прохоров,Лаврентий,Ильич,1950-01-12,Ж,05265016731882,617-024-376 54,"п. Уварово, ул. Октября, д. 3/3 к. 7, 531340",+7 (665) 023-74-16
181,Смирнова,Ульян,Эдгарович,1952-10-15,Ж,56862110225803,056-906-744 71,"д. Елабуга, пер. Технический, д. 24 стр. 4, 371892",+7 (923) 126-0432
182,Красильников,Адам,Георгиевна,1962-08-14,М,10668433567086,041-454-563 50,"г. Беломорск, бул. Космонавтов, д. 84 стр. 2, 247554",+7 108 255 59 89
183,Кононов,Изот,Захаровна,1973-01-01,М,39611291093371,189-547-382 02,"д. Краснодар, наб. Нефтяников, д. 2/7 стр. 976, 294240",80367881278
184,Комиссаров,Феликс,Семеновна,1988-07-23,М,69432029390878,844-344-812 30,"г. Дубна, алл. Просторная, д. 933 к. 605, 184269",+75005342408
185,Ширяева,Элеонора,Семеновна,1949-12-07,Ж,64983735439627,365-271-727 22,"клх Ирбит, наб. Колхозная, д. 3 стр. 46, 216376",+7 820 916 60 10
186,Хохлова,Ангелина,Андреевич,1953-06-08,Ж,31429001851327,972-457-230 84,"ст. Балашов, пер. Чапаева, д. 386, 303662",8 436 172 1314
187,Кулаков,Бажен,Георгиевна,1980-11-12,М,15109226859262,494-514-754 10,"к. Дубна, пр. Дружба, д. 719 к. 3, 522655",8 (676) 952-36-68
188,Соколова,Тимофей,Алексеевна,2002-06-28,М,88361968931350,305-872-105 52,"п. Усть-Илимск, алл. Союзная, д. 30 к. 126, 501917",82025213109
189,Зимина,Панкратий,Вилорович,1960-04-10,М,72847657041200,928-206-678 49,"с. Енисейск, ул. Репина, д. 73 к. 336, 775662",+7 563 411 1595
190,Павлов,Изяслав,Еремеевич,1957-08-06,М,81139043830341,990-970-051 40,"с. Тарко-Сале, наб. Черняховского, д. 3, 568182",+7 967 904 2271
191,Евсеева,Ярослав,Бенедиктович,1966-12-18,Ж,32288985725459,606-339-912 97,"п. Миллерово, ш. Базарное, д. 2/8 стр. 3, 214955",+7 127 474 72 19
192,Туров,Андрон,Иосифович,1974-06-16,М,66927589551687,409-038-021 46,"ст. Брянск, пр. Леонова, д. 857, 112166",+7 (651) 559-7371
193,Наумов,Радован,Алексеевич,1956-08-22,Ж,72359096056730,306-442-121 46,"ст. Сеймчан, пер. Прибрежный, д. 3 к. 616, 235677",8 (265) 960-8931
194,Воронова,Галина,Васильевна,1955-02-16,М,55027275164807,279-103-368 29,"к. Карталы, бул. Луговой, д. 6, 448177",8 655 868 51 27
195,Гордеев,Мстислав,Вячеславович,1957-08-01,Ж,86646491111096,179-817-890 46,"ст. Сергиев Посад, пр. Донской, д. 27 стр. 8, 605384",+74463060002
196,Елисеева,Мстислав,Эльдаровна,2006-01-28,Ж,95529638639609,626-265-826 31,"клх Чебаркуль, ш. Троицкое, д. 45 к. 710, 920981",86027523343
197,Белова,Иннокентий,Наумовна,1986-11-27,М,40412091179112,442-117-536 17,"г. Суздаль, ул. Союзная, д. 7/6 стр. 3/3, 029901",8 579 980 2841
198,Блинов,Эрнст,Аксёнович,2008-05-22,М,08823513052312,447-315-847 76,"к. Иваново, бул. Бригадный, д. 2/5, 376769",+75919663955
199,Зыкова,Акулина,Эльдаровна,1944-03-11,Ж,72084964985601,256-253-135 52,"г. Морозовск, ул. Урицкого, д. 67 стр. 28, 493831",8 (491) 966-5533
200,Комаров,Семен,Эдуардович,1941-10-25,М,46117295963904,090-742-608 80,"г. Советский, ш. Карбышева, д. 5, 561857",80647715910
201,Третьяков,Анисим,Юрьевна,1936-11-10,М,21563213580040,104-145-964 22,"п. Морозовск, ш. Красных Партизан, д. 2/9, 977457",+7 (144) 158-3311
202,Меркушева,Серафим,Ануфриевич,1964-05-13,М,03763715398854,728-123-567 98,"п. Боровск, пр. Тракторный, д. 2 к. 27, 307240",8 (875) 418-15-63
203,Антонов,Никон,Юлианович,1994-01-31,М,85074510663436,294-897-861 03,"г. Белорецк, пер. Физкультурный, д. 91, 439666",+7 347 323 54 94
204,Емельянова,Авдей,Богданович,1960-08-20,М,89743251225720,765-024-120 95,"с. Котлас, ул. Трудовая, д. 494 к. 22, 457758",+77457054589
205,Меркушев,Вениамин,Егорович,2006-02-14,М,02632570396531,361-487-824 55,"к. Миллерово, ул. Кутузова, д. 667, 107272",8 (498) 247-4140
206,Буров,Андрон,Григорьевич,1973-12-18,Ж,91074065004254,882-142-369 14,"с. Новокузнецк, ш. 50 лет Победы, д. 7/2, 494296",8 923 426 8344
207,Романов,Лаврентий,Болеславовна,1998-03-18,Ж,82661287585756,766-708-061 29,"д. Тобольск, алл. Кирова, д. 762 к. 878, 104159",+7 497 501 98 03
208,Павлова,Гаврила,Артемовна,2002-11-09,Ж,23244079311029,181-331-708 76,"к. Пинега, алл. Белорусская, д. 8 к. 162, 232883",8 (744) 197-54-66
209,Гаврилова,Вацлав,Фомич,1992-03-09,М,62047196094097,052-774-025 88,"клх Туапсе, пер. Светлый, д. 62 к. 8, 446176",8 (929) 884-25-99
210,Игнатов,Фотий,Геннадьевна,1990-05-26,Ж,10023117753312,661-094-101 75,"к. Всеволожск, пр. Репина, д. 99 стр. 53, 743326",8 (319) 013-0205
211,Дроздова,Орест,Болеславовна,1945-03-29,М,52873397855982,176-619-128 41,"п. Белокуриха, пер. Тургенева, д. 534 стр. 6/2, 418938",88469081974
212,Суханова,Амвросий,Александрович,1981-06-15,М,64350238503719,905-169-918 72,"г. Астрахань, пер. Хвойный, д. 7 к. 5/4, 003896",+7 870 662 6682
213,Жуков,Порфирий,Валерианович,1985-06-28,Ж,53560331903689,003-010-272 40,"д. Костомукша, алл. Розы Люксембург, д. 2/2 к. 448, 537458",+73845881056
214,Кудряшова,Януарий,Чеславович,1973-07-11,М,13283483152037,710-704-496 41,"ст. Шуя, пр. Степной, д. 7/8 к. 733, 680408",8 095 493 0596
215,Симонова,Парфен,Станиславовна,1943-03-22,Ж,18648769984267,320-441-384 59,"д. Кызыл, наб. Сплавная, д. 614 к. 3, 707070",8 783 609 1498
216,Исаев,Арсений,Феоктистович,1959-12-02,Ж,44472322903102,879-508-304 40,"д. Кисловодск, ул. Сибирская, д. 2/9 к. 633, 616420",8 955 657 4902
217,Зиновьев,Аникей,Ермолаевич,1955-11-14,Ж,90193588953690,261-139-898 68,"д. Солнечногорск, пер. Гончарова, д. 5 стр. 59, 535375",+7 376 515 88 15
218,Суханова,Святополк,Викторовна,1966-10-18,Ж,76392836929445,511-668-297 32,"п. Горно-Алтайск, наб. Чайкиной, д. 720 к. 321, 652683",+71559991015
219,Стрелкова,Прохор,Устинович,1996-08-28,Ж,64722981209957,657-289-413 47,"д. Томск, пер. Тукая, д. 5/6 стр. 6/3, 036849",85154214477
220,Третьяков,Давыд,Ермилович,1970-10-03,Ж,91342138820908,830-705-349 67,"к. Выборг, бул. Виноградный, д. 7/8 стр. 2, 415131",8 285 478 1506
221,Медведев,Лариса,Тимуровна,2006-05-24,М,53800329633472,727-423-183 06,"д. Щелково, бул. Водопроводный, д. 764, 578243",+77769587413
222,Цветков,Раиса,Рудольфовна,1974-07-18,М,67536127515627,796-304-483 60,"клх Мончегорск, пр. Щербакова, д. 7/5 к. 447, 047639",+7 (831) 995-29-80
223,Стрелкова,Марина,Адамович,1987-01-20,Ж,15581083583286,342-556-383 00,"д. Пермь, ул. Депутатская, д. 5 к. 133, 166241",+7 186 008 92 19
224,Кошелева,Никифор,Георгиевич,1977-12-08,М,56804473149764,613-684-748 83,"с. Партизанск, ш. Олимпийское, д. 4/1 к. 4/8, 791452",+7 182 379 31 26
225,Сидорова,Савватий,Александровна,1967-01-30,М,07464520599604,387-875-357 78,"с. Буйнакск, алл. Полевая, д. 28 к. 83, 067287",+7 (866) 041-64-48
226,Юдин,Юрий,Марсович,1958-01-12,М,24839589477352,287-056-227 10,"п. Витим, пр. Тургенева, д. 809 стр. 61, 503446",84596488319
227,Тимофеев,Варфоломей,Олеговна,1964-11-26,Ж,42491289659994,973-203-319 22,"ст. Абакан, ул. Интернациональная, д. 88 к. 8/6, 813866",8 754 858 19 32
228,Фомичева,Алевтина,Елисеевич,1954-11-22,М,68774186520575,639-836-520 37,"г. Черский, наб. Мирная, д. 5 к. 194, 760440",80797727810
229,Гришин,Алексей,Геннадиевна,1956-04-18,М,22161070518439,055-295-806 60,"ст. Таштагол, бул. Черемуховый, д. 127, 938620",+74851579197
230,Борисов,Виктор,Бенедиктович,1960-04-14,Ж,12590203571343,240-642-429 56,"к. Камышлов, наб. Большевистская, д. 5/2, 595587",+7 (096) 289-36-54
231,Аксенов,Мефодий,Михайловна,2004-01-04,М,84183437401827,279-559-690 51,"п. Раменское, наб. Луначарского, д. 525 к. 97, 079799",8 673 459 57 64
232,Федоров,Игорь,Рудольфовна,2004-06-11,М,16649690282498,392-250-142 57,"с. Абакан, алл. Путейская, д. 54 стр. 423, 132850",8 (251) 786-37-67
233,Кудряшова,Илья,Рудольфовна,1948-06-27,М,62526546968157,903-923-555 80,"клх Кириши, пр. Енисейский, д. 734, 562624",+76704622681
234,Тетерин,Борис,Изотович,1949-03-31,М,60252986707660,464-197-857 58,"ст. Инта, пер. Пархоменко, д. 620 к. 4, 607401",8 (750) 954-65-40
235,Киселева,Карл,Вячеславович,1975-05-11,М,56075409150863,218-122-764 57,"г. Бузулук, наб. Партизанская, д. 29 к. 9/2, 466024",+7 613 944 98 83
236,Тихонова,Антип,Марсович,1999-10-23,М,36424809624406,306-244-795 13,"клх Мураши, ул. Высотная, д. 7/6, 780555",8 727 738 2646
237,Голубев,Вера,Борисовна,1946-02-22,М,78513854457702,992-959-660 48,"с. Углегорск, пр. Волжский, д. 463, 942268",8 536 945 51 58
238,Белова,Твердислав,Тимурович,1966-01-30,Ж,67747226408572,169-666-309 32,"г. Мураши, алл. Ольховая, д. 2/6 стр. 996, 275327",+7 (524) 103-9773
239,Карпова,Эраст,Феофанович,1968-05-14,М,27819523710068,761-648-198 07,"к. Пермь, ш. Вокзальное, д. 7 стр. 7/2, 249125",8 523 734 15 17
240,Бирюкова,Лора,Эдгардович,1968-10-02,М,45475749490228,403-595-442 94,"клх Магас, бул. Раздольный, д. 59, 430394",+7 (904) 588-67-92
241,Меркушева,Мечислав,Ефимовна,1956-08-29,М,98585672872760,153-433-249 13,"с. Химки, ул. Курская, д. 15 стр. 2/6, 488810",8 (983) 342-33-72
242,Федоров,Ювеналий,Евстигнеевич,1973-03-18,М,13128403339977,180-513-717 17,"д. Чикола, пер. Станиславского, д. 1, 173997",+7 469 472 5878
243,Ермаков,Анжела,Ефимович,1971-05-28,Ж,83548847127058,772-216-417 58,"ст. Вуктыл, алл. Дзержинского, д. 6, 149392",8 236 229 2587
244,Суханова,Чеслав,Тарасовна,1992-03-09,Ж,43474524555746,966-060-652 74,"п. Красноуральск, ш. Королева, д. 756 к. 9, 398741",+7 325 797 06 73
245,Шилов,Эрнст,Валентиновна,1986-06-27,Ж,01054857417215,622-949-381 73,"д. Тутаев, бул. Рабочий, д. 61 к. 8, 257375",8 344 902 1666
246,Калашникова,Севастьян,Федоровна,1941-12-25,М,80850960858749,511-918-182 81,"ст. Брянск, пр. Энергетический, д. 8/3 стр. 2, 957860",8 940 960 03 56
247,Антонов,Исидор,Давидович,1979-11-25,Ж,87395923234210,890-285-155 33,"п. Ржев, алл. Тамбовская, д. 1 к. 27, 073607",8 (633) 691-12-89
248,Воронова,Софрон,Валерьевич,1957-08-12,М,31795563318574,817-006-661 55,"с. Малгобек, бул. Промышленный, д. 8/1, 502329",+7 282 270 0934
249,Кононов,Ян,Фёдорович,1956-11-17,Ж,62282251207346,549-500-507 02,"д. Октябрьское (Хант.), бул. Краснодарский, д. 11 стр. 4, 611776",8 (729) 047-7425
250,Ширяева,Тимур,Иосифович,1948-07-25,Ж,77932382231164,913-342-457 98,"к. Ребриха, бул. Безымянный, д. 460 к. 30, 326509",8 (753) 967-37-94
251,Андреева,Потап,Валерианович,1973-06-17,М,85524578715841,560-821-371 18,"ст. Нефтеюганск, пр. Спартака, д. 782 к. 42, 358929",8 (808) 583-8252
252,Медведев,Екатерина,Владленович,1966-03-29,Ж,28963406468677,524-014-843 99,"ст. Приморско-Ахтарск, алл. Мусы Джалиля, д. 73, 669335",+7 342 619 23 72
253,Фомина,Кирилл,Романовна,1980-01-06,Ж,01848197374189,721-540-641 76,"ст. Люберцы, пер. Пушкинский, д. 699, 766014",+74856451017
254,Мартынов,Фотий,Эдгарович,1965-07-30,Ж,96417899698609,191-911-359 96,"к. Саранск, пер. Почтовый, д. 7/1 к. 39, 514607",+75553470574
255,Шилова,Гостомысл,Глебович,1979-04-03,М,65271559835411,659-726-347 55,"ст. Ессентуки, наб. Юбилейная, д. 539, 882691",+7 (119) 642-5856
256,Федотов,Никандр,Бориславович,1975-06-13,М,99153703824073,333-732-043 09,"с. Усть-Кулом, пер. Хуторской, д. 3/9 стр. 7/5, 465535",8 (512) 538-9218
257,Быкова,Савелий,Антоновна,1978-02-10,Ж,19358374907977,961-208-780 57,"клх Новгород Великий, бул. Томский, д. 1, 626374",8 (453) 986-2895
258,Дементьева,Аверьян,Геннадиевна,1942-08-28,М,59119186233922,071-511-696 66,"ст. Нерчинск, ул. Чехова, д. 3, 471246",+7 (351) 571-8409
259,Ильин,Федосий,Ануфриевич,1986-03-26,М,12080056409951,239-728-351 29,"с. Ижевск, алл. 9 Января, д. 990 стр. 244, 298217",+7 (929) 578-6718
260,Титов,Мартьян,Денисович,1985-03-20,М,23736050791815,899-886-834 52,"к. Ялуторовск, пр. Демьяна Бедного, д. 2/8 к. 671, 964740",8 (031) 499-8250
261,Тарасова,Алексей,Анисимович,1976-09-04,Ж,63580688285031,723-513-739 90,"п. Гдов, ул. Слободская, д. 3 к. 4/6, 022939",+76943460666
262,Наумов,Евграф,Эльдаровна,2001-11-22,М,49060723111271,285-246-484 49,"ст. Голицыно, ш. Проезжее, д. 487 к. 18, 711306",+7 (113) 695-72-79
263,Шилова,Андроник,Ильинична,2003-12-28,Ж,33509025425730,662-481-323 57,"г. Кострома, пер. Высотный, д. 92 стр. 1, 168809",+7 (550) 213-06-09
264,Андреев,Никанор,Святославовна,1951-09-24,М,30981079649673,794-577-278 53,"клх Ивдель, наб. Приморская, д. 1 к. 5/3, 768362",8 366 677 7675
265,Муравьев,Любосмысл,Кирилловна,1989-09-25,М,28333393957865,436-271-874 96,"п. Нарьян-Мар, алл. Серова, д. 3/8 стр. 336, 926932",8 573 275 99 80
266,Мельникова,Валерий,Тарасовна,1944-05-05,Ж,10005155323415,959-775-244 18,"п. Пушкин, пер. Специалистов, д. 98, 431271",+7 267 672 0957
267,Григорьева,Филимон,Гавриилович,1996-04-30,Ж,07955151229462,135-415-970 99,"к. Краснодар, пер. Заливный, д. 375, 344765",+7 471 580 2909
268,Петров,Ладислав,Тарасович,1962-08-14,М,76604655866525,483-744-171 58,"ст. Губкин, алл. Линейная, д. 25, 931100",8 912 975 1910
269,Горбунова,Вышеслав,Германович,1946-06-29,Ж,21106330165837,379-274-907 28,"п. Камень-на-Оби, алл. Севастопольская, д. 313 к. 4, 694968",+73645380442
270,Титов,Аркадий,Арсенович,2002-09-02,Ж,50961701595919,457-575-747 58,"д. Зеленоград, бул. К.Маркса, д. 8/8, 677722",8 602 562 65 06
271,Кошелева,Вера,Всеволодович,1956-01-02,М,92310672453076,248-433-797 66,"клх Билибино, ул. Ленинградская, д. 8 к. 3, 873670",+72549691928
272,Воронцов,Матвей,Наумовна,1986-04-05,Ж,25971075633535,748-595-325 93,"с. Уэлен, ул. Комарова, д. 662 к. 887, 176342",8 073 305 5978
273,Калинин,Ким,Жоресович,2001-05-31,М,59833991403884,366-044-324 00,"к. Смирных, пр. Кошевого, д. 89, 147439",8 (429) 250-10-58
274,Пестов,Модест,Викторович,1978-05-10,М,68065625904599,080-271-122 18,"г. Новосибирск, наб. Широкая, д. 6/2 к. 7/9, 866281",+7 (721) 433-0800
275,Никифорова,Ия,Давидович,2000-08-05,Ж,00332285566084,706-810-390 33,"к. Валдай, наб. Тракторная, д. 4/3 стр. 594, 862394",8 354 614 7079
276,Кондратьева,Антонина,Кузьминична,2005-02-06,М,63210613394394,570-394-380 40,"ст. Нальчик, пр. Коминтерна, д. 8, 927789",+73191009004
277,Доронина,Август,Ефимьевич,1996-01-08,М,69210533651460,401-424-731 07,"г. Верхнее Пенжино, алл. Макарова, д. 5 стр. 297, 316600",8 (676) 209-01-44
278,Суворова,Самуил,Германович,1971-10-28,М,04337009687304,519-577-825 58,"клх Нефтеюганск, алл. Короленко, д. 8 к. 5, 786561",84255778205
279,Петрова,Ярослав,Виленович,1981-12-11,Ж,82923616188081,904-823-571 55,"п. Чебаркуль, бул. Макаренко, д. 337 к. 90, 721436",+73813000413
280,Давыдов,Фёкла,Леонидовна,1945-02-26,Ж,14716560945653,469-979-907 07,"г. Краснотурьинск, пр. Пархоменко, д. 669 стр. 1/7, 717481",+7 317 653 97 05
281,Орехов,Устин,Степановна,1996-11-08,М,39610290871827,496-804-918 72,"ст. Жигулевск, наб. Толстого, д. 2/3, 377306",+7 (604) 235-97-37
282,Кабанова,Кира,Валентинович,1949-04-07,Ж,22299077560858,167-046-861 11,"с. Петухово, алл. Болотная, д. 202 стр. 83, 847129",8 180 332 42 60
283,Кононов,Аристарх,Яковлевич,1937-02-06,М,18498042537337,773-126-881 22,"с. Токма, пер. Тракторный, д. 66, 460605",8 035 679 32 79
284,Стрелкова,Симон,Устинович,1956-11-07,Ж,39847169061812,054-647-548 95,"д. Сузун, ш. Болотное, д. 6/2 к. 6/9, 444498",+7 (553) 935-4358
285,Мельникова,Остап,Елисеевич,1971-05-14,Ж,96392435885379,821-433-952 75,"с. Курумкан, пр. Пугачева, д. 24 стр. 2, 860134",8 (789) 489-63-40
286,Красильников,Агата,Эдгардович,1950-02-26,Ж,76651221500141,884-216-309 00,"д. Кяхта, пр. Слободской, д. 53 к. 4, 089532",8 389 021 99 47
287,Крылов,Валентин,Денисович,1990-10-04,М,33792234103469,967-331-167 72,"г. Урай, алл. Победа, д. 9/6 к. 1, 896793",8 219 626 3355
288,Корнилов,Кир,Денисович,1975-01-03,М,36970931706955,607-676-164 53,"к. Сосьва (Хант.), алл. Новосельская, д. 70, 031219",8 (041) 847-2426
289,Наумов,Дорофей,Давыдович,1991-03-05,Ж,42813190924876,230-391-114 28,"д. Нягань, алл. Амурская, д. 13 стр. 3, 808806",+7 (207) 223-95-94
290,Стрелков,Иннокентий,Филиппович,1959-04-14,Ж,13290162047876,886-878-599 64,"д. Тамбов, ш. Подгорное, д. 61, 196664",8 057 303 6279
291,Елисеева,Светлана,Робертовна,1954-06-24,М,46320374767753,726-032-145 05,"клх Ряжск, пер. Пушкина, д. 9, 071553",+78201284008
292,Кудряшов,Агафья,Александровна,1985-12-22,М,07659759545089,177-680-898 12,"клх Саранск, бул. Черемуховый, д. 42 стр. 596, 300402",+7 (693) 626-8943
293,Смирнов,Артемий,Владиславович,1940-07-18,Ж,47137271175957,498-855-829 84,"ст. Апатиты, пр. Городской, д. 9 к. 8, 094412",8 (333) 721-8856
294,Панфилова,Нифонт,Федосеевич,1980-07-10,М,41329715066626,705-514-377 69,"с. Кисловодск, алл. Тракторная, д. 3 к. 7, 111028",8 712 007 20 24
295,Рогова,Михей,Кузьминична,1984-01-26,Ж,91024510910903,267-149-498 19,"г. Славянск-на-Кубани, ш. Троицкое, д. 28 стр. 4/5, 652775",8 (446) 634-5337
296,Петухов,Ксения,Витальевич,1940-06-15,М,10912172214559,376-618-943 70,"с. Калининград, ул. Клубная, д. 346 к. 8/7, 725659",+7 (024) 617-52-02
297,Архипов,Соломон,Викторовна,2002-11-12,Ж,43260055955017,833-258-486 89,"ст. Аша, бул. Ленина, д. 1/5 к. 1, 917679",83593744039
298,Панфилов,Николай,Евсеевич,1936-01-12,Ж,83037360601488,608-490-793 88,"ст. Кисловодск, пер. Урицкого, д. 48 к. 661, 701242",+74626325144
299,Киселева,Иванна,Аркадьевна,1944-10-12,М,12103142175188,781-794-151 52,"д. Красновишерск, ул. Дальняя, д. 622 стр. 98, 750566",+7 863 239 79 13
300,Шубина,Варвара,Семеновна,2002-09-24,М,87655300730950,556-057-121 98,"с. Тавда, пер. 50 лет Октября, д. 690 стр. 94, 401042",+76245618517
301,Горбачев,Нонна,Ефимович,1990-10-27,М,00452128991511,455-129-391 30,"ст. Усть-Джегута, ш. Российское, д. 9 стр. 2, 046154",+7 211 901 7075
302,Корнилов,Тит,Борисович,1971-06-01,М,29831522910732,283-608-493 78,"с. Каспийск, бул. Коминтерна, д. 58 стр. 3, 969443",81649701693
303,Михеева,Ипполит,Львовна,1952-11-22,М,92913203301623,419-031-061 53,"п. Горячинск, наб. Халтурина, д. 9/5 к. 4/3, 653377",+76040672007
304,Богданова,Корнил,Гертрудович,1991-09-17,Ж,14244260781975,437-347-642 73,"г. Кисловодск, пр. Серова, д. 98 стр. 51, 841484",8 019 134 43 89
305,Захарова,Тарас,Гавриилович,2003-02-03,М,80205869507321,464-493-699 95,"с. Якутск, алл. Механизаторов, д. 855, 857368",+7 119 236 0376
306,Тарасова,Нонна,Артёмович,1949-05-31,Ж,87233351040961,497-315-391 14,"с. Кяхта, алл. Лесная, д. 4/7 стр. 2, 893940",8 557 820 19 04
307,Блинов,Дементий,Юльевна,1956-10-22,М,30233324707392,013-546-212 76,"к. Асино, алл. Фадеева, д. 412 стр. 226, 324888",89572989376
308,Коновалов,Юлиан,Тимуровна,1996-01-08,М,45493036468719,120-381-876 92,"д. Кирово-Чепецк, алл. Березовая, д. 938, 588144",8 822 067 3231
309,Семенова,Гедеон,Григорьевна,1995-08-26,Ж,16815724500000,015-291-137 17,"ст. Ясный (Оренб.), пер. Заводской, д. 65 стр. 2/9, 442182",89874781224
310,Козлова,Януарий,Тарасовна,1941-03-23,Ж,56708670090043,655-158-482 66,"с. Дудинка, пер. Курский, д. 6 к. 354, 080706",+7 (369) 987-9509
311,Савина,Александра,Андреевна,1960-08-04,М,21040164818804,428-773-836 38,"к. Королев, бул. Песчаный, д. 56, 894642",+7 362 586 3144
312,Сергеев,Роман,Анатольевич,1988-07-20,Ж,46255402635582,430-176-464 48,"клх Вуктыл, алл. Громова, д. 64 к. 17, 040433",+7 (353) 849-5163
313,Кабанова,Вячеслав,Филипповна,1949-05-09,М,11978718093391,373-265-306 01,"ст. Мценск, ул. Кочубея, д. 9/9 к. 402, 091561",8 (298) 036-5774
314,Трофимова,Кондратий,Юльевна,1951-09-27,М,60936595201491,189-418-433 68,"ст. Арзамас, алл. Макаренко, д. 32 стр. 99, 137455",8 114 042 88 60
315,Федосеева,Михей,Дмитриевна,1938-05-04,М,53766608112600,308-356-691 06,"г. Москва, алл. Сиреневая, д. 53 стр. 6, 688269",+7 776 829 38 44
316,Галкина,Андрон,Валентинович,1968-05-24,Ж,48087354378826,033-591-015 70,"д. Челябинск, ул. Малиновая, д. 3 стр. 374, 999699",8 489 971 84 28
317,Капустина,Михей,Васильевна,1987-09-21,Ж,93259140849932,312-342-669 80,"д. Соловки, пр. Пригородный, д. 7/1, 234838",83595382804
318,Ларионова,Авдей,Изотович,1990-11-26,М,12996508269582,641-869-656 13,"ст. Россошь, бул. Краснофлотский, д. 68, 143468",+7 (394) 840-02-73
319,Смирнов,Аверьян,Кирилловна,2005-05-22,М,69661016831139,500-168-094 14,"г. Серафимович, ш. Тепличное, д. 89 к. 3/1, 344077",8 (946) 207-26-62
320,Рябова,Всеслав,Изотович,1938-02-04,М,81776029914068,841-333-731 25,"п. Нефтегорск (Самар.), ул. Павлика Морозова, д. 470 к. 21, 061363",8 (527) 789-5613
321,Кудряшов,Прохор,Артемьевич,1975-10-31,М,44902950264801,644-037-341 67,"с. Тамбов, пер. Стахановский, д. 11 стр. 81, 134862",88579736383
322,Носова,Викентий,Якубович,1959-07-26,Ж,85605397079866,177-067-368 20,"с. Ульяновск, ул. Ярославская, д. 63, 216505",8 (714) 692-1821
323,Сергеева,Вышеслав,Зиновьевич,1989-08-09,М,79089843699848,022-050-938 69,"клх Гудермес, пер. Энтузиастов, д. 614 к. 9/9, 071523",8 (676) 738-2097
324,Хохлов,Натан,Семеновна,1946-01-22,М,91779876829968,722-589-370 85,"клх Кажим, бул. Ручейный, д. 1 стр. 1, 669579",+7 012 482 5544
325,Громов,Станислав,Тимурович,1998-02-22,Ж,96325942328946,338-915-624 15,"клх Старый Оскол, наб. 30 лет Победы, д. 39, 933589",8 138 186 5507
326,Семенова,Каллистрат,Теймуразович,1979-08-05,Ж,09574430349189,117-972-038 59,"ст. Ачинск, ш. Жданова, д. 56, 547155",+7 (132) 593-6781
327,Мухин,Парфен,Филатович,1978-08-20,М,00942141052769,819-878-092 70,"п. Кисловодск, пер. Тельмана, д. 3/3 стр. 9, 605986",8 (874) 422-75-85
328,Селезнева,Глафира,Елисеевич,1981-08-28,Ж,96559428249116,502-000-245 39,"п. Гусь-Хрустальный, ш. Пограничное, д. 6 стр. 630, 708368",+7 (144) 488-96-69
329,Белоусова,Людмила,Эдгардович,1955-01-20,М,73677462025825,431-832-812 31,"д. Дно, ул. Маяковского, д. 106 стр. 783, 723875",+7 827 681 7225
330,Кондратьев,Ростислав,Захарьевич,1970-11-17,М,58472629052918,768-316-082 71,"г. Серов, алл. Выгонная, д. 4/3 стр. 352, 999362",+7 659 143 88 23
331,Зыкова,Гурий,Зиновьевич,1984-12-11,Ж,39835844617773,264-309-544 97,"с. Шелехов, пр. Центральный, д. 39 стр. 2/3, 539787",+7 375 298 83 22
332,Павлов,Евдокия,Рубеновна,1948-11-10,М,25608320048797,888-975-358 52,"г. Бавлы, ул. Литейная, д. 4, 199517",+7 523 910 29 29
333,Галкина,Милен,Ильинична,1938-09-19,Ж,14374830930967,139-719-126 02,"п. Ербогачен, ш. Бажова, д. 8/3, 191116",8 122 019 07 25
334,Коновалова,Октябрина,Архиповна,1995-01-04,М,33930493665380,274-812-421 14,"клх Туапсе, наб. Октябрьская, д. 3, 946209",+7 (556) 103-9952
335,Савина,Ираида,Владимировна,2003-01-11,М,01371243658585,642-304-120 27,"г. Новый Оскол, алл. Серафимовича, д. 88 стр. 1, 990716",8 906 322 48 15
336,Кабанов,Казимир,Владиленович,1936-06-23,Ж,34030109567975,649-157-955 46,"к. Сочи, алл. Ударная, д. 7/1, 080181",+7 306 831 7641
337,Смирнова,Гостомысл,Федосьевич,2005-09-17,Ж,08081571290150,713-806-713 07,"г. Барнаул, наб. Томская, д. 5/4 к. 3/2, 009625",8 (857) 669-4703
338,Журавлев,Феликс,Абрамович,1980-11-14,Ж,33962746662159,183-270-004 66,"к. Набережные Челны, пер. Восточный, д. 810 стр. 8/2, 004938",8 (194) 905-3152
339,Михайлов,Ираклий,Геннадиевна,2003-09-30,М,09497698731379,716-698-416 61,"с. Луга, пр. Ильича, д. 4, 256238",89499197014
340,Суханов,Петр,Ильинична,1954-06-10,М,03708782116020,418-135-998 98,"г. Великий Устюг, ул. Толбухина, д. 9 к. 718, 482217",8 883 978 5708
341,Коновалов,Аркадий,Харитоновна,1938-12-11,М,48067571236914,961-128-794 29,"с. Павловский Посад, бул. Беляева, д. 640 стр. 51, 961560",8 (832) 748-83-56
342,Рогов,Вацлав,Семеновна,1998-01-31,М,96240964966834,960-478-421 70,"г. Орск, алл. Декабристов, д. 56, 089348",8 883 906 24 67
343,Антонов,Прасковья,Андреевна,1996-01-13,Ж,99160911413193,592-361-337 60,"п. Балашиха, наб. Мирная, д. 6/1 к. 55, 724191",8 503 440 96 61
344,Субботин,Раиса,Павловна,2001-05-08,Ж,18249898088067,821-417-468 13,"с. Ялуторовск, наб. Челюскинцев, д. 79 к. 5/9, 941559",+75011929207
345,Молчанов,Иосиф,Матвеевна,1987-05-14,Ж,05117160398863,653-621-894 55,"с. Алагир, ул. Мичурина, д. 94, 204664",8 (966) 760-5642
346,Новиков,Леонтий,Жанович,1993-02-04,М,57758097453389,062-354-662 26,"г. Вуктыл, бул. Герцена, д. 4 к. 306, 122427",8 774 625 91 60
347,Никитин,Богдан,Вячеславович,1973-09-06,Ж,11584886008017,986-778-231 29,"ст. Александровск-Сахалинский, пр. Театральный, д. 5/3 к. 2/3, 203843",8 (536) 596-80-78
348,Филатов,Александра,Власович,1985-08-07,Ж,48242183854540,064-454-752 31,"п. Елатьма, пр. Февральский, д. 2/8 стр. 7/4, 427203",8 (862) 175-0801
349,Фролова,Никанор,Денисович,1941-02-14,Ж,45306935882493,534-001-816 77,"ст. Рославль, алл. Медицинская, д. 5 к. 5, 608385",+7 799 378 10 53
350,Никифорова,Эдуард,Валерьевич,1955-06-19,Ж,87884869996988,290-457-927 14,"к. Октябрьский (Башк.), ул. Родниковая, д. 5/3, 238397",+7 (833) 912-18-70
351,Шаров,Глеб,Болеславовна,1964-01-15,М,28809832210102,320-018-676 61,"д. Яхрома, бул. Мусы Джалиля, д. 2/1 стр. 643, 140384",8 319 807 4682
352,Колесников,Лука,Ефстафьевич,1991-01-24,М,95100307620545,967-150-066 66,"г. Александровск-Сахалинский, пр. Степана Разина, д. 2 стр. 134, 851699",+79708905836
353,Дьячков,Трофим,Германович,1975-06-27,Ж,82689996269708,386-888-917 87,"г. Обнинск, пр. Осенний, д. 8 стр. 797, 932012",8 578 982 60 41
354,Титова,Аверкий,Романовна,1985-08-09,М,21755851777412,746-921-188 24,"п. Салехард, алл. Тополиная, д. 89 к. 9, 704542",+7 854 570 56 82
355,Иванов,Флорентин,Викторович,1952-08-21,Ж,57090016356407,232-472-828 95,"г. Верхний Уфалей, пер. Казанский, д. 84 к. 31, 168507",+7 058 011 95 09
356,Ефимов,Ростислав,Филипповна,1950-04-23,М,15261053709230,071-695-007 41,"клх Магадан, ш. Малое, д. 7/9, 652944",8 (161) 982-73-48
357,Сергеев,Ермил,Сергеевна,1945-01-26,М,04502589632174,357-483-526 80,"д. Салават, бул. Карла Либкнехта, д. 4/9, 448838",+72536462805
358,Агафонов,Аполлинарий,Филатович,1995-12-02,Ж,40657955156239,209-085-510 74,"п. Волгодонск, ул. Леонова, д. 2/1, 547602",+7 (069) 535-41-20
359,Корнилова,Борис,Кирилловна,1953-11-07,Ж,27595002601515,325-947-950 74,"г. Саров (Морд.), алл. Карьерная, д. 9/1 стр. 6, 310064",83403910452
360,Мясникова,Амос,Гордеевич,1993-10-02,Ж,08941184913599,285-535-952 05,"г. Бийск, пр. Полевой, д. 769 к. 718, 740378",+72339449530
361,Иванов,Никодим,Эдгардович,1997-11-04,Ж,62550325017365,426-241-784 29,"клх Хоста, ш. Кавказское, д. 53 стр. 2, 009060",8 308 868 4302
362,Евсеева,Виктор,Афанасьевич,1987-09-18,М,67329045759887,592-129-964 26,"ст. Комсомольск-на-Амуре, бул. Республиканский, д. 627 к. 9, 147709",+7 (071) 152-38-02
363,Мельников,Петр,Михайловна,1958-05-06,Ж,19215818970591,611-863-855 88,"д. Сладково, пр. Славянский, д. 968 стр. 405, 893186",82897284540
364,Ширяева,Валерий,Якубович,1954-03-30,М,27200283948232,204-144-743 28,"с. Новосибирск, пер. Привольный, д. 320 стр. 530, 322775",+7 (135) 302-81-65
365,Евсеева,Анисим,Устинович,1969-12-10,Ж,63005937775691,983-210-291 61,"с. Шилка, ш. Аэродромное, д. 11, 384196",8 229 131 67 08
366,Макаров,Михей,Трофимович,1985-08-10,М,66706362198655,049-444-076 63,"клх Кимры, пр. Чайковского, д. 749 стр. 47, 262611",+72436258542
367,Медведев,Евфросиния,Якубович,2005-04-19,Ж,08799196234199,643-385-324 72,"к. Тутончаны, алл. Высоковольтная, д. 4, 311587",8 054 576 94 75
368,Горбачева,Радован,Трифонович,1971-12-15,М,53536597466986,163-421-254 50,"ст. Южно-Сахалинск, пер. Базарный, д. 3 к. 3/6, 966472",+7 307 423 59 14
369,Денисов,Никандр,Валерьевич,1974-05-11,М,04893326145430,796-373-100 81,"п. Дмитров, ул. Жукова, д. 2/9, 523542",8 874 470 17 32
370,Фадеева,Анжелика,Эдуардовна,1938-11-22,Ж,86523777296656,337-014-005 27,"к. Мурманск, пер. Трудовой, д. 802 стр. 22, 257316",+7 943 913 6817
371,Суханов,Ананий,Герасимович,1951-12-31,Ж,36955286209297,352-595-332 22,"клх Энгельс, пер. Локомотивный, д. 845, 532366",+7 850 761 08 70
372,Соловьева,Дорофей,Терентьевич,2003-03-15,М,18236010712615,838-821-764 84,"п. Мураши, ш. Васильковое, д. 42 к. 32, 801944",+7 (589) 222-56-06
373,Громов,Ян,Игоревич,1964-03-04,Ж,50637311804674,130-753-841 85,"клх Бронницы, ш. Добролюбова, д. 16, 639756",+7 547 055 49 12
374,Самсонова,Ярослав,Игоревна,1944-08-09,Ж,51641195564091,969-395-787 52,"ст. Абакан, ул. Прудная, д. 36, 197121",+7 (413) 936-96-78
375,Яковлева,Анжелика,Филиппович,1990-09-13,М,09873126773192,276-075-988 97,"п. Каргополь, бул. Некрасова, д. 21 стр. 6/5, 089523",+7 202 191 50 57
376,Кабанова,Наркис,Егорович,1973-12-07,Ж,97470002687644,867-649-797 41,"с. Нефтеюганск, бул. Озерный, д. 6 к. 406, 537309",8 496 927 71 19
377,Маркова,Мирон,Викентьевич,1987-03-09,Ж,35305970255128,276-364-315 94,"к. Лесной (Сверд.), бул. Демьяна Бедного, д. 64 к. 5, 441491",8 999 393 44 97
378,Ермаков,Зиновий,Вадимовна,1972-02-22,Ж,64088223095862,973-988-941 32,"ст. Холмогоры, алл. Транспортная, д. 81 к. 575, 346557",82203004496
379,Молчанова,Лазарь,Тарасович,1944-03-02,Ж,29390025121375,658-963-595 70,"д. Шуя, ул. Лесхозная, д. 9, 345663",+7 138 850 34 23
380,Федосеева,Орест,Владиленович,1953-12-02,Ж,03347424631043,796-868-008 52,"ст. Череповец, алл. Родниковая, д. 8/5, 743043",8 023 850 2289
381,Сысоева,Климент,Федосьевич,1988-08-21,Ж,52752332829302,025-691-330 30,"к. Поронайск, пр. Профсоюзный, д. 667 к. 376, 995530",+7 (453) 012-39-84
382,Лапина,Севастьян,Власович,1967-06-06,М,03420284719017,222-405-076 48,"ст. Сортавала, бул. Мая 1, д. 5 стр. 2/3, 065838",8 (272) 581-22-59
383,Федоров,Фотий,Станиславовна,1982-02-28,М,66844823733791,212-110-187 80,"клх Усть-Калманка, ш. Березовое, д. 870 к. 1, 925199",84529517122
384,Бобров,Семен,Терентьевич,1970-02-01,Ж,33872205422162,654-963-308 33,"к. Саров (Морд.), наб. Р.Люксембург, д. 9/6, 470205",86851953774
385,Дорофеева,Клавдия,Гавриилович,1989-07-06,Ж,63295634277752,259-206-165 81,"г. Нягань, бул. Авиационный, д. 59 стр. 715, 029559",8 363 726 29 42
386,Михайлов,Петр,Матвеевич,1945-10-15,М,54980851331380,049-832-112 21,"к. Майкоп, бул. Урожайный, д. 9 стр. 96, 876401",81854880644
387,Назарова,Всеволод,Константиновна,1935-07-30,Ж,06298778735856,646-419-623 42,"клх Салехард, алл. Линейная, д. 12, 104294",8 (314) 789-1179
388,Рожков,Герасим,Юрьевна,1990-09-26,Ж,99994981283180,036-660-200 05,"д. Нарым, пер. Димитрова, д. 11, 052438",+7 (805) 826-9299
389,Ильин,Аристарх,Филимонович,1989-08-18,М,86276332838963,376-185-186 26,"п. Рязань, наб. Приозерная, д. 313 стр. 43, 188352",8 (918) 750-67-76
390,Пономарев,Антонина,Андреевич,1992-12-12,Ж,59208814319279,761-781-596 98,"к. Талдом, бул. Северный, д. 76, 686295",81257349899
391,Константинова,Гремислав,Измаилович,1979-11-02,Ж,39460742990747,296-694-179 96,"д. Агинское (Забайк.), ш. Л.Толстого, д. 8 стр. 9, 994641",8 (398) 416-7347
392,Семенова,Агафья,Измаилович,1963-07-09,М,69881649804450,928-605-210 26,"г. Переславль-Залесский, наб. Транспортная, д. 582 к. 6, 308898",+7 (057) 488-3997
393,Назаров,Октябрина,Борисович,1982-10-04,Ж,63027500030566,199-530-564 18,"ст. Самара, бул. Пушкина, д. 8/1 стр. 1/2, 260013",8 510 344 44 29
394,Соболева,Аникей,Тимурович,2001-04-24,Ж,45686524062215,599-672-562 22,"к. Клин, бул. Пушкина, д. 1/5, 476484",8 593 965 2138
395,Савельев,Лонгин,Абрамович,2002-01-05,Ж,12455312900362,211-732-772 64,"д. Москва, бул. Ломоносова, д. 3 стр. 59, 525161",8 (575) 917-1050
396,Федорова,Алина,Анисимович,1984-11-20,Ж,49147744735352,478-417-159 49,"к. Льгов, алл. Подгорная, д. 4 стр. 9/9, 331836",+7 133 892 60 87
397,Петрова,Творимир,Всеволодович,1944-09-29,Ж,52787304862515,217-465-353 78,"д. Хабаровск, наб. Шмидта, д. 4/5, 671776",+7 (969) 143-36-29
398,Жукова,Фирс,Дмитриевич,1986-08-18,М,64509999001089,857-390-835 21,"клх Троицк (Челяб.), наб. Стахановская, д. 7 к. 9, 997957",+7 (857) 595-82-81
399,Рогова,Христофор,Антипович,1959-10-30,Ж,21797891248839,717-059-844 51,"с. Тайшет, пер. Черняховского, д. 412, 388568",+7 193 978 14 59
400,Лебедев,Азарий,Оскаровна,1958-03-01,М,17790552866933,515-880-705 32,"клх Городовиковск, пер. Слободской, д. 903, 974255",+7 360 908 58 18
401,Рыбакова,Виталий,Анатольевич,1974-01-07,М,50243736158736,627-135-896 93,"п. Южно-Сахалинск, бул. Набережный, д. 9, 615473",+7 566 397 92 55
402,Елисеева,Виктор,Бориславович,1987-02-21,Ж,43690283772702,896-660-534 28,"ст. Краснотурьинск, ул. Коммуны, д. 801 к. 4, 846405",+7 038 802 73 04
403,Дмитриев,Севастьян,Федосеевич,1963-10-30,Ж,62814447189395,309-690-676 49,"п. Териберка, ш. Литейное, д. 5/6 стр. 2, 587271",8 (430) 688-11-64
404,Игнатьева,Марина,Святославовна,1940-03-23,М,34398818738775,833-364-770 41,"д. Александровск, ул. Тимирязева, д. 78 стр. 328, 254204",+7 231 905 77 20
405,Беляков,Светлана,Елисеевич,1944-06-20,М,00794193245381,097-941-224 87,"п. Охотск, ш. Плеханова, д. 32 к. 2, 422404",+7 (261) 189-0034
406,Фадеев,Степан,Феликсович,1948-12-13,Ж,63070286720200,953-662-195 36,"к. Смирных, пер. Комарова, д. 801 к. 62, 073971",+7 (072) 211-3869
407,Михайлов,Октябрина,Яковлевич,1999-10-08,М,16722104546171,928-170-744 36,"ст. Кимры, наб. Украинская, д. 35 к. 360, 239412",+7 944 772 6903
408,Давыдова,Добромысл,Федосеевич,1983-07-04,М,51327617948024,559-851-602 11,"д. Черемхово, алл. Парижской Коммуны, д. 5/9, 478686",+7 (376) 008-84-47
409,Михеев,Аким,Яковлевич,1966-11-06,М,78191907499216,400-698-369 23,"к. Ульяновск, пер. Николаева, д. 8 к. 282, 986546",+7 (202) 123-72-05
410,Никонова,Максим,Ааронович,1963-10-10,М,30000886346739,190-088-991 14,"ст. Агата, пер. Звездный, д. 3/4, 737989",8 (906) 085-48-18
411,Якушев,Самуил,Дорофеевич,1988-04-27,М,30009984336113,711-815-198 54,"ст. Хужир, алл. Пролетарская, д. 14 к. 653, 466075",8 999 449 46 67
412,Анисимов,Людмила,Антипович,1948-06-10,М,08240281822387,940-262-085 81,"клх Мураши, пр. Моховой, д. 4, 423570",+7 412 918 2851
413,Ильина,Виктор,Леоновна,1992-06-05,Ж,12559046100792,304-660-012 83,"г. Артем, бул. Ягодный, д. 72, 512048",8 076 653 4460
414,Силина,Лев,Ивановна,1959-08-19,М,27634601915305,734-724-358 61,"д. Зеленогорск (Ленин.), наб. Сельская, д. 37, 708666",8 622 419 7687
415,Соловьева,Касьян,Тимофеевна,1975-05-21,Ж,77129035006184,897-422-354 34,"клх Пятигорск, ш. Циолковского, д. 31 стр. 556, 254920",8 441 119 73 88
416,Сорокин,Тарас,Виленович,1998-07-17,Ж,30634359488218,849-680-664 05,"г. Истра, алл. Степана Разина, д. 4, 123016",+7 498 603 7218
417,Мамонтов,Аполлинарий,Антонович,1963-01-10,М,20319789990114,003-471-317 19,"г. Воронеж, ш. Коминтерна, д. 15 стр. 2, 785501",+7 375 358 21 07
418,Беспалова,Гурий,Анатольевна,2007-05-17,Ж,78072790371616,088-197-223 99,"с. Сусуман, пер. Ивановский, д. 6/4, 768102",+78085578002
419,Большакова,Исай,Кузьминична,1975-05-07,Ж,32362216906968,574-670-675 16,"д. Ноглики, бул. Морской, д. 250 стр. 5/3, 107033",8 084 243 1983
420,Борисова,Всеслав,Ермилович,1975-04-20,Ж,81300416910530,215-167-586 46,"клх Эльтон, алл. Гоголя, д. 610 к. 814, 427896",+7 573 855 12 81
421,Щукина,Прохор,Эдгарович,1980-04-17,М,12395978155426,097-236-024 46,"с. Славянск-на-Кубани, алл. Подгорная, д. 2 к. 2/1, 308715",8 478 370 31 75
422,Горбачев,Зосима,Архиповна,1937-08-13,М,27414857260292,546-862-728 84,"с. Ростов-на-Дону, алл. Комсомольская, д. 7/4 к. 27, 538676",+7 (592) 386-87-90
423,Авдеев,Дарья,Макаровна,1939-07-23,М,48869320553405,089-273-961 59,"к. Алдан, алл. Космонавтов, д. 8/1 к. 9/8, 554261",80384227362
424,Сысоев,Надежда,Гертрудович,1959-12-24,М,02227111757691,716-204-298 51,"ст. Усть-Ишим, пер. Лесозаводский, д. 252 к. 1/4, 202698",+7 142 647 1068
425,Васильев,Аскольд,Филимонович,1998-09-03,Ж,03163705004933,267-244-693 17,"ст. Сасово, алл. Садовая, д. 19 к. 6/5, 259985",+7 939 327 27 28
426,Кононова,Боян,Владиленович,1951-06-28,М,63504960266765,272-845-397 49,"с. Абакан, ш. Демьяна Бедного, д. 1 стр. 8/6, 020801",82902215439
427,Голубев,Климент,Дорофеевич,1940-02-26,М,93225333202351,025-550-193 54,"п. Пинега, пер. Балтийский, д. 49 стр. 33, 362962",+7 805 983 1244
428,Королев,Гостомысл,Васильевна,1943-04-11,Ж,75965999201237,631-774-954 21,"п. Шали, бул. Студенческий, д. 67 к. 392, 713175",+7 (626) 475-2864
429,Комиссаров,Варфоломей,Викторович,1938-11-26,М,96173009928452,403-211-535 50,"к. Карталы, ш. Кленовое, д. 591 стр. 90, 797247",82542218834
430,Матвеева,Евдокия,Захарьевич,1950-05-06,М,92048770676933,329-986-515 90,"с. Уренгой, наб. Седова, д. 1 стр. 9, 883825",8 726 208 46 72
431,Александрова,Фотий,Семеновна,1958-05-08,М,54355196282225,018-256-247 28,"д. Красногорск (Моск.), бул. Полевой, д. 422, 149929",+7 096 627 0266
432,Смирнов,Каллистрат,Яковлевна,1982-02-01,Ж,09563217400391,019-335-389 22,"ст. Сладково, ул. Минская, д. 1/1, 082770",8 646 160 7626
433,Воронцов,Ерофей,Мироновна,2006-12-30,М,50095372346176,231-336-109 44,"к. Джейрах, бул. Песочный, д. 6/5, 137277",8 857 606 34 94
434,Денисов,Ярополк,Андреевич,1973-03-16,Ж,61755188701799,932-420-248 37,"ст. Курганинск, ш. Минина, д. 53, 653869",+77902548536
435,Рогова,Синклитикия,Викентьевич,1992-05-03,Ж,89047238641009,538-557-421 64,"ст. Чита, ул. Спортивная, д. 97 стр. 146, 761437",8 (844) 370-6618
436,Лобанова,Радислав,Захаровна,1983-04-10,Ж,64672636815418,589-900-277 29,"ст. Томпа, наб. Дорожная, д. 9/7 к. 643, 605033",8 (469) 833-06-77
437,Казакова,Еремей,Адамович,1990-07-04,Ж,71822266794190,878-865-385 90,"ст. Карачаевск, пр. Логовой, д. 3 стр. 7/1, 504922",+7 704 861 86 70
438,Авдеев,Никифор,Гертрудович,1960-11-14,Ж,01629073992891,982-718-265 33,"с. Азов (Рост.), пр. Свердлова, д. 3 стр. 5/3, 398313",8 490 145 9967
439,Зайцев,Натан,Валериевна,1959-11-23,М,19587305498243,884-302-178 16,"с. Октябрьский (Башк.), наб. Минская, д. 158 стр. 364, 503701",8 (092) 640-70-30
440,Васильева,Агафья,Аскольдовна,1939-09-23,Ж,81726282968244,850-072-889 59,"клх Кыштым, ул. Маркса Карла, д. 269, 127662",+7 808 203 9170
441,Анисимова,Регина,Феликсовна,1959-04-18,Ж,63444359624587,012-042-425 36,"п. Кизилюрт, наб. Новгородская, д. 528 к. 7/1, 967024",+7 (652) 405-5364
442,Козлова,Прасковья,Артурович,2007-12-17,Ж,75403648821597,738-546-623 23,"с. Печенга, пер. Макаренко, д. 2 к. 55, 220429",8 (622) 699-2066
443,Евсеев,Афанасий,Филиппович,1990-12-31,М,23569992998335,876-887-779 25,"к. Городовиковск, наб. Коллективная, д. 484, 539839",+7 226 000 14 40
444,Суханова,Василиса,Матвеевна,1998-12-04,Ж,62914304913410,389-752-872 09,"ст. Орел, алл. Театральная, д. 1 к. 3, 823530",87669194896
445,Максимов,Филарет,Юрьевна,1940-01-25,Ж,56820175307966,186-957-240 43,"к. Горно-Алтайск, алл. Карла Маркса, д. 41 стр. 6/7, 007773",+7 (175) 036-19-20
446,Анисимов,Ираида,Игнатьевич,1945-02-08,М,93873370342444,748-904-760 78,"ст. Кимры, ул. Садовая, д. 7/6 к. 891, 851732",8 (951) 456-3409
447,Кулагина,Афанасий,Анатольевна,1983-08-18,Ж,80558115744965,391-607-700 40,"клх Минусинск, наб. Пригородная, д. 1 к. 99, 218039",8 620 385 88 64
448,Матвеева,Ираида,Петровна,1938-04-23,Ж,78802652951646,933-356-230 39,"к. Анива, пер. Цветочный, д. 8/1 стр. 1/3, 199184",+7 (113) 266-1158
449,Жданов,Фадей,Игоревич,1941-11-06,М,52632119604722,053-970-774 54,"клх Березники, бул. Болотный, д. 81 стр. 246, 394676",8 262 359 60 53
450,Турова,Агап,Викентьевич,1987-10-05,Ж,18402578703686,050-630-663 60,"п. Тутаев, ул. Карла Либкнехта, д. 1 стр. 103, 203025",+7 (094) 523-75-97
451,Аксенова,Эдуард,Иосифович,1966-12-03,М,19260098602757,454-492-054 89,"к. Кимры, ул. Свободная, д. 981 стр. 6/6, 445662",+7 (952) 179-70-56
452,Мишин,Агап,Данилович,1991-01-11,Ж,16248607047266,023-515-850 15,"г. Сарапул, бул. Революционный, д. 8/2, 605879",+7 522 441 3395
453,Горбачев,Пров,Болеславовна,1971-07-24,Ж,06453157905719,189-866-469 36,"г. Усть-Камчатск, алл. Энергетиков, д. 5/9, 680570",+7 (377) 184-30-19
454,Давыдов,Гремислав,Адрианович,1984-06-04,Ж,67333297323964,402-825-326 76,"п. Санкт-Петербург, алл. Большая, д. 68 к. 30, 209140",+7 693 328 44 23
455,Блохина,Лаврентий,Эдгарович,1945-01-20,М,99829075515452,607-569-991 38,"г. Агинское (Забайк.), ш. Пирогова, д. 4 стр. 32, 227777",+7 (316) 806-6470
456,Уварова,Пров,Ааронович,1963-08-31,М,85036059529842,410-740-274 06,"д. Зарайск, пр. Фадеева, д. 15 к. 3/1, 363856",+76149745979
457,Аксенов,Василий,Александровна,1965-01-22,М,99798491498609,955-049-326 64,"п. Кизел, наб. Революции, д. 321 стр. 515, 340012",8 (622) 398-47-42
458,Ларионова,Алина,Владиславович,1981-11-09,М,67871888223788,705-841-680 61,"д. Нязепетровск, наб. Павлика Морозова, д. 7 к. 758, 949638",+7 (097) 236-1080
459,Романова,Вячеслав,Фёдорович,1946-11-01,Ж,66201655578645,786-555-751 24,"к. Адыгейск, ул. 50 лет Победы, д. 6/9, 824051",8 654 512 24 44
460,Кудрявцев,Ульяна,Якубович,1999-09-23,М,40233868608357,017-036-309 44,"д. Приозерск, алл. Трудовая, д. 1, 094134",80961979797
461,Дорофеев,Ким,Игоревич,1956-04-01,М,84135694804507,356-748-095 73,"к. Чермоз, ш. Трудовое, д. 16 стр. 59, 203158",82584907342
462,Федоров,Зосима,Богданович,1995-05-02,М,77486759514186,482-308-829 58,"г. Холмогоры, алл. Владимирская, д. 72 к. 758, 276748",+7 (173) 066-2931
463,Кононов,Вадим,Харитоновна,2007-07-13,Ж,17882426559469,890-623-272 37,"д. Тверь, ул. Деповская, д. 83 стр. 606, 870847",8 (954) 176-75-53
464,Никитина,Станислав,Артемьевич,1940-11-11,Ж,73781591579089,458-962-683 84,"п. Туапсе, ш. Прудовое, д. 276, 396121",80518812988
465,Никифорова,Никанор,Ивановна,1948-10-28,Ж,82070669010792,372-982-689 33,"клх Междуреченский, пр. Шоссейный, д. 15 стр. 8/6, 896833",8 570 773 1231
466,Юдин,Максим,Измаилович,1941-04-05,Ж,57052187993844,404-588-311 41,"г. Волоколамск, алл. Энергетиков, д. 936, 156891",+7 977 978 0234
467,Евдокимова,Элеонора,Даниловна,1971-10-15,Ж,56844679403664,016-329-573 78,"к. Череповец, наб. Докучаева, д. 39 к. 4/2, 830291",8 854 233 2416
468,Гурьева,Нинель,Марсович,1944-10-31,М,85483966073446,746-215-958 41,"клх Шуя, пр. Вишневый, д. 1/6, 221816",88141344760
469,Кудряшова,Харлампий,Дмитриевич,1963-02-16,М,77402928643302,650-996-218 36,"с. Горячинск, бул. Репина, д. 7/7 стр. 602, 342022",+7 (349) 980-13-76
470,Титова,Ефрем,Федосеевич,2001-11-22,Ж,59017791524461,440-923-351 74,"с. Меренга, ш. Достоевского, д. 718, 726319",85695592277
471,Ситников,Каллистрат,Харитоновна,1948-01-23,Ж,49003850255134,448-672-288 39,"с. Комсомольск-на-Амуре, ул. Калужская, д. 5, 157493",+7 (511) 497-88-79
472,Агафонова,Лукьян,Гордеевич,1944-02-03,М,20409543776618,308-580-018 73,"п. Череповец, наб. Звездная, д. 743, 862107",8 (187) 109-6856
473,Елисеев,Владимир,Игнатович,1997-04-03,Ж,06802693315423,060-023-028 65,"клх Муром, алл. Рязанская, д. 314, 667015",+7 459 920 16 63
474,Тихонов,Нонна,Ярославович,1954-08-03,Ж,22240053922205,620-190-113 48,"п. Чайковский, алл. Курская, д. 35, 132394",8 645 234 2864
475,Ермакова,Лаврентий,Геннадиевна,1995-09-13,М,60249866342095,367-734-985 29,"к. Пинега, наб. Тепличная, д. 7/6, 914762",8 380 966 4147
476,Сафонова,Моисей,Гурьевич,1969-05-13,Ж,69524746653538,962-985-324 36,"к. Волхов, пр. Широкий, д. 77 к. 48, 434685",8 (639) 061-6824
477,Степанова,Рюрик,Вениаминовна,1967-08-13,Ж,99816153811683,710-307-372 60,"ст. Адлер, наб. Олега Кошевого, д. 9/1, 649312",+7 463 947 62 54
478,Филатова,Гаврила,Робертовна,1957-10-29,Ж,64563391729940,369-481-126 64,"д. Поярково, бул. Заводской, д. 9/4 к. 45, 016125",80163994901
479,Колесников,Зиновий,Даниилович,1972-06-27,Ж,43767348140984,101-679-301 48,"с. Александров, пер. Народный, д. 304 к. 928, 616801",89034213485
480,Елисеев,Фадей,Дорофеевич,1956-09-01,М,03531607917913,860-157-117 13,"д. Миллерово, алл. Лермонтова, д. 1/3, 411287",+75271936785
481,Иванова,Натан,Ерофеевич,1993-10-16,Ж,39138107491619,423-215-401 31,"к. Белокуриха, пер. Седова, д. 26 к. 9/5, 525274",+7 025 471 79 89
482,Горбунова,Юрий,Елизарович,2006-04-19,М,85669489930051,956-756-355 84,"с. Верхнее Пенжино, алл. Разина, д. 3/6 к. 6/1, 607001",+74130686240
483,Моисеева,Кира,Якубович,1996-01-09,Ж,10066890417282,076-238-115 22,"д. Дубна, алл. Поселковая, д. 1, 752835",89940041084
484,Лихачев,Эрнест,Феликсовна,1951-03-18,Ж,35113505357228,920-641-578 09,"г. Губаха, ул. Станционная, д. 541 стр. 4, 195281",+74786742802
485,Романов,Анастасия,Яковлевич,1965-10-31,Ж,06357803789121,397-436-990 55,"с. Объячево, пер. Фрунзе, д. 384 стр. 769, 452898",8 061 065 67 33
486,Лихачев,Регина,Егорович,1985-12-22,М,70165276136814,980-253-084 37,"клх Элиста, наб. Угольная, д. 8 к. 3/6, 842324",+7 (348) 004-17-24
487,Поляков,Маргарита,Игнатович,1981-12-29,Ж,36915855749062,796-024-257 03,"клх Добрянка, ш. Титова, д. 6 стр. 23, 828630",+70296629917
488,Веселов,Валерьян,Чеславович,1975-08-30,Ж,29220416782153,926-693-706 32,"п. Городовиковск, пер. Депутатский, д. 648, 220619",+7 193 335 9379
489,Туров,Борислав,Викторовна,1943-11-09,Ж,00029561622564,718-559-407 99,"г. Лотошино, бул. Тамбовский, д. 23 к. 8/8, 456474",+7 (701) 945-3911
490,Громова,Радислав,Эдуардович,1993-09-07,М,66505276120928,157-806-190 22,"клх Гагарин, пр. Щербакова, д. 767 к. 45, 237185",82126848563
491,Сазонова,Сергей,Архипович,1946-10-05,Ж,42943000375398,923-132-465 98,"д. Карпинск, пр. Отрадный, д. 478, 659153",8 (201) 140-6526
492,Устинов,Кузьма,Гаврилович,1994-02-12,М,73512724553375,656-976-487 84,"п. Лабытнанги, наб. Нахимова, д. 704 стр. 15, 929656",8 (512) 062-7672
493,Рябова,Игнатий,Павловна,1978-12-10,М,09793442129146,502-234-778 04,"клх Хасавюрт, ш. Болотное, д. 2 к. 1, 033982",+7 478 233 72 09
494,Гаврилова,Ксения,Егорович,1978-07-18,Ж,16767063632863,011-220-084 84,"ст. Краснокамск, алл. Логовая, д. 86 стр. 1/9, 896713",8 054 946 92 08
495,Гришин,Панкрат,Елисеевич,1942-07-10,М,13249519350011,546-175-808 03,"к. Борзя, наб. Транспортная, д. 4, 566851",+7 (538) 148-3747
496,Кабанов,Милован,Юльевич,1942-03-30,М,30901685647177,840-190-271 69,"клх Волхов, ул. Загородная, д. 9 к. 7/9, 119976",8 (598) 332-61-70
497,Суворова,Любим,Аксёнович,1980-09-29,Ж,83534581956572,853-533-998 24,"с. Дмитров, пр. Невского, д. 9, 158466",8 (793) 030-2853
498,Веселов,Роман,Вячеславович,2000-08-20,М,66983451502528,546-130-873 08,"клх Алапаевск, пр. Вольный, д. 87 стр. 8/2, 842527",8 (630) 900-7121
499,Белов,Вячеслав,Никифоровна,1973-05-16,Ж,23447305777196,199-716-596 56,"с. Майкоп, пер. Репина, д. 53, 009522",+72653793221
500,Королева,Афиноген,Романовна,1970-08-11,М,39070547360157,911-501-016 26,"д. Аршан (Бурят.), пр. Тимирязева, д. 84, 978335",+78835719214
501,Сергеева,Олимпий,Харитонович,1947-11-15,М,46386643203172,665-282-468 54,"клх Губкин, ул. Вокзальная, д. 920 к. 1/2, 605190",8 (543) 271-6303
502,Воронов,Лучезар,Федосеевич,1964-12-27,Ж,69301000908993,187-810-480 28,"клх Лабытнанги, наб. Осенняя, д. 193, 376613",8 628 081 22 68
503,Кузьмин,Милен,Романовна,1976-09-12,Ж,74705311058330,967-397-984 21,"п. Ребриха, алл. Монтажников, д. 6/1 стр. 767, 187762",8 (836) 368-8501
504,Трофимова,Валерия,Тихонович,1957-06-03,Ж,76292266678809,376-165-228 98,"к. Челябинск, алл. Карла Маркса, д. 625 стр. 8/8, 659764",+7 838 580 5014
505,Крылов,Фаина,Феоктистович,1950-05-01,М,65789391295651,887-114-860 05,"клх Шелагонцы, наб. Просторная, д. 88, 570302",83011250186
506,Шубина,Ярослав,Алексеевич,2002-08-07,Ж,42906952223369,318-062-007 30,"ст. Змеиногорск, бул. Олега Кошевого, д. 84 к. 4, 405714",+76956740687
507,Моисеева,Емельян,Иосипович,1976-10-23,Ж,45345146688658,348-348-358 62,"п. Рязань, ш. Горького, д. 4 к. 80, 587089",+73269834436
508,Рябова,Зоя,Игоревич,2008-05-03,Ж,05045050928467,200-734-293 90,"п. Сургут (Хант.), ш. Островского, д. 6, 380162",8 851 502 0450
509,Ширяева,Доброслав,Артемовна,1948-04-08,Ж,43531279433795,311-123-590 42,"п. Сковородино, алл. Блюхера, д. 3/6 к. 608, 383855",+75146091935
510,Пономарев,Богдан,Харлампович,1976-11-17,Ж,55537062728167,337-461-215 75,"ст. Рославль, ул. Ангарская, д. 1/9 к. 9, 876209",80693196303
511,Беспалова,Ян,Валериевна,1981-03-06,Ж,16704505998226,731-234-388 80,"ст. Верхотурье, наб. Деповская, д. 425 стр. 5/6, 282313",+72755767299
512,Гусев,Венедикт,Никифоровна,1980-07-11,Ж,49044318343695,310-297-711 50,"клх Чермоз, бул. Павлика Морозова, д. 66, 732816",+7 (910) 873-92-21
513,Никитина,Ульян,Денисович,1989-06-27,М,91573767105298,770-745-991 53,"к. Мончегорск, ул. Тепличная, д. 926, 878903",+75029586760
514,Мухин,Анна,Семеновна,1941-11-30,Ж,40934675418236,881-013-827 21,"г. Корсаков, наб. Менделеева, д. 518, 201388",+7 (532) 083-16-81
515,Воронова,Эмилия,Егоровна,1991-05-24,М,36038917369078,947-672-000 52,"клх Волгодонск, пр. Зеленый, д. 2/7, 485089",8 123 708 5119
516,Лобанова,Болеслав,Григорьевна,1971-06-28,М,45456972965561,927-671-377 18,"ст. Рославль, пер. 40 лет Октября, д. 2/3, 678305",8 737 138 8740
517,Суханов,Надежда,Викентьевич,1965-01-13,Ж,46144662763304,117-614-215 24,"д. Переславль-Залесский, бул. 60 лет СССР, д. 56 стр. 1/5, 568969",8 (703) 688-3004
518,Киселева,Ефим,Чеславович,1966-06-15,М,63159229127065,934-104-062 91,"п. Губкин, алл. Бригадная, д. 2/9 стр. 20, 796075",8 (898) 497-49-97
519,Дорофеева,Эмиль,Антонович,1978-06-01,М,22171148656581,898-106-173 56,"с. Камышлов, алл. Кочубея, д. 6, 261694",86378811938
520,Артемьева,Зоя,Мироновна,1942-09-26,М,68201307167532,163-361-317 98,"д. Ахтубинск, наб. Весенняя, д. 37, 458583",8 639 981 2743
521,Жукова,Акулина,Витальевич,1955-04-01,М,55174192581476,212-360-186 39,"к. Внуково (метеост.), бул. Ударный, д. 4, 563093",+7 796 859 0964
522,Владимиров,Фока,Антоновна,1998-09-16,М,24089921773516,681-133-973 67,"клх Дербент, пр. Космический, д. 1, 422241",88306323654
523,Шарапова,Агафон,Богданович,1949-01-14,М,44424842024350,947-651-186 15,"г. Элиста, наб. Пушкинская, д. 8 стр. 4, 370542",+75190826110
524,Никифорова,Евстигней,Жоресович,1987-08-14,М,59429920237666,969-229-533 86,"г. Бодайбо, ш. Хуторское, д. 593 стр. 34, 066283",+76334889334
525,Аксенов,Савва,Исидорович,1949-05-26,М,86694086542438,269-285-507 43,"д. Нефтеюганск, ш. Королева, д. 8, 396964",8 359 176 5047
526,Крылов,Ульян,Александровна,1962-11-10,М,00995428873449,668-667-989 94,"с. Воткинск, бул. Рабочий, д. 1/2 к. 8, 103847",+7 567 566 50 51
527,Киселева,Милица,Юльевич,1992-12-06,М,01674492343596,985-045-056 69,"к. Минусинск, алл. Путевая, д. 78, 789257",+7 402 503 85 76
528,Копылова,Дементий,Руслановна,1986-09-03,Ж,48163849368063,585-301-012 78,"г. Щелково, алл. Молодежная, д. 9 стр. 3, 758670",+7 (656) 203-6344
529,Блинова,Кондрат,Гордеевич,1970-08-01,М,68963318123357,617-073-174 45,"с. Иваново, пр. Геологический, д. 4/7 стр. 9/6, 898977",+77594434852
530,Лазарева,Мина,Геннадиевич,1996-03-01,М,74037676874042,076-751-497 53,"г. Мокшан, ш. Портовое, д. 10 к. 509, 656582",+7 (445) 385-6535
531,Тетерина,Дмитрий,Германович,1953-02-26,Ж,66000470911034,956-119-989 96,"г. Усолье Сибирское, бул. Карла Маркса, д. 57, 614477",8 186 870 47 96
532,Лаврентьев,Дарья,Захаровна,1987-08-17,Ж,82905256599508,914-233-029 27,"ст. Анадырь, наб. Мусы Джалиля, д. 99 к. 3/3, 405131",8 (660) 474-7338
533,Ершова,Будимир,Димитриевич,1997-03-16,Ж,85247442035944,102-387-351 86,"ст. Тайшет, наб. Кубанская, д. 41 к. 2, 025853",+76581539885
534,Петухова,Гурий,Макаровна,1951-08-19,М,78955990984128,655-816-759 23,"д. Кетченеры, пер. Социалистический, д. 903 к. 446, 292421",85973091218
535,Исаев,Герман,Харитонович,1961-09-27,М,41146133155530,153-030-440 77,"г. Югорск, пр. Ватутина, д. 6 стр. 8, 634541",8 (299) 126-9945
536,Тимофеев,Аполлон,Фёдорович,1977-03-14,М,19106166910082,242-168-268 22,"к. Петушки, бул. Революции, д. 3/1, 479100",8 932 572 2870
537,Горбунова,Егор,Владиленович,1955-04-15,Ж,00748597243871,295-145-205 80,"г. Оленек, наб. Кооперативная, д. 52, 654747",8 950 904 18 98
538,Нестеров,Поликарп,Тимурович,1970-10-11,М,30165562388788,876-569-931 36,"клх Губкин, ш. Солнечное, д. 913, 047947",+7 990 380 35 14
539,Зиновьева,Спиридон,Валентиновна,1979-05-12,М,38294419147905,347-283-951 67,"ст. Фатеж, бул. Черноморский, д. 86 к. 984, 865629",+7 (582) 282-80-18
540,Кудряшов,Герасим,Демьянович,1986-04-13,Ж,30688568467678,096-458-374 49,"к. Домодедово, алл. 70 лет Октября, д. 81, 559289",8 (487) 411-48-62
541,Гордеев,Прокл,Захарьевич,1951-10-27,Ж,19976453496551,564-196-789 63,"д. Каргасок, бул. Дарвина, д. 20 к. 4/1, 597224",+7 (284) 834-92-76
542,Бирюков,Фадей,Анисимович,2006-03-16,Ж,46018040334801,537-358-667 15,"к. Пушкино (Моск.), наб. Владимирская, д. 16, 746272",+7 536 499 1192
543,Зуева,Тарас,Юльевна,1982-12-13,М,67285021553830,775-582-126 26,"д. Обнинск, пр. Черемуховый, д. 7 к. 178, 519919",8 (177) 551-2944
544,Григорьев,Леон,Викторовна,1957-12-06,М,53164982838597,477-656-590 70,"к. Элиста, бул. Союзный, д. 4 к. 9/8, 156922",+7 949 076 3415
545,Гаврилов,Мирослав,Вениаминовна,1998-07-28,М,71001154773494,314-872-255 78,"к. Воркута, наб. Просторная, д. 5/2, 855739",8 232 855 5809
546,Кириллова,Мечислав,Чеславович,1976-06-20,М,75816602841362,334-704-071 46,"к. Сызрань, пер. Восьмого Марта, д. 24 стр. 6, 083745",8 017 039 61 01
547,Русаков,Милен,Георгиевна,1939-09-12,Ж,01706794907869,285-516-215 93,"с. Красная Поляна, алл. Панфилова, д. 4/6 к. 9, 070722",8 (834) 133-5139
548,Попов,Афиноген,Егорович,1961-03-31,М,09742749366357,967-148-030 07,"ст. Яр-Сале, ш. Радищева, д. 16 к. 35, 379412",8 (866) 911-2232
549,Алексеев,Капитон,Даниловна,1958-02-03,М,52611978925946,574-465-325 54,"г. Тотьма, ш. Володарского, д. 836, 805203",8 (819) 376-8418
550,Савина,Климент,Эдуардович,1946-05-16,Ж,46220148333540,112-728-360 30,"к. Снежногорск (Мурм.), ул. Комсомольская, д. 8/7 к. 883, 295076",8 (162) 172-04-88
551,Кулакова,Софрон,Тихонович,1942-02-27,Ж,41869303264564,967-419-916 05,"с. Красновишерск, ул. Станиславского, д. 334 стр. 2, 018158",81368296707
552,Жданов,Демид,Валерианович,1980-08-24,Ж,31936252602216,908-875-480 29,"ст. Нурлат, алл. Толбухина, д. 4 стр. 606, 351745",+76935102140
553,Дьячкова,Таисия,Афанасьевич,1955-12-08,М,83319558979903,597-177-170 30,"д. Сеймчан, пер. Лермонтова, д. 724, 516483",8 (953) 376-8418
554,Буров,Таисия,Трофимович,1997-09-17,Ж,76006434597317,303-324-967 57,"г. Абакан, пер. Бригадный, д. 894 к. 91, 560542",8 (079) 959-47-61
555,Никитин,Велимир,Антипович,2001-05-02,М,97647545657289,722-693-485 40,"д. Терскол, бул. Максима Горького, д. 7 к. 366, 138268",8 (097) 777-95-70
556,Белякова,Валентина,Гертрудович,1990-09-27,Ж,26377927110735,128-962-206 82,"п. Кирово-Чепецк, бул. Тульский, д. 423, 460606",84306952357
557,Комарова,Никифор,Захарьевич,1954-07-31,Ж,94128537006448,854-875-311 98,"п. Новый Оскол, наб. Волгоградская, д. 853 к. 5/3, 507868",8 (786) 020-3922
558,Николаев,Ипат,Артемьевич,2000-11-05,М,01958663992879,872-873-142 49,"п. Чебаркуль, пр. Ветеранов, д. 5, 603328",8 (807) 005-1028
559,Туров,Леонтий,Игоревич,1946-03-28,Ж,20220175454164,879-210-466 27,"ст. Внуково (метеост.), алл. Кольцова, д. 5/5 к. 40, 078548",+7 (309) 587-2383
560,Евсеев,Творимир,Мироновна,1936-11-14,Ж,60145792326714,858-197-015 01,"д. Старый Оскол, алл. Береговая, д. 25 стр. 20, 852332",87049379582
561,Никитина,Варфоломей,Измаилович,2008-05-01,Ж,55116397149207,574-142-487 39,"с. Гудермес, пер. Российский, д. 31 к. 8, 367724",+73435497872
562,Жукова,Назар,Иосипович,2000-04-21,М,15643802990348,042-479-600 09,"д. Бологое, бул. 40 лет Октября, д. 4/8 к. 3/5, 662254",82036930914
563,Беспалова,Агафья,Ануфриевич,1949-02-02,Ж,52731172264147,569-001-842 93,"д. Тулун, наб. Рылеева, д. 3 стр. 99, 596677",+7 539 022 62 47
564,Трофимова,Эмилия,Данилович,1990-04-02,М,50032990900647,614-427-873 55,"клх Листвянка (Иркут.), бул. Новгородский, д. 869, 067549",+7 (934) 396-9045
565,Гурьева,Еремей,Павловна,1960-05-20,Ж,52878357338133,073-453-302 36,"ст. Инта, наб. Металлургов, д. 1, 372033",8 051 602 3251
566,Нестерова,Алексей,Чеславович,1947-08-31,Ж,55587094042245,641-199-255 12,"д. Астрахань, ш. Фабричное, д. 135 к. 4, 941971",8 755 716 6328
567,Дмитриева,Анна,Васильевич,1973-03-27,Ж,63061621856352,007-615-042 05,"клх Радужный, пр. Бажова, д. 443 стр. 1/9, 901014",8 103 927 88 88
568,Лазарев,Тимофей,Владиславовна,1963-08-21,Ж,04616388168785,185-690-509 65,"с. Сосьва (Хант.), пер. Строительный, д. 872, 081472",+7 (735) 640-7830
569,Фокина,Творимир,Гурьевич,1942-03-19,Ж,69789995145498,367-146-749 06,"с. Объячево, ш. Энтузиастов, д. 2/2, 456059",8 634 318 0739
570,Белозерова,Гедеон,Аверьянович,1939-11-08,Ж,25856533777303,167-871-926 15,"клх Елатьма, ш. Пушкинское, д. 14, 545500",8 490 809 9839
571,Терентьева,Серафим,Трифонович,1997-10-24,М,38872461630343,830-009-143 52,"г. Сухиничи, бул. Литейный, д. 779 стр. 5, 628973",8 189 622 5275
572,Дмитриева,Олимпий,Антонович,1936-01-06,М,22302340567712,515-890-418 28,"г. Прохладный, пр. Московский, д. 323 к. 9/9, 479098",8 361 527 69 58
573,Носкова,Кондрат,Ефимьевич,1976-09-03,Ж,20224824886313,737-145-031 18,"с. Оленек, пер. Индустриальный, д. 2 стр. 79, 610471",8 (911) 992-5692
574,Лаврентьева,Лазарь,Наумовна,2001-08-14,Ж,68834103414131,811-814-051 32,"с. Черусти, ул. Гоголя, д. 8 стр. 785, 940671",+78783103145
575,Хохлова,Никита,Егорович,1978-04-11,М,72275794074033,744-999-870 93,"клх Киржач, бул. Рязанский, д. 526 к. 106, 267531",8 (057) 631-0108
576,Данилова,Онуфрий,Ефимовна,1980-09-02,Ж,46125360640047,486-794-869 89,"д. Братск, ул. Лазурная, д. 2/1 к. 177, 773759",+79330781117
577,Соболев,Филипп,Максимовна,1993-01-12,Ж,00490214441559,674-333-849 65,"п. Хасан, пр. Нагорный, д. 63, 004999",+7 (665) 361-97-73
578,Никитин,Радован,Григорьевич,1976-09-29,Ж,62487238586539,276-871-413 49,"ст. Старая Русса, пр. Щетинкина, д. 660 стр. 9, 735792",+7 162 506 98 93
579,Рожкова,Моисей,Рубеновна,1971-03-28,М,64639897014557,039-342-718 66,"к. Грозный, ш. Горное, д. 1 стр. 16, 011015",8 161 973 84 49
580,Егорова,Софон,Артурович,1954-05-29,Ж,13008823846990,867-233-104 48,"клх Смоленск, алл. Коммуны, д. 6 стр. 2/3, 188220",8 318 641 76 13
581,Федосеева,Алексей,Витальевич,1961-04-01,Ж,64169368359916,764-032-391 93,"п. Тында, бул. Короленко, д. 2/3, 937949",89522529644
582,Елисеев,Елизавета,Александровна,1973-05-04,М,36868111433064,098-058-771 55,"ст. Осташков, алл. Невского, д. 1/3 стр. 2, 046372",+7 626 603 23 58
583,Кириллов,Афанасий,Антоновна,1936-05-11,Ж,29559997737939,579-551-924 74,"г. Сосьва (Хант.), алл. Черняховского, д. 1/4 стр. 3/6, 761125",8 (423) 300-8056
584,Колобова,Ипат,Александрович,2004-08-09,М,29248287321078,831-273-654 85,"г. Солнечногорск, ул. Вишневая, д. 1/9, 287416",+7 (796) 365-12-95
585,Крюков,Максимильян,Бенедиктович,1938-02-05,Ж,05108194842262,300-360-722 35,"клх Тура, ул. Окружная, д. 3, 375391",8 928 091 66 31
586,Сазонов,Парфен,Геннадиевна,1987-11-30,Ж,87403304544106,166-497-008 44,"г. Мытищи, бул. Кубанский, д. 7/5 стр. 79, 809241",+7 505 096 99 61
587,Мартынова,Маргарита,Сергеевна,1962-01-02,Ж,15255232280588,377-435-404 76,"клх Камышин, наб. Шоссейная, д. 611 стр. 65, 277888",+7 (603) 174-89-03
588,Волков,Ираклий,Ильясович,2008-01-28,Ж,80971861422935,545-920-559 67,"с. Шатой, ш. Целинное, д. 937 стр. 50, 762745",+7 160 895 89 70
589,Орехова,Регина,Борисович,1982-11-23,Ж,22133689600834,761-289-899 30,"с. Воскресенск, ул. Лазурная, д. 3/8 стр. 156, 387885",+7 (858) 986-81-84
590,Игнатьева,Измаил,Вадимовна,1999-01-23,М,63090073794999,445-744-410 76,"п. Орехово-Зуево, ш. Кутузова, д. 4 стр. 8, 916043",8 983 985 9079
591,Горбунова,Юлия,Борисовна,1993-11-10,М,58578375681678,434-073-071 77,"клх Калуга, бул. Заводской, д. 978 к. 36, 338540",+7 (369) 995-2850
592,Архипова,Дорофей,Давидович,1947-04-15,М,26532735514972,490-322-347 71,"ст. Элиста, ул. Харьковская, д. 6 к. 6, 020061",8 (413) 644-59-47
593,Ефремова,Никифор,Брониславович,1957-03-28,М,18939127065076,122-283-056 44,"п. Адлер, наб. Павлова, д. 6 к. 1, 635607",8 (789) 433-27-63
594,Борисова,Мария,Валериевна,1943-11-05,Ж,46008236962690,222-097-550 61,"с. Славянск-на-Кубани, бул. Ленинградский, д. 2, 003934",+79076972162
595,Архипова,Афанасий,Афанасьевна,1961-10-19,Ж,33919296921053,071-226-008 22,"с. Лагань, пр. Трактовый, д. 5, 788728",+7 (063) 228-01-26
596,Турова,Флорентин,Афанасьевна,1942-08-30,М,44665895247609,606-472-452 57,"д. Смирных, наб. Шаумяна, д. 9/9 стр. 1, 094657",8 (706) 129-88-97
597,Тетерина,Герасим,Альбертовна,1977-02-18,Ж,26809282616417,005-371-860 56,"ст. Каневская, бул. Короленко, д. 5/8, 127983",+7 242 853 54 16
598,Кошелева,Адам,Архипович,1947-02-05,Ж,98480870170867,152-077-107 40,"п. Ржев, пер. Жуковского, д. 7/8 стр. 74, 051109",+7 070 178 5020
599,Кононов,Анисим,Вилорович,1982-10-23,Ж,49723920102975,997-475-396 59,"к. Зарайск, алл. Пархоменко, д. 3 к. 741, 153740",8 133 793 7669
600,Воронцова,Жанна,Вячеславовна,1996-04-27,М,68160855717490,584-968-814 49,"п. Нарьян-Мар, пр. Ярославский, д. 1 стр. 8, 450999",8 (632) 453-5279
601,Рябов,Валерий,Валентинович,1947-10-08,М,08518466898593,213-596-183 07,"клх Тутончаны, ш. Вокзальное, д. 72, 259720",8 548 298 7819
602,Бобров,Арсений,Романовна,1973-10-25,Ж,74984746042937,178-472-146 17,"к. Тюмень, ш. Поперечное, д. 3, 676988",87988775445
603,Васильева,Исидор,Филимонович,1975-08-02,М,13401929360596,275-193-463 89,"п. Лабытнанги, наб. Пушкина, д. 4/7 стр. 7, 156862",+7 (307) 065-94-80
604,Симонова,Лука,Даниилович,1949-05-07,Ж,60227433037271,862-447-563 11,"п. Урус-Мартан, ул. Победа, д. 88 стр. 266, 459858",8 635 654 18 02
605,Матвеева,Устин,Леонидовна,2006-07-11,М,25212886690594,699-842-882 84,"к. Елатьма, алл. Российская, д. 92, 123203",8 686 427 78 62
606,Красильников,Тит,Михайловна,1981-06-09,Ж,27287603208778,347-106-283 34,"с. Королев, пр. Ангарский, д. 82 к. 1/1, 535859",8 (302) 732-28-57
607,Беспалова,Азарий,Ефстафьевич,1957-08-29,Ж,40255546893977,041-167-881 59,"с. Сковородино, пер. Черняховского, д. 7, 448467",+7 (322) 912-4895
608,Крюков,Творимир,Фролович,1995-01-07,Ж,00623945994264,076-089-530 12,"ст. Костомукша, пер. Кооперативный, д. 838 стр. 962, 356890",8 810 801 5337
609,Шилов,Евстафий,Зиновьевич,1990-05-23,Ж,70277287156596,957-945-759 59,"г. Неплюевка, бул. Ставропольский, д. 3/2 к. 2/5, 418395",+7 (525) 207-88-21
610,Устинов,Анна,Жанович,1948-07-20,Ж,19214574452030,276-947-308 82,"п. Новый Уренгой, ш. Тульское, д. 31 стр. 5, 293634",+7 941 218 0525
611,Пестов,Филимон,Жоресович,1943-10-07,Ж,04794123254601,891-134-348 57,"п. Шаховская, пер. Космодемьянской, д. 77 стр. 2/3, 342112",+7 291 381 3014
612,Никитина,Лев,Артемовна,1940-02-15,Ж,29890888196645,231-919-908 21,"к. Павловский Посад, бул. Ясный, д. 472 стр. 7/8, 417103",8 (919) 187-4050
613,Цветков,Изяслав,Ниловна,1963-06-23,Ж,20344956071487,650-775-257 23,"ст. Карпинск, пр. Заводской, д. 97, 105703",89630667005
614,Соболева,Ювеналий,Елисеевич,1990-03-29,Ж,96693233700715,800-971-408 63,"п. Макушино, ш. Совхозное, д. 6/9, 448883",82375909722
615,Богданова,Любосмысл,Аскольдовна,1954-09-08,Ж,58545513919603,482-367-883 87,"д. Калуга, алл. Северная, д. 743, 758466",+78674163712
616,Воробьев,Нифонт,Давыдович,1949-10-28,Ж,75529776014584,081-144-157 28,"клх Качканар, пр. Верхний, д. 768 стр. 714, 361189",+7 (605) 554-65-42
617,Селезнева,Никон,Юлианович,1969-01-13,М,68437714034454,595-660-030 11,"п. Тайшет, алл. Достоевского, д. 5/3, 736838",8 095 709 3409
618,Романова,Борислав,Устинович,1984-07-16,М,08113640348484,377-006-279 59,"к. Иркутск, наб. Ореховая, д. 7 стр. 6/5, 175627",8 280 016 1734
619,Костин,Роман,Васильевна,1974-03-05,М,59235163832648,971-001-707 81,"клх Нарьян-Мар, пр. Линейный, д. 50 к. 9, 142355",+7 (833) 728-75-67
620,Романова,Федор,Валерьевич,1963-10-09,Ж,02656477115882,187-089-410 79,"с. Голицыно, наб. Юности, д. 5, 119830",87542473885
621,Силина,Лора,Гаврилович,1968-04-08,М,77487700788125,325-121-808 22,"д. Черняховск, пер. Глинки, д. 7/1, 865383",85716468210
622,Федосеева,Агафон,Геннадиевич,1999-09-27,М,09070378088669,320-709-834 84,"с. Междуреченский, пр. Специалистов, д. 79 стр. 1, 445657",+7 (676) 541-98-28
623,Ершов,Прокофий,Валентиновна,1972-05-22,М,77950034522026,269-303-264 52,"п. Кондопога, пер. Спортивный, д. 5/1, 351685",+7 (247) 675-12-58
624,Власов,Светозар,Романовна,1938-10-23,М,05366933276334,228-562-837 23,"п. Нарьян-Мар, алл. Кузнечная, д. 833 стр. 508, 340370",+73333188384
625,Гурьев,Нифонт,Евгеньевна,1946-09-03,Ж,25780473719851,769-680-645 54,"г. Нурлат, бул. Минский, д. 3/7 к. 1, 327396",8 (859) 342-8839
626,Воробьев,Ефрем,Викторовна,1997-08-14,Ж,99783315032198,596-551-025 06,"клх Троицко-Печорск, бул. Подгорный, д. 8/4 к. 8, 714998",8 328 959 10 38
627,Агафонов,Доброслав,Ефстафьевич,1955-05-28,Ж,76221559637439,639-949-594 03,"ст. Лотошино, наб. Демьяна Бедного, д. 4 к. 970, 300210",+7 (736) 632-56-73
628,Суворова,Ксения,Юрьевна,1960-09-29,М,23487493916601,910-904-886 60,"ст. Елатьма, наб. Свободы, д. 9/4 к. 9/6, 417609",+7 937 164 5810
629,Дроздов,Милий,Рубеновна,2002-04-01,М,34669447338780,528-905-665 18,"д. Медногорск, пр. Азина, д. 998 стр. 57, 450968",8 938 062 5023
630,Тарасов,Сократ,Борисовна,1988-07-07,Ж,46924343548695,212-156-038 71,"п. Набережные Челны, пр. Ленина, д. 7/1 к. 1, 764747",8 911 612 21 50
631,Лукина,Изот,Николаевна,1990-07-29,М,55868190041589,333-528-660 13,"клх Абакан, алл. Титова, д. 4/9, 101245",8 (181) 580-61-94
632,Журавлева,Ферапонт,Сергеевна,1951-03-24,Ж,36505519193968,718-671-708 04,"клх Жигулевск, бул. Нефтяников, д. 771 стр. 429, 213495",+7 (209) 400-37-17
633,Попова,Митофан,Александровна,1982-11-29,М,62748066112620,306-951-657 12,"д. Рыбинск, ш. Светлое, д. 412, 302559",8 (792) 062-3145
634,Цветкова,Петр,Анатольевна,2004-02-29,Ж,91096196804505,211-203-608 16,"клх Усть-Кут, наб. Ореховая, д. 1/9, 971408",+7 (469) 544-9506
635,Лебедев,Харлампий,Леонидовна,1980-09-08,М,80627456698398,590-742-941 42,"д. Новороссийск, ш. Азина, д. 3/6 к. 58, 669195",+7 (016) 472-8617
636,Сафонов,Евгения,Натановна,1986-07-12,М,85902629761166,286-603-498 24,"с. Баргузин, пр. Павлова, д. 3/8, 402157",+7 (312) 524-23-52
637,Федосеев,Октябрина,Терентьевич,1940-01-20,Ж,08589496172150,520-535-313 18,"с. Анадырь, пер. Угловой, д. 3 к. 32, 091294",+73141408783
638,Лобанов,Ираида,Федоровна,1962-03-27,М,77982402116823,137-998-181 00,"ст. Минусинск, пр. Чайковского, д. 9/7, 558774",8 263 488 8237
639,Агафонова,Ярослав,Вилорович,1978-04-05,М,44225351178828,050-345-538 82,"г. Кузнецк, пр. Советской Армии, д. 7/7 к. 982, 458712",+7 753 136 8593
640,Ершов,Мокей,Степановна,1953-12-28,Ж,62107414430106,144-529-964 57,"п. Катайск, пер. Серафимовича, д. 415, 349729",8 970 100 34 34
641,Елисеев,Эмиль,Валериевна,2002-12-30,М,58586188817860,215-992-794 37,"д. Губаха, наб. Трудовая, д. 23 к. 32, 954807",+7 473 148 3687
642,Орехов,Родион,Харитонович,2003-01-01,Ж,40703666560076,228-212-821 93,"с. Усть-Катав, ш. Щетинкина, д. 56 к. 49, 045969",+7 (066) 604-85-31
643,Громов,Егор,Димитриевич,1971-06-18,М,35849811846512,421-063-781 70,"ст. Октябрьский (Башк.), бул. Кубанский, д. 665 к. 9, 942193",8 (931) 363-65-97
644,Казаков,Селиван,Трифонович,1998-03-21,М,68777593586134,174-919-538 08,"с. Сухиничи, алл. Путейская, д. 276, 001113",81548044236
645,Меркушева,Ипатий,Эдуардович,1956-09-18,Ж,14990108616479,049-915-738 06,"с. Киров (Вятка), пр. Байкальский, д. 296 к. 823, 643205",8 (699) 724-5971
646,Казакова,Прасковья,Ждановна,1984-12-28,Ж,57932770115491,773-260-968 56,"г. Троицко-Печорск, бул. Монтажников, д. 95 к. 8/5, 364470",+7 (632) 767-65-96
647,Кабанова,Капитон,Оскаровна,1981-01-03,Ж,87669494715534,745-024-053 77,"д. Кущевская, ш. Розы Люксембург, д. 4 стр. 6, 375480",8 (805) 383-38-56
648,Герасимова,Евгений,Гаврилович,1951-11-24,Ж,36964804073730,415-063-240 51,"с. Новочеркасск, алл. Микрорайон, д. 4/4 стр. 7, 464660",+7 (327) 399-7415
649,Соболева,Гедеон,Станиславовна,1942-10-02,Ж,94101027607819,516-484-977 97,"п. Апатиты, ул. Механическая, д. 4 к. 8, 478935",+7 526 027 0687
650,Агафонов,Пимен,Руслановна,1999-06-22,М,07181292361391,237-745-998 41,"с. Приозерск, пр. Зеленый, д. 9 стр. 279, 651064",+7 707 838 4784
651,Васильева,Евсей,Филипповна,1936-11-22,М,34857365404492,728-090-317 88,"ст. Красноуральск, бул. Нижний, д. 8/9, 984440",8 (895) 930-3207
652,Егорова,Мокей,Феодосьевич,1936-02-20,Ж,52699015230299,966-330-923 56,"г. Костомукша, пр. Пригородный, д. 5, 273201",+7 (953) 185-00-42
653,Власов,Богдан,Кирилловна,2007-10-23,Ж,20682048109305,484-738-577 97,"к. Мытищи, бул. Чернышевского, д. 28 стр. 2, 723826",+72951852557
654,Афанасьева,Панкрат,Степановна,2007-04-16,М,81559030819695,448-761-504 88,"клх Мурманск, ул. Геологическая, д. 5 стр. 5/1, 507695",8 593 558 8108
655,Белякова,Лукия,Венедиктович,1956-03-16,М,77547777459254,123-872-493 79,"г. Сыктывкар, бул. Балтийский, д. 6, 849674",+7 662 395 67 12
656,Прохоров,Михаил,Валентиновна,1965-07-10,Ж,50276749064122,727-653-145 13,"с. Белгород, наб. Запорожская, д. 6, 455955",8 216 833 57 66
657,Волкова,Аполлинарий,Артемовна,1983-11-30,Ж,04910860431715,578-521-979 33,"г. Энгельс, алл. Верхняя, д. 1/9 стр. 1, 055839",+7 115 320 26 40
658,Голубев,Юлиан,Мироновна,1961-04-14,М,33963790203887,821-889-384 47,"ст. Семлячики, пр. Новгородский, д. 3 к. 583, 242664",8 (426) 440-47-83
659,Наумова,Елизавета,Рудольфовна,1958-02-06,М,79663795818774,499-246-871 44,"ст. Хатанга, бул. Герцена, д. 61 стр. 7, 423940",+7 (690) 896-49-66
660,Дьячков,Галина,Филипповна,2006-02-17,М,11822923246872,203-733-784 06,"д. Псебай, наб. Энгельса, д. 9/4 к. 645, 576578",8 800 551 26 76
661,Галкин,Алла,Дмитриевич,1971-05-16,М,36327056146534,420-042-186 74,"ст. Нягань, ул. Ленская, д. 2, 985056",8 133 585 0814
662,Мельников,Дорофей,Гаврилович,2003-08-05,Ж,76632790423381,060-891-700 52,"д. Курганинск, пр. Калинина, д. 6/1 к. 3, 025996",+7 143 583 04 07
663,Кондратьев,Наина,Павловна,1985-04-18,М,13061092216897,453-714-732 04,"д. Грозный, наб. Новгородская, д. 726 к. 6/7, 233616",8 580 624 7555
664,Петухов,Пантелеймон,Филиппович,1954-05-06,М,03670275100568,706-905-711 21,"с. Шатой, ш. Осенное, д. 45, 305484",85165707943
665,Калинин,Велимир,Максимовна,2007-04-23,М,30242646855190,204-115-488 05,"д. Кижи, наб. Черняховского, д. 4, 633057",8 437 009 8416
666,Воронцова,Каллистрат,Даниилович,1996-10-21,Ж,70217047012592,833-971-785 68,"с. Шенкурск, наб. Подгорная, д. 2 к. 4/4, 105591",8 983 317 93 64
667,Никифорова,Сигизмунд,Аксёнович,2006-02-06,М,94406545259357,076-509-462 07,"п. Истра, ул. Большая, д. 1/3 к. 2/2, 801093",8 091 949 08 17
668,Комаров,Антип,Герасимович,1953-12-12,Ж,76280587777014,972-682-119 56,"с. Армавир, пр. Краснознаменный, д. 6 к. 2/3, 051356",+7 (974) 892-5007
669,Кулаков,Вацлав,Федосьевич,1999-01-01,Ж,48673581821774,874-779-359 95,"д. Кисловодск, пр. Шаумяна, д. 325 к. 419, 646912",8 719 196 99 33
670,Гришин,Изяслав,Кузьминична,1940-07-23,Ж,31387830568287,533-552-620 29,"к. Сочи, ул. Торговая, д. 38 стр. 4/5, 173922",+7 (931) 778-65-03
671,Яковлева,Антонина,Елизарович,1995-03-31,Ж,50557779174312,434-535-381 15,"г. Черусти, пр. Авиационный, д. 994, 369575",8 294 339 16 86
672,Брагина,Родион,Абрамович,2006-05-02,Ж,85506943944101,042-797-493 54,"г. Воткинск, ш. Кирпичное, д. 2/4 стр. 49, 753848",+7 115 703 47 56
673,Киселев,Ангелина,Бенедиктович,1991-07-11,Ж,42624554620213,546-922-394 07,"п. Магнитогорск, наб. Добролюбова, д. 1/6, 700603",88107951635
674,Федотов,Афиноген,Дорофеевич,1947-01-26,М,20224175616809,564-185-413 33,"к. Александровск, пер. 50 лет Октября, д. 656, 791578",+7 (905) 249-22-19
675,Дементьева,Виктор,Ефимовна,1949-06-01,М,42999481414013,856-993-914 26,"г. Горно-Алтайск, ш. Совхозное, д. 174, 098446",88886659481
676,Маслова,Тит,Виленович,1998-07-05,М,29136759164491,532-180-113 08,"п. Волоколамск, пр. Стахановский, д. 34 к. 1, 246267",+7 320 253 42 38
677,Якушев,Потап,Федоровна,1940-10-20,М,77604293987667,408-772-107 52,"г. Комсомольск-на-Амуре, бул. Парковый, д. 2, 972472",8 426 541 6893
678,Никитина,Денис,Чеславович,1994-07-27,Ж,39852381828936,327-868-070 42,"с. Киров (Вятка), пер. Нахимова, д. 21, 992135",+7 (470) 507-0775
679,Попов,Мария,Анатольевна,1975-12-10,М,94999635768662,138-059-519 48,"к. Златоуст, наб. Буденного, д. 2, 305915",+71963511096
680,Соколова,Леонид,Измаилович,1950-01-16,М,36365905041737,223-426-787 03,"клх Усинск, алл. Тихая, д. 2/9, 547521",+7 275 963 73 11
681,Костин,Эрнст,Гертрудович,1967-12-03,М,10886230659400,381-803-648 51,"п. Борзя, алл. Свободы, д. 940 стр. 370, 616878",8 (321) 499-97-03
682,Казакова,Владимир,Адамович,1973-07-27,М,34743344210651,004-601-041 31,"к. Нальчик, пр. Лермонтова, д. 80 стр. 42, 672176",+7 898 987 87 76
683,Селиверстов,Нина,Феоктистович,1985-12-12,М,13877123981893,972-048-730 45,"к. Невьянск, пер. Специалистов, д. 573 стр. 188, 964031",8 758 593 9185
684,Архипов,Вера,Тимурович,1954-07-12,М,05449339271954,063-856-702 07,"п. Серпухов, бул. Медицинский, д. 60 стр. 6, 354407",8 (967) 788-8922
685,Турова,Вацлав,Рудольфовна,1939-09-15,М,07204094711246,175-780-410 48,"с. Ведено, пр. Иркутский, д. 3 стр. 3/5, 704986",8 (110) 187-70-33
686,Веселов,Макар,Фомич,1941-11-04,Ж,44307324668997,490-304-381 77,"с. Хужир, наб. Павлика Морозова, д. 248, 301864",+7 (231) 456-5181
687,Миронов,Ростислав,Исидорович,1946-06-05,Ж,70034374325674,053-625-123 11,"г. Бомнак, пер. Нагорный, д. 70, 713693",+7 052 214 4267
688,Суханова,Иннокентий,Робертовна,1985-03-12,Ж,38425611615999,442-618-455 37,"с. Туруханск, бул. Жукова, д. 581, 023235",8 (593) 580-3528
689,Семенова,Амвросий,Игоревич,1939-04-05,Ж,75078197354425,247-777-444 96,"г. Мелеуз, наб. Цветочная, д. 760 к. 56, 275537",8 (938) 546-09-12
690,Николаев,Азарий,Дмитриевич,1938-10-05,М,72545396016099,324-707-926 25,"к. Каневская, бул. Льва Толстого, д. 632, 394398",8 (442) 789-5236
691,Королев,Сигизмунд,Вениаминовна,1971-06-17,М,96454959578127,317-427-183 22,"п. Катайск, алл. Льва Толстого, д. 77 стр. 576, 404655",+7 128 638 11 05
692,Попов,Всемил,Мироновна,1953-04-23,Ж,89207459528276,774-239-354 33,"клх Далматово, пр. Полтавский, д. 3/2 стр. 2, 026077",+7 (143) 486-96-53
693,Мамонтова,Сергей,Арсеньевич,1984-08-08,Ж,57310520898318,730-950-793 37,"г. Гудермес, пр. Тупиковый, д. 2 стр. 9, 027590",8 (268) 009-0722
694,Павлов,Феликс,Ивановна,2000-06-12,Ж,12189452395960,233-159-987 51,"с. Юровск, алл. Славянская, д. 90, 609417",8 024 130 0788
695,Сазонов,Семен,Захаровна,1983-01-08,М,87558509591450,497-236-694 62,"д. Рубцовск, ул. Свободная, д. 3 к. 943, 504621",8 (643) 493-94-16
696,Капустина,Людмила,Рубеновна,1986-11-05,М,74078869858574,911-066-726 41,"клх Чегем, пер. Крупской, д. 87 к. 512, 164598",+7 (437) 804-70-40
697,Меркушев,Агата,Валентиновна,1962-10-16,Ж,65187569269203,273-571-256 72,"ст. Красная Поляна, ул. Пугачева, д. 9/6, 532425",8 600 980 57 83
698,Авдеев,Валентина,Вячеславовна,1941-09-24,М,30341365329856,849-977-070 60,"к. Октябрьское (Хант.), ш. Литейное, д. 83, 049174",+73687163876
699,Давыдов,Богдан,Ильясович,2000-07-02,Ж,74054586618248,741-427-853 14,"п. Пышма, бул. Отрадный, д. 31, 339982",+7 590 071 32 04
700,Рыбакова,Ким,Яковлевич,1970-08-21,М,56771541766045,689-391-164 57,"ст. Североморск, наб. Монтажников, д. 7/7 к. 8, 085208",8 296 455 2175
701,Ильин,Константин,Борисовна,2006-02-19,М,78298872754422,061-850-692 98,"клх Тула, ш. Томское, д. 806 к. 74, 390321",+73031839330
702,Зыкова,Богдан,Борисович,1950-09-11,М,84065488558755,245-296-151 43,"к. Нефтекамск, бул. Ульяновский, д. 2 к. 9/4, 135566",86338958641
703,Гущин,Валентина,Алексеевна,1954-08-14,Ж,56019991624694,762-936-842 68,"с. Чита, алл. Блюхера, д. 1/2 к. 227, 952038",8 (212) 151-90-45
704,Мартынова,Наум,Власович,1976-12-03,М,46220165663393,508-243-262 53,"г. Кисловодск, бул. Культуры, д. 6, 142024",8 (435) 074-5093
705,Чернова,Иосиф,Гаврилович,2005-08-09,М,09997024404310,907-718-235 32,"клх Кетченеры, пр. Крылова, д. 5 к. 7/2, 275735",8 481 471 2666
706,Соболев,Мартьян,Леонидовна,1969-01-26,М,93929427021501,343-390-627 98,"к. Северо-Курильск, алл. Рыбацкая, д. 129 к. 27, 275939",8 571 421 1622
707,Виноградов,Лариса,Тимурович,1979-09-15,М,91004436436444,329-691-422 00,"п. Саратов, бул. Громова, д. 35 к. 9/1, 857109",+7 (385) 300-0900
708,Казакова,Панфил,Гордеевич,1954-07-27,Ж,58677546586172,847-034-463 32,"к. Псебай, наб. Ключевая, д. 5 стр. 4/6, 757351",8 (517) 696-5959
709,Зыков,Макар,Тимофеевна,1991-07-01,Ж,00337522964842,109-222-514 55,"ст. Камень-на-Оби, бул. Мельничный, д. 77 к. 1/5, 426430",+7 (970) 813-72-29
710,Баранова,Гаврила,Валерьевич,1937-08-23,Ж,93524392295014,962-840-769 53,"д. Катав-Ивановск, бул. Пушкина, д. 7/8 стр. 907, 446666",84836094386
711,Морозова,Гордей,Леонидовна,1983-11-23,М,08559256297266,923-257-273 46,"г. Куртамыш, алл. Тупиковая, д. 54 к. 7/7, 051496",+7 806 862 88 68
712,Аксенова,Станимир,Харитонович,1958-07-03,Ж,44940395186956,134-408-833 18,"г. Певек, бул. Орловский, д. 8 стр. 2/3, 779398",+7 122 016 3185
713,Денисов,Амвросий,Абрамович,1956-04-23,Ж,39152313363140,982-127-023 18,"п. Асино, алл. Тельмана, д. 831, 569000",+7 917 653 24 48
714,Архипов,Исай,Григорьевич,2004-11-24,Ж,71515474691170,870-272-820 40,"клх Тосно, ш. Проезжее, д. 2, 321600",8 932 418 3252
715,Третьякова,Радим,Теймуразович,1957-03-31,Ж,52021311679542,832-670-116 78,"ст. Ряжск, ш. Морозова, д. 19 к. 25, 386426",8 (302) 209-94-17
716,Афанасьева,Мартьян,Глебович,1938-08-07,Ж,40531984105075,508-485-284 67,"п. Тайшет, наб. Спартака, д. 8/1 стр. 183, 644058",+7 (550) 172-7279
717,Доронин,Илья,Наумовна,1954-03-02,Ж,82901832051121,340-636-801 99,"г. Инта, ул. Юности, д. 2 к. 874, 170648",8 796 886 3124
718,Федосеева,Аполлон,Филатович,1938-11-18,М,44813881901145,676-776-195 24,"г. Стерлитамак, пер. Амурский, д. 576, 177022",+7 (804) 534-7827
719,Русаков,Варвара,Венедиктович,1979-05-09,М,32095928489873,587-272-993 35,"п. Краснотурьинск, ш. Харьковское, д. 7/4, 648442",8 (398) 356-52-39
720,Степанов,Фадей,Олеговна,1992-02-08,Ж,76227353340620,166-334-014 21,"клх Каменск-Уральский, бул. Кутузова, д. 46 к. 3/9, 233570",+74455143442
721,Романов,Бажен,Бориславович,1999-01-12,Ж,54944957421884,246-381-512 91,"к. Сусуман, пер. Ангарский, д. 7 стр. 3, 247353",89875915300
722,Гущин,Лука,Харитоновна,1951-09-03,Ж,45183479230578,245-310-812 46,"клх Сосногорск, бул. Серова, д. 44 стр. 714, 669610",8 963 749 12 18
723,Якушева,Селиверст,Валериевна,1940-06-23,М,65061471590112,502-316-004 02,"д. Юровск, пр. Моховой, д. 31 стр. 286, 984250",8 (966) 997-84-20
724,Доронина,Аркадий,Ждановна,1944-08-16,М,41442460737238,615-952-859 94,"клх Советский, пр. Горняцкий, д. 9/3 стр. 60, 779798",+7 (676) 074-1059
725,Кудряшов,Эрнест,Егорович,2008-04-29,М,15043903560285,869-660-963 54,"г. Ступино, ш. Широкое, д. 11 к. 384, 226441",8 (024) 594-0859
726,Калинина,Игорь,Захарьевич,1990-08-09,М,53524377950765,573-748-525 12,"ст. Усть-Илимск, пр. Л.Толстого, д. 617 к. 82, 949652",+7 (967) 499-9020
727,Нестерова,Захар,Кирилловна,2005-10-23,Ж,54070084159124,269-575-385 13,"клх Котлас, алл. Балтийская, д. 2/5 к. 36, 408520",8 334 611 89 78
728,Попова,Евгений,Филатович,1955-01-13,М,82659338041917,160-333-085 44,"п. Пятигорск, ш. Парижской Коммуны, д. 420 стр. 937, 210936",8 (677) 773-65-76
729,Ефремов,Мир,Иларионович,1976-02-11,М,59034819543511,026-939-553 30,"клх Красная Поляна, бул. Нижний, д. 25, 855070",+7 (640) 626-06-74
730,Рыбакова,Вацлав,Жоресович,1952-03-24,Ж,44876216483427,973-029-406 95,"к. Зарайск, ул. Авиационная, д. 95 стр. 87, 258284",8 (891) 994-9516
731,Щербакова,Марфа,Игнатьевич,1944-08-05,Ж,94564464523900,415-242-867 85,"с. Алдан, пер. Чайкиной, д. 6/1, 467093",8 725 028 00 41
732,Стрелков,Святополк,Натановна,1939-11-12,Ж,73460316134079,921-645-752 75,"клх Тверь, бул. Проезжий, д. 78 стр. 9/6, 506688",+7 557 155 66 16
733,Никонов,Федот,Владимировна,1976-06-25,М,09363646059551,611-339-563 22,"г. Тихорецк, наб. Геологов, д. 2/3, 269748",8 978 487 98 96
734,Овчинникова,Евстафий,Архипович,1993-04-08,Ж,30527043692259,164-230-127 46,"с. Охотск, ул. Революционная, д. 4/8, 855360",8 223 063 56 73
735,Тимофеева,Нинель,Ильич,2002-03-07,Ж,75694298410400,327-303-248 27,"п. Мураши, бул. Курганный, д. 7, 188203",8 (069) 586-2185
736,Власов,Анна,Кирилловна,1944-03-02,М,11281779036666,369-472-813 26,"к. Александров, алл. Победа, д. 529, 375353",+7 324 527 56 71
737,Пономарева,Акулина,Измаилович,1941-11-26,Ж,30568780712652,494-891-852 98,"г. Бугульма, ул. Энергетическая, д. 8/8 к. 5/2, 616576",8 282 261 9549
738,Ефимова,Аким,Васильевич,1976-12-11,Ж,84943457766138,865-500-915 95,"д. Калач, алл. Радищева, д. 16, 941270",8 618 536 08 78
739,Михайлов,Порфирий,Венедиктович,1935-07-18,Ж,20338811209966,763-720-373 44,"к. Радужный, ул. Бажова, д. 690 к. 6/8, 396770",8 467 393 1649
740,Кузнецов,Харлампий,Петровна,1981-12-14,Ж,46887305886810,253-129-266 25,"ст. Тикси, бул. Спортивный, д. 9, 401461",8 970 001 9007
741,Гаврилов,Спартак,Юльевич,1979-01-11,Ж,46734743693908,941-319-859 67,"п. Вуктыл, ул. Котовского, д. 3, 251119",+7 359 409 4294
742,Гусев,Дмитрий,Жанович,1996-06-26,М,99903238876766,062-895-134 03,"д. Славгород, наб. Омская, д. 981 к. 46, 939702",8 638 207 15 48
743,Яковлев,Устин,Зиновьевич,1951-05-27,М,33117860577677,192-889-203 02,"ст. Самара, ул. Фурманова, д. 13 к. 16, 778719",+7 (497) 265-57-13
744,Беспалова,Онуфрий,Еремеевич,1991-10-27,Ж,74514537525744,882-526-990 18,"ст. Волхов, наб. Седова, д. 4/4, 157646",8 (050) 680-98-38
745,Горшкова,Епифан,Арсеньевич,1965-11-04,Ж,46502758603456,333-892-349 52,"с. Белорецк, ул. Крупской, д. 8 к. 46, 324271",8 186 286 97 47
746,Щукин,Мария,Филипповна,1959-12-05,Ж,37038547872681,931-922-941 23,"ст. Павловский Посад, наб. Слободская, д. 2, 455418",82588314003
747,Шубин,Олег,Давидович,1939-04-04,Ж,32826735490479,865-716-896 21,"ст. Ноябрьск, пер. Марта 8, д. 78, 643476",+7 882 309 2587
748,Казаков,Спиридон,Валериевна,1974-11-05,Ж,67363163308460,172-628-033 64,"ст. Тамбов, пер. Тихий, д. 563 к. 40, 016636",8 228 455 41 40
749,Тарасова,Александра,Игнатович,1997-03-13,М,96229511084861,066-002-604 69,"с. Кузнецк, бул. Щорса, д. 28 стр. 3/5, 106678",8 (457) 321-6502
750,Сазонова,Елена,Елизарович,1956-04-02,Ж,38935440711072,985-023-050 66,"к. Ульяновск, алл. Минская, д. 81 к. 647, 412982",+79220288152
751,Белов,Симон,Валентиновна,1983-08-28,М,21768012696250,507-324-913 94,"п. Звенигород, ул. Радужная, д. 5/7 к. 93, 844037",8 543 999 42 85
752,Чернова,Станислав,Аверьянович,1961-06-14,Ж,30864148632908,505-048-715 90,"д. Гремячинск (Перм.), пр. Советов, д. 11, 744479",+7 (911) 717-4003
753,Зуева,Исай,Ильясович,1989-02-18,Ж,88486573744966,607-236-604 74,"г. Усть-Ордынский, пер. Молодежный, д. 96, 825289",+70439351602
754,Вишняков,Ювеналий,Степановна,1980-03-03,Ж,77526684803163,678-175-248 13,"с. Орехово-Зуево, алл. Угловая, д. 40 к. 4, 260885",+7 (298) 734-0114
755,Белоусова,Эраст,Эдгардович,1976-11-24,М,75473770499096,781-945-659 77,"г. Архыз, алл. Сплавная, д. 457 стр. 9/2, 804175",8 943 072 18 87
756,Коновалова,Радован,Феликсовна,1944-09-30,Ж,69916587236341,104-857-867 12,"ст. Сосновый Бор, алл. Ленинградская, д. 29 стр. 97, 249919",8 084 158 55 37
757,Савельева,Зосима,Ануфриевич,1973-04-18,М,37631855967071,694-481-440 00,"ст. Саянск, пр. Трудовой, д. 23 к. 164, 972968",+7 (288) 542-73-44
758,Медведева,Лукия,Чеславович,1955-10-02,Ж,51973665475878,371-053-925 90,"с. Горно-Алтайск, наб. Омская, д. 1/2 стр. 5/4, 402560",+7 413 166 7752
759,Кондратьев,Фёкла,Ааронович,1995-01-13,Ж,12797176350642,729-904-388 17,"с. Двинской, ш. Бабушкина, д. 525, 163915",8 (464) 725-6046
760,Кабанова,Руслан,Якубович,1956-11-22,М,03690615502613,409-731-220 66,"с. Мостовской, бул. Новый, д. 4 к. 34, 694353",+7 (861) 780-58-13
761,Турова,Спартак,Александрович,1980-10-04,М,73213678864555,261-510-705 57,"п. Юрьевец (Иван.), ул. Маркса, д. 5/5 к. 623, 258692",8 356 006 25 51
762,Гурьев,Боян,Харлампьевич,1996-03-31,Ж,51937849531273,445-801-976 21,"с. Верхний Уфалей, наб. Достоевского, д. 752 к. 4, 224708",+7 014 812 97 19
763,Кудрявцева,Терентий,Егорович,1941-05-17,Ж,89437481268179,300-805-889 90,"д. Горно-Алтайск, ул. Тупиковая, д. 14 к. 1, 056358",8 990 213 11 66
764,Сорокина,Лазарь,Федосеевич,1938-06-12,Ж,21246764281259,836-207-498 84,"ст. Змеиногорск, ул. Учительская, д. 233 к. 7, 657166",8 781 304 9950
765,Кошелев,Измаил,Юлианович,1989-05-09,М,41645086295322,307-248-764 12,"п. Хатанга, ш. Гастелло, д. 5/6 к. 2/9, 583934",+7 835 442 7885
766,Степанова,Трифон,Яковлевич,1952-06-16,М,92069656932596,276-223-683 12,"п. Красноселькуп, пер. Высокий, д. 6, 802280",+7 771 062 94 50
767,Федотов,Пелагея,Теймуразович,1974-05-29,Ж,47353414391032,318-667-906 67,"с. Дербент, бул. Фестивальный, д. 104, 843782",8 018 777 95 33
768,Симонова,Ольга,Еремеевич,1954-11-02,М,25393922425777,277-457-502 18,"г. Волгодонск, пер. Некрасова, д. 1/4 к. 4/9, 968788",+72047598358
769,Кошелева,Чеслав,Ефстафьевич,1996-04-17,Ж,70693928532025,461-679-467 78,"п. Псков, ул. Хвойная, д. 5 стр. 3, 185723",8 019 473 7796
770,Егоров,Олег,Константиновна,1962-03-21,Ж,89654997791782,200-810-014 28,"д. Беслан, алл. Суворова, д. 657 к. 2, 909671",+7 800 458 7242
771,Александрова,Демид,Харлампьевич,1975-04-29,Ж,96652948305171,972-512-343 35,"с. Одинцово, пр. Леваневского, д. 8/4 стр. 3, 587503",+7 049 791 40 77
772,Алексеев,Агафья,Леоновна,1960-04-05,М,80619907466697,472-171-243 56,"ст. Белогорск (Амур.), алл. Тельмана, д. 66, 558767",+7 (507) 810-7283
773,Суханова,Чеслав,Ефимович,1998-03-22,М,64612614993631,962-756-443 90,"клх Шенкурск, пр. Юности, д. 10 к. 4/7, 105164",+7 787 048 1135
774,Жданова,Прасковья,Герасимович,2000-04-14,М,39652729598677,705-548-990 71,"д. Шаховская, наб. Гагарина, д. 17, 293313",+7 (689) 374-60-21
775,Чернов,Платон,Романовна,2008-05-11,М,41577129184251,956-176-558 92,"клх Нягань, алл. Энергетиков, д. 1/7 к. 30, 829335",+7 (878) 971-53-59
776,Маркова,Осип,Ефимович,2001-05-17,Ж,26847464550728,310-185-088 08,"с. Минеральные Воды, ш. Заводское, д. 9 к. 905, 108867",87447619378
777,Юдина,Фаина,Николаевна,1993-07-12,М,63646533347749,633-792-262 81,"г. Иркутск, пр. Ленина, д. 88, 450521",84050472609
778,Пестов,Анастасия,Богдановна,1993-07-27,Ж,29145977366098,591-981-747 36,"п. Эльбрус, бул. Котовского, д. 5/9 к. 6, 131984",+74961639525
779,Кондратьев,Ипатий,Харлампович,2000-04-30,М,74372123848775,619-189-875 57,"клх Казань, ул. Кооперативная, д. 159 стр. 5, 173658",8 405 919 3442
780,Савин,Осип,Валерьянович,1999-04-29,М,12393306533535,975-980-962 82,"г. Туапсе, пер. Восьмого Марта, д. 8 к. 47, 630977",+7 (983) 666-0979
781,Лебедева,Сила,Харитоновна,1979-10-20,М,50044507296290,107-932-265 27,"к. Орск, ул. Буденного, д. 2, 671177",8 398 724 5819
782,Кириллова,Фадей,Фокич,1940-02-12,Ж,88407553805365,972-683-950 70,"ст. Калачинск, пр. Карбышева, д. 3/2, 815683",8 (702) 785-3798
783,Воронцова,Герман,Брониславович,1974-10-01,М,92413717306390,858-306-848 36,"с. Жиганск, пер. Геологов, д. 6/7, 677559",8 735 410 5772
784,Рогов,Агап,Ерофеевич,1940-10-07,М,25898810855872,357-845-720 80,"г. Амурск, ул. Павлова, д. 474 к. 166, 611556",8 134 047 50 00
785,Комиссарова,Леонтий,Игнатьевич,1976-05-24,Ж,08922706990649,493-565-803 63,"к. Суздаль, ш. Тракторное, д. 6, 817083",+7 (514) 244-9663
786,Громова,Ювеналий,Алексеевич,1940-12-22,Ж,04539804886725,140-961-709 98,"г. Талдом, пер. О.Кошевого, д. 966, 303846",81281501645
787,Галкин,Осип,Теймуразович,1956-05-01,Ж,57312536127698,762-295-794 74,"д. Билибино, пер. З.Космодемьянской, д. 2/8 стр. 23, 716042",8 144 716 50 44
788,Наумова,Василий,Исидорович,1960-09-03,Ж,64458296945419,137-804-987 62,"ст. Усолье Сибирское, пр. Лазурный, д. 6/3, 276074",+7 464 402 61 35
789,Щербаков,Кондрат,Витальевич,1979-10-03,Ж,55618326213841,551-095-425 27,"к. Петушки, пер. Овражный, д. 9 стр. 80, 712633",+70293781326
790,Субботин,Гордей,Филимонович,1969-02-15,Ж,32627767469588,194-687-749 29,"д. Щелково, ш. Станционное, д. 86, 726684",80536678320
791,Щербаков,Афиноген,Тихонович,1952-03-31,М,31779053403883,331-518-016 64,"п. Ревда (Сверд.), пер. Майский, д. 993, 311543",87815734159
792,Евдокимова,Борислав,Адамович,1986-11-01,Ж,60862365046026,224-789-225 18,"клх Волгоград, наб. Московская, д. 3/2, 840157",89706298109
793,Крылова,Самсон,Ефимовна,1983-08-08,М,26866508368168,214-073-730 87,"ст. Камень-на-Оби, ул. Омская, д. 192 стр. 356, 070247",+78579888921
794,Суворов,Давыд,Фомич,1966-07-14,Ж,81522932297254,014-938-475 43,"ст. Минусинск, пер. Флотский, д. 9/1 к. 379, 636698",+7 (755) 504-5838
795,Кузнецова,Мирослав,Алексеевич,1937-04-19,М,77099031721135,980-433-315 69,"г. Гатчина, ул. Труда, д. 1/2, 352062",+7 (609) 316-42-66
796,Игнатова,Зосима,Даниилович,1951-05-14,М,61408231017171,994-574-051 99,"д. Бугульма, бул. Заречный, д. 856 стр. 35, 359517",8 352 413 02 28
797,Капустина,Регина,Матвеевич,2000-08-18,М,10665602492357,774-149-057 17,"п. Губкин, пр. Журавлева, д. 3 стр. 2/6, 898916",8 (317) 151-1142
798,Воронова,Каллистрат,Валентинович,1956-11-04,Ж,48454673137174,190-669-545 08,"клх Адыгейск, наб. Набережная, д. 717, 706130",+7 127 383 18 17
799,Большаков,Амвросий,Демьянович,1978-09-17,Ж,79656400191542,607-824-116 43,"к. Братск, наб. Советской Армии, д. 5, 624822",+7 (064) 211-6846
800,Макаров,Захар,Ярославович,1982-10-08,Ж,15923466521746,453-316-495 06,"клх Луховицы, ул. Горняцкая, д. 2/4, 631078",80786957601
801,Кудрявцева,Тамара,Андреевна,1966-05-26,Ж,04154474733435,973-697-016 85,"ст. Кондопога, бул. Леваневского, д. 1, 093701",+7 859 689 74 09
802,Терентьев,Давыд,Богдановна,1938-05-04,М,55095792818472,668-063-992 41,"г. Шарья, ш. Угольное, д. 862 к. 188, 831121",8 (959) 282-23-31
803,Фомин,Максим,Терентьевич,2001-08-06,Ж,72503856162714,134-277-323 57,"ст. Красноселькуп, ш. Сельское, д. 3, 942079",+7 (741) 587-1994
804,Дмитриев,Мефодий,Анисимович,1980-04-05,Ж,92530955877993,642-737-957 23,"клх Бронницы, пер. Учительский, д. 235, 133010",8 (535) 024-69-48
805,Пахомова,Фёкла,Эдуардовна,1974-09-09,Ж,12322232087385,709-439-137 08,"д. Карачаевск, пер. Краснодарский, д. 731 к. 72, 809937",+7 519 317 84 49
806,Макарова,Федот,Тарасовна,1968-12-22,М,80374738113370,494-624-554 07,"г. Москва, наб. Космонавтов, д. 53, 180829",+7 (850) 284-7798
807,Жданова,Григорий,Измаилович,2005-08-06,Ж,75371564153307,066-670-633 11,"клх Вилюйск, пер. Буденного, д. 4, 937313",+70377917037
808,Сергеева,Акулина,Захаровна,1964-03-11,Ж,06189200458207,216-247-424 68,"п. Домодедово, ш. Ломоносова, д. 365 к. 753, 912072",+7 957 890 3550
809,Князева,Тимофей,Бориславович,1991-11-06,Ж,84456578174420,540-515-567 40,"г. Партизанск, пр. Куйбышева, д. 10 стр. 234, 058067",+7 914 465 4840
810,Турова,Антип,Авдеевич,1940-12-01,Ж,40046454976834,875-256-048 99,"с. Рославль, наб. Сурикова, д. 1/2, 807951",+7 812 165 25 08
811,Давыдова,Викторин,Исидорович,1980-05-06,Ж,90431507174164,776-310-323 19,"с. Беслан, наб. Дзержинского, д. 2/7, 446964",8 892 441 8328
812,Авдеева,Фаина,Арсеньевич,1947-06-05,Ж,37244792975914,489-400-946 58,"п. Челюскин, бул. Малиновый, д. 9/1, 376764",87378053425
813,Цветков,Феоктист,Бориславович,1997-04-25,Ж,16289747676660,919-193-526 42,"г. Северодвинск, ш. Минина, д. 785 к. 6/2, 563967",+7 447 771 4057
814,Терентьева,Руслан,Антонович,1953-10-15,М,50155449409985,752-563-744 84,"клх Нарым, бул. Советской Армии, д. 7/4 стр. 55, 050953",+7 727 728 2769
815,Лапин,Евгения,Юльевич,2003-03-22,М,08942660366980,276-448-294 35,"с. Шелагонцы, ш. Пушкинское, д. 6/4 к. 8/8, 247164",81916369507
816,Евдокимова,Дементий,Измаилович,1959-05-23,Ж,50169156978079,823-070-081 33,"п. Карпинск, наб. Инженерная, д. 36 к. 5, 801695",89112946403
817,Кузьмин,Вацлав,Аскольдовна,1956-08-20,М,87914659511203,390-596-669 42,"ст. Калач-на-Дону, бул. Портовый, д. 6/5 стр. 98, 637734",8 (503) 027-7217
818,Захарова,Елизар,Эдуардовна,1945-08-08,Ж,62505532679924,483-726-877 93,"ст. Златоуст, пр. Азина, д. 88 стр. 5/8, 910407",8 296 965 24 15
819,Лыткин,Ефим,Артемьевич,2005-05-16,М,02040410719129,433-702-657 81,"п. Новороссийка, ул. Крестьянская, д. 45 к. 210, 845673",+7 370 017 49 31
820,Щукина,Радим,Иосипович,1991-11-28,Ж,07302173733970,101-492-621 89,"клх Кудымкар, ул. Карбышева, д. 738, 496602",8 143 580 4711
821,Федосеева,Федосий,Натановна,1939-08-28,Ж,04501531195960,276-934-779 66,"к. Тверь, пр. Кавказский, д. 8 к. 1, 224640",8 948 617 54 18
822,Филиппов,Сигизмунд,Степановна,2003-05-12,Ж,11488160580197,557-082-678 65,"к. Льгов, наб. Медицинская, д. 59, 670880",8 015 137 8626
823,Соловьева,Ипполит,Геннадьевна,1995-11-28,Ж,04241698142076,817-006-814 36,"п. Кингисепп, бул. Павлика Морозова, д. 7/2 стр. 254, 150076",+7 175 180 0778
824,Овчинников,Денис,Юльевич,1974-02-03,М,55761867706672,192-283-491 43,"г. Новый Уренгой, пр. Смоленский, д. 8, 367408",81205994476
825,Ершова,Нина,Алексеевна,1939-06-06,Ж,12256208361088,025-701-620 63,"п. Обоянь, пер. Есенина, д. 751 к. 7/2, 629658",8 360 253 68 73
826,Шашкова,Гаврила,Харитоновна,1943-09-12,М,92254508069409,787-387-183 41,"клх Адлер, пр. Энергетиков, д. 9 к. 4, 004603",8 608 970 6493
827,Субботин,Мокей,Григорьевна,1936-03-03,М,44790583047027,890-276-451 30,"клх Белогорск (Амур.), пер. Чернышевского, д. 6/5, 388084",+7 (740) 628-28-50
828,Белозеров,Гремислав,Изотович,1978-04-13,Ж,32052851550135,247-117-887 50,"п. Юрьевец (Иван.), бул. Киевский, д. 2 стр. 551, 200740",+75156993327
829,Авдеев,Кира,Григорьевна,1955-03-27,М,68994738793092,523-906-056 36,"г. Дудинка, ш. Волжское, д. 47 к. 2, 581936",8 943 643 65 31
830,Ширяева,Лев,Павловна,1978-05-02,Ж,94568150895146,318-798-976 33,"п. Алапаевск, алл. Союзная, д. 93 к. 71, 250927",+7 400 438 6668
831,Кошелев,Руслан,Анатольевич,2003-06-13,М,26027578966368,053-738-088 23,"д. Сковородино, ул. Краснодарская, д. 8, 075186",+7 (109) 863-67-82
832,Морозова,Анна,Захаровна,1944-09-14,Ж,68960066881279,042-528-465 80,"клх Североморск, алл. Депутатская, д. 2 стр. 8/1, 108083",+78098544878
833,Романова,Аникей,Эльдаровна,1972-06-05,М,83346586726021,318-066-640 59,"п. Апшеронск, пр. Октябрьский, д. 97 стр. 45, 126887",+7 415 578 1373
834,Савельева,Бажен,Еремеевич,1958-03-10,М,17562479944331,782-730-597 66,"д. Миллерово, пр. Бульварный, д. 5/1, 577466",+7 (199) 785-65-25
835,Никонова,Мефодий,Ильинична,1976-05-15,Ж,24586672929907,226-794-060 15,"п. Томпа, пр. Лесозаводский, д. 9/9, 392389",8 (622) 546-8629
836,Шарапов,Петр,Афанасьевич,1943-09-01,М,35657480843714,926-273-506 00,"ст. Ростов-на-Дону, ш. Февральское, д. 1/7 к. 149, 009166",8 954 543 0017
837,Евсеева,Спартак,Евстигнеевич,1989-11-26,М,27420522589873,073-216-656 91,"г. Ямбург, бул. 50 лет ВЛКСМ, д. 217 стр. 14, 500642",+7 (764) 349-46-52
838,Гордеева,Петр,Константиновна,1983-12-01,Ж,05347741160285,953-887-559 87,"г. Крымск, ул. Чайковского, д. 3 стр. 13, 643032",87744433294
839,Пахомов,Евфросиния,Филиппович,2006-12-09,Ж,67404772464972,834-190-671 00,"к. Иваново, пер. Мелиоративный, д. 71 стр. 3, 282658",8 970 248 9105
840,Никифорова,Михаил,Харитонович,1947-07-04,Ж,58434565123434,407-080-631 39,"п. Мостовской, пер. Угольный, д. 1 к. 4/2, 821112",8 421 815 44 78
841,Морозова,Фортунат,Григорьевич,1998-08-26,Ж,70705070950626,327-624-326 57,"ст. Таганрог, пер. Интернациональный, д. 8 стр. 478, 987752",+7 (999) 636-9184
842,Владимиров,Кирилл,Евстигнеевич,1950-02-04,М,98385792826290,165-159-952 74,"г. Новочеркасск, наб. Вольная, д. 23 стр. 4/2, 475619",8 176 502 10 00
843,Александров,Сигизмунд,Архиповна,1993-03-04,Ж,49958700512538,063-190-537 69,"клх Усть-Кулом, бул. Славянский, д. 5/7 к. 72, 531152",+73872075793
844,Емельянова,Валерий,Ефстафьевич,1976-03-31,Ж,49419964596243,840-927-715 73,"г. Саянск, наб. Рябиновая, д. 25, 031867",+7 (075) 914-45-66
845,Гущина,Бажен,Геннадьевна,1990-12-31,Ж,67601504340102,655-764-756 65,"клх Дзержинск, бул. Беляева, д. 5/2 стр. 750, 902330",84621470616
846,Стрелкова,Марк,Гурьевич,1998-06-10,Ж,30534289078162,930-961-507 10,"г. Переславль-Залесский, ул. Проточная, д. 8/1 стр. 1, 117977",86319946709
847,Доронина,Януарий,Терентьевич,1942-01-27,М,87496122983087,884-779-888 24,"к. Юрьев-Польский, пер. Ветеранов, д. 3/8 к. 9, 300971",8 475 950 1336
848,Лихачев,Георгий,Николаевна,1947-05-27,М,15678140828246,491-371-650 94,"клх Воскресенск, пер. Глинки, д. 97 к. 231, 181369",+7 047 904 6449
849,Назаров,Аристарх,Сергеевна,1982-09-09,М,81519394278911,926-890-098 60,"ст. Люберцы, ш. Тихое, д. 7/7 к. 817, 942067",+7 805 858 2404
850,Дорофеева,Анжелика,Харлампович,2001-05-22,Ж,95724003031518,617-598-962 24,"с. Кулунда, ул. Просторная, д. 9 стр. 62, 990102",8 334 922 77 70
851,Беляева,Макар,Вадимовна,1977-01-31,М,26823955434482,138-011-557 69,"клх Обнинск, алл. Гастелло, д. 4, 375083",87317525232
852,Наумов,Измаил,Димитриевич,1955-02-23,М,13957965628073,350-064-558 04,"г. Сортавала, пер. Большой, д. 3/6 стр. 9, 293706",+7 (587) 360-80-55
853,Комарова,Всеволод,Юрьевна,1953-12-09,Ж,62316750115327,034-147-756 88,"клх Сузун, алл. Щетинкина, д. 1/9, 538289",8 (122) 396-5753
854,Потапова,Анжела,Чеславович,1988-05-18,М,44512562220834,644-299-613 80,"д. Октябрьский (Башк.), бул. Космодемьянской, д. 59, 106838",+7 (921) 629-86-04
855,Тихонова,Доброслав,Чеславович,2004-06-05,М,57103630569562,509-694-123 52,"ст. Архангельск, ул. Социалистическая, д. 571 стр. 73, 368085",8 (844) 437-2132
856,Самойлов,Любовь,Мироновна,2002-09-23,Ж,76383191804384,309-797-568 42,"д. Аршан (Бурят.), ш. Дорожников, д. 8, 913112",8 597 460 30 23
857,Соболев,Всеволод,Артёмович,2002-01-16,М,81704232758881,185-920-630 41,"п. Серафимович, пр. Родниковый, д. 609, 100179",+7 (513) 622-38-01
858,Горбунов,Вероника,Филатович,1939-10-20,Ж,20981940146961,360-772-720 45,"с. Карабулак, бул. 60 лет Октября, д. 43 стр. 1, 626251",+7 494 617 3051
859,Носкова,Надежда,Игоревич,1949-02-14,М,33209673092407,413-596-653 39,"ст. Оренбург, бул. Коммунаров, д. 5/4, 919580",+7 084 162 6750
860,Герасимов,Любовь,Ефстафьевич,1994-01-15,М,83146500394558,464-201-819 02,"г. Владивосток, наб. Гвардейская, д. 260 к. 6/1, 519267",8 (504) 616-22-84
861,Карпов,Наталья,Викторовна,1994-02-22,Ж,56887202048710,365-347-641 44,"г. Череповец, наб. Энтузиастов, д. 51 к. 6, 080029",+7 695 473 5642
862,Юдина,Прохор,Львовна,1954-05-13,М,94361090982450,814-647-023 60,"г. Сухиничи, ш. Панфилова, д. 622, 553134",+7 762 280 95 41
863,Иванова,Моисей,Евстигнеевич,1939-09-29,Ж,16379058482817,393-396-910 82,"с. Вуктыл, ш. Транспортное, д. 5/7, 676478",8 625 084 5014
864,Горшков,Филипп,Васильевна,1956-07-29,Ж,57099286102855,143-825-520 32,"ст. Фатеж, пер. Красногвардейский, д. 952, 905306",8 (308) 303-88-40
865,Никитин,Нинель,Феликсович,2000-01-23,Ж,76921910507197,095-744-540 69,"п. Тихвин, ш. Блюхера, д. 4/9 к. 4, 556769",8 979 296 2632
866,Панова,Савелий,Григорьевич,1958-03-25,Ж,43703919056651,413-430-768 32,"ст. Усолье Сибирское, бул. Автомобилистов, д. 251, 024236",+7 (743) 738-0131
867,Воробьева,Каллистрат,Георгиевич,1974-07-16,М,13571682611147,620-734-787 35,"к. Муравленко, ш. Марта 8, д. 8 к. 21, 885926",8 370 088 94 38
868,Колесников,Аникита,Валерьевич,1976-01-13,М,85781656088041,890-244-628 82,"с. Карачаевск, бул. Репина, д. 487 к. 4/2, 931813",8 (229) 380-45-03
869,Иванов,Фёкла,Ефимовна,2006-11-07,Ж,34911647649273,868-133-722 78,"к. Нефтегорск (Самар.), бул. Брянский, д. 9, 021367",+7 603 384 17 87
870,Константинов,Агап,Витальевич,2004-12-23,М,74907264881050,391-678-128 83,"д. Ульяновск, бул. Главный, д. 382 к. 9/2, 695395",+7 (698) 232-0724
871,Кулагина,Сократ,Фёдорович,1948-12-08,М,15623067801946,701-412-804 47,"г. Учалы, ш. Маркса Карла, д. 94, 485623",8 (886) 173-27-76
872,Васильев,Ксения,Фёдорович,1961-01-24,М,95136899065741,698-436-633 75,"ст. Терскол, наб. Черноморская, д. 8 к. 8/8, 929458",+7 (618) 837-4489
873,Никонова,Гурий,Геннадиевич,1986-10-20,М,04244502567021,782-959-881 61,"с. Приморско-Ахтарск, ш. Алтайское, д. 1, 804374",+7 269 808 65 51
874,Новиков,Станислав,Фадеевич,1949-04-14,Ж,99707839313294,027-594-250 16,"к. Ноглики, пр. Мичурина, д. 4/3 к. 107, 605573",8 (410) 960-0661
875,Авдеев,Евдокия,Арсеньевич,1982-02-10,М,31766024456979,181-433-697 57,"к. Палана, пр. Орловский, д. 3, 053388",+7 (499) 696-60-81
876,Зайцева,Рубен,Руслановна,1979-01-11,Ж,88041403634874,512-619-379 02,"г. Шаховская, бул. Мира, д. 4 стр. 421, 557999",+7 072 566 8723
877,Андреев,Наум,Ефимовна,1963-12-29,М,65783715104136,777-679-593 22,"с. Кежма, ул. 60 лет СССР, д. 6/6 к. 2/3, 945402",8 (944) 388-2697
878,Константинов,Филимон,Елисеевич,1951-12-05,М,36674886899690,878-639-141 83,"клх Юрюзань, пер. Цветочный, д. 5 к. 8, 270725",+74527861095
879,Селезнев,Родион,Юрьевна,1957-08-24,Ж,87407519391460,378-280-356 89,"д. Объячево, пр. Ильича, д. 1/8 стр. 1, 399392",8 679 746 3177
880,Кузьмин,Спартак,Трофимович,1960-02-14,Ж,66786163386381,303-262-498 64,"с. Переславль-Залесский, ш. Энергетическое, д. 8/1 к. 4, 443495",+71217620801
881,Родионова,Демьян,Архиповна,1969-05-29,Ж,48280092053650,456-869-690 01,"п. Верхний Уфалей, алл. Чкалова, д. 641 к. 6/9, 276861",+7 (779) 333-35-69
882,Ефремов,Герман,Адамович,1948-03-12,Ж,84457661629506,410-318-417 32,"ст. Дивногорск, наб. Панфилова, д. 6, 612038",+76726440198
883,Осипова,Дементий,Максимовна,2004-11-15,М,91435354256286,078-138-475 13,"с. Кущевская, ул. Толбухина, д. 1 стр. 9, 405546",8 120 690 6119
884,Фомичева,Юлия,Ниловна,1982-11-30,Ж,97372530315846,439-442-805 40,"ст. Касимов, пер. Крылова, д. 878, 053900",+7 (432) 926-2055
885,Шилова,Лора,Исидорович,1982-07-25,Ж,62849756578339,399-431-095 18,"д. Саранск, алл. Пионерская, д. 8 стр. 48, 830189",8 (659) 846-0745
886,Мишина,Панкрат,Владиленович,1978-11-30,М,67032718875875,098-020-752 04,"с. Луховицы, пер. Колхозный, д. 5/9, 773920",+7 (444) 073-19-71
887,Одинцова,Тит,Ивановна,1935-07-03,М,11203672916942,616-664-710 79,"п. Саров (Морд.), пр. Осипенко, д. 90 к. 41, 016183",+7 (152) 900-74-16
888,Носова,Наркис,Натановна,1971-11-23,Ж,30860428316723,246-447-106 06,"с. Ковров, пр. Тракторный, д. 941 к. 800, 908479",8 (011) 705-6476
889,Овчинникова,Максимильян,Аскольдовна,1985-11-07,Ж,75790336759479,109-999-378 48,"п. Кедровый, пер. Новый, д. 6, 343049",8 (207) 000-2675
890,Муравьев,Каллистрат,Филатович,1982-09-14,Ж,39641638251172,303-582-172 63,"д. Белорецк, наб. Полевая, д. 2/2 стр. 95, 443065",8 (721) 127-16-81
891,Смирнов,Феофан,Архиповна,1948-05-05,Ж,76635215267371,107-068-686 46,"к. Соловки, наб. Чехова, д. 9/6, 742525",8 (768) 997-73-95
892,Борисов,Никанор,Даниловна,1987-12-12,Ж,03237014095071,519-963-230 47,"к. Чокурдах, ул. Социалистическая, д. 6 к. 93, 162906",+7 (881) 566-03-09
893,Тарасова,Арефий,Иларионович,1946-11-10,Ж,83434936356808,779-347-244 16,"п. Витим, пр. Ленина, д. 70 стр. 8, 293268",+7 (487) 092-9516
894,Фомина,Давыд,Артемовна,1940-12-16,Ж,84548262773312,581-287-663 40,"д. Саратов, наб. Лесхозная, д. 7/6 стр. 52, 968516",82175171352
895,Боброва,Фадей,Ефимович,1980-01-18,М,47050057458076,648-784-138 31,"с. Баргузин, пер. Белорусский, д. 55 к. 52, 248816",+7 353 417 6546
896,Соболев,Каллистрат,Бориславович,1949-06-29,Ж,91014739129835,844-801-277 12,"клх Воронеж, пр. О.Кошевого, д. 4 к. 891, 479408",+7 308 922 9064
897,Ларионова,Валерий,Викторовна,1988-05-25,Ж,58402937645265,872-802-386 56,"г. Александровск-Сахалинский, ул. Радищева, д. 918 стр. 103, 537828",8 872 203 07 10
898,Гришина,Тит,Арсенович,1993-03-02,М,92239766215415,198-070-272 92,"клх Устюжна, алл. Буденного, д. 34 к. 4/9, 495591",+7 923 355 8857
899,Кулакова,Геннадий,Якубович,1965-07-14,М,46389161905587,530-296-149 90,"с. Снежногорск (Мурм.), наб. Депутатская, д. 927 стр. 545, 189172",8 (458) 487-4940
900,Крюкова,Аникей,Вадимовна,1959-03-04,Ж,62886580720080,570-197-435 75,"к. Нефедова, ш. Королева, д. 9/1 стр. 7, 015812",+7 (624) 249-4700
901,Дорофеев,Мечислав,Валентинович,1940-11-10,Ж,67244609577248,774-763-083 57,"д. Витим, ул. Подгорная, д. 4/5 стр. 5/2, 420223",+7 597 573 3682
902,Доронина,Сидор,Харлампович,1986-11-29,Ж,57555258685685,066-487-826 48,"п. Балтийск, ул. Ягодная, д. 6, 645334",8 (985) 294-84-47
903,Попов,Конон,Эльдаровна,1951-07-17,Ж,45056337069511,819-613-875 95,"п. Избербаш, пер. Пушкинский, д. 33 стр. 2, 711801",8 774 360 48 90
904,Симонова,Христофор,Александровна,1980-08-10,М,92714369474934,768-893-861 61,"с. Меренга, наб. Весенняя, д. 4 стр. 696, 179005",+7 (126) 055-7402
905,Дьячкова,Агата,Федоровна,2007-10-15,Ж,45958769559126,813-078-373 18,"д. Меренга, алл. Заовражная, д. 6, 325802",+75571162743
906,Харитонов,Варфоломей,Станиславовна,1973-12-17,Ж,92863270231740,281-060-763 44,"к. Пушкин, алл. Менделеева, д. 63, 416298",8 (025) 215-14-35
907,Гурьева,Валентин,Харламович,1953-03-27,М,36850448526023,547-224-055 30,"г. Кингисепп, ул. Новая, д. 6 стр. 67, 340870",8 683 355 5638
908,Гришин,Харлампий,Анатольевна,1944-01-23,М,82843997486980,055-733-807 92,"г. Чебоксары, наб. Комсомольская, д. 5 стр. 6/1, 750566",8 589 906 5869
909,Соколова,Пелагея,Натановна,1953-07-22,Ж,23242043006319,106-971-363 59,"ст. Малоярославец, алл. Клубная, д. 78 стр. 422, 861402",+75422492243
910,Соловьев,Геннадий,Даниилович,1953-05-05,Ж,00013278928243,509-791-353 29,"г. Стрежевой, алл. Бригадная, д. 7 к. 7/5, 897795",+7 (614) 083-0709
911,Киселев,Никифор,Демьянович,1967-10-08,М,60273156726173,629-245-989 77,"д. Истра, наб. Каштановая, д. 51 стр. 3/3, 228338",+7 385 223 59 06
912,Калинин,Святослав,Леонидовна,1939-03-06,Ж,94014412452292,456-708-939 35,"с. Енисейск, пер. Севастопольский, д. 57 стр. 653, 387895",81905309458
913,Силин,Митофан,Борисовна,1982-06-24,М,08257232300708,618-694-846 74,"п. Южноуральск, наб. Ленская, д. 7, 086922",8 (025) 254-11-05
914,Рогов,Нонна,Фадеевич,1959-08-31,М,41266768094059,647-033-642 45,"г. Руза, наб. Хвойная, д. 26 к. 4, 037152",+73109156830
915,Осипова,Нинель,Иосифович,1968-03-19,Ж,12252649747870,676-442-863 07,"д. Валаам, ул. Верхняя, д. 512 стр. 9, 569421",+7 874 900 44 91
916,Ларионова,Аполлинарий,Игоревна,1943-11-06,М,72314920499306,404-121-070 43,"ст. Нижневартовск, ш. Зеленое, д. 61 к. 9/6, 660675",+7 414 835 15 60
917,Яковлева,Милий,Валерианович,1971-08-17,М,27702153861151,116-271-435 93,"г. Палана, бул. 60 лет СССР, д. 1, 725531",+7 737 122 0725
918,Емельянова,Амос,Альбертовна,1977-02-12,М,52408860969253,360-109-993 19,"ст. Бийск, ш. З.Космодемьянской, д. 829, 922887",+71594925434
919,Быкова,Максимильян,Юльевна,1941-06-05,Ж,26642738696648,110-512-927 24,"клх Россошь, пр. Машиностроителей, д. 86 к. 9/2, 708240",8 (935) 133-1579
920,Ефимов,Аполлон,Артемовна,1959-12-26,Ж,36616201729512,660-869-611 08,"клх Колпашево, ул. Осенняя, д. 7/8 стр. 16, 333995",+7 666 760 5508
921,Веселова,Александр,Захаровна,1940-06-21,М,50908306925098,055-644-199 41,"п. Пушкинские Горы, пр. Сосновый, д. 1, 999076",+7 918 149 83 67
922,Виноградова,Каллистрат,Геннадиевна,1937-05-26,Ж,32177491176755,004-375-315 75,"д. Москва, МГУ, бул. Покровский, д. 1/4, 367486",8 (567) 535-15-34
923,Коновалова,Ия,Эдгарович,1974-02-28,М,39270812078003,781-010-320 82,"г. Пинега, пер. Восточный, д. 6/8, 166190",8 (644) 490-43-94
924,Копылова,Дарья,Максимовна,1989-09-15,М,16222772610540,260-284-655 92,"с. Ульяновск, ш. Юности, д. 4 стр. 89, 539180",+7 (384) 876-14-44
925,Третьяков,Наина,Никифоровна,1966-01-05,Ж,73609085753794,763-183-429 00,"д. Заводоуковск, пр. Володарского, д. 53 стр. 2/6, 216760",8 (960) 106-6589
926,Рожков,Сила,Кузьминична,1957-03-25,Ж,42565829385404,450-398-638 34,"д. Апрелевка, ул. Иркутская, д. 9 стр. 1/3, 532831",8 307 079 1904
927,Кудряшова,Степан,Матвеевна,2002-12-23,Ж,86015083345129,829-454-183 37,"клх Сухиничи, наб. Безымянная, д. 1 стр. 5/4, 039500",8 (867) 755-00-53
928,Меркушева,Пелагея,Жоресович,2001-05-04,М,60367336142474,151-632-956 61,"клх Кулунда, алл. Баумана, д. 9 стр. 2, 827577",+7 (061) 460-1741
929,Соболева,Наркис,Ефремович,1938-12-09,М,00925683596278,387-776-540 23,"ст. Городовиковск, наб. Донская, д. 57 к. 328, 565293",8 756 275 45 40
930,Абрамов,Элеонора,Ефремович,2004-11-17,М,93975955364220,947-054-476 58,"г. Учалы, бул. Семашко, д. 3/8 стр. 943, 287158",+7 (443) 029-9738
931,Калашников,Леонтий,Егорович,1959-07-02,Ж,40294804688698,908-763-427 24,"г. Вязьма, пр. Иванова, д. 97 к. 256, 217367",+7 387 314 03 19
932,Маслова,Викторин,Тихонович,1993-04-23,Ж,61624698896762,182-247-922 47,"с. Баксан, пр. Кузнечный, д. 8/2 стр. 9, 792578",8 235 298 0093
933,Логинов,Светлана,Арсеньевич,1965-10-03,М,73454247115582,218-195-171 90,"с. Середниково, бул. Войкова, д. 41 к. 664, 833642",8 503 533 2101
934,Марков,Мартын,Ефимович,1990-05-12,Ж,75914999597703,170-568-258 32,"к. Кашхатау, наб. Степана Разина, д. 4/7 к. 9/9, 686364",+74981063267
935,Некрасова,Евдоким,Богдановна,1954-06-13,Ж,06042942992119,247-435-069 78,"д. Чегем, алл. Р.Люксембург, д. 3/2 стр. 420, 998399",+7 150 595 4761
936,Беспалов,Федот,Рубеновна,1943-09-26,Ж,68030400546801,314-336-057 43,"клх Всеволожск, наб. Физкультурная, д. 3, 791969",+7 913 641 7659
937,Сидоров,Адам,Юрьевна,1985-08-13,Ж,94836090168011,536-096-439 45,"д. Сызрань, алл. Привокзальная, д. 196, 535305",+7 (256) 248-8880
938,Ситникова,Ладимир,Владиславовна,2002-11-17,М,04648555169324,057-411-935 39,"п. Токма, ш. Уральское, д. 7/8 стр. 1/6, 185868",+7 439 429 0088
939,Лазарева,Гаврила,Зиновьевич,1979-08-09,Ж,78398037037731,205-886-948 53,"к. Тосно, пер. Сибирский, д. 14 к. 2, 050181",+7 (617) 000-4854
940,Архипова,Варвара,Борисович,1953-11-04,М,34810945255396,255-614-412 98,"г. Беслан, алл. Карьерная, д. 552 стр. 276, 148324",+7 965 261 2166
941,Савельева,Феоктист,Ефимович,2005-09-16,М,10011233016796,556-732-383 68,"к. Комсомольск-на-Амуре, наб. Пирогова, д. 92 к. 174, 389059",8 094 281 6836
942,Тимофеев,Максимильян,Филатович,2002-05-21,М,21087274105915,798-155-518 49,"п. Юрьевец (Иван.), наб. Лазурная, д. 3 к. 81, 284248",8 (298) 020-29-17
943,Коновалов,Нестор,Жанович,1949-12-03,Ж,34204578131456,253-030-241 30,"г. Касимов, наб. Новостройка, д. 5, 143778",+7 559 227 7026
944,Киселев,Оксана,Ефремович,1998-12-02,Ж,69799872569641,135-076-499 67,"клх Печенга, алл. Халтурина, д. 207, 947505",+7 (201) 127-04-22
945,Колобова,Кира,Исидорович,1965-11-07,М,32381433161669,744-697-071 19,"ст. Выборг, наб. Журавлева, д. 3/4, 371558",8 026 423 62 45
946,Орехова,Симон,Антоновна,1974-04-26,Ж,69371478750805,711-784-440 02,"ст. Тимашевск, наб. Стахановская, д. 5 стр. 47, 660448",8 711 881 61 82
947,Овчинникова,Селиван,Никифоровна,1995-05-27,М,34774967845273,318-815-675 41,"к. Ямбург, наб. Кутузова, д. 8/1 стр. 1/8, 045530",+7 173 141 2725
948,Лазарева,Демид,Борисович,1960-05-30,Ж,98567240555251,774-856-526 42,"с. Миасс, пер. Театральный, д. 30, 041064",86072652014
949,Васильева,Роман,Федосеевич,1941-11-09,М,96737250093219,569-320-506 50,"клх Гагарин, бул. Щорса, д. 5 стр. 3, 649411",+7 020 896 7604
950,Андреев,Остап,Викторович,1968-10-13,Ж,21517519679296,058-653-143 42,"с. Баргузин, алл. Крестьянская, д. 377 к. 92, 499589",+7 (674) 286-0176
951,Евсеева,Зоя,Ефимовна,1999-07-29,Ж,87388011130529,238-352-237 75,"к. Троицко-Печорск, пр. Тульский, д. 54, 846041",+7 (616) 554-27-93
952,Карпов,Василиса,Валентиновна,1999-04-03,Ж,02146169047610,296-544-190 43,"ст. Аршан (Бурят.), пер. Зои Космодемьянской, д. 1/6, 356237",+7 (464) 560-48-51
953,Романов,Фотий,Вениаминовна,1939-09-19,Ж,65632267911178,512-592-729 16,"ст. Домбай, ш. Морское, д. 4, 187576",+7 765 722 45 88
954,Дементьева,Измаил,Феодосьевич,1994-05-13,Ж,07983340833783,615-926-686 68,"с. Чехов, пр. Щорса, д. 10 к. 822, 093604",8 (092) 803-37-14
955,Бобров,Елена,Брониславович,1964-10-31,М,74727939226894,954-276-293 36,"ст. Миллерово, бул. Ермака, д. 28, 981618",+7 980 988 0409
956,Аксенов,Игнатий,Тимурович,1959-07-15,М,72445227594267,327-222-155 32,"ст. Владикавказ, пер. Енисейский, д. 89 к. 6, 165160",8 (624) 951-3396
957,Красильников,Марина,Абрамович,1981-11-10,Ж,75296647118132,072-391-918 46,"ст. Белореченск, алл. Седова, д. 2 к. 8/7, 599919",8 697 602 23 64
958,Костин,Филимон,Мироновна,1982-09-26,М,14370434249162,631-777-442 22,"клх Малоярославец, бул. Олимпийский, д. 4/9, 903473",+7 751 029 58 38
959,Лапин,Агафон,Юльевич,1963-06-15,Ж,32710453513563,431-719-163 35,"клх Верещагино (Перм.), наб. Троицкая, д. 93 стр. 55, 768922",+7 682 994 5802
960,Бобылева,Соломон,Ефимьевич,1982-08-13,М,71869198162549,931-453-651 33,"ст. Кизилюрт, пр. Ленина, д. 2/7 к. 660, 337073",8 712 747 06 95
961,Селиверстова,Изяслав,Феликсовна,1946-01-28,М,21789406972967,204-186-293 19,"с. Усть-Ишим, пр. Матросова, д. 5/8 стр. 1, 925531",8 (550) 461-61-43
962,Киселева,Наталья,Егорович,1942-02-04,Ж,39726754576909,414-250-956 36,"д. Набережные Челны, наб. Приморская, д. 23 стр. 72, 834358",8 991 977 6385
963,Васильева,Никифор,Максимовна,1955-08-05,Ж,25437636628711,716-535-955 39,"ст. Барнаул, бул. Луначарского, д. 59 к. 4/1, 285541",8 (939) 431-49-14
964,Филиппов,Аскольд,Ильясович,1969-10-20,Ж,40967624285740,405-277-035 47,"ст. Кирово-Чепецк, пр. Щербакова, д. 6/2, 906519",+70723461504
965,Фролов,Лукия,Павловна,1943-12-17,М,70829220925139,002-950-114 74,"д. Холмск, бул. Белинского, д. 6, 378390",+79757456844
966,Дорофеев,Наум,Даниилович,1962-01-24,М,33884651903483,082-413-016 06,"ст. Черемхово, алл. Нефтяников, д. 24, 733430",8 (182) 182-16-06
967,Казакова,Евгений,Болеславовна,1957-11-24,М,31867811080238,836-970-257 95,"с. Минеральные Воды, бул. Вишневый, д. 693 к. 8, 863996",+7 (402) 384-92-03
968,Баранов,Савелий,Евгеньевна,1982-05-27,М,91450909039572,869-395-391 06,"п. Катайск, алл. 9 Января, д. 6/4 стр. 9, 249668",89238585520
969,Куликов,Август,Леонидовна,1950-09-04,Ж,54448479207405,187-032-217 75,"к. Красногорск (Моск.), бул. Слободской, д. 303 стр. 141, 728102",87295755126
970,Котов,Ростислав,Антонович,1943-01-14,Ж,79633022517666,899-212-746 21,"к. Ноглики, бул. Белинского, д. 69 стр. 6/7, 192959",+7 994 414 7537
971,Красильников,Евсей,Руслановна,1996-12-10,М,82564858647669,557-705-186 50,"д. Черемхово, наб. Энтузиастов, д. 115 к. 3, 687042",8 469 795 08 04
972,Власова,Никон,Устинович,1936-05-12,М,63828504162750,209-225-212 38,"д. Лесной (Сверд.), бул. Кошевого, д. 77 к. 25, 874971",8 129 545 8938
973,Исаев,Захар,Дмитриевна,1966-05-07,М,58499991695359,522-875-120 90,"с. Махачкала, пр. Ленский, д. 511 стр. 4/4, 098910",8 045 961 9740
974,Павлов,Ксения,Иосипович,2002-03-28,М,58344594210420,841-828-654 90,"п. Мураши, ул. Королева, д. 2 к. 2, 937577",+7 796 061 6941
975,Родионов,Синклитикия,Иосифович,1949-02-18,Ж,28483695595827,706-992-269 15,"д. Арсеньев, ул. Водопроводная, д. 7/2 к. 402, 120945",86915734943
976,Куликова,Милан,Евгеньевна,1993-01-12,Ж,33759849138787,018-811-133 79,"п. Каневская, наб. Белорусская, д. 24, 071278",8 (963) 387-90-81
977,Блинов,Евдокия,Всеволодович,1958-12-12,Ж,08220448435197,881-649-571 04,"д. Чокурдах, ул. Производственная, д. 3, 417018",+7 (137) 743-4030
978,Филатова,Матвей,Павловна,1999-10-27,Ж,92517333581368,220-152-979 68,"с. Игарка, ул. Добролюбова, д. 1/1, 208212",+70766453629
979,Сидоров,Виктор,Руслановна,1968-10-27,М,50113449689509,291-848-994 54,"п. Нижний Тагил, пр. Братский, д. 547 к. 3, 756394",80465144446
980,Тихонова,Митофан,Чеславович,1977-07-25,Ж,81452528886465,089-304-317 84,"п. Шамары, алл. Николаева, д. 6/5, 937772",8 (154) 224-12-50
981,Панова,Елизар,Андреевна,1964-02-08,М,41247223720741,975-370-063 23,"п. Кингисепп, алл. Фестивальная, д. 985 к. 67, 826321",8 (945) 108-8589
982,Кудряшова,Зинаида,Васильевна,2005-08-29,Ж,18119942817834,206-433-955 34,"к. Фатеж, пр. Песочный, д. 3/1 стр. 1, 242430",+7 917 316 3324
983,Филиппова,Зосима,Ааронович,2005-08-23,Ж,72447839071212,579-896-910 24,"с. Жигулевск, наб. Терешковой, д. 80 к. 2/6, 831197",8 (895) 166-50-18
984,Белов,Антонин,Марсович,1973-01-06,Ж,40277601231625,751-000-366 85,"п. Черняховск, бул. Азовский, д. 8 к. 684, 630212",81823637251
985,Герасимов,Вышеслав,Владиславовна,2006-05-24,М,03102623705067,482-522-925 46,"с. Октябрьский (Башк.), ш. Магистральное, д. 2/5, 590365",+7 (542) 372-4667
986,Симонова,Нестор,Петровна,1952-07-20,Ж,26761747904552,242-059-642 54,"с. Курчатов, пр. Народный, д. 1/4, 897311",8 015 653 99 52
987,Шашкова,Вадим,Богданович,1978-09-20,М,42401504379086,808-835-855 83,"к. Кулу, пер. Рылеева, д. 8 стр. 5/3, 429043",8 827 568 49 78
988,Лапин,Аркадий,Филипповна,1997-02-11,Ж,86725308158086,789-451-193 24,"г. Уэлен, пер. Поселковый, д. 6/3 стр. 27, 029596",+7 (518) 757-0532
989,Михайлов,Феоктист,Никифоровна,1968-11-19,Ж,61301446419729,410-367-580 69,"клх Троицко-Печорск, наб. Вокзальная, д. 217 стр. 40, 097184",8 790 877 37 31
990,Турова,Панкратий,Феликсовна,1954-12-07,М,75927460100697,740-097-018 32,"с. Бронницы, ул. Репина, д. 608 стр. 17, 700102",+7 (212) 683-90-51
991,Кулакова,Олимпиада,Алексеевич,1952-01-14,Ж,18169349106769,871-014-941 16,"д. Егорьевск, алл. Гастелло, д. 596 стр. 69, 167211",8 (025) 449-65-50
992,Меркушева,Глеб,Максимовна,1972-12-05,М,21825480575950,242-426-335 23,"клх Москва, пер. Азина, д. 2/4 к. 30, 613920",+7 (186) 767-4482
993,Ефимов,Сократ,Петровна,2002-01-10,Ж,80739004963096,667-629-602 96,"клх Байкальск, ш. 8-е Марта, д. 664 к. 6, 465771",+7 (715) 342-7893
994,Анисимова,Демид,Александровна,1998-08-19,Ж,32276654842749,464-540-300 21,"с. Пушкин, ш. Кирова, д. 4 к. 33, 453356",8 822 896 57 54
995,Жукова,Алевтина,Вилорович,1936-03-02,М,39801337619157,701-411-158 16,"г. Новгород Великий, пер. Абрикосовый, д. 28, 587650",81639750579
996,Лобанова,Светлана,Викентьевич,1951-11-19,Ж,51098100944300,277-320-656 94,"клх Прохладный, алл. Октябрьская, д. 46 стр. 86, 311431",+7 753 987 1414
997,Владимирова,Дорофей,Феликсович,1975-03-02,Ж,29306461438381,674-289-540 58,"к. Котельнич, ш. Гагарина, д. 6/3 стр. 3/5, 979898",+7 (245) 540-42-10
998,Соколов,Вениамин,Ефимович,1989-10-24,М,11778545390579,866-269-233 95,"г. Яр-Сале, бул. Новоселов, д. 4, 256377",+7 (125) 245-8701
999,Зуев,Валентин,Оскаровна,1951-05-14,М,17517335836249,215-156-944 38,"г. Серов, алл. Шевченко, д. 95, 054825",8 273 964 33 16
1000,Сергеев,Тамара,Витальевич,1935-06-22,Ж,99286878427751,536-720-975 06,"клх Губкин, пер. Матросова, д. 9/6 стр. 5, 649331",+7 156 854 02 62
1001,Лазарев,Спартак,Анатольевич,1988-12-16,М,03632351852291,656-130-739 87,"д. Льгов, наб. Поперечная, д. 4 стр. 507, 777414",8 518 316 33 25
1002,Зуев,Илья,Максимовна,1994-06-14,М,30575786607025,076-660-695 08,"с. Ведено, пр. Специалистов, д. 6, 264741",+71240439684
1003,Зайцева,Епифан,Жоресович,1988-03-22,М,00018208716388,193-927-191 89,"д. Тырныауз, пер. Раздольный, д. 165 к. 881, 760180",8 (675) 226-2491
1004,Харитонов,Владимир,Леоновна,2005-12-28,М,93281665177313,197-493-135 27,"ст. Нефедова, пер. Лазурный, д. 7/6 к. 318, 665163",81727154836
1005,Коновалов,Творимир,Бенедиктович,1962-01-06,Ж,41350334607496,875-744-654 48,"д. Сунтар, пер. Тепличный, д. 625, 740503",+7 513 465 08 65
1006,Исакова,Панкрат,Геннадьевна,1993-10-23,М,38744771341253,834-106-572 99,"ст. Онега, пр. Депутатский, д. 167 к. 49, 677744",+7 084 397 11 82
1007,Горбунова,Аполлон,Авдеевич,1965-02-03,М,40935827173203,106-664-651 84,"клх Юрьевец (Иван.), пер. Свободы, д. 9 к. 6/8, 114917",84619069239
1008,Евдокимова,Мина,Богданович,1938-04-09,М,83278668689984,200-326-503 05,"г. Владикавказ, ш. Радужное, д. 676 к. 633, 949576",+7 396 108 4929
1009,Пестов,Аполлинарий,Ефимьевич,1978-08-21,М,38687612976762,135-456-143 15,"клх Междуреченский, ш. Гастелло, д. 31 стр. 608, 400241",8 (036) 423-73-31
1010,Исаков,Ладимир,Эльдаровна,1955-09-27,М,41471897621779,429-210-172 74,"клх Невинномысск, пр. Энтузиастов, д. 779, 132404",86196519662
1011,Силин,Вадим,Елизарович,1983-03-16,М,70658686237857,717-121-999 39,"с. Сосногорск, бул. Пожарского, д. 302, 962445",+7 (784) 300-39-87
1012,Козлова,Алина,Руслановна,1940-11-20,М,64659491868498,749-320-392 26,"г. Каргасок, наб. Жуковского, д. 9/6 к. 6, 653092",+76430813222
1013,Шубин,Родион,Исидорович,1938-01-15,Ж,41226643509455,731-492-662 24,"с. Агата, пер. Деповский, д. 171, 245886",+71793996979
1014,Емельянов,Варвара,Руслановна,1965-11-29,М,93383387688386,898-258-173 86,"к. Ирбит, алл. Ленская, д. 1 стр. 4/8, 352199",8 (068) 496-0334
1015,Казаков,Чеслав,Семеновна,1983-03-14,М,08672266281076,777-867-397 18,"к. Чебаркуль, наб. Парижской Коммуны, д. 13 к. 4, 406242",8 103 324 87 73
1016,Гуляев,Милий,Борисович,2007-04-30,Ж,84919866132940,635-724-763 98,"ст. Домодедово, бул. Энергетиков, д. 307 к. 4, 800999",8 (669) 245-0514
1017,Сидорова,Алексей,Ефстафьевич,2003-12-08,М,73597543453649,961-077-997 72,"п. Рубцовск, ш. Циолковского, д. 453 к. 802, 275076",87693805145
1018,Трофимов,Фадей,Матвеевич,1936-10-10,М,16812075000699,155-859-392 24,"к. Салехард, алл. Сахалинская, д. 22 к. 9, 413999",8 176 993 3038
1019,Яковлев,Лукьян,Феодосьевич,1979-12-21,Ж,90705695106361,128-740-811 73,"д. Шаховская, ш. Безымянное, д. 345, 899996",+7 (893) 028-40-52
1020,Алексеев,Сила,Ильясович,1941-11-21,М,56083191260485,896-549-818 44,"д. Ростов-на-Дону, наб. Высоцкого, д. 892 к. 954, 487056",8 230 056 09 44
1021,Егорова,Никифор,Борисович,1984-07-16,М,01235066566050,590-855-765 78,"д. Кош-Агач, ул. Свердлова, д. 5/4 стр. 3/1, 521960",81027647142
1022,Овчинников,Евдокия,Захаровна,1966-06-17,М,21119026623773,813-309-831 45,"с. Тында, алл. Некрасова, д. 4/4, 874256",8 686 680 5800
1023,Комаров,Людмила,Иосипович,1983-01-14,М,38157501543857,818-077-949 14,"клх Гагарин, наб. Войкова, д. 2/6 к. 2, 100656",+7 (666) 885-45-53
1024,Игнатьева,Алевтина,Леоновна,1989-10-03,М,37766599599023,442-381-622 66,"д. Всеволожск, бул. Ветеранов, д. 346 стр. 46, 805331",8 131 356 1170
1025,Большаков,Святослав,Юльевич,1974-11-07,Ж,73447937223917,619-682-258 85,"г. Кашира, бул. Матросова, д. 5/1 стр. 5/8, 073972",86175657799
1026,Носкова,Аполлон,Теймуразович,1952-06-02,М,83442511809545,519-241-528 63,"г. Бомнак, ш. Базарное, д. 1/7 к. 2, 453375",+7 (015) 691-46-16
1027,Карпова,Лаврентий,Артемьевич,1983-03-06,Ж,73376840913417,810-907-195 71,"г. Мирный, наб. Песочная, д. 6 стр. 9, 873680",8 (296) 618-08-43
1028,Авдеева,Спиридон,Ярославович,1944-10-12,М,68482723099070,464-450-300 60,"клх Гремячинск (Бурят.), пер. Коммунистический, д. 487 стр. 10, 763272",+7 (373) 695-04-32
1029,Гордеева,Анна,Теймуразович,1941-07-20,М,59047353522654,930-539-734 51,"ст. Эльтон, пр. Чапаева, д. 16 стр. 1/1, 274051",+73164119913
1030,Беспалов,Михей,Федосеевич,1977-09-13,Ж,02542600628922,384-357-993 89,"к. Учалы, алл. Прудовая, д. 2 стр. 5/8, 294977",8 655 128 8956
1031,Маслов,Терентий,Геннадиевич,1993-09-19,М,76657031012213,387-534-214 48,"к. Надым, наб. 1 Мая, д. 79 к. 38, 254309",+7 (535) 215-1734
1032,Елисеева,Натан,Федосеевич,1938-05-04,М,68992471575610,801-030-221 23,"г. Инта, ш. Марта 8, д. 42, 854142",+7 (632) 621-44-53
1033,Одинцова,Савелий,Борисович,1981-03-09,Ж,04519678778801,159-132-684 23,"п. Нарьян-Мар, ш. Угольное, д. 1/4 к. 46, 057197",+7 (238) 154-5527
1034,Кондратьева,Федот,Николаевна,1999-04-26,М,62602356409309,998-689-195 07,"д. Павловский Посад, пер. Тамбовский, д. 591 стр. 5/7, 231900",+7 (415) 517-58-63
1035,Бирюкова,Радислав,Глебович,1980-10-19,М,33270289966686,858-431-162 10,"ст. Вендинга, бул. Прудный, д. 4/7 к. 5, 105577",+7 030 275 96 08
1036,Князева,Агафья,Альбертовна,1980-06-13,Ж,86979358434231,494-521-258 60,"клх Адыгейск, пер. Олимпийский, д. 240 стр. 2, 140508",8 013 474 2963
1037,Капустина,Павел,Дмитриевич,1945-04-08,Ж,22647254392453,960-424-081 74,"к. Ковров, бул. Ушакова, д. 3 стр. 7/9, 091881",+7 (246) 614-28-09
1038,Евдокимова,Севастьян,Ааронович,1957-05-31,Ж,09790963515911,753-317-025 33,"г. Тутончаны, ул. Свердлова, д. 87 к. 9, 253717",+7 (015) 333-00-32
1039,Муравьев,Наум,Вадимовна,1992-01-10,М,47413311519683,948-422-663 15,"г. Чусовой, ул. Ясная, д. 2 стр. 61, 536671",+7 (646) 351-4522
1040,Зайцева,Раиса,Егоровна,1953-11-29,Ж,32534852979934,965-775-833 52,"г. Оса, ул. Седова, д. 2 к. 23, 402447",8 (307) 501-6327
1041,Калинина,Адриан,Геннадиевич,1972-02-08,М,91410526963642,721-264-543 67,"д. Ряжск, бул. Фрунзе, д. 8/3 к. 9/7, 013332",8 (988) 217-02-67
1042,Журавлев,Эраст,Болеславовна,1987-10-26,М,14949185147561,603-849-526 06,"д. Серпухов, наб. 50 лет ВЛКСМ, д. 141 стр. 7/2, 929325",8 (890) 885-06-90
1043,Щербаков,Аполлон,Эдуардовна,1965-09-27,Ж,47112027302385,951-292-072 23,"п. Обоянь, пер. Кавказский, д. 93 стр. 2, 139977",+7 (879) 278-7678
1044,Харитонова,Глеб,Демьянович,1988-09-23,Ж,08422966514448,657-430-620 68,"клх Усть-Кут, наб. Волжская, д. 3/1 стр. 99, 130084",+7 (391) 419-8117
1045,Ершова,Остап,Денисович,1961-12-27,М,05074950443271,929-802-844 16,"д. Катайск, пр. Республиканский, д. 1 стр. 2, 323813",8 (057) 410-37-62
1046,Шестаков,Павел,Николаевна,1980-12-26,М,94152583851635,781-164-466 84,"ст. Калачинск, бул. Привокзальный, д. 202, 851185",8 (110) 146-0235
1047,Чернов,Мартын,Евгеньевна,1989-07-04,Ж,82890140812356,316-766-027 16,"д. Яшкуль, пер. Прохладный, д. 9/8 стр. 481, 477051",+7 473 080 2821
1048,Горбунов,Викентий,Максимовна,1946-02-23,Ж,48241430444697,894-259-634 90,"д. Сеймчан, пер. Космический, д. 64 к. 204, 113030",8 (661) 706-16-68
1049,Емельянова,Карп,Фадеевич,1977-09-30,Ж,82098728481818,696-923-444 05,"п. Миллерово, ш. Кочубея, д. 41 к. 4/7, 091604",84172319017
1050,Макаров,Ия,Феликсовна,1988-07-29,М,68637218589358,404-705-712 65,"с. Лабинск, бул. Панфилова, д. 7, 671571",+7 120 701 80 58
1051,Шилова,Ферапонт,Георгиевич,1985-06-04,Ж,96792625525761,503-359-848 08,"д. Рыбинск, ш. Орловское, д. 543 стр. 82, 321013",+7 (989) 309-0400
1052,Горшков,Селиван,Эдуардовна,1992-08-28,Ж,58490140565025,787-090-959 02,"к. Павловская, пр. Профсоюзный, д. 983, 488362",8 961 636 77 17
1053,Гордеева,Лора,Фокич,1978-10-06,М,29694269154897,881-412-452 77,"г. Тында, наб. Титова, д. 356 к. 5, 888678",85013919387
1054,Ильин,Порфирий,Елисеевич,1946-06-06,М,42013498438281,404-624-786 35,"п. Приморско-Ахтарск, алл. Невского, д. 13 стр. 634, 468432",+7 095 496 86 17
1055,Русаков,Майя,Кирилловна,1961-01-21,Ж,07909919984676,170-995-110 35,"к. Старый Оскол, пр. Запрудный, д. 109 стр. 18, 795500",+7 444 156 6305
1056,Архипова,Прохор,Владиленович,2003-01-26,М,56220217589283,905-370-137 60,"г. Кашхатау, бул. Медицинский, д. 42, 756779",+76685324148
1057,Воронцов,Герман,Федосеевич,2004-08-16,М,80775746585785,645-192-427 93,"д. Губаха, пер. Гастелло, д. 365 стр. 88, 511877",8 (634) 144-8777
1058,Моисеев,Прокл,Устинович,1962-03-27,М,97103188727796,068-886-742 05,"с. Тырныауз, пр. Ягодный, д. 71 к. 74, 186515",+7 (121) 413-8298
1059,Тимофеева,Святополк,Григорьевна,1941-10-30,Ж,86865146601705,939-670-155 22,"г. Далматово, пр. Грибоедова, д. 3 к. 8, 351683",+7 (022) 711-31-80
1060,Ковалев,Гаврила,Архипович,1973-04-14,Ж,98008475557734,328-239-132 18,"с. Челябинск, наб. Новгородская, д. 9 стр. 784, 329758",+75627137024
1061,Красильникова,Ладимир,Тимурович,2006-12-05,Ж,45989090660947,830-626-465 88,"к. Курильск, пр. Харьковский, д. 528 к. 30, 493909",8 (112) 202-1512
1062,Веселова,Елизавета,Юльевич,1983-08-15,Ж,13684054165237,008-777-519 00,"п. Рыбинск, пр. Тульский, д. 8, 326748",+76431032338
1063,Белозерова,Вероника,Филипповна,1983-08-16,Ж,43767305858219,645-996-822 43,"клх Валаам, наб. Нефтяников, д. 39, 078141",+7 (570) 670-77-92
1064,Крюкова,Ладимир,Димитриевич,1982-03-15,Ж,47597113156873,102-426-459 63,"д. Луга, пер. Горняцкий, д. 109 к. 95, 872632",8 (502) 719-26-42
1065,Поляков,Олимпиада,Абрамович,1958-12-28,М,38728807366497,069-599-019 64,"к. Псебай, алл. Орджоникидзе, д. 221, 870000",8 (222) 053-2208
1066,Лазарева,Измаил,Вадимовна,1984-05-09,М,60898046617101,478-247-599 11,"д. Балашов, пр. Шевченко, д. 968 к. 8, 027316",+7 350 245 0632
1067,Селезнева,Ростислав,Станиславовна,1943-09-21,М,52416945646866,764-691-428 40,"ст. Александровск-Сахалинский, ул. Ульяновская, д. 5/4 стр. 9/5, 107382",+7 (225) 833-7622
1068,Фадеева,Епифан,Ниловна,1967-06-22,Ж,45015417765786,610-000-591 18,"клх Курильск, пер. Волочаевский, д. 53 к. 340, 963155",8 800 875 7575
1069,Лазарев,Зоя,Гордеевич,1950-05-15,Ж,83823708444685,013-813-854 18,"д. Кингисепп, пр. Заливный, д. 8, 177337",+7 106 536 0549
1070,Туров,Борис,Гаврилович,1999-10-27,М,93108262775699,906-041-869 60,"с. Волгодонск, ш. Техническое, д. 11, 586435",8 (309) 753-3631
1071,Субботина,Каллистрат,Васильевна,1953-10-08,Ж,89691861756863,454-964-220 69,"ст. Нерчинск, ш. Слободское, д. 603 стр. 687, 344910",8 (853) 488-3192
1072,Бобылев,Марфа,Владиславович,1997-01-25,Ж,78340793281816,717-711-034 02,"ст. Кемерово, ул. ДОС, д. 6 к. 5/2, 918480",+7 000 133 0214
1073,Муравьева,Трофим,Валентиновна,1937-12-15,Ж,40113921581927,724-437-645 61,"д. Хужир, наб. Привольная, д. 66, 470914",8 (719) 290-8338
1074,Лаврентьева,Влас,Петровна,1986-08-08,Ж,56197896812666,991-699-277 08,"к. Серебряные Пруды, пер. Новостройка, д. 8 к. 6/8, 673800",8 (506) 823-37-33
1075,Степанова,Изяслав,Елисеевич,1999-02-02,Ж,41267886570738,546-052-173 21,"г. Назрань, ш. Октября, д. 98 стр. 622, 769308",8 (837) 079-9190
1076,Щукин,Владимир,Геннадиевич,1946-10-04,М,54344919747084,867-117-249 85,"к. Каневская, наб. Коммунистическая, д. 2 к. 3/7, 240896",+7 (870) 132-15-66
1077,Самсонов,Аркадий,Арсенович,1945-11-15,Ж,87171045999207,189-802-213 18,"к. Асино, наб. Добролюбова, д. 417, 174146",8 545 123 3559
1078,Алексеев,Павел,Тимуровна,1976-07-04,Ж,91566303633864,865-007-443 52,"г. Хасавюрт, пр. Нефтяников, д. 56, 066967",8 (813) 414-52-44
1079,Ковалева,Пимен,Елизарович,1944-04-08,Ж,53509043518406,392-946-513 27,"г. Малая Вишера, бул. Крайний, д. 56 стр. 58, 098192",+7 509 163 3923
1080,Прохорова,Никифор,Валерьянович,1978-09-14,Ж,93286571192491,283-006-238 18,"к. Ногинск (Моск.), пр. Журавлева, д. 777, 960791",+7 729 233 59 13
1081,Мартынова,Епифан,Иосипович,1963-07-09,Ж,15356287245040,941-477-168 28,"д. Губкин, наб. 50 лет Победы, д. 71 к. 36, 038647",+7 (223) 224-2637
1082,Фадеева,Федор,Наумовна,1964-09-07,М,68125414528784,759-044-741 76,"к. Курск, ул. Чайковского, д. 5/1, 525329",+7 (244) 483-4519
1083,Стрелкова,Фрол,Исидорович,1978-11-24,Ж,08977547281570,662-501-622 04,"с. Гремячинск (Бурят.), пер. Февральский, д. 3/5 к. 3, 152830",8 682 080 8207
1084,Тимофеева,Сила,Абрамович,2003-09-15,М,82209252109423,547-913-027 92,"к. Верхнее Пенжино, ул. Славянская, д. 97, 579988",+7 (594) 326-0322
1085,Моисеев,Антип,Афанасьевна,1936-01-19,М,77003781715068,524-608-889 59,"д. Муром, наб. Промышленная, д. 92, 600999",8 (494) 117-15-90
1086,Воронов,Онуфрий,Ерофеевич,2003-08-10,М,73725901259968,483-432-978 67,"к. Йошкар-Ола, ш. Лазо, д. 8 стр. 894, 007191",+7 353 363 5921
1087,Егорова,Рюрик,Вячеславович,1962-12-09,М,40515588663143,870-611-542 11,"д. Галич, алл. 50 лет Победы, д. 6 стр. 473, 664814",+7 (137) 400-1980
1088,Брагина,Виктор,Юрьевна,1950-01-30,Ж,06382244326549,518-981-978 55,"д. Гаврилов-Ям, наб. Волочаевская, д. 9/1 к. 64, 893049",+70809100695
1089,Брагин,Юлий,Аскольдовна,1948-02-27,М,98333167926640,307-505-999 06,"д. Гатчина, пр. Никитина, д. 209, 965105",82086537494
1090,Рогов,Зоя,Ильясович,2007-12-26,Ж,39318566549347,812-688-810 78,"п. Бийск, пер. Металлистов, д. 830, 762325",8 881 191 2776
1091,Лазарев,Митофан,Богданович,1939-06-17,М,78442467600425,976-571-254 45,"д. Новая Игирма, пер. Черняховского, д. 149, 409054",+74962521653
1092,Гусева,Юрий,Филиппович,1964-12-28,М,90766675244203,157-997-065 81,"к. Нягань, ш. Советской Армии, д. 9/4, 350968",+7 192 271 6623
1093,Зиновьева,Эрнст,Ждановна,1966-08-09,Ж,52601772655813,261-354-270 18,"п. Дагомыс, бул. Коммунальный, д. 425 стр. 846, 071853",+7 (115) 648-3562
1094,Стрелкова,Нонна,Анатольевна,1998-02-25,М,53184833649215,296-458-716 63,"п. Дагомыс, ул. Блюхера, д. 270, 155741",+7 (512) 188-33-40
1095,Гурьева,Антонина,Артемьевич,1999-04-20,Ж,91944557669625,367-117-120 34,"клх Курильск, бул. 9 Января, д. 7, 923002",+7 (422) 371-66-43
1096,Кудряшов,Вера,Николаевна,1961-08-29,Ж,51999721115292,709-930-676 42,"клх Вилюйск, ш. Высоковольтное, д. 101 к. 704, 052049",8 668 651 0389
1097,Терентьев,Епифан,Харитонович,1960-02-28,Ж,27839290253244,888-076-965 77,"к. Катайск, наб. Тракторная, д. 446 стр. 624, 474911",8 084 781 82 22
1098,Котов,Ангелина,Натановна,1971-09-23,М,49447484856944,514-215-729 91,"с. Белоярский, ул. Новосельская, д. 29 к. 4, 764612",+7 (955) 452-5913
1099,Доронин,Дементий,Августович,1991-09-10,Ж,77309780399346,862-075-391 91,"д. Фатеж, пер. Союзный, д. 1, 398485",8 050 681 5114
1100,Никонов,Всеволод,Фокич,2003-10-19,Ж,56621762724381,445-651-499 75,"г. Майкоп, пр. Сахалинский, д. 58 к. 6, 501222",+7 988 481 31 20
1101,Фокина,Мирон,Вячеславовна,1968-10-18,Ж,08989309222024,176-697-068 38,"с. Поронайск, наб. Таежная, д. 809 к. 4/6, 962595",80121355301
1102,Марков,Мартьян,Гурьевич,1969-10-22,М,36466937067564,403-148-221 19,"ст. Сыктывкар, ул. Белинского, д. 6, 216855",8 026 945 0583
1103,Архипова,Никифор,Антипович,1998-05-28,М,22884993928866,898-010-652 85,"клх Каменск-Уральский, наб. Локомотивная, д. 26, 163707",+7 (742) 005-02-94
1104,Евдокимова,Аверкий,Феофанович,1966-04-24,М,97788104859159,054-248-784 04,"с. Воркута, ул. Надежды, д. 6/2 к. 7, 291379",+7 168 840 4763
1105,Рыбаков,Автоном,Семеновна,1977-08-14,Ж,79141592842767,741-653-746 67,"п. Саров (Морд.), пр. Чапаева, д. 26, 168595",+7 (417) 168-74-78
1106,Большаков,Лука,Устинович,1969-03-15,М,43251011028831,491-410-112 01,"с. Красноярск, пер. Студенческий, д. 8 стр. 2/5, 380212",+75824708070
1107,Григорьева,Дмитрий,Фомич,2005-11-12,М,57436425424702,691-546-669 20,"д. Сибай, алл. Заовражная, д. 187, 334453",87508290385
1108,Гуляев,Кира,Владиславовна,2003-09-19,Ж,02844027836268,494-147-904 47,"к. Кисловодск, бул. Ольховый, д. 1/7 к. 482, 000297",8 (067) 824-6553
1109,Кузнецов,Юлиан,Виленович,1955-10-04,Ж,22128816903583,223-272-344 24,"ст. Беслан, алл. Широкая, д. 9 стр. 9, 233228",+76619997108
1110,Быкова,Валентин,Святославовна,2004-09-21,М,63213375214554,472-270-048 99,"ст. Красноселькуп, алл. Кутузова, д. 4/1, 748508",+7 (743) 200-6083
1111,Иванов,Алла,Филиппович,2001-10-18,Ж,36675859877157,333-538-379 02,"ст. Белый Яр (Томск.), пр. Малиновый, д. 7/2 к. 97, 207962",+78099522427
1112,Лапин,Парфен,Валентинович,1996-09-03,М,37201701175556,774-735-106 74,"клх Шенкурск, ш. Тукая, д. 771 стр. 8/9, 302492",+7 (008) 334-1871
1113,Логинова,Лучезар,Максимовна,1978-01-16,Ж,03930380354313,731-295-048 88,"клх Ноглики, ш. Леонова, д. 32 стр. 97, 992839",8 (639) 106-2046
1114,Зимина,Родион,Артемовна,1991-11-22,М,30381691948670,769-864-449 11,"г. Воскресенск, наб. Ольховая, д. 3/6 к. 8, 018087",+7 (584) 230-22-72
1115,Лыткин,Зоя,Яковлевна,1986-02-13,Ж,21527231143416,638-267-759 72,"с. Выборг, пер. Прохладный, д. 1/6 стр. 74, 740968",+7 (486) 987-1646
1116,Моисеева,Гордей,Георгиевна,1952-07-27,М,91773605390811,000-778-318 26,"клх Красновишерск, пер. Водников, д. 332, 081933",82274454544
1117,Якушева,Светозар,Владиславович,1995-10-31,М,87924477174066,867-994-206 13,"д. Тутончаны, алл. Докучаева, д. 2/9, 593087",8 (790) 912-8121
1118,Бурова,Гостомысл,Трофимович,1965-01-06,Ж,58156710262251,933-562-844 37,"д. Красноселькуп, бул. Песочный, д. 35, 043209",+7 828 124 79 66
1119,Самойлов,Вера,Фролович,2005-04-10,Ж,30317294099375,137-684-814 19,"д. Эльтон, пер. Ленина, д. 2, 084965",+7 (851) 940-5684
1120,Лобанова,Елена,Изотович,1964-08-02,Ж,40107528799722,575-022-593 12,"п. Объячево, наб. Нефтяников, д. 1 к. 80, 825467",8 (239) 677-83-90
1121,Фокина,Прокл,Жоресович,1946-05-27,Ж,63806626794099,073-722-917 64,"с. Боровск, бул. Декабристов, д. 5 к. 229, 650584",8 (414) 922-8356
1122,Виноградов,Лора,Венедиктович,1953-10-18,М,93511748636938,058-460-704 35,"к. Шерегеш, ул. Бабушкина, д. 26, 845631",+77961265088
1123,Третьякова,Ювеналий,Викторовна,2001-08-21,М,55853799788166,809-651-198 88,"клх Медногорск, пр. Каштановый, д. 81 стр. 9/6, 574770",8 085 588 34 85
1124,Дементьева,Павел,Еремеевич,1966-12-21,М,27541156527701,562-669-981 80,"с. Черусти, ул. Трудовая, д. 5, 316460",8 649 323 75 58
1125,Гаврилов,Софон,Александровна,1962-11-21,Ж,33149325485928,206-665-347 97,"д. Анива, алл. Нижняя, д. 400, 666178",+7 886 449 9162
1126,Тетерина,Серафим,Макаровна,2001-08-17,М,65029425012291,535-375-927 19,"клх Партизанск, пр. Славянский, д. 3, 380107",+7 177 446 0834
1127,Баранова,Назар,Евсеевич,1951-05-20,М,75078312331534,976-217-410 37,"к. Воткинск, наб. Глинки, д. 9/9 к. 83, 278602",8 (496) 355-5012
1128,Титов,Варвара,Валериевна,1946-06-18,М,49952535953019,654-970-594 45,"к. Дубна, ул. Болотная, д. 938, 071360",+72121004687
1129,Журавлева,Савва,Ильич,1955-01-30,М,10084865425568,622-290-544 17,"к. Онега, алл. Средняя, д. 16 к. 1/7, 872358",+7 (895) 175-2047
1130,Меркушев,Азарий,Анатольевич,1977-02-11,М,83076273255382,743-832-622 50,"к. Туруханск, пр. Заовражный, д. 13, 464675",+7 380 954 1852
1131,Ильин,Еремей,Владимировна,2002-10-25,Ж,10104433050980,993-409-600 87,"клх Тулпан, наб. Чернышевского, д. 3 к. 35, 768575",8 644 292 7750
1132,Захаров,Эраст,Глебович,1955-05-17,Ж,52674942221660,952-381-498 71,"клх Апатиты, бул. Минский, д. 8 стр. 8/4, 240493",8 (636) 231-7553
1133,Кудряшов,Наина,Фролович,1962-09-06,Ж,47763065858276,546-991-589 73,"клх Сухиничи, наб. Пушкинская, д. 5 стр. 99, 687619",+7 750 561 1555
1134,Евдокимова,Валерий,Андреевич,2002-08-23,Ж,49818869611588,901-718-729 70,"с. Терскол, бул. Огородный, д. 7, 420605",+7 169 769 05 43
1135,Харитонов,Таисия,Вилорович,1990-08-18,М,82194719023271,073-257-592 12,"ст. Канск, пер. Транспортный, д. 7 к. 4, 721046",+7 (118) 670-1987
1136,Тарасова,Епифан,Иларионович,1938-03-03,Ж,54459318131254,709-973-413 50,"клх Азов (Рост.), ш. Морозова, д. 8 к. 386, 368131",+75394807207
1137,Жданова,Твердислав,Димитриевич,1982-08-20,Ж,84584022277602,180-667-252 79,"к. Курумкан, ул. Партизанская, д. 8/8 к. 3, 083063",+74371084257
1138,Носова,Милица,Изотович,1972-02-19,Ж,23735349724868,983-225-350 22,"к. Пенза, пер. Набережный, д. 93 стр. 8, 370587",8 (522) 212-00-40
1139,Калинина,Геннадий,Гордеевич,1973-09-20,М,20338738453500,215-638-366 69,"с. Находка, пр. Свободы, д. 899 стр. 2, 445532",86773759428
1140,Гаврилов,Бронислав,Юлианович,2006-12-12,М,61666334280911,541-682-497 70,"клх Хужир, ул. Троицкая, д. 565, 651267",+79075351383
1141,Галкин,Михей,Фадеевич,1957-10-20,М,93349565158223,094-760-596 76,"г. Зарайск, пер. Красноярский, д. 54 к. 846, 938925",+7 (914) 937-35-29
1142,Белов,Спартак,Давидович,1946-11-19,М,16867447868732,071-811-694 41,"ст. Шелагонцы, бул. Нижний, д. 1/2 к. 4, 405419",+7 999 498 51 17
1143,Игнатьев,Давыд,Терентьевич,1946-04-27,М,42274045122858,937-081-035 74,"д. Хасавюрт, ул. Красноармейская, д. 3, 601285",+79972631508
1144,Баранов,Авксентий,Афанасьевна,1994-08-16,М,67042957903540,642-823-598 48,"д. Быково (метеост.), бул. Правды, д. 9 стр. 2, 123496",+7 593 706 2723
1145,Агафонов,Вышеслав,Тимурович,1972-03-29,Ж,36113887057162,984-754-870 09,"с. Геленджик, пр. Заливный, д. 68 к. 1/2, 685867",8 (895) 324-97-53
1146,Крылова,Епифан,Анатольевич,1966-05-03,Ж,61999326038615,742-368-378 03,"с. Брянск, пр. Космонавтов, д. 774 стр. 520, 545656",8 363 638 13 92
1147,Горбачева,Василиса,Харитоновна,1954-07-28,Ж,23042103799820,487-937-012 33,"ст. Хатанга, алл. Культуры, д. 6/1 стр. 329, 920133",8 (045) 740-85-07
1148,Кудряшова,Лавр,Викторовна,1946-02-06,Ж,13928236964938,268-313-800 33,"с. Серебряные Пруды, ш. Выгонное, д. 2/5 стр. 747, 945615",8 (181) 106-9942
1149,Орехова,Фока,Гаврилович,1957-10-14,Ж,31978958932010,898-107-232 27,"д. Ковров, ул. Некрасова, д. 2, 883444",+7 (537) 424-94-17
1150,Козлова,Максимильян,Аркадьевна,1971-03-26,Ж,77023928310915,719-104-397 92,"г. Армавир, бул. Амурский, д. 3 стр. 1, 963106",+7 (684) 418-77-68
1151,Николаева,Павел,Афанасьевич,1999-04-13,Ж,68729620429758,101-410-082 59,"г. Оса, ул. Пограничная, д. 7/9 к. 25, 288004",86054690508
1152,Моисеев,Ангелина,Ефимовна,1980-12-07,М,17042047308788,752-632-284 41,"клх Калининград, пер. Трактовый, д. 11 к. 87, 023358",+7 (350) 627-41-57
1153,Зыкова,Аполлинарий,Яковлевич,2007-09-09,М,32860416143543,491-892-455 74,"клх Кировск (Мурм.), алл. Весенняя, д. 1, 058181",8 853 506 2925
1154,Стрелкова,Терентий,Ильинична,1939-12-29,Ж,99491943733312,938-655-685 02,"клх Тутончаны, наб. Окружная, д. 8, 795132",+76518359146
1155,Данилов,Агафья,Владленович,1941-07-07,Ж,14079834007716,010-831-734 99,"п. Владивосток, наб. Черноморская, д. 89 к. 4, 752861",+7 (240) 002-59-37
1156,Филатова,Лидия,Игнатьевич,1946-10-30,М,83500228740897,578-423-518 02,"п. Вытегра, наб. Кленовая, д. 2 стр. 4/5, 779279",8 939 205 51 57
1157,Кузнецов,Ипатий,Эдуардовна,1983-10-06,Ж,33043494815988,268-744-337 31,"п. Шумиха, алл. Южная, д. 181, 911140",8 (559) 786-21-63
1158,Селезнев,Сильвестр,Ефремович,1974-08-20,Ж,30534475508238,288-816-137 19,"с. Кингисепп, пр. Индустриальный, д. 7, 554284",8 863 872 03 23
1159,Богданова,Захар,Рудольфовна,1956-07-12,Ж,27049432740265,585-924-580 23,"г. Терскол, пер. 40 лет Октября, д. 9, 514388",+7 (737) 490-99-44
1160,Соколова,Будимир,Алексеевна,1944-06-05,М,32406214613354,733-702-555 63,"к. Галич, наб. Надежды, д. 2/9 стр. 374, 396652",8 (514) 190-8274
1161,Калашников,Варвара,Филимонович,1972-11-22,М,56599250763373,643-537-121 46,"с. Билибино, ш. Майское, д. 9 стр. 50, 863231",+7 265 574 7449
1162,Власов,Николай,Тимурович,2002-03-15,Ж,35216083402897,409-393-496 47,"п. Юровск, ш. Луначарского, д. 3/2 стр. 5, 626718",8 (926) 701-3619
1163,Герасимов,Остромир,Терентьевич,1995-03-26,М,32217759414477,204-533-769 79,"п. Сковородино, алл. Абрикосовая, д. 79 к. 163, 798233",8 (917) 873-5639
1164,Фомин,Афиноген,Борисович,2003-12-27,М,78162698773510,597-344-685 00,"д. Кудымкар, ш. Ростовское, д. 26 к. 7/3, 879296",8 (636) 776-3966
1165,Рыбаков,Мокей,Валерьянович,2000-02-09,М,36007550408413,838-901-175 28,"ст. Соболево, ул. Машиностроителей, д. 9/9 стр. 2/9, 561664",+7 280 280 2224
1166,Сафонов,Никанор,Феликсович,1946-10-18,Ж,65175866626570,438-833-923 84,"п. Певек, ул. Макарова, д. 5/9 стр. 8, 427359",8 (407) 054-7209
1167,Федотов,Пимен,Евстигнеевич,1988-04-22,М,52967947189166,807-310-017 97,"с. Баргузин, алл. Большая, д. 703, 238223",8 522 094 1245
1168,Миронова,Ксения,Трифонович,1960-10-02,М,12025409411396,545-255-176 56,"к. Шахты, ул. Смоленская, д. 3/9 к. 6/8, 031430",8 143 288 58 99
1169,Савин,Радислав,Анатольевич,1938-05-08,Ж,69981892371044,907-113-646 89,"клх Тымовское, пр. Матросова, д. 239 стр. 87, 538751",8 (953) 429-7039
1170,Панфилова,Роман,Олеговна,2002-08-18,Ж,33800414326944,104-232-008 65,"клх Калачинск, наб. Вахитова, д. 593, 114746",8 (573) 251-41-56
1171,Кудрявцев,Ратибор,Геннадиевич,1947-03-06,Ж,24321979247617,403-530-056 84,"п. Сургут (Хант.), наб. Весенняя, д. 8/6, 132630",+7 508 922 98 30
1172,Ершова,Георгий,Виленович,1945-09-22,М,33704503860729,430-628-734 51,"ст. Гдов, пр. Краснофлотский, д. 6 стр. 8/4, 602786",+7 (487) 656-1280
1173,Рожкова,Осип,Вячеславовна,1982-11-22,М,52110953161566,785-971-341 12,"г. Куртамыш, ш. Сахалинское, д. 3, 796554",8 085 548 8598
1174,Зиновьева,Акулина,Степановна,1941-06-03,Ж,69043987888999,498-440-602 69,"д. Меренга, наб. Шахтерская, д. 198, 077730",8 (815) 302-9333
1175,Тетерина,Никанор,Федоровна,1998-09-22,Ж,70529792538412,791-325-332 58,"к. Быково (метеост.), алл. Вахитова, д. 3 к. 31, 154448",8 024 610 1681
1176,Шарова,Авдей,Эдгарович,1949-05-14,М,37797309514607,372-040-324 04,"г. Ершов, пр. Володарского, д. 4/5, 614550",+7 290 431 28 68
1177,Комиссарова,Парамон,Федотович,1997-09-03,М,75646983633209,481-685-319 99,"ст. Асбест, ш. Свободы, д. 2/9, 027392",+76783146425
1178,Ермакова,Алексей,Яковлевич,2005-11-04,Ж,23243969647732,372-492-921 33,"г. Палана, пер. Шолохова, д. 7, 569274",8 056 958 2616
1179,Чернова,Фортунат,Богданович,1962-08-17,М,43812580256219,747-604-404 24,"п. Пушкино (Моск.), пр. Поселковый, д. 2/7 к. 546, 007247",8 605 313 97 83
1180,Стрелков,Кондратий,Харлампович,1986-08-27,Ж,69377724242784,128-761-282 61,"ст. Черкесск, ш. Кочубея, д. 5/9 стр. 194, 812756",+7 040 867 32 58
1181,Самсонова,Никодим,Юлианович,1971-09-01,М,81062471656938,651-205-415 28,"д. Раменское, пр. Леваневского, д. 716 к. 30, 362706",8 381 378 9562
1182,Самсонова,Егор,Зиновьевич,1975-07-18,Ж,35129045896385,952-405-004 51,"клх Омск, ул. Королева, д. 395 к. 4, 588322",8 702 116 8660
1183,Марков,Тимофей,Вячеславовна,1960-03-17,М,81498965691781,548-361-153 83,"с. Мезень, пер. Курортный, д. 8 к. 4, 342678",+75661155681
1184,Корнилова,Осип,Ааронович,1987-07-23,Ж,40578766017829,614-730-748 02,"клх Данков, алл. Первомайская, д. 799 к. 7, 217456",8 898 843 8684
1185,Ларионова,Лазарь,Давидович,1938-07-08,М,68414579557381,567-997-281 56,"клх Анива, ш. Моховое, д. 77, 916949",8 (397) 687-65-96
1186,Капустин,Сигизмунд,Борисович,2008-01-07,Ж,17534096199751,175-634-406 02,"д. Вологда, ш. Саратовское, д. 7/7 к. 3/8, 322637",+7 (196) 824-3698
1187,Фомичева,Аскольд,Руслановна,1952-08-21,М,00678972671569,147-012-983 94,"г. Онега, пр. Нагорный, д. 2/6 к. 706, 285300",+75578685922
1188,Антонов,Владлен,Павловна,1942-07-23,Ж,06597741442018,034-206-872 17,"ст. Рубцовск, пер. Дорожников, д. 881 к. 3/2, 671230",+76583659980
1189,Михеева,Октябрина,Константиновна,1948-07-08,Ж,66581366222086,102-130-509 63,"д. Калязин, пер. Мостовой, д. 7 к. 582, 407943",+74417566619
1190,Евсеев,Дорофей,Афанасьевич,1965-09-24,Ж,23929501976103,216-580-872 67,"клх Буденновск, ул. Вольная, д. 10 стр. 6, 672919",+7 (042) 018-5905
1191,Филиппов,Самсон,Давыдович,1950-07-24,Ж,18765672241286,503-841-019 59,"п. Кулунда, алл. Поперечная, д. 5 стр. 266, 922209",8 (648) 618-38-25
1192,Евдокимова,Мартын,Львовна,1951-08-14,Ж,43211724560518,208-086-178 08,"п. Невинномысск, пер. Дзержинского, д. 4/3, 205703",8 595 925 70 72
1193,Елисеева,Самуил,Ивановна,1956-10-31,М,90469981172137,026-167-167 27,"п. Лянтор, ул. Мелиоративная, д. 3/2, 830832",+7 914 319 3841
1194,Сафонова,Максим,Феликсовна,1969-03-09,Ж,11892307313972,988-728-771 30,"ст. Кирово-Чепецк, пр. Маркса, д. 190 стр. 8/7, 277097",8 (525) 399-1385
1195,Артемьева,Леон,Арсеньевич,1966-03-05,М,17448519544233,440-258-855 10,"с. Владикавказ, пер. Докучаева, д. 9, 315996",+76087254777
1196,Нестеров,Измаил,Яковлевич,1951-07-21,Ж,76835324781101,621-989-744 69,"с. Уфа, ул. Мелиораторов, д. 264 стр. 570, 519649",+7 (306) 619-01-74
1197,Сафонова,Спартак,Ерофеевич,1957-10-04,М,52467193064739,087-535-898 32,"к. Шахты, ш. Ватутина, д. 433 стр. 669, 323246",83551697883
1198,Ширяева,Сергей,Харитоновна,1999-11-25,Ж,72043971888427,169-656-455 39,"г. Карабудахкент, пр. Космодемьянской, д. 5/6 к. 5, 668994",+7 (532) 836-93-08
1199,Семенов,Афанасий,Бориславович,2002-01-17,Ж,21398302005657,238-616-018 61,"ст. Рыбинск, наб. Привокзальная, д. 6/9 стр. 951, 047735",+7 318 849 7416
1200,Третьяков,Добромысл,Владленович,2007-02-01,М,55633660235217,921-182-891 30,"г. Елец, ул. Пролетарская, д. 9 к. 747, 562330",84797688543
1201,Галкин,Ангелина,Теймуразович,1972-09-17,Ж,58295463733300,304-716-623 42,"клх Баргузин, алл. Родниковая, д. 1, 112952",+7 781 874 1465
1202,Щукин,Панкратий,Захаровна,1967-08-15,М,70704373751435,355-462-228 47,"г. Белый Яр (Томск.), пр. Дзержинского, д. 391 стр. 2/4, 815141",8 (594) 004-8965
1203,Беспалов,Аверьян,Афанасьевна,1969-06-22,М,69544956977556,123-400-152 29,"г. Ярославль, наб. Заводская, д. 7/3, 201217",+7 (209) 434-22-08
1204,Уварова,Всеслав,Ефимович,1946-12-18,Ж,98577873413723,073-571-361 87,"д. Талдом, ш. Терешковой, д. 35 стр. 9, 355995",+7 541 436 04 38
1205,Кузнецова,Владимир,Ермилович,1967-06-21,Ж,08848606414425,096-933-757 90,"к. Анадырь, пер. Молодежный, д. 4/6 стр. 6, 505296",8 370 476 8098
1206,Рогов,Николай,Аркадьевна,1967-06-27,М,50518344027554,701-429-503 36,"д. Кимры, ул. Поселковая, д. 510 к. 5, 460653",+79309666349
1207,Крылов,Павел,Матвеевич,1942-10-11,Ж,55773904554362,331-931-210 81,"п. Уренгой, пр. Орловский, д. 807 к. 996, 066688",+73316509833
1208,Бирюкова,Твердислав,Арсенович,1959-12-08,Ж,72490140543934,698-984-738 43,"ст. Суздаль, наб. Первомайская, д. 653, 962003",+7 (302) 019-26-86
1209,Ковалев,Венедикт,Эдгардович,1966-08-18,Ж,85555505181761,426-624-436 77,"клх Верхний Уфалей, ул. О.Кошевого, д. 702, 913597",+78956425275
1210,Копылова,Ермил,Бенедиктович,1995-10-05,М,79105372565633,734-348-891 90,"г. Звенигород, алл. Рабочая, д. 827 к. 1/7, 259578",8 (441) 128-48-42
1211,Герасимов,Святополк,Оскаровна,1959-04-27,Ж,74219404789136,716-168-498 99,"с. Клин, пер. Подлесный, д. 5/2 стр. 6, 097333",+7 987 038 2429
1212,Андреева,Мирослав,Робертовна,1956-08-28,М,70497344463464,749-659-131 10,"п. Заводоуковск, ул. Студенческая, д. 6 стр. 723, 608823",+7 (351) 139-52-25
1213,Суворова,Капитон,Вадимовна,1974-05-24,М,57031768101324,707-308-141 42,"к. Самара, бул. Кутузова, д. 6 к. 473, 165487",8 578 159 16 65
1214,Агафонов,Александра,Константиновна,1948-02-06,М,72864213601714,722-294-531 96,"с. Лесной (Сверд.), ш. Гражданское, д. 154 к. 485, 942079",8 199 097 98 96
1215,Прохоров,Нонна,Вадимовна,1946-04-20,М,31187087815749,167-165-670 98,"с. Усмань, наб. Стадионная, д. 9/3 стр. 638, 857940",+7 541 506 89 85
1216,Борисов,Вацлав,Альбертовна,1947-11-07,Ж,16787348085149,667-571-695 40,"г. Кандалакша, наб. Воронежская, д. 9/4 стр. 6/8, 395700",+7 684 512 24 02
1217,Зуев,Спартак,Романовна,1996-01-11,Ж,89303814760409,626-292-259 53,"п. Глазов, бул. Терешковой, д. 82, 720667",8 490 597 3037
1218,Юдин,Галина,Демидович,1999-10-10,М,45088306829481,704-967-294 27,"с. Катав-Ивановск, бул. Кооперативный, д. 347 к. 928, 397970",8 (770) 152-4244
1219,Чернов,Боян,Андреевич,1952-08-21,М,99321036740092,542-709-831 81,"ст. Лабытнанги, ул. Иванова, д. 948, 054508",+7 (759) 868-58-19
1220,Фокина,Семен,Елисеевич,2004-05-07,М,84674822328642,504-647-174 26,"г. Подольск, ш. Промышленное, д. 64 к. 711, 124181",+7 607 621 09 69
1221,Маркова,Маргарита,Владиславович,1991-01-26,М,21684720206314,109-244-329 54,"ст. Салехард, бул. Разина, д. 3 стр. 2/8, 472731",8 (897) 060-4462
1222,Морозов,Епифан,Феофанович,1973-10-12,Ж,45719916734214,211-407-813 66,"ст. Чусовой, пр. Коммунальный, д. 48, 271342",+77064922257
1223,Орехова,Светлана,Богданович,1992-10-07,М,40048952414345,646-639-718 01,"с. Каргополь, наб. Журавлева, д. 8, 975675",8 466 766 74 91
1224,Быков,Ладислав,Михайловна,2004-11-29,М,16940324221645,324-421-461 00,"к. Юровск, ш. Цветочное, д. 9, 983651",+76905918376
1225,Крюков,Елизар,Геннадьевна,1997-09-06,М,90057834108075,095-035-451 36,"п. Шилка, алл. Учительская, д. 685 к. 331, 559599",8 924 197 1665
1226,Юдин,Ермолай,Тарасович,1941-09-19,М,18117032803253,836-144-917 92,"к. Бугульма, ш. Киевское, д. 714 к. 3/7, 173702",+7 538 450 35 59
1227,Полякова,Никон,Фомич,1965-11-19,М,13121312434666,291-362-153 94,"ст. Оренбург, ул. Мира, д. 2/3, 584984",+77539360074
1228,Павлова,Велимир,Германович,1961-02-23,Ж,53336941751800,756-582-554 83,"г. Диксон, бул. 50 лет Октября, д. 1/6, 730907",+7 (948) 563-66-67
1229,Колесников,Валерьян,Гордеевич,1990-06-26,Ж,28633897547011,214-359-393 94,"п. Тобольск, ш. Учительское, д. 656 стр. 1/5, 287447",8 (064) 813-35-78
1230,Турова,Гордей,Геннадьевна,1956-07-30,Ж,44235068843939,396-062-638 23,"д. Магнитогорск, бул. Р.Люксембург, д. 5/6 к. 6, 031868",8 592 799 48 12
1231,Фролова,Анастасия,Фадеевич,1975-07-29,Ж,54827719591199,413-644-772 91,"ст. Минеральные Воды, бул. Огородный, д. 8, 823196",+7 725 882 84 42
1232,Гущина,Пров,Валерианович,2004-06-14,Ж,04559128995121,744-756-365 18,"г. Медногорск, ул. Ростовская, д. 27 к. 15, 821203",8 813 979 5196
1233,Калинина,Добромысл,Михайловна,1971-05-16,М,52405589723591,998-855-229 29,"ст. Асбест, наб. Дальневосточная, д. 9, 542205",+78729129896
1234,Самсонов,Изяслав,Денисович,1985-04-08,Ж,37063230017195,576-329-516 62,"клх Ревда (Сверд.), ш. Советской Армии, д. 9 стр. 4/8, 703036",8 386 026 87 17
1235,Харитонов,Сила,Дорофеевич,1938-02-24,М,53188658522887,617-274-600 34,"ст. Одинцово, ш. Коллективное, д. 1/4 стр. 2, 199497",+75009706440
1236,Исаева,Иванна,Харламович,1945-03-20,Ж,25346115552402,782-015-811 30,"п. Вытегра, ш. Блюхера, д. 2, 223450",8 (960) 713-7667
1237,Козлов,Варвара,Артемовна,1943-10-27,Ж,60605064051183,284-014-407 90,"д. Хабаровск, наб. Хвойная, д. 373, 615522",+71134148126
1238,Мартынова,Ульян,Богдановна,1953-07-31,Ж,65835273839688,560-694-568 47,"г. Южноуральск, пр. Карла Либкнехта, д. 2 к. 53, 949307",8 (457) 844-9023
1239,Андреев,Самуил,Эльдаровна,1999-12-31,Ж,14650286011837,691-081-898 13,"г. Вытегра, наб. Высоцкого, д. 584, 453256",8 (211) 951-10-94
1240,Владимиров,Марфа,Леоновна,1953-05-23,М,65821655146200,088-887-641 43,"п. Ессентуки, пер. Жукова, д. 7, 149354",8 (810) 732-7619
1241,Давыдова,Ювеналий,Ниловна,1940-12-30,Ж,37773110253759,335-851-514 94,"с. Кунгур, ш. Советской Армии, д. 83 к. 918, 107605",85587042537
1242,Одинцова,Руслан,Устинович,1990-10-07,М,73254966070287,372-380-571 21,"п. Шелагонцы, бул. 50 лет Победы, д. 47 к. 3, 426854",+76068895899
1243,Капустина,Изяслав,Виленович,1945-01-06,Ж,91330442179534,856-450-446 24,"клх Люберцы, пр. Рыбацкий, д. 566, 700033",8 (904) 742-12-06
1244,Евдокимова,Евгения,Тихонович,1938-05-15,Ж,58085690289170,888-072-420 75,"ст. Ухта, пр. Леонова, д. 72 стр. 7/8, 495860",+7 500 858 54 91
1245,Третьякова,Кузьма,Львовна,1988-05-16,Ж,51679212719526,171-867-096 83,"г. Борзя, наб. Островского, д. 8 к. 333, 819634",8 (130) 043-6256
1246,Яковлева,Викентий,Кузьминична,1980-10-12,М,39305818762404,661-010-619 58,"г. Тура, алл. Учительская, д. 6/4 стр. 7/2, 501818",8 (850) 374-36-12
1247,Ларионов,Артемий,Еремеевич,1958-01-17,М,61891241521219,338-730-060 32,"с. Кинешма, бул. Кочубея, д. 7 к. 2, 894520",8 (259) 403-76-49
1248,Моисеев,Ираида,Артурович,1961-10-04,Ж,30984552255494,228-514-136 32,"д. Рыбинск, алл. Ульяновская, д. 13, 613111",+7 (723) 679-0821
1249,Сысоева,Еремей,Павловна,1985-11-11,Ж,22111189098308,799-333-091 38,"ст. Анива, ул. Амурская, д. 9/2, 433586",+7 (835) 880-58-87
1250,Лыткин,Василиса,Эльдаровна,1994-09-26,М,80768790244644,235-986-484 09,"г. Долинск, ул. Водников, д. 5 стр. 52, 147689",8 (363) 915-9658
1251,Ситников,Панкратий,Кузьминична,2006-11-15,М,14034845453679,326-334-570 81,"к. Чусовой, пр. Дальний, д. 5 к. 7/6, 908957",+7 070 611 40 22
1252,Александрова,Ермил,Юрьевна,1981-08-21,Ж,96065855229509,443-604-884 86,"с. Лодейное Поле, пр. Куйбышева, д. 7/9 к. 46, 900897",+7 (036) 590-7746
1253,Шашков,Ипатий,Григорьевич,1962-01-04,Ж,40970555013334,317-274-963 18,"клх Красноуфимск, ш. Безымянное, д. 2/1, 585263",+7 (310) 785-77-88
1254,Воронцов,Панкрат,Викторович,1939-10-20,М,54201186682726,340-188-149 77,"д. Бугуруслан, бул. Подлесный, д. 2/6 стр. 531, 882763",+73946357188
1255,Брагин,Алина,Антоновна,1962-04-01,Ж,54737457147274,793-198-071 23,"с. Токма, бул. Безымянный, д. 555, 373997",8 (041) 458-86-13
1256,Вишняков,Касьян,Георгиевич,1955-12-23,М,35906328775548,400-421-099 79,"с. Адлер, бул. Кольцова, д. 7/8, 992783",8 079 890 97 89
1257,Боброва,Добромысл,Эдуардовна,1937-09-04,Ж,79833810136240,831-952-646 74,"с. Калуга, бул. Водопроводный, д. 15 стр. 5, 788488",+7 595 474 2002
1258,Беляева,Филарет,Оскаровна,1955-10-03,Ж,34371424388013,724-928-840 96,"с. Кизилюрт, бул. Луначарского, д. 67 стр. 122, 215980",8 602 224 7032
1259,Тимофеева,Зоя,Архипович,1967-09-04,М,37800684096429,385-550-793 20,"клх Губкин, наб. Индустриальная, д. 70 к. 608, 704193",8 406 415 11 82
1260,Громов,Данила,Ермилович,1950-10-13,М,32950102323213,992-858-142 73,"п. Джейрах, бул. Угольный, д. 161, 995321",+7 597 842 8143
1261,Анисимова,Любомир,Валерианович,1976-11-29,Ж,19979817630191,154-316-701 41,"клх Уфа, алл. Береговая, д. 5/6 стр. 3/1, 983273",8 529 397 25 20
1262,Панфилова,Алина,Жанович,1986-12-29,М,56791671279440,130-597-253 32,"ст. Балашиха, бул. Ивановский, д. 768 к. 9/7, 920228",8 404 026 1668
1263,Ширяева,Ираклий,Жоресович,1943-09-18,Ж,15622584819060,459-827-814 70,"к. Элиста, бул. Гаражный, д. 3/2 к. 96, 533453",+7 (843) 092-6978
1264,Соловьева,Антонина,Герасимович,1963-12-10,М,10208520564598,034-405-856 59,"д. Соликамск, наб. Петровская, д. 1 стр. 5, 920954",8 549 128 3117
1265,Брагина,Ирина,Борисовна,1974-03-22,М,94422832995874,279-630-495 50,"д. Оленегорск (Якут.), наб. Ленинградская, д. 4/9 стр. 28, 592512",+7 189 462 31 16
1266,Корнилова,Назар,Исидорович,1985-08-24,М,63630043359015,640-755-694 14,"п. Невинномысск, алл. Дарвина, д. 79 стр. 85, 416165",8 657 640 63 36
1267,Терентьев,Матвей,Яковлевич,1988-10-19,М,17110696796939,249-623-443 69,"г. Нефедова, алл. Ясная, д. 5/8 к. 5/2, 333601",+7 786 760 5345
1268,Богданов,Елизар,Игнатович,1949-01-12,Ж,65498061846487,608-576-460 36,"к. Гудермес, ш. Автомобилистов, д. 3/3 стр. 2/3, 736656",8 739 060 72 77
1269,Белякова,Гремислав,Тарасовна,1962-01-08,Ж,65761476657164,022-612-349 45,"к. Кузнецк, ул. Макарова, д. 5/9 стр. 26, 810995",8 (818) 338-07-03
1270,Дмитриева,Изяслав,Робертовна,1951-03-20,М,56670533085198,386-069-624 98,"клх Холмск, ул. Западная, д. 90, 586380",+70441616613
1271,Ефремова,Авдей,Тихонович,1962-10-18,Ж,54853961048088,057-498-758 40,"ст. Чита, пер. Высоцкого, д. 338, 935444",8 890 573 0199
1272,Юдин,Влас,Тихонович,1945-08-24,Ж,45782456636305,128-163-799 63,"п. Каменск-Шахтинский, ш. Есенина, д. 9/4, 957001",8 034 316 2923
1273,Архипова,Любим,Трофимович,1960-07-07,Ж,13433571205749,213-860-682 89,"ст. Тихорецк, ул. Морская, д. 6 к. 5/6, 107690",8 (009) 608-96-74
1274,Лобанов,Зосима,Ефимовна,1979-05-24,Ж,93457161563360,610-132-312 30,"с. Ессентуки, пер. Запорожский, д. 4/1 к. 169, 503420",8 289 580 42 48
1275,Нестеров,Варлаам,Даниловна,1945-11-22,Ж,68839211436785,873-346-676 68,"г. Ардон, пр. Снежный, д. 1/4 стр. 8/5, 438508",8 (257) 044-5542
1276,Кудрявцева,Иннокентий,Исидорович,2005-02-10,Ж,87421094380547,948-983-018 60,"к. Кетченеры, алл. Ватутина, д. 8/7 стр. 304, 098396",8 489 433 8053
1277,Доронина,Остап,Даниилович,1969-09-17,М,71678047805445,292-582-491 48,"к. Муром, алл. Фестивальная, д. 11 стр. 9, 686946",+7 841 657 14 17
1278,Бирюкова,Устин,Константиновна,1997-01-15,Ж,41056632624630,257-865-357 86,"с. Катайск, ш. Береговое, д. 22 к. 624, 154799",8 (441) 851-9968
1279,Исаков,Зоя,Владиленович,2000-11-21,М,62890823710596,023-398-047 32,"п. Кущевская, бул. Пожарского, д. 9, 162596",87185114777
1280,Шубина,Виссарион,Теймуразович,1963-01-06,Ж,15938096278611,891-928-344 02,"клх Токма, наб. Металлистов, д. 4, 408584",+7 (049) 549-28-76
1281,Шашкова,Руслан,Кузьминична,1981-08-03,М,67538668814539,241-337-332 64,"д. Малая Вишера, наб. Таежная, д. 90 к. 3, 359919",+7 (157) 864-48-29
1282,Сысоева,Пимен,Артурович,1958-04-10,Ж,05287001906246,521-225-624 43,"ст. Елабуга, алл. Почтовая, д. 7/6 стр. 6, 670370",8 (010) 955-75-38
1283,Шарова,Стоян,Наумовна,1953-01-08,Ж,57843711718569,117-818-875 81,"д. Ясный (Оренб.), алл. Заовражная, д. 97 к. 1, 195715",8 210 004 71 94
1284,Беляев,Платон,Ивановна,1980-02-27,Ж,68590037086146,391-027-423 78,"клх Ревда (Сверд.), алл. Заозерная, д. 8, 126056",+7 (926) 692-36-20
1285,Пономарев,Игнатий,Ермолаевич,1954-09-13,М,14876302986281,180-319-688 53,"п. Нижнекамск, алл. Панфилова, д. 57 стр. 9/9, 459198",8 (813) 391-72-32
1286,Титова,Спартак,Владиленович,1966-01-28,Ж,92754138705544,054-755-324 13,"ст. Сосновый Бор, ш. Авиационное, д. 2, 107178",8 (896) 753-60-04
1287,Пахомова,Фёкла,Жанович,1976-10-17,М,57942753737326,953-724-449 71,"с. Чокурдах, ул. Ленина, д. 36 к. 209, 585340",+7 (970) 895-38-97
1288,Соловьев,Платон,Ильинична,1970-10-30,М,01374896782637,692-461-059 93,"к. Малгобек, пер. Балтийский, д. 650 к. 559, 603562",8 (061) 050-09-17
1289,Калашникова,Василий,Геннадьевна,1984-11-23,Ж,37281774089884,797-531-154 51,"п. Корсаков, бул. Мельничный, д. 86 стр. 809, 188682",8 (757) 198-8723
1290,Орлов,Жанна,Феоктистович,1981-11-08,Ж,57861658413009,322-064-620 66,"д. Таштагол, пр. Промышленный, д. 2, 282963",8 (026) 492-8031
1291,Шубин,Вацлав,Даниловна,1957-05-20,Ж,26581772925783,636-812-305 32,"с. Батайск, ул. Целинная, д. 123, 388801",+7 (212) 436-52-10
1292,Степанов,Амос,Феофанович,1972-07-26,М,52050099119715,808-511-150 41,"клх Нерчинск, ш. Фабричное, д. 828, 082670",+7 (909) 738-0799
1293,Пономарев,Кондратий,Викторовна,1968-03-12,М,71910451414688,175-610-958 34,"д. Бодайбо, пр. Щорса, д. 36, 799052",+7 (347) 509-1783
1294,Кулаков,Наина,Федосеевич,1961-07-02,Ж,64058588118557,717-077-576 62,"г. Охотск, ул. Балтийская, д. 40, 735386",8 (281) 597-8007
1295,Доронина,Антонина,Артемовна,1987-09-23,Ж,16900853475507,481-444-394 46,"с. Ивдель, ш. Полтавское, д. 2 к. 438, 494155",+7 (992) 777-71-35
1296,Тарасова,Ян,Викторовна,1991-06-19,Ж,16001311378718,797-892-930 90,"п. Моршанск, наб. Сосновая, д. 790 стр. 15, 666050",8 890 255 28 89
1297,Сысоев,Евстафий,Фокич,1971-04-15,М,07041902416177,237-973-090 53,"г. Чокурдах, наб. Свободная, д. 5/8, 485502",+7 (137) 447-1565
1298,Орлов,Ерофей,Юльевна,1999-11-17,М,15007488382682,012-021-526 20,"клх Солнечногорск, наб. 8-е Марта, д. 8 стр. 886, 500697",+7 (658) 794-9231
1299,Дмитриева,Милан,Борисович,1950-06-06,Ж,08178313571909,366-176-588 18,"ст. Октябрьское (Хант.), пр. Профсоюзный, д. 2/3, 507584",83917826408
1300,Колобова,Евсей,Егорович,1972-08-17,Ж,43402885599108,771-756-635 79,"ст. Терскол, пер. Новостройка, д. 12, 738654",+7 (701) 126-9928
1301,Журавлева,Родион,Ждановна,1954-01-04,М,24976193487760,131-098-624 53,"к. Сызрань, пер. Кленовый, д. 6/3, 710684",8 665 658 40 42
1302,Анисимова,Любовь,Яковлевна,1946-11-11,Ж,03749736456712,124-987-641 55,"г. Котлас, бул. Народный, д. 79, 902829",8 (672) 207-11-35
1303,Павлов,Анастасия,Натановна,1966-05-30,Ж,36689494927836,774-473-245 71,"к. Ханты-Мансийск, пер. Прудный, д. 3/8 к. 1/5, 281771",8 (169) 944-42-83
1304,Пономарева,Наркис,Гордеевич,1959-01-27,М,47004295547120,073-168-080 68,"п. Кострома, бул. Монтажников, д. 7/8 стр. 4, 999839",+7 875 990 58 84
1305,Лихачева,Виктор,Владимировна,1977-08-12,М,82464118803467,006-169-384 73,"ст. Пенза, пр. Новый, д. 3/2, 082261",8 340 546 49 85
1306,Максимова,Адриан,Руслановна,1950-09-03,Ж,75240017550493,578-141-277 01,"п. Тотьма, пер. Театральный, д. 39 к. 923, 187400",8 (432) 628-43-23
1307,Коновалова,Севастьян,Теймуразович,1941-02-02,Ж,35672944247222,647-283-334 32,"ст. Кедровый, алл. Кавказская, д. 6/7, 758344",+7 730 981 81 92
1308,Игнатьев,Наина,Игоревна,1954-10-23,М,41296359752288,320-939-749 80,"д. Киров (Вятка), пр. Октября, д. 2 к. 6, 494444",+7 (973) 726-83-23
1309,Исаков,Ипполит,Алексеевна,1964-06-18,М,37557378513931,165-312-645 69,"к. Саров (Морд.), наб. Дружба, д. 671, 833335",8 255 013 58 41
1310,Некрасова,Феврония,Антонович,1968-06-27,М,41137320220173,822-606-868 66,"ст. Ставрополь, пер. Красных Партизан, д. 9, 399875",8 819 299 59 11
1311,Силина,Адам,Валерьянович,2006-12-19,М,49383509327532,969-486-320 13,"ст. Мостовской, алл. Ярославская, д. 79, 186641",+7 516 446 59 23
1312,Федотова,Павел,Степановна,1986-06-19,М,97826900800470,322-600-888 43,"клх Курганинск, пр. Высоковольтный, д. 405 стр. 31, 442823",8 160 109 72 89
1313,Дмитриева,Елисей,Натановна,2007-10-20,Ж,21210151060978,497-042-097 76,"г. Аршан (Бурят.), пер. Гоголя, д. 4, 942236",8 327 147 2507
1314,Сысоева,Наркис,Харитоновна,1956-03-12,М,33275094448317,493-601-616 87,"клх Архангельск, алл. Вавилова, д. 62 к. 6/9, 836391",8 (013) 898-81-02
1315,Сорокина,Любим,Юльевна,1995-07-22,М,88223358623422,342-264-101 44,"г. Новый Уренгой, ш. Разина, д. 8 к. 7/1, 125174",+7 (421) 084-3988
1316,Белозерова,Феоктист,Германович,1939-01-29,Ж,31696466802687,485-117-661 24,"клх Усть-Илимск, ш. Иванова, д. 7/5 к. 3/7, 902827",8 (469) 482-54-57
1317,Мишин,Илья,Ерофеевич,1975-08-02,М,78200137683528,137-242-046 53,"г. Сызрань, ул. Энтузиастов, д. 3/7 стр. 8/9, 002030",+73307790012
1318,Сазонова,Бронислав,Иосипович,1961-12-31,Ж,23884099555062,718-106-319 85,"клх Урус-Мартан, пр. 30 лет Победы, д. 7/5, 290651",8 512 654 73 70
1319,Некрасов,Григорий,Станиславовна,1944-03-30,М,41523877870009,854-506-935 76,"д. Гдов, алл. Шевченко, д. 4, 606203",8 (602) 070-73-73
1320,Бирюкова,Николай,Федосеевич,1941-05-06,М,31697607904660,055-931-994 93,"д. Шилка, бул. 30 лет Победы, д. 159, 879826",+7 (255) 574-19-45
1321,Калинина,Аникей,Александровна,1940-08-23,М,66036340916169,313-336-345 28,"клх Кемерово, алл. 50 лет Победы, д. 5, 581649",+76152868159
1322,Рябов,Митофан,Фадеевич,1998-11-30,М,40794917906081,257-060-298 22,"г. Мирный, ул. Специалистов, д. 6/7 к. 1, 021979",8 (647) 048-60-16
1323,Федосеев,Никон,Арсеньевич,1954-09-25,Ж,46625695125162,802-614-228 47,"д. Суздаль, наб. Красногвардейская, д. 96 стр. 994, 446358",+7 027 291 7141
1324,Соболев,Всеволод,Борисович,1960-01-08,М,90588841936263,134-946-078 18,"п. Вуктыл, бул. Заовражный, д. 3 стр. 42, 142311",8 479 704 9988
1325,Лихачева,Варвара,Давыдович,1946-01-31,Ж,20605395432845,129-938-788 43,"с. Лянтор, ул. Механическая, д. 7/5 стр. 47, 092018",8 (706) 983-2924
1326,Макаров,Богдан,Валентинович,1986-10-23,Ж,28016807328197,507-721-889 06,"клх Белый Яр (Томск.), наб. Шмидта, д. 6 стр. 14, 267161",8 (277) 539-95-43
1327,Щербакова,Вадим,Матвеевна,1993-08-30,М,11869814218592,930-044-922 94,"с. Ярославль, пр. Халтурина, д. 618, 001092",+7 737 866 5571
1328,Журавлева,Мартын,Игнатович,2001-02-12,Ж,29034138651767,372-725-906 35,"п. Геленджик, наб. Линейная, д. 209 стр. 99, 486131",+7 035 807 71 09
1329,Герасимов,Гурий,Антонович,1969-12-25,Ж,59387959638453,546-819-662 30,"ст. Сасово, пр. Курортный, д. 6/8, 815180",8 (783) 368-26-14
1330,Исакова,Любовь,Ефимьевич,1989-05-31,Ж,45575310026689,742-757-148 91,"к. Гусь-Хрустальный, ул. Кольцова, д. 4 стр. 5/5, 401586",8 849 272 54 52
1331,Комиссарова,Тарас,Геннадиевич,1955-09-22,М,40230891229439,715-010-239 41,"клх Чикола, ул. Дружбы, д. 817, 919283",+7 (495) 110-96-70
1332,Колесникова,Демьян,Ерофеевич,1944-02-22,М,16993478776297,467-930-721 78,"клх Черняховск, бул. Геологический, д. 1/1 стр. 9/5, 428734",8 763 587 3111
1333,Фадеева,Ермолай,Иосифович,1974-09-09,Ж,92586745644313,281-561-368 23,"д. Асино, наб. Парижской Коммуны, д. 784 стр. 5/1, 248018",8 (999) 717-90-84
1334,Кудрявцева,Болеслав,Жоресович,1957-03-08,Ж,77115275073613,204-063-223 62,"д. Юрьевец (Иван.), ш. Крайнее, д. 830, 661967",+7 979 697 81 62
1335,Брагин,Натан,Эдгардович,1948-04-26,М,41682659700732,127-121-519 70,"с. Кемерово, ш. Карла Либкнехта, д. 4/5, 842678",8 178 405 48 51
1336,Сидоров,Аггей,Устинович,1949-11-08,Ж,26873701449877,158-927-812 59,"клх Уэлен, пер. Магистральный, д. 4/7 стр. 5/3, 511261",+7 912 827 7565
1337,Щербаков,Эрнст,Болеславовна,1964-05-31,Ж,76732642667730,142-352-794 34,"г. Плес, ш. Водников, д. 7/5, 848605",8 413 106 66 02
1338,Крылова,Клавдия,Эдгарович,1954-12-25,Ж,94513560990148,068-106-595 03,"клх Домодедово, алл. Моховая, д. 6/1 к. 5, 226027",8 (462) 406-8375
1339,Соболева,Пелагея,Дорофеевич,1983-12-20,Ж,87023071056400,674-158-679 52,"клх Уварово, бул. Абрикосовый, д. 155 к. 6/8, 449639",+7 (148) 196-42-40
1340,Гришина,Кондрат,Святославовна,1962-01-22,Ж,65451916002226,567-992-662 43,"с. Урус-Мартан, ул. Дружбы, д. 789 стр. 9, 146921",+7 936 875 74 12
1341,Дьячкова,Дементий,Натановна,2004-08-16,Ж,76704447186941,390-408-086 28,"клх Мценск, пр. Сельский, д. 3 стр. 1/4, 912125",85353241266
1342,Константинов,Ирина,Вячеславович,1941-08-11,М,68566090288541,111-201-502 61,"ст. Красноселькуп, алл. Надежды, д. 2/5 стр. 604, 887646",8 (809) 049-5260
1343,Агафонов,Ксения,Борисович,2003-10-04,М,54641372811223,144-886-366 80,"к. Курильск, наб. Волкова, д. 3 стр. 6/8, 056284",+73290811609
1344,Кондратьева,Остап,Вячеславович,1968-12-12,М,95613615100374,921-209-698 60,"с. Мценск, ул. Коммунаров, д. 6 к. 3/4, 764691",+75785909519
1345,Мухина,Ульян,Аксёнович,1978-01-10,Ж,99056032662510,315-308-703 30,"с. Стерлитамак, пр. Фадеева, д. 1/7 к. 2, 809107",+7 (996) 722-48-55
1346,Жуков,Матвей,Дмитриевна,1996-06-02,М,03434917100357,058-334-943 74,"г. Рубцовск, пр. Энтузиастов, д. 39, 369341",+7 525 641 65 06
1347,Стрелкова,Лавр,Гордеевич,1966-05-26,Ж,05406965148268,272-563-930 09,"к. Брянск, пр. Монтажников, д. 455, 731742",+7 152 192 69 36
1348,Попов,Флорентин,Валентиновна,2002-11-08,Ж,07399551310398,688-635-941 23,"ст. Новомичуринск, ш. Химиков, д. 6 к. 87, 964225",8 385 160 31 21
1349,Игнатьева,Ян,Артурович,1976-04-06,М,42381454032741,546-422-559 22,"д. Ишим, ул. Чайкиной, д. 5 стр. 914, 297832",8 (453) 812-9166
1350,Кабанова,Арефий,Евстигнеевич,1937-01-27,М,09893687017215,184-744-000 54,"клх Жиганск, алл. Марта 8, д. 3, 272445",+7 389 347 6499
1351,Носков,Добромысл,Мироновна,1960-12-22,Ж,25377422671648,435-145-462 60,"п. Теберда, наб. Котовского, д. 2 к. 834, 449958",8 391 113 0832
1352,Чернова,Болеслав,Гаврилович,1949-09-11,М,61762519731029,833-126-528 10,"к. Щелково, пер. Серафимовича, д. 505 стр. 1, 380086",8 658 153 93 62
1353,Калинин,Иларион,Сергеевна,1968-03-26,М,93646954946592,054-888-507 32,"д. Верхний Баскунчак, алл. Коммунальная, д. 8/3 к. 3/6, 320996",8 272 507 01 20
1354,Козлов,Ульян,Еремеевич,1941-09-02,Ж,75882227248599,317-858-787 34,"п. Ульяновск, пр. 50 лет ВЛКСМ, д. 8/1 к. 47, 967280",+7 (671) 999-4650
1355,Борисов,Дорофей,Георгиевич,1981-04-01,Ж,78223949708340,626-295-364 41,"ст. Сургут (Хант.), бул. Кирова, д. 5 к. 488, 808988",+7 932 079 6448
1356,Жданова,Артемий,Харламович,1983-10-23,М,52539125525003,089-737-602 78,"п. Красная Поляна, ш. Торговое, д. 9, 630392",8 (586) 743-6048
1357,Карпова,Якуб,Архиповна,2006-04-22,Ж,33628175060947,188-806-951 31,"п. Хабаровск, пр. Путейский, д. 774 к. 4/9, 461078",+7 277 949 17 65
1358,Владимирова,Лучезар,Якубович,2004-09-12,М,23916270491418,562-333-831 67,"г. Кисловодск, алл. Дзержинского, д. 1/5 к. 295, 074552",80035920570
1359,Артемьева,Фадей,Герасимович,1953-05-03,М,26303078371642,946-125-798 12,"ст. Геленджик, пр. Кооперативный, д. 90 стр. 75, 114021",8 308 040 2761
1360,Тетерин,Селиван,Альбертовна,1949-03-29,Ж,28933234542231,778-162-142 76,"к. Самара, пр. Новостройка, д. 51, 635021",+72106114106
1361,Субботина,Кондрат,Захарьевич,1981-05-14,Ж,82009412445161,946-537-092 38,"ст. Ишим, алл. Краснодарская, д. 86 стр. 1/9, 342517",+7 135 881 2155
1362,Князева,Синклитикия,Иларионович,1953-10-12,М,48993087130161,880-411-212 61,"с. Глазов, бул. Болотный, д. 8/5, 977803",+79316393483
1363,Гурьев,Митофан,Феофанович,1977-11-28,Ж,90857471771556,489-643-224 69,"г. Тында, ул. 40 лет Победы, д. 1/4 стр. 46, 309262",+7 482 401 5217
1364,Наумова,Емельян,Аскольдовна,1950-06-17,М,01897332471525,899-967-390 31,"ст. Игнашино, ул. Павлова, д. 1 стр. 4/5, 190857",+7 (469) 867-5897
1365,Ильин,Вадим,Игнатович,1974-06-25,Ж,22709557720053,688-908-964 35,"г. Волоколамск, пр. Восьмого Марта, д. 8/2 стр. 59, 115309",+7 270 736 62 06
1366,Веселова,Татьяна,Вилорович,2003-01-16,Ж,24470996745071,623-925-265 55,"с. Подольск, пер. Красногвардейский, д. 120 стр. 7, 553040",8 (439) 387-27-07
1367,Суханова,Митофан,Вячеславовна,1964-08-27,М,35924238448232,890-171-063 78,"д. Рыбинск, ш. Харьковское, д. 69 стр. 4, 571284",+7 384 058 8704
1368,Мишина,Юрий,Оскаровна,1948-01-20,Ж,93187323351950,962-334-405 93,"п. Касимов, бул. Станиславского, д. 63 к. 358, 981488",+7 595 155 6746
1369,Елисеев,Всеволод,Гавриилович,1998-05-29,М,30063647048704,280-489-192 94,"с. Качканар, бул. Макарова, д. 4/9, 470130",+7 (760) 491-9179
1370,Степанова,Руслан,Адамович,1980-08-05,Ж,79731080271362,255-784-190 32,"г. Гдов, ш. 9 мая, д. 2/9, 607094",+7 957 241 68 58
1371,Колобова,Вера,Егоровна,1970-04-10,М,53698105340534,749-230-810 79,"к. Плес, ул. Вольная, д. 772 к. 5/6, 396259",89178027152
1372,Комиссарова,Вышеслав,Филимонович,1967-05-24,М,72263861716813,835-817-810 52,"г. Калач, пр. Ульяновский, д. 5 к. 21, 579614",+74005799798
1373,Кошелев,Ефим,Архипович,1981-11-06,Ж,22791107465506,530-200-686 52,"г. Медногорск, ш. Рабочее, д. 3, 470428",+78501367245
1374,Волков,Феликс,Георгиевна,1967-09-16,М,20085875219326,944-643-102 91,"д. Сургут (Хант.), бул. Пугачева, д. 85 к. 778, 089279",87934832948
1375,Морозов,Семен,Евсеевич,1954-08-04,Ж,68901750177547,503-168-157 36,"клх Алексин, пер. Марта 8, д. 112 стр. 139, 970476",8 954 408 8885
1376,Вишнякова,Автоном,Герасимович,2002-03-19,М,21930418084829,604-620-873 84,"п. Волгодонск, ш. Черняховского, д. 44 к. 7/9, 523815",+77432995575
1377,Исаев,Изот,Тарасовна,2007-06-23,М,35065413907443,297-920-222 12,"клх Алапаевск, алл. Прудовая, д. 98 стр. 1/3, 005206",+7 084 106 97 77
1378,Муравьев,Евгений,Викентьевич,1968-05-31,М,86377364217857,228-043-691 74,"д. Белорецк, пер. Спартака, д. 991 стр. 298, 455275",+7 (700) 410-2336
1379,Ермакова,Гордей,Артемовна,1986-12-03,Ж,41169277038931,364-903-657 16,"д. Кижи, пер. Красноармейский, д. 901, 540574",+78703817174
1380,Меркушев,Корнил,Валериевна,1938-06-24,Ж,79232853373623,057-620-726 69,"д. Норильск, ш. Лазо, д. 91 стр. 3/6, 956394",8 (742) 243-4909
1381,Пахомова,Евстигней,Федоровна,1970-01-04,М,26926344483041,054-589-601 93,"ст. Зеленогорск (Ленин.), пр. Тюленина, д. 7 стр. 9/1, 345710",8 (178) 065-50-26
1382,Кошелев,Савелий,Венедиктович,1953-08-14,Ж,31464202076579,667-581-343 44,"ст. Оленек, алл. Инженерная, д. 7/7 стр. 97, 120459",8 (767) 404-95-06
1383,Моисеева,Ангелина,Валериевна,1958-02-15,Ж,51911556529278,136-248-046 77,"д. Ковров, наб. Трактовая, д. 97 стр. 3/7, 141350",+7 (978) 514-1201
1384,Куликов,Тамара,Васильевна,1938-10-08,М,67736852374761,155-849-738 40,"г. Бирск, ш. Малое, д. 124 к. 7/7, 861986",8 453 383 73 31
1385,Тарасов,Порфирий,Юльевна,1976-07-01,М,76031077735339,641-441-275 79,"с. Дивногорск, пер. Курортный, д. 3, 120987",8 546 700 4758
1386,Русаков,Аникей,Эльдаровна,1948-12-09,М,28087034116386,101-083-015 35,"д. Апатиты, ш. Энгельса, д. 1/9, 384196",+7 (841) 944-74-69
1387,Павлов,Мария,Иосипович,2002-11-23,Ж,92321839576853,893-356-241 95,"ст. Усть-Катав, алл. Песочная, д. 97 к. 9/6, 879673",8 (995) 688-08-59
1388,Александрова,Орест,Феодосьевич,1982-12-05,М,21634878648010,511-842-641 02,"к. Тырныауз, наб. Энергетиков, д. 9/9, 835262",8 (382) 760-67-06
1389,Калинин,Михей,Абрамович,1946-05-28,М,79261198095606,993-232-367 36,"клх Барнаул, ш. Беляева, д. 21, 202722",+7 631 741 99 38
1390,Сорокина,Владимир,Ильинична,1996-09-20,Ж,33409586354692,326-624-299 66,"ст. Северодвинск, алл. Добролюбова, д. 4/4 к. 922, 023706",+7 931 417 3361
1391,Филиппов,Игорь,Валентиновна,1965-01-21,М,38189454975152,385-897-250 67,"п. Далматово, ш. Проточное, д. 1/1 стр. 41, 644390",+7 533 958 33 26
1392,Молчанов,Андрон,Юльевна,1937-03-22,Ж,12818489364590,300-679-913 46,"клх Армавир, наб. Димитрова, д. 821 к. 8, 672340",8 887 727 53 86
1393,Гуляев,Ульян,Владиславовна,2001-08-14,М,07342180893169,823-799-534 20,"с. Тверь, пр. Вольный, д. 3, 756529",8 (053) 036-1004
1394,Егорова,Платон,Дмитриевна,1938-03-14,Ж,51001995009872,646-271-675 20,"ст. Нальчик, ул. Павлова, д. 3/4 к. 5/3, 742589",+7 995 974 65 19
1395,Беляева,Лавр,Федосьевич,1986-05-24,М,63160328889489,789-417-263 52,"клх Туруханск, ш. Прибрежное, д. 143, 520029",8 (904) 269-8087
1396,Макарова,Дементий,Жанович,1967-08-20,М,46709978506161,312-178-888 16,"с. Печенга, пер. Металлургов, д. 3 стр. 43, 446117",85495711704
1397,Сидорова,Исай,Ефимовна,1977-07-23,М,15361451831321,816-704-915 61,"с. Губаха, ул. Ульянова, д. 9/6 к. 164, 400584",+75128272942
1398,Корнилова,Терентий,Геннадьевна,1945-09-15,Ж,16649724832595,748-591-337 59,"к. Ноябрьск, алл. Портовая, д. 287 стр. 5/7, 568929",+7 (476) 807-25-79
1399,Доронин,Мир,Дмитриевна,1945-05-09,Ж,31546367621360,629-494-472 72,"к. Суздаль, пер. Тюленина, д. 2 к. 994, 336399",8 014 471 59 97
1400,Попова,Василиса,Юрьевна,1945-09-07,М,94459596140977,418-412-640 53,"д. Кижи, алл. Леонова, д. 8/4, 572186",+75326169174
1401,Романова,Феофан,Гурьевич,1973-04-10,М,52279180554700,688-730-296 20,"клх Котельнич, пр. Большевистский, д. 797, 827128",8 (263) 109-6872
1402,Дементьев,Ладимир,Андреевич,1995-04-30,Ж,74881682043281,277-317-742 78,"с. Урюпинск, пер. Чайкиной, д. 34 стр. 6/9, 406505",8 (095) 316-4705
1403,Николаева,Алевтина,Евсеевич,1998-11-23,М,53407328456889,322-817-108 22,"г. Качканар, наб. Ильича, д. 6/4, 678358",8 (454) 908-6781
1404,Гаврилов,Сила,Константиновна,1954-08-09,М,31196764758335,663-882-822 70,"с. Серебряные Пруды, алл. Спортивная, д. 3 к. 1, 702368",+7 046 363 20 15
1405,Кулагина,Ладимир,Матвеевич,1945-02-22,М,21491228673194,194-926-511 85,"г. Иркутск, алл. Звездная, д. 3 стр. 780, 249201",8 (435) 973-0980
1406,Зыков,Лучезар,Харитонович,1955-04-16,Ж,73801658456324,540-536-065 68,"к. Якша, ш. Радищева, д. 81, 296229",+7 (346) 718-44-61
1407,Ширяева,Потап,Геннадиевич,1954-07-18,Ж,74307667400184,766-995-359 60,"п. Кызыл, пер. Ударный, д. 7/6, 056224",8 (180) 388-14-37
1408,Ершов,Аристарх,Ермилович,1978-08-05,М,82609600750797,522-178-066 77,"д. Чегем, ул. Ленинградская, д. 4/7, 263361",8 (913) 559-6572
1409,Тетерин,Галактион,Аркадьевна,2002-06-20,Ж,81841476238026,709-461-867 71,"г. Торжок, наб. Фадеева, д. 249, 936322",8 (029) 798-0134
1410,Лыткин,Георгий,Робертовна,1941-03-17,М,96738667519653,767-039-274 99,"п. Урюпинск, пер. Азина, д. 1, 308336",+7 146 715 1188
1411,Павлова,Федор,Мироновна,1960-06-28,Ж,70322489136043,745-576-639 40,"с. Надым, ш. Бульварное, д. 87 стр. 5, 922701",82467595796
1412,Тихонов,Иннокентий,Харламович,1951-10-07,М,19351708716508,170-376-135 24,"с. Челябинск, наб. Слободская, д. 6 к. 5, 724475",+7 (987) 920-1482
1413,Зыкова,Юлий,Владленович,1962-07-07,М,79259968650660,116-558-651 15,"к. Ногинск (Моск.), пер. Пушкинский, д. 706 к. 856, 213600",8 (438) 006-3993
1414,Кузнецова,Тарас,Викентьевич,1968-08-18,Ж,69109978721916,309-165-168 00,"п. Волоколамск, алл. Тургенева, д. 1/1 к. 95, 170200",8 550 187 8900
1415,Суханова,Любосмысл,Гаврилович,1971-04-24,М,23255433492321,243-025-833 03,"п. Двинской, пр. Челюскинцев, д. 547, 730981",+7 078 087 66 78
1416,Костин,Мартьян,Гертрудович,1962-05-27,М,43357843701180,336-136-375 06,"г. Кетченеры, бул. Грибоедова, д. 416, 845736",+7 (530) 342-60-27
1417,Шубина,Измаил,Гаврилович,1952-12-01,Ж,69927287022940,097-511-029 39,"д. Чайковский, наб. Правды, д. 9/6 к. 5/6, 713032",82844221384
1418,Чернова,Елизар,Григорьевич,1952-11-02,Ж,13300042956030,293-095-872 02,"к. Елабуга, ул. Коллективная, д. 6, 931860",8 231 438 74 43
1419,Кузнецова,Иннокентий,Абрамович,1983-02-28,М,35962763009763,252-739-767 48,"д. Витим, алл. Октябрьская, д. 67 к. 5/2, 314013",88878429533
1420,Суворова,Роман,Бориславович,2005-06-17,Ж,94284088856380,285-212-004 16,"клх Вилюйск, наб. Кольцова, д. 9 к. 1/4, 187039",8 088 884 2359
1421,Лобанов,Авксентий,Венедиктович,1944-11-07,Ж,69806813563622,446-265-561 57,"ст. Киржач, бул. Чайковского, д. 872 к. 9, 792705",89446173536
1422,Макаров,Панкрат,Максимовна,2003-07-19,Ж,44706740912602,870-071-106 48,"ст. Каменномостский, наб. Тукая, д. 9/1, 881484",8 (946) 541-1242
1423,Селиверстова,Гаврила,Валериевна,1991-05-29,М,06913821729521,866-782-396 75,"с. Обнинск, наб. М.Горького, д. 97 стр. 9/6, 971189",8 (248) 187-06-33
1424,Пестов,Агафья,Антоновна,1997-06-24,Ж,47267326813615,936-407-620 28,"с. Меренга, пер. Космонавтов, д. 3/5 стр. 532, 912314",+7 421 582 54 51
1425,Овчинников,Ефим,Ефремович,1965-02-01,М,82500869920510,341-594-928 34,"д. Котельнич, ш. Театральное, д. 1/7 к. 277, 976423",8 917 032 42 23
1426,Воронцов,Архип,Фокич,1997-08-28,Ж,92117005245960,901-271-720 98,"п. Саянск, бул. Поперечный, д. 61, 119971",8 (862) 561-56-36
1427,Кузьмина,Тит,Трифонович,1972-07-22,М,65045696062853,674-928-187 11,"п. Нижний Новгород, алл. Пригородная, д. 23 к. 127, 454783",89049791030
1428,Мартынова,Епифан,Давидович,2000-01-19,М,99161850297670,644-093-057 76,"г. Орел, бул. Сенной, д. 1/1 стр. 5, 863574",+7 885 174 4441
1429,Мартынов,София,Андреевна,1953-02-10,Ж,58235526373380,617-799-890 43,"г. Переславль-Залесский, ул. Центральная, д. 6, 761404",8 (687) 169-0733
1430,Кузьмина,Галактион,Федоровна,1949-12-22,М,09200911498921,685-098-947 93,"к. Павловская, ул. 60 лет СССР, д. 709 стр. 933, 238223",8 375 572 7059
1431,Белоусов,Раиса,Егоровна,1978-08-03,М,01887206965776,778-871-308 48,"п. Абинск, пр. Шмидта, д. 62, 898657",+78936706197
1432,Гордеева,Мирон,Августович,1935-10-10,Ж,38140438801531,500-583-534 85,"к. Мыс Шмидта, ул. Томская, д. 578 к. 77, 183257",88169535246
1433,Некрасова,Христофор,Геннадиевич,1993-08-21,Ж,04259904019395,898-184-324 45,"ст. Кировск (Ленин.), бул. Казанский, д. 6 к. 922, 952938",+7 (106) 286-85-21
1434,Колесникова,Андроник,Анатольевич,1997-08-29,М,35901325704414,822-430-259 58,"с. Карпинск, ш. Проточное, д. 5/3 стр. 1/9, 502625",89143539595
1435,Авдеев,Эраст,Валерьевич,1998-09-21,Ж,20703679889373,630-152-773 74,"д. Малоярославец, пер. Культуры, д. 252 к. 5, 900255",8 (782) 573-1302
1436,Веселов,Амвросий,Даниилович,1997-01-23,Ж,35405334016478,506-093-371 98,"д. Моршанск, ул. Мельничная, д. 646, 819322",+7 615 250 1917
1437,Силин,Эраст,Яковлевич,1995-08-23,М,95047006225017,759-174-890 92,"с. Анадырь, наб. Бригадная, д. 1/8 стр. 166, 796527",+7 (983) 112-5982
1438,Матвеев,Борислав,Якубович,2008-05-19,М,70162444516961,370-340-849 78,"г. Мончегорск, ул. Кленовая, д. 5/4 стр. 29, 654594",8 (062) 095-2795
1439,Козлова,Алевтина,Эльдаровна,1989-03-13,М,07250933302068,220-538-452 81,"д. Снежногорск (Мурм.), наб. Волкова, д. 3 стр. 72, 103821",+7 862 050 25 51
1440,Мартынов,Анисим,Богдановна,1988-10-26,Ж,29426497707034,562-155-527 42,"д. Волхов, наб. Водников, д. 5 стр. 590, 490654",8 (829) 240-98-86
1441,Ефремова,Парфен,Трофимович,1945-06-28,М,18700749890061,802-031-556 77,"г. Приморско-Ахтарск, наб. Авиационная, д. 5, 507654",8 (889) 155-93-98
1442,Григорьева,Рубен,Эдгардович,1984-10-16,Ж,14258074221203,736-001-452 32,"ст. Юрюзань, ш. Рязанское, д. 50, 793953",8 (430) 718-4660
1443,Фролова,Александр,Демьянович,1980-05-29,М,14903331393605,720-731-156 76,"д. Ростов, пер. Шахтерский, д. 4/1 к. 961, 303879",+72634054755
1444,Куликов,Мариан,Руслановна,1990-03-01,М,98322991812809,191-770-198 27,"с. Чита, пр. Минина, д. 9 к. 7/7, 217744",+71565743759
1445,Федорова,Доброслав,Ерофеевич,2007-12-23,М,13281801295584,457-352-640 71,"п. Всеволожск, наб. Автомобилистов, д. 3, 404564",8 431 290 3826
1446,Кабанов,Валерьян,Витальевич,1970-03-10,М,72992633700951,139-122-276 15,"к. Вендинга, пер. Монтажников, д. 3, 318583",+7 329 757 03 40
1447,Федотова,Пров,Валерианович,2008-04-26,Ж,14854362748187,317-852-976 42,"д. Мокшан, пер. Амурский, д. 2/8, 869274",+7 (900) 391-61-02
1448,Васильева,Болеслав,Борисович,1949-11-20,Ж,17040478737480,521-702-073 97,"с. Кинешма, пр. Карьерный, д. 9, 077196",8 (674) 166-06-48
1449,Ларионов,Ульян,Леонидовна,2006-09-14,Ж,84442450498864,538-684-512 65,"с. Раменское, алл. Приозерная, д. 6 к. 55, 783211",+7 (681) 868-50-63
1450,Кириллов,Любосмысл,Андреевна,1981-11-03,Ж,69771045688263,424-235-928 87,"к. Двинской, ул. Санаторная, д. 3/8 к. 95, 182114",+7 848 742 6154
1451,Колобов,Виктор,Феликсовна,1958-08-21,Ж,16275733200611,936-895-297 48,"ст. Калязин, бул. Гайдара, д. 63, 596383",8 (460) 749-1698
1452,Владимирова,Владилен,Жоресович,1979-12-08,М,56139604751042,425-846-589 93,"ст. Находка, ул. Никитина, д. 9/6 к. 58, 084772",8 (972) 809-27-71
1453,Кириллов,Август,Адрианович,1974-03-23,М,64087981736188,575-245-216 42,"г. Томпа, пер. Радужный, д. 5, 211215",84633381798
1454,Селезнев,Гедеон,Феоктистович,1992-08-16,Ж,90177069053370,193-639-986 51,"с. Красновишерск, алл. Революции, д. 654 к. 11, 671258",+70476083073
1455,Прохоров,Клавдий,Федосеевич,1941-12-19,Ж,07974076856449,255-933-488 69,"с. Усмань, ул. Кедровая, д. 80, 465317",8 959 627 4233
1456,Моисеев,Василиса,Валерьевич,1956-03-31,М,83437037526968,575-391-691 39,"д. Шумиха, алл. Полярная, д. 7/7, 639848",+7 172 251 25 74
1457,Семенова,Викторин,Иларионович,1963-11-13,Ж,24606398180855,420-609-939 60,"д. Хоста, наб. Прибрежная, д. 1 стр. 2/8, 238207",8 113 486 5796
1458,Кудряшова,Федосий,Брониславович,1937-01-29,Ж,32022401732815,954-312-467 40,"г. Малгобек, пр. Сельский, д. 2, 958736",+7 634 051 3005
1459,Стрелков,Дорофей,Даниилович,1986-04-19,М,32791823316716,299-681-754 81,"ст. Губкинский, бул. Лазурный, д. 35 стр. 156, 324746",8 (792) 718-5513
1460,Колобов,Аполлинарий,Глебович,1983-04-13,Ж,97978087841786,793-936-939 49,"п. Артем, ул. Высокая, д. 3, 048114",8 813 893 31 38
1461,Самойлов,Евстафий,Леоновна,1974-10-11,Ж,92352493710417,628-510-301 64,"г. Киренск, бул. Семашко, д. 3/2 стр. 188, 904389",+7 148 219 91 20
1462,Ситников,Гедеон,Эдуардовна,1969-12-25,Ж,41850166415099,575-681-134 31,"ст. Йошкар-Ола, алл. Мирная, д. 4 стр. 38, 359634",8 (262) 471-93-91
1463,Одинцов,Лукьян,Владленович,1995-11-08,Ж,73087240364800,254-064-676 51,"с. Тамбов, наб. Новосельская, д. 29 стр. 73, 564414",83001590382
1464,Панфилов,Агап,Данилович,1941-11-14,Ж,92283436445663,090-669-580 49,"с. Плесецк, наб. Макаренко, д. 2 к. 8, 792300",+7 (883) 492-84-45
1465,Лапин,Раиса,Анатольевич,2000-02-19,Ж,42982803794400,010-568-977 90,"ст. Красноуфимск, пр. Свободы, д. 3 стр. 71, 892869",8 (979) 348-59-63
1466,Артемьева,Мирослав,Харламович,1952-06-28,М,23152605794815,758-100-154 47,"п. Кудымкар, пр. Белорусский, д. 9/5 к. 102, 287078",86178322509
1467,Горбунова,Василий,Тарасовна,1985-07-27,Ж,57322223260175,426-988-320 99,"к. Дудинка, наб. Енисейская, д. 961, 567278",8 730 239 4847
1468,Гаврилова,Пров,Артурович,1972-01-05,Ж,67339092137018,327-403-169 47,"к. Верещагино (Перм.), пер. Рябиновый, д. 8 стр. 6/2, 021864",8 982 194 1517
1469,Зыков,Светлана,Демьянович,2005-01-29,Ж,61890854030325,355-599-539 72,"ст. Псебай, ул. Марта 8, д. 3, 922597",+7 (967) 071-0601
1470,Панфилова,Регина,Архипович,1967-02-07,Ж,03223235433745,365-602-674 12,"п. Тикси, наб. Матросова, д. 3/3, 972484",+7 (960) 996-0793
1471,Герасимова,Богдан,Абрамович,1983-01-23,М,15071081653598,515-320-928 35,"п. Кырен, пер. Толстого, д. 315 стр. 506, 157799",+7 (246) 964-9289
1472,Князев,Евстигней,Святославовна,2007-04-30,Ж,99968012669930,054-764-249 44,"ст. Ульяновск, пер. Хуторской, д. 65, 266917",8 (272) 972-1369
1473,Маслова,Азарий,Анатольевна,1989-01-27,М,60229631650124,040-341-760 97,"с. Сосновый Бор, ш. Полтавское, д. 5/1 к. 8, 420866",+77863594301
1474,Горбачева,Геннадий,Васильевич,1988-03-15,Ж,94153543187050,982-216-259 32,"г. Тотьма, бул. Юбилейный, д. 5/4 к. 24, 232528",8 (440) 291-33-22
1475,Кондратьев,Панфил,Адамович,1963-08-14,М,92191658064385,512-998-663 18,"д. Костомукша, пер. Микрорайон, д. 1/5, 350773",+7 885 937 75 33
1476,Филатов,Чеслав,Кузьминична,1970-07-13,Ж,09533243350698,443-389-025 47,"с. Урус-Мартан, ш. Льва Толстого, д. 5/5, 678689",+7 (685) 512-70-11
1477,Федорова,Людмила,Гертрудович,1992-10-02,Ж,06370554565154,142-386-145 09,"п. Усть-Катав, алл. Крылова, д. 240, 119050",+74281645808
1478,Рябов,Ананий,Евгеньевна,1989-06-20,М,35519726344556,582-476-825 84,"п. Дудинка, наб. Московская, д. 116, 268496",8 (776) 192-02-97
1479,Брагин,Иосиф,Феоктистович,1996-03-14,М,55579431936671,162-535-229 38,"ст. Цимлянск, ул. Металлургов, д. 67 стр. 37, 513158",8 207 138 94 77
1480,Лыткина,Глафира,Афанасьевна,1981-03-08,Ж,40794539341123,646-285-069 67,"с. Курган, наб. Садовая, д. 6 к. 637, 160557",+7 478 712 3728
1481,Субботин,Лидия,Данилович,1984-08-30,Ж,76856429653999,095-471-774 16,"к. Лабинск, пер. Льва Толстого, д. 751 стр. 108, 435835",+7 006 707 60 34
1482,Потапова,Михей,Гурьевич,1938-02-03,Ж,07341527421281,330-943-801 80,"ст. Калач-на-Дону, наб. Загородная, д. 16 к. 826, 586189",+72062488782
1483,Лаврентьева,Галина,Аксёнович,1957-05-02,Ж,82536552205384,803-025-157 16,"клх Макаров, пр. Деповский, д. 19 к. 5, 850711",+7 (835) 146-3547
1484,Лаврентьев,Модест,Антоновна,1973-03-01,Ж,88547620693486,737-021-976 17,"п. Раменское, бул. Народный, д. 3/3 к. 6, 458850",+7 829 990 91 01
1485,Макаров,Данила,Матвеевич,1968-11-02,М,90019907394883,403-906-077 18,"ст. Шали, ул. Окружная, д. 6 к. 958, 024469",+73974225779
1486,Архипова,Сократ,Гурьевич,1936-09-30,Ж,42145382332130,193-868-226 72,"с. Волгодонск, пер. Высотный, д. 26, 756297",8 (823) 553-1844
1487,Мамонтова,Леон,Максимовна,1988-07-23,Ж,90488356347168,801-771-086 96,"г. Пенза, ул. Больничная, д. 63 к. 5/2, 077142",+7 054 351 37 18
1488,Абрамов,Лора,Дорофеевич,2002-04-09,Ж,99229108077858,599-192-892 17,"ст. Беслан, пер. Заовражный, д. 8, 264616",+7 501 860 50 35
1489,Виноградов,Наина,Руслановна,1937-03-24,М,78611407670347,008-263-746 46,"клх Нефтеюганск, бул. Никитина, д. 8, 219893",8 (359) 301-6849
1490,Доронин,Аркадий,Феофанович,1944-06-08,Ж,99257511714403,428-756-731 10,"с. Орехово-Зуево, ш. Саратовское, д. 2/3, 154098",8 691 039 3481
1491,Андреев,Аристарх,Демьянович,1961-06-28,Ж,45393174221659,811-579-136 78,"ст. Саров (Морд.), алл. Привокзальная, д. 4/7 стр. 94, 729713",+7 158 250 84 34
1492,Казакова,Доброслав,Бенедиктович,1951-05-30,Ж,21828829145470,543-321-259 54,"клх Кыштым, бул. Рыбацкий, д. 12 к. 9/2, 508989",+70816723369
1493,Емельянов,Мокей,Бориславович,1941-05-27,М,73851534356794,154-094-617 45,"п. Сунтар, ш. Партизанское, д. 287 стр. 2, 006340",86129926236
1494,Поляков,Тихон,Святославовна,1950-08-03,М,57977642378850,790-475-523 03,"клх Андреаполь, алл. Курская, д. 19, 112493",+71582212151
1495,Ершов,Аникей,Афанасьевна,1935-06-26,Ж,98950665935614,008-145-286 06,"с. Меренга, пр. Юбилейный, д. 5/6 к. 52, 989763",81600769416
1496,Кулагин,Евфросиния,Анатольевна,1998-08-31,Ж,01529506354167,853-044-567 59,"п. Дербент, наб. Санаторная, д. 15 стр. 2, 274816",+7 (698) 520-56-60
1497,Харитонов,Ираида,Вадимовна,1961-10-17,М,21974656382569,028-761-976 81,"г. Гудермес, ул. Тюленина, д. 1 стр. 48, 500319",+7 857 882 5842
1498,Фомин,Адам,Якубович,1986-10-08,М,52077486025637,811-690-972 73,"к. Сызрань, пер. Металлургов, д. 9 к. 1, 228619",8 (272) 606-5768
1499,Филиппов,Татьяна,Максимовна,1994-10-29,М,72824197868042,887-892-598 67,"г. Шерегеш, наб. Волжская, д. 8 к. 376, 967289",+7 (576) 555-14-65
1500,Фролова,Фрол,Юльевич,1966-09-01,Ж,14309953218931,530-586-548 33,"с. Вуктыл, ул. 8-е Марта, д. 3 стр. 2, 975667",+7 752 409 75 86
1501,Рябов,Иосиф,Ивановна,1966-10-05,М,47495004418500,603-079-843 63,"г. Мостовской, пр. Суворова, д. 4/5 стр. 748, 841370",8 (870) 330-14-11
1502,Петрова,Геннадий,Терентьевич,1943-02-18,М,60682179764670,574-205-008 00,"д. Екатеринбург, ул. Маркса, д. 20 к. 199, 887090",80423266345
1503,Брагин,Леонид,Игоревич,1940-04-24,М,40794259220213,952-076-435 93,"с. Горячий Ключ, пер. Краснознаменный, д. 1/2 стр. 8, 441662",+7 459 848 47 16
1504,Антонова,Прасковья,Ждановна,1965-11-08,М,61756826814155,014-570-040 17,"с. Наро-Фоминск, ул. Пушкинская, д. 78 стр. 931, 955701",8 016 199 59 42
1505,Шубин,Иванна,Денисович,1979-09-01,Ж,25370942065999,544-080-995 89,"ст. Гатчина, наб. Фрунзе, д. 4/1 стр. 89, 251883",+7 (895) 349-1026
1506,Савельев,Эдуард,Альбертовна,1992-04-10,Ж,49354499707554,538-822-340 91,"ст. Тверь, пер. Ломоносова, д. 5/4 стр. 86, 827598",8 (680) 798-10-51
1507,Исакова,Игнатий,Борисович,1977-03-15,Ж,69299338634587,236-362-858 49,"ст. Красноярск, пр. Ватутина, д. 4/9 к. 9/9, 507451",+7 524 718 71 00
1508,Васильев,Светлана,Герасимович,1935-08-09,М,03527517286324,948-783-600 29,"клх Новороссийск, пер. Воронежский, д. 246 стр. 3/8, 189138",8 (721) 728-3606
1509,Фролова,Натан,Федосьевич,2004-03-23,М,44879493173322,062-480-727 43,"с. Холмогоры, ш. Полярное, д. 5/4, 205024",+7 905 083 4503
1510,Зиновьева,Радислав,Харитоновна,1967-03-04,Ж,50926925261751,541-882-287 00,"ст. Кедровый, ш. Целинное, д. 39 к. 42, 445122",8 (607) 866-07-64
1511,Игнатьев,Анна,Кузьминична,1952-09-22,Ж,07077135992331,289-985-118 60,"п. Камышлов, ул. Тракторная, д. 3/6, 489466",8 (465) 505-75-19
1512,Лукин,Игнатий,Дмитриевич,1952-11-09,Ж,54825085115494,750-465-342 54,"ст. Таштагол, ул. Курская, д. 16 стр. 89, 805796",8 (733) 520-1889
1513,Буров,Николай,Бенедиктович,1947-01-13,Ж,09763028665358,189-857-917 21,"д. Тюмень, бул. Заовражный, д. 6, 510934",8 673 088 04 80
1514,Федорова,Вадим,Всеволодович,2001-05-19,М,27460011156631,108-485-579 39,"п. Красновишерск, ул. Февральская, д. 7/7, 484615",81014529717
1515,Шестакова,Егор,Павловна,1936-07-15,М,43113875093106,173-559-971 77,"ст. Гагарин, пр. Рязанский, д. 316 к. 6, 454797",+7 (808) 937-25-95
1516,Лапина,Пахом,Борисович,1988-10-04,Ж,89837501481027,036-465-761 05,"п. Калачинск, пр. Мелиораторов, д. 4 стр. 5, 780152",8 074 869 93 58
1517,Сазонова,Станимир,Геннадиевич,2001-06-06,Ж,84791665914445,032-312-489 14,"к. Губкин, наб. З.Космодемьянской, д. 759 стр. 5, 827372",+7 416 893 9424
1518,Журавлев,Станислав,Жоресович,1937-11-25,Ж,48900606708762,408-283-300 92,"п. Тотьма, алл. Водопроводная, д. 8 к. 826, 182571",8 773 175 3639
1519,Белозеров,Тимофей,Сергеевна,1987-07-05,Ж,90361843968229,833-691-957 17,"г. Калязин, бул. Нахимова, д. 5/5, 589689",8 (482) 875-83-31
1520,Андреева,Валерия,Демьянович,1937-12-01,М,21573208361622,879-473-110 98,"ст. Магас, ш. Боровое, д. 2/2 стр. 73, 885701",8 896 719 6526
1521,Суханова,Изяслав,Максимовна,1936-09-16,М,26698032739966,629-091-374 12,"клх Саратов, бул. Циолковского, д. 4/6 к. 382, 473019",+7 (490) 748-82-41
1522,Мишина,Трофим,Гордеевич,1964-11-24,М,56720719014734,272-208-958 09,"к. Бугуруслан, ш. Дальневосточное, д. 3/3 к. 768, 364389",+71523598202
1523,Молчанова,Филимон,Евгеньевна,1941-02-19,М,16651517477234,366-647-984 65,"п. Новороссийка, наб. Пархоменко, д. 315, 650960",+7 (075) 856-9396
1524,Бирюкова,Игорь,Васильевич,1959-01-09,Ж,99194576343399,712-363-061 93,"клх Бирск, ул. З.Космодемьянской, д. 9/1 к. 287, 699341",+7 556 724 2742
1525,Виноградов,Алла,Захаровна,1995-09-19,Ж,84271713756486,714-364-893 61,"д. Александров Гай, пер. Беляева, д. 602 стр. 388, 602533",+74110220139
1526,Федотов,Аскольд,Фадеевич,1938-10-30,М,92289370997263,329-330-023 28,"г. Диксон, ул. Дорожная, д. 3/3 к. 2, 486006",+79882476902
1527,Никитина,Агафон,Оскаровна,1959-04-01,Ж,76999045082026,927-829-725 39,"к. Моздок, пр. Физкультурный, д. 712, 908564",+7 (206) 593-1248
1528,Архипов,Синклитикия,Святославовна,2007-10-28,Ж,27906545734854,132-366-162 52,"клх Усть-Ишим, пер. Кочубея, д. 53, 520452",+72052673889
1529,Фомичева,Агап,Ждановна,1996-11-25,Ж,61318763954002,202-678-869 51,"клх Абинск, пр. Кооперативный, д. 47 к. 338, 000390",+7 108 009 28 21
1530,Ермакова,Авдей,Герасимович,2007-07-23,М,78151417892654,016-242-955 53,"д. Сосногорск, ул. Крупской, д. 3 стр. 60, 283715",8 (754) 496-3242
1531,Логинов,Никифор,Трофимович,1943-05-09,Ж,47294842209001,431-016-097 06,"к. Костомукша, алл. Абрикосовая, д. 693, 805423",+7 (574) 151-8134
1532,Тетерина,Демьян,Леоновна,2005-05-31,Ж,15147399053799,915-572-876 84,"с. Губаха, пер. Технический, д. 2/4 стр. 3/5, 419173",85932954405
1533,Архипова,Лучезар,Евстигнеевич,1987-12-18,М,32182700626861,084-476-077 98,"д. Псебай, наб. Красноярская, д. 93 к. 3, 880496",+7 (525) 580-31-53
1534,Жукова,Ольга,Игнатьевич,1964-09-30,М,13135214857517,431-926-219 73,"к. Сеймчан, пр. Нахимова, д. 3, 866019",+76116081074
1535,Ефимова,Мартын,Владиленович,1983-09-12,М,48615085511080,306-154-710 57,"п. Ялуторовск, ул. Высокая, д. 519 к. 27, 036660",8 328 798 81 59
1536,Некрасов,Лукия,Кузьминична,1981-04-05,М,60695599152427,509-016-153 64,"ст. Бологое, алл. Черноморская, д. 103 к. 345, 823509",8 888 831 14 96
1537,Афанасьев,Зинаида,Яковлевич,1991-06-24,Ж,76844412191706,221-789-426 03,"г. Каспийск, пер. Рабочий, д. 29 стр. 5, 594283",88112105970
1538,Шарапова,Борислав,Гаврилович,1970-12-19,М,42360256732291,712-320-955 40,"п. Октябрьский (Башк.), пер. Баумана, д. 148 стр. 70, 569300",80387556761
1539,Абрамов,Карл,Гавриилович,1953-03-22,Ж,33443047142720,513-954-149 16,"г. Егорьевск, наб. Братская, д. 7 стр. 396, 268625",+7 377 276 90 55
1540,Терентьев,Эмиль,Августович,2005-04-07,М,48310344694307,498-209-768 12,"ст. Борзя, алл. Братская, д. 6/2 стр. 562, 205203",+7 657 128 7533
1541,Казакова,Константин,Юльевич,1938-03-02,Ж,80136049474214,254-827-189 80,"с. Партизанск, алл. Краснодарская, д. 3/6 стр. 8, 721769",89590530443
1542,Воронцова,Боян,Ефимовна,1999-02-26,Ж,40639590700974,073-397-351 09,"клх Касимов, пер. Марта 8, д. 99, 914693",8 663 918 90 09
1543,Фролов,Сидор,Михайловна,1935-07-12,М,73218951419734,860-717-754 50,"клх Пенза, бул. Войкова, д. 847 стр. 401, 978719",+7 392 117 05 94
1544,Гуляев,Назар,Валентиновна,1988-07-08,Ж,14797938926948,133-529-540 05,"п. Армавир, алл. Приозерная, д. 4 к. 666, 899940",+7 (640) 298-1687
1545,Одинцова,Федосий,Егоровна,1965-01-31,Ж,32621003858947,291-551-521 98,"клх Дмитров, бул. Береговой, д. 772, 761242",+7 441 568 2072
1546,Меркушев,Евфросиния,Владиславовна,1975-06-08,М,99401898926629,367-408-656 00,"д. Неплюевка, пр. Восточный, д. 44 стр. 6, 417607",88767993689
1547,Крылов,Эмиль,Ильясович,1960-11-30,М,09846347774154,633-441-901 28,"д. Бологое, алл. Отрадная, д. 80 к. 9, 155972",+7 565 227 1926
1548,Боброва,Ульян,Аверьянович,1998-08-09,Ж,50096708338880,697-338-287 89,"п. Каменск-Шахтинский, алл. Веселая, д. 2 к. 36, 100239",8 (704) 313-45-51
1549,Авдеев,Елисей,Архиповна,2005-03-31,М,83289971057549,811-180-981 66,"клх Геленджик, пер. Боровой, д. 8, 438401",+7 540 335 96 90
1550,Ильин,Родион,Анатольевич,1980-02-18,М,53096277186986,830-177-626 09,"клх Сочи, наб. Степана Разина, д. 67 стр. 7/9, 606928",+7 417 958 8303
1551,Третьяков,Матвей,Антипович,1939-02-27,М,37660028550384,710-689-731 73,"ст. Дудинка, бул. Крестьянский, д. 510, 975130",+7 207 308 16 34
1552,Козлова,Викентий,Архипович,1938-04-22,М,50272577261958,436-127-358 58,"п. Макушино, ш. Амурское, д. 18 стр. 8, 236239",+7 613 502 48 55
1553,Сафонова,Регина,Вячеславович,1981-04-06,М,68708806357298,982-054-137 28,"п. Санкт-Петербург, пр. Дальневосточный, д. 71, 800684",+7 160 201 22 12
1554,Рогов,Тимур,Станиславовна,1977-05-10,Ж,72387484893698,022-509-135 78,"с. Курганинск, ш. Веселое, д. 2, 709952",+7 046 059 89 92
1555,Корнилов,Виссарион,Брониславович,1938-10-08,М,44761494340501,368-194-575 45,"к. Обнинск, пер. Павлика Морозова, д. 69 стр. 1, 524110",8 (715) 409-9229
1556,Белозерова,Елизавета,Константиновна,1962-01-02,Ж,46629725483545,995-726-348 55,"п. Красная Поляна, ш. Совхозное, д. 3/7 стр. 9/3, 619828",8 904 062 0943
1557,Орехова,Кондрат,Валентинович,1936-11-17,Ж,23013011326339,886-849-666 86,"к. Тобольск, ш. Декабристов, д. 29, 219043",8 056 904 36 44
1558,Копылов,Мария,Рубеновна,1987-04-08,Ж,94421106709905,303-261-518 71,"г. Мезень, пр. Лесхозный, д. 4/9 к. 92, 014497",80573580541
1559,Самойлов,Илья,Бориславович,2005-01-14,М,92750069215390,050-674-817 98,"клх Яхрома, ул. Слободская, д. 67, 301217",+7 994 495 7181
1560,Тихонов,Ираклий,Валентинович,1943-10-13,М,29061691853610,670-769-670 25,"с. Воронеж, пр. Харьковский, д. 96 к. 8, 052894",+7 686 318 55 25
1561,Никонов,Ратмир,Матвеевич,2001-05-25,М,87905411669115,340-524-269 96,"с. Томари, пер. Комсомольский, д. 378 к. 560, 379640",+79703834103
1562,Кудрявцев,Варлаам,Артёмович,1985-10-01,Ж,57701830784908,245-609-432 01,"п. Губкин, пер. Ленский, д. 5, 357133",8 (447) 278-1219
1563,Гуляев,Анна,Натановна,1978-02-08,Ж,73515496066076,647-124-346 83,"к. Чусовой, наб. Загородная, д. 8 к. 905, 269736",+7 630 179 8210
1564,Максимова,Мартын,Григорьевна,1959-08-11,Ж,78332859683451,161-065-151 38,"п. Пушкин, пер. Курортный, д. 6/9, 499605",+7 (048) 825-26-79
1565,Степанов,Нинель,Георгиевич,2004-04-08,Ж,85158694094871,882-991-780 76,"к. Красноселькуп, бул. Октябрьский, д. 2/9 к. 1/1, 365122",+7 163 576 9136
1566,Орехов,Анжела,Филатович,1960-04-11,Ж,59856842122898,535-414-301 94,"ст. Славгород, пр. Тупиковый, д. 25, 310430",8 (045) 310-0259
1567,Тарасов,Лавр,Филатович,1986-01-30,М,47691713595184,691-728-471 27,"с. Златоуст, ул. Станиславского, д. 43 к. 70, 597613",8 522 022 7961
1568,Александрова,Селиван,Филиппович,1939-03-15,М,01280855172948,898-331-198 96,"к. Асбест, алл. Шевченко, д. 5/1 к. 1/6, 432900",8 (895) 091-5727
1569,Рожкова,Любосмысл,Ааронович,1994-01-26,Ж,36229822505386,531-235-848 42,"г. Троицко-Печорск, наб. Томская, д. 3/1 к. 3, 579727",+7 (139) 211-8082
1570,Казакова,Харлампий,Гурьевич,1940-05-10,М,74385729032165,155-673-376 10,"ст. Санкт-Петербург, бул. Водников, д. 6/8 к. 52, 057050",+7 (119) 250-58-36
1571,Третьякова,Спиридон,Власович,1980-04-03,Ж,17024552674693,443-222-837 21,"п. Тавда, алл. Кедровая, д. 944, 000453",+74462279281
1572,Кузнецова,Герасим,Харлампьевич,1959-06-05,Ж,43347720484437,628-255-994 84,"к. Чебоксары, наб. Жукова, д. 7/5 к. 130, 106235",81693182446
1573,Фомина,Константин,Васильевна,1979-04-20,Ж,66566020762451,309-612-734 85,"д. Макушино, ш. Рязанское, д. 3, 549537",+7 575 494 1587
1574,Горбачев,Касьян,Владиславовна,1952-01-29,М,50222951858976,811-655-089 14,"с. Шенкурск, ул. Попова, д. 5/9 стр. 904, 908026",8 (822) 490-93-42
1575,Савина,Сигизмунд,Евстигнеевич,1996-08-24,М,84752281551562,499-372-995 20,"г. Владивосток, ул. Рязанская, д. 46 к. 6/8, 984685",8 (576) 050-5759
1576,Хохлова,Фирс,Харитонович,1984-07-01,М,39291881940548,465-291-893 58,"д. Камень-на-Оби, пр. Добролюбова, д. 60, 260244",+7 (117) 384-96-27
1577,Назаров,Ипат,Натановна,1991-05-28,Ж,84850701342235,504-405-710 62,"п. Агинское (Забайк.), бул. Пушкинский, д. 341, 886049",8 022 509 20 11
1578,Сидорова,Тит,Юлианович,1979-09-14,М,52617282702612,592-797-604 02,"д. Каспийск, ш. Огородное, д. 508, 254003",8 188 934 5764
1579,Алексеева,Ладимир,Феофанович,2004-04-06,М,97926911616466,632-663-188 29,"с. Урус-Мартан, ш. Кавказское, д. 6 стр. 9, 166263",8 754 845 2405
1580,Лукин,Вениамин,Фадеевич,2008-04-29,М,33142147238032,705-544-027 41,"п. Ельня, ш. Толстого, д. 80, 426613",8 763 485 28 52
1581,Журавлева,Лука,Якубович,1936-06-02,Ж,31201327968559,652-117-780 02,"к. Уэлен, пер. Колхозный, д. 70, 167021",+79290783401
1582,Волков,Роман,Фокич,1953-07-24,М,50210985930608,438-291-353 94,"д. Стерлитамак, пр. Городской, д. 49, 175613",8 311 596 95 54
1583,Щукина,Чеслав,Леонидовна,1945-09-16,М,78088557634162,531-640-237 39,"клх Курганинск, бул. Леонова, д. 2 к. 99, 037790",8 425 317 0277
1584,Щукина,Святослав,Всеволодович,1948-10-27,Ж,78872878265003,123-548-366 25,"с. Гаврилов-Ям, алл. Братская, д. 69 стр. 30, 559522",+7 (931) 591-0518
1585,Трофимова,Марк,Анатольевич,2001-04-30,М,97228108918870,898-500-038 89,"клх Кижи, ул. Инженерная, д. 1/7, 337496",+7 269 072 80 79
1586,Чернов,Ираида,Ермилович,1975-03-17,Ж,69690910231937,980-446-007 91,"п. Набережные Челны, бул. Большой, д. 427 стр. 849, 550144",+7 (011) 167-0512
1587,Афанасьева,Афанасий,Антонович,1999-12-24,Ж,53535423653755,849-128-264 24,"ст. Томари, ш. Маркса, д. 589 к. 6/9, 473989",+7 (016) 127-9242
1588,Симонов,Владислав,Якубович,1946-04-12,М,15071689232171,146-753-015 70,"с. Ахтубинск, наб. Владимирская, д. 727, 991824",+70428324200
1589,Жукова,Максимильян,Евстигнеевич,1946-07-19,Ж,08429796764263,331-325-621 27,"клх Минусинск, бул. Буденного, д. 2, 297729",+7 616 934 96 17
1590,Гуляева,Леонид,Тихонович,1969-10-07,М,87820795207570,464-837-153 03,"п. Вязьма, наб. З.Космодемьянской, д. 567 к. 31, 827259",8 734 753 17 84
1591,Аксенова,Болеслав,Юрьевна,1993-04-21,Ж,47560915754157,961-428-234 28,"д. Самара, пер. Челюскинцев, д. 42 стр. 4, 221328",8 879 732 59 89
1592,Носов,Антонин,Геннадиевна,1968-07-06,М,94758598934432,801-940-945 17,"клх Вуктыл, ул. Белинского, д. 9 к. 6, 536236",+7 768 263 7406
1593,Новикова,Майя,Зиновьевич,1994-12-03,Ж,46521572489566,546-439-899 79,"клх Сарапул, ш. Советское, д. 7, 605226",+7 247 130 52 06
1594,Беляков,Лора,Адрианович,1944-02-15,М,91706693548910,211-409-155 81,"п. Троицк (Моск.), алл. Макарова, д. 949, 563277",+7 361 932 8875
1595,Устинова,Всеслав,Жоресович,1999-03-07,М,68752643797975,254-217-191 68,"д. Усть-Кут, ш. Циолковского, д. 54, 905375",+79904951141
1596,Авдеева,Автоном,Артурович,1936-05-16,М,89872690594713,739-266-695 98,"ст. Солнечногорск, ул. Орловская, д. 8 стр. 31, 497075",+7 497 674 00 28
1597,Корнилов,Святослав,Димитриевич,1948-06-08,М,60731985047882,556-612-824 08,"клх Дагомыс, бул. Малиновый, д. 864 к. 888, 449160",8 (302) 758-79-43
1598,Шарова,Гаврила,Павловна,1936-11-17,Ж,50009436596075,454-223-360 69,"ст. Макаров, алл. Войкова, д. 22 к. 3, 961708",8 (548) 188-2649
1599,Ефремова,Вера,Олеговна,1937-05-28,М,94125472463303,458-409-430 89,"клх Салехард, пр. Чапаева, д. 1/6 к. 8, 996130",8 957 071 30 80
1600,Шарова,Герман,Игоревна,2004-08-24,М,78527244069535,171-711-882 21,"с. Долинск, пр. Ленинский, д. 92, 001959",+70874950334
1601,Шарапов,Прокл,Аксёнович,1985-06-30,М,77364140226956,209-484-618 02,"д. Таштагол, ш. Гагарина, д. 87 стр. 21, 185175",+7 (097) 204-8681
1602,Ковалева,Геннадий,Антипович,1973-09-16,М,12925069832144,568-631-468 70,"ст. Владимир, ул. Маркса Карла, д. 6/6 к. 39, 811246",+78807889907
1603,Киселев,Ростислав,Эдгарович,1967-05-26,Ж,09839222821021,523-484-171 93,"к. Северобайкальск, пр. Докучаева, д. 185, 419773",+7 (036) 071-49-87
1604,Воробьев,Елизар,Филимонович,2007-06-29,М,44576763141319,299-322-394 78,"г. Нижний Тагил, ш. Панфилова, д. 2/6, 636856",8 (801) 099-9734
1605,Тарасова,Евдокия,Гаврилович,1941-11-25,Ж,45057326630562,597-223-709 14,"клх Уварово, наб. Луначарского, д. 71 стр. 749, 913307",8 (262) 928-75-04
1606,Терентьев,Игорь,Тимуровна,1955-05-22,М,82485802576998,589-397-251 08,"к. Верхнее Пенжино, алл. Энергетиков, д. 2 к. 6, 945345",+7 (385) 214-61-11
1607,Андреев,Марина,Исидорович,1982-08-29,Ж,97942234132426,289-893-651 95,"клх Кяхта, бул. Макаренко, д. 735 к. 2/8, 996417",8 570 779 49 12
1608,Иванов,Антип,Геннадиевич,1953-02-16,Ж,58663702169870,912-667-173 82,"с. Шелехов, ул. Горняцкая, д. 227 к. 2, 326901",8 (736) 376-2742
1609,Белов,Тимур,Павловна,1989-11-18,Ж,00219124164479,688-248-932 31,"ст. Улан-Удэ, наб. Дарвина, д. 5/2 стр. 3, 314754",8 (806) 174-7383
1610,Чернова,Николай,Станиславовна,1993-03-22,Ж,94718344998564,725-536-555 60,"п. Каневская, пер. Придорожный, д. 2 стр. 2/4, 683129",+7 (850) 341-35-90
1611,Лебедева,Олимпиада,Андреевич,1988-08-31,М,71515258621700,878-132-991 11,"клх Сковородино, пер. Свободы, д. 358 стр. 4/5, 998659",8 (989) 208-5824
1612,Некрасова,Лукьян,Федоровна,1980-09-06,Ж,03163073359985,751-225-376 98,"клх Усть-Джегута, бул. Троицкий, д. 304, 710156",+7 (391) 807-5764
1613,Игнатьев,Якуб,Гертрудович,1958-12-18,Ж,29330742328931,049-880-694 40,"с. Джубга, бул. Ульяновский, д. 7/2, 928224",86382569716
1614,Цветкова,Эрнст,Артурович,1997-03-01,Ж,55413308151130,010-589-911 44,"ст. Джейрах, пер. Городской, д. 256 к. 55, 639073",8 (756) 561-9112
1615,Фролова,Куприян,Ждановна,1936-02-14,М,40127241975028,873-381-745 49,"п. Снежногорск (Мурм.), пр. Монтажников, д. 8/9 к. 22, 733726",8 683 720 0451
1616,Евдокимова,Никодим,Степановна,1985-09-08,М,59151782733502,142-172-199 89,"клх Саров (Морд.), алл. Таманская, д. 38, 442907",+7 223 025 30 07
1617,Турова,Герасим,Давидович,1955-06-30,М,48444405137488,705-548-005 72,"ст. Цимлянск, ш. Прудное, д. 4 стр. 999, 332153",+7 (823) 320-18-61
1618,Фомичева,Раиса,Харитоновна,1986-07-01,Ж,26456098078721,138-470-402 27,"г. Белорецк, бул. Курганный, д. 69 стр. 4, 315737",+7 388 577 2603
1619,Котов,Евгений,Эдуардовна,1986-09-17,Ж,06359999067023,175-081-053 52,"п. Губкин, пр. 70 лет Октября, д. 22 стр. 798, 471334",+7 812 916 86 06
1620,Денисов,Любосмысл,Гордеевич,1992-03-17,Ж,13818487867771,109-093-320 76,"ст. Старая Русса, ул. 50 лет Победы, д. 7, 859169",+7 582 091 00 36
1621,Князев,Руслан,Тимуровна,1980-01-01,Ж,80827337799793,158-936-574 85,"д. Соликамск, алл. Брянская, д. 8 стр. 5, 387234",+7 429 399 11 96
1622,Трофимова,Эмилия,Юлианович,1992-05-19,М,21137596488720,679-723-842 81,"клх Чикола, наб. Рязанская, д. 101 стр. 18, 219244",8 330 297 39 95
1623,Лазарева,Фирс,Даниловна,1956-05-17,Ж,74033921328390,684-005-156 39,"г. Ковров, алл. Фрунзе, д. 20, 303422",8 (995) 182-4325
1624,Шашкова,Нестор,Игоревич,1937-07-05,М,94846455699033,654-531-574 34,"к. Пятигорск, бул. Высоковольтный, д. 47 к. 72, 432061",+7 217 043 79 65
1625,Зайцев,Федосий,Еремеевич,1962-09-10,Ж,37241749097827,698-171-642 07,"с. Моздок, ул. Бажова, д. 8/9 стр. 3, 108165",8 (878) 711-9674
1626,Казакова,Селиверст,Филиппович,1981-11-10,Ж,31627970669995,515-403-289 26,"с. Назрань, ш. Плеханова, д. 7/9, 289461",+75545117559
1627,Зиновьев,Софон,Григорьевич,2007-04-01,Ж,21570956462956,723-085-544 36,"д. Кингисепп, наб. Леваневского, д. 888 к. 9/9, 849169",8 (157) 628-94-80
1628,Евсеев,Регина,Денисович,1964-11-12,Ж,51862647788093,676-617-720 02,"д. Клин, ул. Приморская, д. 501 стр. 1, 624440",+7 903 722 4724
1629,Петухов,Лазарь,Давидович,1942-09-15,М,56960580823006,799-284-639 55,"к. Змеиногорск, пр. Молодежный, д. 875, 119080",+77949051584
1630,Павлова,Станимир,Юльевич,1953-02-19,Ж,58120272581141,689-506-573 13,"г. Мыс Шмидта, алл. Вавилова, д. 3 к. 7/8, 190233",8 828 780 89 70
1631,Соколова,Алина,Владимировна,1977-07-14,М,72052917750863,927-769-843 11,"клх Баргузин, бул. Красина, д. 743 стр. 9/6, 041185",+7 (564) 231-6421
1632,Сидорова,Поликарп,Демьянович,1977-02-09,Ж,61087598607863,812-405-792 68,"д. Ковров, ш. Герцена, д. 760 к. 440, 195730",+7 974 652 4834
1633,Киселева,Евдоким,Игоревна,1947-01-26,М,14506453349569,240-138-598 64,"д. Александровск-Сахалинский, пер. Гайдара, д. 92 стр. 94, 432362",88259955114
1634,Быкова,Амос,Матвеевич,2006-07-06,Ж,40006794719912,011-162-820 55,"г. Шадринск, пер. Садовый, д. 89 стр. 197, 922105",8 121 999 75 25
1635,Мишина,Ипатий,Чеславович,1943-10-02,М,78835994472512,120-865-509 90,"г. Югорск, алл. Школьная, д. 9 к. 8, 634415",+7 361 240 36 01
1636,Субботина,Дорофей,Харитонович,2007-03-11,Ж,27091760240263,568-879-552 99,"г. Петушки, ш. Ленинградское, д. 7/8, 832387",8 (250) 834-0017
1637,Тарасов,Леонид,Филатович,1990-01-12,Ж,40038160603261,244-337-495 68,"с. Кингисепп, пр. Московский, д. 3/5 к. 3/6, 989686",+7 (055) 067-28-23
1638,Носов,Авксентий,Александровна,1967-08-03,М,52339199862770,287-489-282 31,"клх Чермоз, пер. Кубанский, д. 13 к. 6/6, 351749",8 468 467 19 47
1639,Устинова,Василий,Ефимьевич,1966-04-20,М,95161724053947,723-133-361 43,"с. Малоярославец, бул. Пархоменко, д. 2/2 стр. 4, 730334",+7 604 629 07 09
1640,Федосеев,Андрей,Артемьевич,1973-04-07,М,27552635405701,363-249-384 57,"д. Ржев, бул. Российский, д. 9 к. 15, 616171",+7 (271) 471-1856
1641,Трофимов,Милица,Авдеевич,1992-07-07,М,90661312129887,466-835-161 23,"клх Гатчина, пер. Геологический, д. 4/4, 090658",+7 (283) 009-46-34
1642,Якушева,Тарас,Артурович,1992-03-05,Ж,95596168914908,899-212-030 82,"клх Рубцовск, бул. Революции, д. 7, 569654",+7 (095) 822-75-04
1643,Игнатьев,Пантелеймон,Захарьевич,1987-04-16,Ж,70162998858491,658-491-441 68,"к. Иркутск, ш. Гончарова, д. 94 к. 1, 083892",+74900915422
1644,Сорокин,Федот,Феликсовна,1976-07-08,Ж,32307487453401,074-902-573 59,"д. Бийск, пр. Специалистов, д. 5/7 к. 4, 516499",8 (742) 701-8972
1645,Носкова,Захар,Вячеславовна,2003-07-13,М,58798066655248,853-034-686 73,"ст. Белорецк, ул. Интернациональная, д. 4 стр. 6/7, 372926",8 (761) 288-4414
1646,Сидоров,Модест,Даниилович,1966-12-02,М,60286908877578,735-944-634 28,"к. Соликамск, ш. Кузнецова, д. 70 к. 6/3, 359655",+7 (898) 001-76-96
1647,Фомичева,Никодим,Федотович,2003-06-09,Ж,15630759257977,668-000-273 13,"ст. Пятигорск, ул. Элеваторная, д. 6 к. 8, 523402",+7 199 064 36 97
1648,Фомичев,Оксана,Вадимовна,1974-03-21,Ж,47749205031827,369-219-167 71,"с. Чайковский, пр. Покровский, д. 428 к. 97, 789527",8 (690) 300-4512
1649,Лазарева,Пров,Филипповна,1949-04-29,М,67161370181107,355-278-451 27,"к. Кежма, пер. Одесский, д. 9 стр. 8/9, 156797",8 (086) 847-6259
1650,Романова,Олег,Филимонович,1957-12-16,М,33461789177102,037-864-118 94,"с. Буйнакск, пер. Крымский, д. 9/5 к. 9/7, 824698",8 (168) 551-31-27
1651,Калинина,Екатерина,Харитонович,1964-07-01,Ж,15281590436129,151-639-451 28,"п. Адлер, пер. Нижний, д. 2/2 стр. 9, 248343",+7 674 167 1239
1652,Богданова,Трофим,Геннадиевна,1949-05-17,Ж,39979688789972,437-243-675 23,"п. Снежинск, ул. Азина, д. 63, 130852",+77195353077
1653,Воронцова,Владислав,Юльевна,1951-09-05,Ж,87163457848399,741-353-123 46,"ст. Тобольск, пр. Клубный, д. 824, 010383",+7 (311) 297-9744
1654,Ларионов,Дементий,Чеславович,1993-09-17,Ж,96624282376637,883-130-667 12,"д. Поярково, пер. Сплавный, д. 93 стр. 56, 482739",8 481 661 4987
1655,Шубина,Ирина,Богданович,1939-02-25,Ж,82968292459094,721-556-325 25,"г. Дмитров, наб. Привокзальная, д. 93 стр. 540, 987313",+7 (125) 680-9634
1656,Новикова,Эрнест,Данилович,1992-01-04,М,59455701727853,987-457-364 14,"к. Адлер, пер. Тихий, д. 112, 210796",+7 (669) 020-5109
1657,Сафонова,Акулина,Герасимович,1960-07-26,М,82125285520298,135-283-388 28,"клх Ступино, ш. Фадеева, д. 7/4 стр. 623, 000004",8 835 241 50 76
1658,Терентьев,Гордей,Матвеевна,1964-05-10,Ж,35701916509298,065-152-701 27,"клх Галич, пер. Новостройка, д. 7/5, 495476",8 (192) 247-82-21
1659,Мартынова,Дарья,Данилович,1954-06-07,Ж,58807612927065,366-121-123 79,"к. Троицк (Моск.), алл. Тракторная, д. 95, 474412",+70438428833
1660,Федосеева,Милен,Робертовна,1946-01-14,М,15827024528592,344-633-211 19,"г. Борзя, пр. Тенистый, д. 79, 190107",8 237 855 67 12
1661,Кудряшов,Антонина,Евгеньевна,1941-09-16,М,16743021206632,673-958-948 32,"клх Приозерск, ул. Кедровая, д. 7/4 к. 759, 282331",8 (773) 649-33-54
1662,Вишняков,Ульян,Афанасьевич,1999-11-09,Ж,55795878066866,096-850-756 63,"п. Каменномостский, пер. Угольный, д. 801 стр. 9, 495660",+7 (562) 380-2555
1663,Силин,Устин,Афанасьевич,2001-02-11,М,94632951467470,237-561-904 24,"п. Междуреченский, ш. Революционное, д. 8/5 стр. 5/9, 839604",8 (318) 211-8148
1664,Шарапова,Мокей,Александрович,1993-01-23,М,18799634406088,247-922-297 83,"с. Холмск, бул. Байкальский, д. 99, 855327",8 (770) 550-37-18
1665,Алексеев,Феврония,Кузьминична,1987-06-08,Ж,24766590534975,744-510-159 84,"к. Красногорск (Моск.), ш. Зои Космодемьянской, д. 33 к. 279, 018643",8 716 170 2972
1666,Лебедева,Вышеслав,Антонович,1953-08-22,Ж,94554697261424,483-941-757 23,"г. Дзержинск, пр. Запорожский, д. 7 стр. 6, 737234",+7 (382) 389-25-65
1667,Титова,Ипполит,Феликсович,1987-04-02,Ж,37682874259437,359-181-580 84,"с. Яр-Сале, бул. Алтайский, д. 4/9 к. 3/5, 359221",8 933 753 61 43
1668,Александров,Никифор,Валериевна,1985-12-04,Ж,37688240919412,295-470-348 99,"д. Кабанск, бул. Некрасова, д. 98 к. 81, 494598",8 739 211 21 96
1669,Кузьмин,Спиридон,Фролович,1960-12-10,М,00102927182290,944-675-075 04,"клх Данков, алл. Калужская, д. 2/5 стр. 816, 964506",8 (614) 611-77-69
1670,Симонов,Фортунат,Глебович,1946-06-08,М,10989839739527,367-413-045 04,"клх Кырен, ш. Кузнецкое, д. 48, 390071",+7 (659) 106-1835
1671,Сафонова,Милан,Дорофеевич,1994-10-24,Ж,94471079235955,107-254-570 27,"г. Миасс, пр. Карьерный, д. 98 к. 34, 310846",+7 759 265 99 38
1672,Дмитриева,Ярослав,Степановна,1996-05-31,М,88858828188966,727-185-081 46,"ст. Улан-Удэ, пер. Пионерский, д. 8, 633928",+7 (981) 186-24-38
1673,Соловьев,Ия,Святославовна,1948-05-30,Ж,18038650306665,575-184-238 14,"с. Пинега, алл. Придорожная, д. 95 к. 360, 377994",8 054 952 2249
1674,Гусева,Дарья,Терентьевич,1998-06-11,Ж,94220585927751,309-373-297 29,"г. Истра, алл. Николаева, д. 581 стр. 4/6, 066654",+7 791 370 5711
1675,Логинова,Игнатий,Юльевна,1958-01-08,Ж,72356625783216,844-565-520 13,"г. Норильск, ш. Одесское, д. 2/5 к. 820, 277719",+7 016 460 82 82
1676,Тетерина,Вениамин,Константиновна,1958-05-05,Ж,72657552932767,330-229-308 48,"клх Верхний Уфалей, пр. Кооперативный, д. 3/2, 494202",8 (818) 325-24-48
1677,Лаврентьева,Милан,Гертрудович,1949-05-19,М,72682155671920,124-844-171 54,"ст. Черский, ул. Нагорная, д. 9/4 к. 452, 993726",89519132058
1678,Юдин,Ермил,Рудольфовна,2002-04-24,Ж,48580482764233,693-909-147 20,"д. Быково (метеост.), наб. Макарова, д. 97, 105673",+7 (806) 652-5670
1679,Зимин,Ольга,Марсович,1963-01-29,М,43535650267153,455-740-449 92,"г. Балашов, пер. Привольный, д. 1/9 стр. 9/1, 186567",+7 (856) 488-0012
1680,Кулагин,Надежда,Демидович,1940-03-15,М,53215963604024,517-194-945 28,"к. Киржач, пер. Морозова, д. 610, 822753",+79587567443
1681,Константинов,Емельян,Владиленович,1959-12-17,Ж,50324677817322,657-114-187 34,"с. Тольятти, алл. Максима Горького, д. 8 к. 4, 201711",+7 423 081 83 72
1682,Кулакова,Татьяна,Святославовна,1987-02-26,Ж,03463178902367,396-369-969 17,"г. Волоколамск, бул. Физкультурный, д. 4 к. 32, 974028",+7 (316) 430-35-90
1683,Степанов,Ульян,Артёмович,2005-04-18,М,10210502538120,446-979-559 36,"к. Новая Игирма, ш. Славянское, д. 980 к. 6, 486348",8 (183) 295-06-08
1684,Котова,Вацлав,Анисимович,2003-08-24,Ж,45276198802427,434-184-243 50,"ст. Люберцы, наб. Инженерная, д. 9/4 стр. 385, 934737",+7 (577) 306-38-55
1685,Анисимова,Любовь,Тарасович,1944-09-19,Ж,90806342587977,262-576-229 78,"д. Шерегеш, пер. Болотный, д. 6, 372420",+7 929 969 5280
1686,Лебедева,Андрей,Харлампьевич,1997-10-20,Ж,18815858227935,625-591-654 34,"г. Элиста, пр. Курганный, д. 29 стр. 228, 018013",8 (052) 063-5724
1687,Горшков,Куприян,Евстигнеевич,1939-09-22,М,48902177207447,227-643-911 72,"ст. Светлогорск (Калин.), ул. Элеваторная, д. 1/5 к. 6, 897872",8 196 971 68 77
1688,Носова,Мечислав,Евсеевич,1951-07-26,М,18476297494979,161-710-276 30,"ст. Ярославль, пр. Космический, д. 345 к. 21, 437574",8 766 542 09 86
1689,Симонов,Никифор,Филипповна,1974-03-30,М,50707318144210,209-016-744 36,"к. Камышин, наб. Полярная, д. 1 стр. 9/6, 813524",8 247 021 77 02
1690,Нестеров,Егор,Альбертовна,1968-01-05,Ж,69779109922089,695-825-174 91,"к. Холмогоры, наб. Орловская, д. 7, 581195",+7 (361) 377-53-42
1691,Копылов,Милован,Георгиевна,1946-09-12,Ж,25368586433114,593-920-770 83,"г. Рыльск, наб. Фестивальная, д. 1/9, 145483",+7 386 065 5128
1692,Фролов,Влас,Арсеньевич,2007-04-11,Ж,40766739049078,243-361-606 30,"д. Когалым, ш. Кошевого, д. 14 к. 4/9, 466117",+79538767989
1693,Мясников,Агафья,Фадеевич,1976-08-30,Ж,43312547560800,793-762-241 41,"ст. Домодедово, ул. Журавлева, д. 4 к. 4/4, 020672",+7 (827) 814-6967
1694,Симонов,Рюрик,Артурович,1976-01-30,М,98386488788738,129-465-760 24,"к. Поронайск, ул. Ростовская, д. 7 стр. 566, 174890",80130287833
1695,Марков,Анжела,Ануфриевич,1993-06-17,М,71467031286913,214-752-528 43,"ст. Кабанск, алл. Кирпичная, д. 1/6, 757804",8 (994) 126-42-88
1696,Шашков,Ферапонт,Филимонович,1942-06-21,Ж,53268667901686,181-476-222 14,"г. Чайковский, алл. Глинки, д. 6/4 к. 70, 739544",8 (556) 825-42-77
1697,Мишина,Владилен,Артемовна,1980-11-30,М,51687700184845,648-035-676 11,"к. Белоярский, пер. 8-е Марта, д. 34 к. 62, 861817",+7 (143) 090-2068
1698,Степанов,Фадей,Григорьевич,1993-09-05,М,91248971373887,240-024-324 05,"д. Верхнее Пенжино, алл. Коммунистическая, д. 481, 972417",+72265488510
1699,Соболев,Август,Валерьянович,1944-01-28,М,13340781426632,759-348-755 35,"д. Северобайкальск, бул. Спартака, д. 42 стр. 7/5, 974224",+71753967753
1700,Шарапов,Всеслав,Валерианович,1936-07-02,М,27358107902475,670-770-214 74,"ст. Асино, бул. Абрикосовый, д. 53, 993184",8 754 317 0678
1701,Карпов,Никандр,Чеславович,1993-05-08,Ж,06968799286308,253-900-543 16,"к. Белогорск (Амур.), ш. Волгоградское, д. 52 к. 766, 640646",+7 (788) 663-80-03
1702,Карпов,Василий,Георгиевич,1999-08-11,Ж,58780776775831,312-978-552 96,"д. Усть-Баргузин, ш. Макаренко, д. 613 стр. 5, 405416",+7 (558) 081-78-69
1703,Лыткин,Самсон,Константиновна,1955-10-05,Ж,88736051103535,839-952-580 00,"г. Тула, ш. Речное, д. 4/4, 665937",+7 (501) 038-0061
1704,Маслова,Эдуард,Игнатьевич,2003-08-08,М,73019244189234,822-247-155 15,"клх Ершов, ш. Ватутина, д. 9 стр. 9, 119690",+7 (138) 686-11-83
1705,Степанова,Лев,Наумовна,2003-06-17,М,52712904240827,461-981-644 33,"г. Шереметьево, ул. Речная, д. 3/2, 904104",+7 633 147 6730
1706,Комаров,Марина,Геннадиевна,1949-07-25,Ж,64619158530896,746-319-452 36,"д. Алдан, пр. Линейный, д. 6/5, 844126",+7 (262) 376-3459
1707,Гуляев,Гремислав,Феликсович,1963-04-13,Ж,53522774807666,096-545-925 44,"с. Рыбинск, алл. Строителей, д. 82 к. 58, 610059",+78270690871
1708,Субботина,Еремей,Афанасьевич,1998-04-04,М,28580208206460,288-368-578 60,"ст. Троицк (Моск.), наб. Владимирская, д. 99, 869675",+7 446 430 7720
1709,Сысоева,Руслан,Ильинична,2005-03-10,Ж,02827398099889,537-747-693 04,"г. Новый Уренгой, бул. Тамбовский, д. 9/5 стр. 1/1, 425188",8 890 550 77 88
1710,Назаров,Зосима,Васильевна,1985-10-05,Ж,09181498350265,287-905-973 07,"д. Выборг, пер. Загородный, д. 60, 541003",+7 699 621 39 23
1711,Беляева,Виссарион,Трифонович,1984-08-31,Ж,14243294292840,645-338-452 47,"д. Слюдянка, наб. Подстанция, д. 388, 332319",8 121 548 7897
1712,Михайлов,Станислав,Феофанович,1977-11-03,Ж,67409061435631,082-321-115 08,"клх Тихвин, бул. Родниковый, д. 741 к. 65, 788414",8 747 355 8785
1713,Лебедева,Никандр,Харлампович,1946-01-24,Ж,63447798733119,757-530-453 70,"ст. Талдом, алл. Фабричная, д. 4, 926192",8 (279) 307-5047
1714,Харитонов,Рубен,Наумовна,1943-07-30,Ж,97414174501159,593-185-719 75,"к. Краснодар, пер. Энгельса, д. 5 к. 89, 210897",+78542084813
1715,Белозерова,Филипп,Михайловна,1980-11-20,М,19047718673085,626-239-241 51,"клх Байкальск, пр. Бульварный, д. 2/4, 412541",8 (950) 816-4877
1716,Маслов,Эдуард,Харламович,1987-04-10,Ж,51793852527470,465-717-377 15,"п. Химки, алл. Центральная, д. 1/9 стр. 192, 829635",8 325 878 8702
1717,Федотов,Артем,Викторович,1971-07-11,Ж,46416166945948,307-413-991 45,"п. Тихвин, пр. Кузнецкий, д. 84 стр. 3/7, 171396",+7 838 921 6622
1718,Панова,Раиса,Эдуардовна,1973-04-13,М,16567386805610,621-756-269 23,"клх Котельнич, алл. Фрунзе, д. 8/7, 737988",80084384851
1719,Зиновьев,Зинаида,Вячеславовна,1986-11-04,Ж,98132212495432,990-325-361 44,"к. Бреды, пер. Тургенева, д. 87 к. 14, 665046",+7 (828) 232-6680
1720,Ковалева,Наркис,Тимурович,1962-11-02,Ж,15271776746620,356-609-446 97,"г. Белогорск (Амур.), ш. Металлургов, д. 3/7 к. 85, 616829",8 898 192 81 08
1721,Мясников,Вацлав,Чеславович,1989-06-16,М,82156588680226,347-141-136 31,"с. Ирбит, ул. Гаражная, д. 85 к. 2, 087014",8 065 804 6957
1722,Русакова,Максим,Исидорович,1978-09-20,Ж,26666415570991,907-984-517 43,"к. Балашов, пер. Тургенева, д. 4/5, 532217",8 (415) 166-1759
1723,Самойлов,Евгений,Архипович,1963-06-15,Ж,64396219764039,327-275-142 14,"с. Тотьма, пр. Короленко, д. 6, 086207",8 694 217 00 01
1724,Елисеева,Тихон,Тарасовна,2007-08-03,М,94757862180816,360-209-628 68,"к. Кызыл, бул. Минина, д. 8, 618516",8 (862) 043-7881
1725,Ефремова,Василиса,Феликсовна,1978-07-14,М,81410882652575,690-782-394 48,"д. Сосьва (Хант.), наб. Заречная, д. 8, 798575",+7 (946) 343-1520
1726,Агафонова,Трофим,Ефимовна,1960-10-30,Ж,58029825162816,727-966-410 01,"клх Кунгур, пер. Мелиоративный, д. 273 к. 883, 890537",8 (998) 519-65-28
1727,Сафонов,Леонид,Игнатович,1974-09-10,М,06497768979903,238-481-950 00,"клх Хатанга, бул. Коминтерна, д. 55 стр. 498, 098993",8 595 523 66 26
1728,Третьякова,Исидор,Германович,1996-06-25,Ж,71578993703872,621-788-293 14,"ст. Шерегеш, пр. Разина, д. 62 к. 3/7, 449092",8 228 039 0988
1729,Логинова,Август,Витальевич,1982-01-01,М,35234847124497,787-268-565 50,"д. Лагань, ул. Горького, д. 4, 246452",+7 (039) 480-53-31
1730,Большакова,Терентий,Марсович,1975-07-04,М,37826259458385,214-957-957 67,"п. Листвянка (Иркут.), ул. Магистральная, д. 343 к. 954, 372178",8 (784) 415-0568
1731,Овчинникова,Светлана,Викентьевич,1988-09-01,М,07485298675542,283-924-720 81,"с. Ноябрьск, наб. Театральная, д. 9 стр. 59, 596237",+71112139511
1732,Брагин,Савватий,Германович,1995-08-09,М,49762202154423,899-347-584 37,"п. Сузун, ш. Юбилейное, д. 3/1 стр. 82, 158955",+7 (304) 514-24-69
1733,Уваров,Емельян,Харлампович,1948-07-11,М,09996412495688,191-112-919 74,"д. Куртамыш, ул. Целинная, д. 3/4, 660380",80131718718
1734,Макаров,Игнатий,Фёдорович,1963-11-05,М,13479219032871,718-560-671 48,"клх Кировск (Мурм.), ул. Кузнечная, д. 673, 831062",+7 288 916 94 04
1735,Сергеева,Назар,Демидович,1991-09-25,Ж,50882903118609,091-666-650 85,"к. Мценск, наб. Курортная, д. 109 к. 3, 658513",8 (972) 754-58-14
1736,Рыбаков,Аверьян,Виленович,1961-09-02,Ж,45999274662167,855-576-058 78,"с. Катайск, ул. Амурская, д. 5/1 стр. 91, 958064",8 996 318 8718
1737,Сазонова,Савватий,Владиславовна,2007-06-17,Ж,82351960958605,055-814-791 22,"к. Сосновый Бор, алл. Дачная, д. 958 к. 1, 891041",+7 097 929 36 25
1738,Баранова,Ладимир,Харитоновна,1939-10-24,М,40933732608082,872-388-565 66,"клх Тутаев, бул. Придорожный, д. 426 к. 6/9, 004891",8 858 416 51 16
1739,Бобылева,Вера,Герасимович,1962-11-15,Ж,19733086893977,704-251-995 29,"г. Пушкинские Горы, наб. 60 лет СССР, д. 6 стр. 5/2, 518736",8 158 543 4592
1740,Козлов,Герасим,Натановна,1949-11-17,М,34820246338328,028-735-394 11,"ст. Саранск, пр. Маяковского, д. 9, 586285",8 (433) 116-47-89
1741,Лаврентьев,Артем,Антонович,1980-12-14,Ж,36074339899809,075-043-315 99,"к. Плес, пер. Ленинградский, д. 4, 688301",+7 606 416 68 13
1742,Зимин,Милица,Наумовна,2001-12-13,Ж,63119792183160,887-453-518 78,"д. Находка, наб. Макарова, д. 3/7 стр. 6/1, 558890",8 332 557 5974
1743,Некрасова,Трифон,Кирилловна,2001-07-09,М,69704220244589,023-702-402 41,"д. Мураши, ш. Деповское, д. 9/7 стр. 2/5, 696801",8 988 510 1184
1744,Фомина,Геннадий,Иосипович,1960-07-30,М,64051795892191,759-521-462 09,"клх Шелехов, ш. 9 Января, д. 7/7, 007203",+7 (258) 572-82-85
1745,Суханова,Яков,Чеславович,1949-06-09,М,21578550486804,987-509-421 69,"с. Солнечногорск, пр. Щетинкина, д. 2/8 к. 4, 061778",84445170303
1746,Гуляев,Милица,Никифоровна,2004-11-20,Ж,73391158430131,348-742-274 99,"п. Малоярославец, ул. Ленина, д. 99 стр. 1, 048807",+74880192763
1747,Мясников,Лидия,Дмитриевна,2003-11-18,Ж,62825099424145,299-991-430 04,"п. Троицк (Челяб.), пер. Баумана, д. 8 стр. 6, 865614",+7 354 406 0053
1748,Фомин,Мир,Анатольевна,1999-05-23,Ж,48697121069835,773-978-341 27,"к. Новгород Великий, ш. Сахалинское, д. 271 к. 325, 573873",+7 (417) 205-0465
1749,Доронин,Трифон,Егорович,1988-01-08,Ж,66271312401326,537-339-785 03,"п. Кондопога, наб. Попова, д. 3, 867501",83344365915
1750,Быков,Глеб,Эдуардович,1992-10-17,М,39568514237048,551-313-843 66,"п. Новосибирск, пер. Бульварный, д. 8 стр. 6/1, 975998",80011181950
1751,Владимиров,Данила,Аскольдовна,1981-02-11,Ж,89308210791087,798-087-456 34,"с. Зарайск, пер. Ставропольский, д. 409 стр. 463, 160222",8 (421) 782-77-10
1752,Некрасова,Мир,Макаровна,1938-12-29,Ж,18325512138308,339-334-622 64,"г. Асбест, ул. Леваневского, д. 3 стр. 2, 473833",+7 (670) 762-8099
1753,Шубин,Орест,Аверьянович,1981-12-06,Ж,24408477100275,789-868-778 11,"д. Белгород, наб. Тупиковая, д. 7/6, 676307",+7 (872) 757-31-82
1754,Давыдова,Оксана,Геннадьевна,1950-01-10,Ж,31338607927462,222-544-639 63,"с. Хабаровск, пер. Невского, д. 7/4, 024159",8 (449) 679-4847
1755,Соболев,Марфа,Трифонович,2003-02-11,Ж,56948564830988,908-155-064 03,"клх Орел, алл. Войкова, д. 1 стр. 6, 149572",+7 (816) 059-60-52
1756,Комиссаров,Прохор,Артурович,1992-02-15,М,97781976731481,247-956-050 20,"г. Можга, алл. Восточная, д. 24 к. 753, 639638",8 690 536 2566
1757,Гришин,Кондрат,Александровна,1949-10-14,М,90117078211764,399-606-752 47,"с. Братск, пер. Подстанция, д. 95, 132287",8 428 900 5674
1758,Кудрявцев,Спартак,Викторович,1976-03-03,Ж,30504483917300,865-787-970 41,"к. Дагомыс, пер. Кузнецкий, д. 22 стр. 7, 829273",+7 739 370 7348
1759,Юдин,София,Федосеевич,2001-02-13,Ж,58499009749937,579-270-855 31,"ст. Нижневартовск, наб. Курганная, д. 5, 661177",+7 623 024 82 98
1760,Горбачева,Вадим,Гордеевич,1960-04-30,М,02725752262554,831-522-930 11,"д. Новый Оскол, ш. Горького, д. 1, 491248",8 680 015 63 14
1761,Родионов,Роман,Фомич,1937-12-10,Ж,14389204463585,211-017-992 07,"к. Сунтар, бул. Тенистый, д. 6/4 к. 63, 573294",8 012 884 52 96
1762,Родионова,Фома,Евгеньевна,1966-11-18,Ж,38947269707279,087-333-816 97,"с. Ухта, бул. Правды, д. 6, 354665",+7 (289) 753-39-68
1763,Кузьмина,Парамон,Ануфриевич,1944-07-10,М,02569829976997,146-898-963 27,"к. Амурск, наб. Гайдара, д. 583 к. 1, 628995",8 444 792 8970
1764,Борисова,Гурий,Павловна,1990-05-19,Ж,89812118588533,929-578-650 95,"с. Катав-Ивановск, ш. Садовое, д. 400, 074126",+7 091 031 2807
1765,Ефимова,Ярослав,Викторович,1976-10-04,Ж,47462269640763,863-186-345 55,"г. Пушкин, бул. Культуры, д. 154, 129899",8 (901) 176-21-58
1766,Зайцева,Рюрик,Даниилович,1946-10-09,Ж,45033152352532,208-127-499 39,"г. Владимир, алл. Угольная, д. 317, 446779",8 268 908 2681
1767,Носкова,Лукьян,Евсеевич,1956-02-14,Ж,38291969880491,981-700-159 19,"г. Североуральск, бул. Поперечный, д. 84 к. 81, 891455",+7 564 202 4464
1768,Самойлова,Таисия,Витальевич,2006-08-16,Ж,59525292420904,258-432-991 37,"с. Данков, наб. Сплавная, д. 446, 278845",83050699875
1769,Михайлова,Майя,Жанович,1955-12-05,Ж,57249259876400,696-469-016 44,"ст. Семлячики, ул. Ленина, д. 255, 517757",8 (612) 358-7662
1770,Устинов,Юлий,Анисимович,1947-01-18,М,19632362537863,070-131-688 97,"п. Данков, ул. Новостройка, д. 6, 491705",8 (030) 714-6010
1771,Белоусова,Юрий,Изотович,2005-05-29,Ж,72441113973031,051-968-146 91,"клх Орел, алл. Тенистая, д. 4/2 к. 3, 382244",+7 (951) 538-41-02
1772,Ефремов,Амвросий,Валериевна,2000-11-30,Ж,52606654311309,637-740-194 22,"п. Ахтубинск, ш. Путейское, д. 10 к. 3/4, 504782",8 (734) 573-46-52
1773,Мухина,Пимен,Харлампьевич,1977-12-11,Ж,99883519917737,660-625-937 72,"с. Лесной (Сверд.), ул. Котовского, д. 79 к. 1/9, 048994",+7 185 149 6873
1774,Тетерина,Никодим,Альбертовна,1975-10-24,М,56189134931675,503-109-388 82,"п. Серебряные Пруды, пр. Курский, д. 8/9 стр. 719, 231421",+7 253 404 44 40
1775,Кулакова,Ратмир,Васильевич,1947-07-13,Ж,11259667956113,935-301-936 33,"ст. Ногинск (Моск.), пр. Толбухина, д. 8/7 к. 727, 149241",+7 096 900 4181
1776,Орехова,Акулина,Демидович,1991-08-27,М,62066610201174,518-893-477 31,"г. Архангельск, ул. Центральная, д. 90 к. 8, 706124",8 551 951 3222
1777,Одинцов,Пимен,Игнатьевич,1941-04-07,Ж,98017056949045,788-471-435 12,"к. Нефедова, ш. Волжское, д. 9 стр. 58, 656858",8 974 430 27 89
1778,Стрелкова,Валерий,Артемьевич,1997-12-20,М,45618512054048,345-768-254 13,"к. Ростов-на-Дону, пр. Шишкина, д. 484, 957847",8 505 476 74 45
1779,Котов,Болеслав,Демьянович,2003-07-11,Ж,67823627842374,051-717-573 22,"г. Камень-на-Оби, ул. Свердлова, д. 10 стр. 88, 403627",8 629 522 4293
1780,Калинин,Пахом,Фокич,1970-07-26,Ж,52082607598173,116-012-403 60,"г. Улан-Удэ, пр. Заозерный, д. 8, 849875",8 281 093 1993
1781,Васильева,Флорентин,Трифонович,1966-04-06,Ж,55231335862685,038-504-486 01,"с. Карачаевск, пер. Майский, д. 304, 998939",8 073 312 56 61
1782,Колобова,Капитон,Вилорович,1941-04-21,Ж,62140249988934,217-115-223 12,"ст. Норильск, ш. Казанское, д. 8/7 стр. 6, 532425",+77595762492
1783,Соболева,Татьяна,Альбертовна,1992-10-17,М,18752882817026,245-852-243 16,"г. Усть-Баргузин, бул. Горького, д. 2/1, 226591",84066942505
1784,Агафонов,Натан,Игоревна,1956-02-27,М,97559338419621,985-155-388 46,"ст. Коломна, наб. Металлистов, д. 66 стр. 77, 113176",+7 586 504 87 08
1785,Рожков,Гремислав,Александровна,1974-04-14,Ж,01067645405602,018-732-856 58,"к. Яр-Сале, пер. Пионерский, д. 4, 650324",+7 307 030 8854
1786,Михеева,Алла,Гаврилович,1967-03-02,Ж,48983763895608,973-654-774 60,"клх Аршан (Бурят.), наб. Севастопольская, д. 416 стр. 9, 514600",+7 (530) 095-84-03
1787,Филиппова,Маргарита,Евстигнеевич,1977-02-15,М,99195401774950,354-492-530 58,"к. Нягань, алл. Зои Космодемьянской, д. 1, 893875",8 986 806 6643
1788,Семенов,Панфил,Филимонович,1961-11-12,М,87502787362184,817-745-584 89,"с. Октябрьское (Челяб.), пр. Слободской, д. 8, 221991",+73150970710
1789,Тимофеев,Алина,Анатольевич,1956-09-15,М,34925096183038,628-981-899 93,"ст. Баксан, ш. Надежды, д. 46, 324191",+7 022 591 6334
1790,Муравьев,Еремей,Робертовна,1976-01-28,М,21055891198310,305-270-344 18,"ст. Березники, наб. Союзная, д. 675 стр. 1, 558644",8 264 650 7231
1791,Юдина,Глафира,Денисович,1972-07-18,М,19162884483575,314-808-102 62,"п. Дмитров, ш. Глинки, д. 193 стр. 820, 647395",8 (008) 174-4117
1792,Михайлов,Тамара,Фролович,1956-10-14,М,30894666298199,788-358-434 17,"г. Кострома, ул. Мелиоративная, д. 193 к. 2, 719810",88446524882
1793,Красильников,Мина,Венедиктович,1962-09-25,М,43040632529569,103-524-154 47,"клх Уренгой, бул. Лесный, д. 920 к. 38, 163470",+7 654 183 84 29
1794,Колесникова,Евфросиния,Гордеевич,1992-05-06,М,31761973014111,094-989-905 67,"к. Шерегеш, пр. Разина, д. 184, 211633",+70166331393
1795,Быков,Ульяна,Харламович,1961-10-31,М,61798448998358,744-853-124 17,"ст. Пушкинские Горы, ш. Надежды, д. 546 к. 501, 337094",8 (262) 163-15-77
1796,Игнатьева,Пантелеймон,Афанасьевич,1983-05-18,Ж,74355136493016,945-296-724 34,"г. Миллерово, алл. Химиков, д. 702 стр. 5/3, 669046",+7 (643) 044-9796
1797,Белозерова,Антонина,Григорьевна,2003-04-03,Ж,71576067001280,024-318-100 98,"клх Кашхатау, наб. Проточная, д. 6/5, 028162",+7 (659) 567-9971
1798,Наумов,Лидия,Кузьминична,1994-09-21,Ж,85749452882508,336-780-922 73,"д. Сергиев Посад, пр. Волкова, д. 99 стр. 3/6, 937468",8 398 405 53 72
1799,Новикова,Мокей,Андреевна,1964-11-17,М,93134036073771,506-138-064 90,"д. Троицко-Печорск, ул. 8-е Марта, д. 93 стр. 50, 479416",+7 236 528 93 93
1800,Панов,Юлия,Кирилловна,1979-10-26,М,75744582574237,720-439-345 30,"г. Чебоксары, пр. Советской Армии, д. 2/4 к. 1, 854336",8 581 932 09 66
1801,Буров,Анжелика,Гавриилович,1948-12-14,М,62568578843475,850-808-610 57,"клх Муром, пер. Таманский, д. 2/6, 543910",8 106 568 8673
1802,Виноградова,Фёкла,Тимофеевна,1954-04-02,М,26559993312993,152-300-516 65,"к. Кировск (Мурм.), пер. Прохладный, д. 6/8, 998164",8 (462) 431-4356
1803,Новиков,Изяслав,Димитриевич,1945-08-22,Ж,14625954128094,930-553-400 94,"к. Тула, наб. Веселая, д. 845, 339515",8 (460) 678-08-31
1804,Фомин,Исай,Феодосьевич,1984-02-07,Ж,30722995521572,314-889-755 59,"г. Калач-на-Дону, пер. Карьерный, д. 6/7 стр. 785, 028352",8 (767) 566-7315
1805,Дмитриева,Тихон,Наумовна,1972-01-07,Ж,17147968519907,651-520-350 83,"г. Рязань, пер. Городской, д. 7 к. 2, 358927",+7 069 821 9290
1806,Антонов,Кондратий,Жоресович,1939-08-02,М,76248644998159,517-743-402 19,"п. Анапа, алл. Флотская, д. 42 к. 9, 341521",+7 (867) 417-1448
1807,Крюков,Олимпиада,Геннадьевна,1936-07-07,Ж,71384568458616,248-438-893 30,"д. Усмань, ш. 8 Марта, д. 923, 739796",+7 086 078 0499
1808,Сысоева,Анатолий,Григорьевич,1963-10-22,Ж,26312517769836,713-908-850 85,"к. Баксан, ш. Тенистое, д. 47, 542125",8 (870) 657-0244
1809,Воронова,Михей,Вилорович,1943-02-06,Ж,98148185480500,985-168-505 29,"к. Гремячинск (Бурят.), пр. Главный, д. 3/1, 257465",+74806344680
1810,Большаков,Изот,Ермолаевич,1938-11-09,М,70267260188038,145-909-707 82,"к. Холмогоры, наб. Мирная, д. 516 к. 5/5, 096496",8 459 000 8073
1811,Зиновьев,Аникита,Бенедиктович,1980-05-28,М,34842981489783,909-090-717 02,"клх Тольятти, ш. Донское, д. 33, 809119",+7 488 377 35 67
1812,Баранов,Ярополк,Ерофеевич,1981-08-22,М,56821069088403,875-359-662 35,"с. Элиста, ш. Новосельское, д. 87 к. 69, 405793",8 (602) 885-52-98
1813,Волков,Андрон,Валерьянович,1970-03-15,М,61412258048495,110-559-672 87,"ст. Туруханск, пр. Леонова, д. 4/3 к. 462, 657244",+73807744214
1814,Рябова,Мариан,Эдуардовна,1941-07-19,М,47947644150795,853-266-252 87,"д. Льгов, наб. Мелиоративная, д. 9 к. 7/4, 784611",+7 (845) 130-2999
1815,Павлов,Измаил,Адрианович,1963-04-04,Ж,72095625057521,497-421-066 46,"п. Санкт-Петербург, ул. Семашко, д. 1/7 к. 3, 222588",8 238 416 4979
1816,Гусева,Анна,Ефремович,2000-10-19,М,40180768130103,561-494-923 61,"с. Ступино, пр. Павлика Морозова, д. 41 к. 24, 702729",+7 (559) 732-8687
1817,Титов,Савва,Ивановна,2003-04-29,М,50248399120615,598-928-377 52,"ст. Нижневартовск, наб. Белинского, д. 351 к. 6/5, 067585",8 (834) 625-8041
1818,Пономарева,Тамара,Артёмович,1944-10-07,Ж,16880281259542,504-344-262 04,"клх Лысьва, пер. Спортивный, д. 549 стр. 6/4, 330666",8 045 236 92 38
1819,Марков,Таисия,Владленович,1940-06-07,Ж,50258028946830,537-894-098 66,"к. Троицк (Моск.), ш. Медицинское, д. 7/6 к. 35, 857121",+7 (270) 119-23-57
1820,Мухин,Святослав,Игоревна,1964-02-16,М,93250192271967,031-053-718 09,"ст. Можайск, бул. Каштановый, д. 8/6, 128479",+73315216644
1821,Емельянова,Конон,Игоревич,1936-12-23,Ж,74217878300575,257-583-649 28,"ст. Усть-Ордынский, ул. Седова, д. 10, 218265",+7 (538) 218-1088
1822,Зыков,Светлана,Ермилович,1953-12-19,М,94321474935494,109-758-776 98,"ст. Анива, пр. Привокзальный, д. 55 стр. 77, 931770",8 (723) 096-69-41
1823,Якушев,Дорофей,Алексеевич,1969-05-18,М,15915731430596,160-505-035 18,"г. Льгов, ш. Пролетарское, д. 981 стр. 32, 280065",8 642 458 1972
1824,Фадеева,Измаил,Богдановна,1989-09-08,Ж,12422261673366,053-894-452 49,"ст. Лянтор, ш. Профсоюзное, д. 42 стр. 2/6, 579539",+75592815154
1825,Фокин,Иларион,Тарасович,1985-04-03,М,31933665203546,128-054-391 32,"клх Наро-Фоминск, ш. Совхозное, д. 210 к. 6, 783643",8 (482) 623-29-86
1826,Беспалова,Кира,Богданович,2003-12-13,Ж,91863591247043,124-021-409 91,"г. Кулунда, ш. Бабушкина, д. 201, 402248",+7 642 048 8633
1827,Ефимова,Данила,Адамович,1943-11-29,Ж,26839700734953,810-136-115 06,"ст. Новокузнецк, бул. Димитрова, д. 739 к. 810, 473403",8 184 061 48 54
1828,Беспалов,Татьяна,Александрович,1942-04-27,Ж,81184650320772,615-684-933 14,"д. Лагань, алл. Угловая, д. 9 к. 4/1, 884450",+7 (528) 431-29-54
1829,Рыбаков,Виссарион,Давыдович,1940-08-15,Ж,35294723900672,825-244-233 11,"с. Старый Оскол, наб. Кленовая, д. 876, 099845",+7 (205) 979-88-45
1830,Исаев,Лазарь,Владиславович,2000-03-26,М,30581630818328,159-572-676 87,"г. Невьянск, ул. Театральная, д. 8/3 стр. 74, 585932",+7 098 556 57 68
1831,Лебедев,Виктор,Эдуардович,2007-12-11,Ж,29268898515519,657-816-917 23,"клх Ардон, ул. Тургенева, д. 55 к. 137, 689200",8 820 935 7441
1832,Федорова,Василий,Ермилович,1991-09-13,Ж,95071415804657,211-872-884 35,"п. Озеры, наб. Рябиновая, д. 969 к. 1/8, 840310",8 953 250 8580
1833,Назаров,Глафира,Викентьевич,1986-10-27,М,72696682494746,925-976-924 65,"п. Надым, пр. Казачий, д. 520, 784437",+7 003 153 91 20
1834,Филатова,Казимир,Александрович,1941-05-09,М,63763158690451,329-311-371 83,"г. Тихорецк, бул. Тульский, д. 1/2 к. 86, 079414",+7 (824) 883-14-46
1835,Беляева,Доброслав,Леоновна,1943-06-26,Ж,40180794980065,953-479-576 51,"г. Владикавказ, ул. Хвойная, д. 11, 032472",8 (122) 463-94-84
1836,Романов,Федот,Ерофеевич,2004-01-20,М,69350285014689,773-536-866 69,"с. Ямбург, алл. Советской Армии, д. 6/2, 072483",8 167 010 3775
1837,Шашкова,Панкрат,Исидорович,2007-09-15,Ж,69594673852219,766-458-071 90,"к. Славянск-на-Кубани, ул. Вокзальная, д. 74 стр. 69, 680511",84725948776
1838,Фролов,Гурий,Феликсович,2005-04-17,Ж,53140002376736,051-713-644 59,"с. Красноуфимск, пер. Советов, д. 2 стр. 74, 255956",82318314256
1839,Воробьев,Евдоким,Иосипович,1948-08-31,М,83733918486061,504-854-874 39,"клх Жиганск, ш. Привокзальное, д. 740 стр. 7, 424941",8 (275) 430-7141
1840,Самсонов,Лев,Эдуардович,1949-11-14,М,57499647236611,761-470-279 40,"г. Внуково (метеост.), пр. Радужный, д. 8, 465346",+7 924 001 20 29
1841,Новикова,Фотий,Евгеньевна,1983-02-25,Ж,54817267312934,047-211-745 60,"ст. Солнечногорск, наб. Строительная, д. 3/1, 317864",8 (971) 439-6600
1842,Колобова,Флорентин,Якубович,1988-07-21,Ж,78000133034902,575-108-193 90,"к. Апрелевка, ш. Розы Люксембург, д. 66 к. 2, 539895",+77690941586
1843,Третьяков,Василий,Вадимовна,1985-07-27,М,90357906224813,929-428-727 65,"клх Малгобек, алл. Западная, д. 273, 652677",8 763 917 10 43
1844,Селезнев,Лукия,Арсенович,1940-01-09,М,62864792317611,478-824-481 56,"с. Магнитогорск, пер. Кузнецова, д. 6, 511613",+7 489 719 55 14
1845,Фадеев,Дмитрий,Денисович,1937-12-15,Ж,13718932766526,853-074-401 43,"клх Краснокамск, бул. Карла Либкнехта, д. 724 к. 7/5, 029971",8 (933) 194-7235
1846,Суханов,Надежда,Дмитриевич,2006-11-22,Ж,80719631429185,168-621-243 90,"д. Снежинск, алл. Короткая, д. 9 стр. 21, 942968",84572998726
1847,Морозов,Селиван,Борисович,2005-12-04,Ж,70975285132909,713-738-849 58,"п. Москва, наб. 8-е Марта, д. 87 стр. 634, 948326",+7 676 456 87 94
1848,Гущина,Никон,Аркадьевна,1986-05-29,М,76786340582909,704-683-227 35,"г. Меренга, наб. Энтузиастов, д. 14 стр. 909, 647990",8 (370) 743-48-75
1849,Афанасьева,Андрон,Адамович,1959-10-15,Ж,98096559042168,516-357-720 89,"клх Терскол, алл. Специалистов, д. 664 стр. 4/9, 161199",8 882 427 8108
1850,Горшков,Аполлон,Антонович,1939-07-06,М,75371422769036,264-433-278 85,"к. Черский, ш. Революции, д. 87, 302360",+7 (165) 087-5517
1851,Быков,Флорентин,Викторовна,1953-07-12,М,05177188874944,231-811-407 31,"к. Пушкин, пер. Проточный, д. 86 стр. 745, 634865",+77223030859
1852,Третьяков,Трофим,Афанасьевна,2003-04-03,М,05676802034723,312-278-081 08,"п. Меренга, наб. Вокзальная, д. 8/4 к. 64, 653596",8 (568) 389-0505
1853,Веселов,Нифонт,Руслановна,2004-09-06,Ж,66765640600930,374-006-392 49,"г. Кировск (Ленин.), алл. Лазурная, д. 87, 284285",+7 775 656 58 84
1854,Зыков,Фрол,Макаровна,1952-06-16,Ж,81654636805245,795-170-649 52,"г. Орехово-Зуево, наб. Высоковольтная, д. 72 к. 5/3, 519762",+7 266 350 57 05
1855,Борисова,Светлана,Бориславович,2000-02-21,М,87663428332383,562-737-119 18,"клх Петухово, наб. К.Маркса, д. 1, 823011",+7 (482) 655-1287
1856,Титова,Ульяна,Георгиевич,1973-03-22,М,81957146397090,355-297-096 50,"с. Ейск, алл. Сахалинская, д. 82 к. 2/2, 188336",8 894 278 3816
1857,Дементьева,Ладислав,Ильясович,1966-05-03,Ж,76614180137425,871-167-142 27,"г. Белогорск (Амур.), наб. Микрорайон, д. 7 стр. 5, 066712",+79443485420
1858,Панова,Ульяна,Петровна,1993-05-19,Ж,09784838939242,811-236-293 82,"с. Ульяновск, ш. Минина, д. 41 стр. 1, 574339",8 039 788 6304
1859,Носова,Александр,Фомич,1974-12-16,М,19888866318367,463-303-494 67,"ст. Сунтар, пер. Зеленый, д. 8/1 к. 9, 383430",8 903 556 41 67
1860,Дьячкова,Доброслав,Антипович,1936-07-06,Ж,69122189803263,101-388-086 29,"п. Шереметьево, алл. Пригородная, д. 722, 755538",+7 (735) 799-8734
1861,Гуляева,Никон,Алексеевна,1967-12-17,Ж,91852147959938,693-830-385 47,"д. Красногорск (Моск.), ул. Свободная, д. 6, 619780",+78189029018
1862,Лобанова,Болеслав,Алексеевна,1946-11-18,Ж,40729488318100,705-737-733 98,"к. Бавлы, бул. Геологов, д. 598 стр. 32, 325440",8 (137) 277-6311
1863,Колесникова,Лукьян,Арсенович,1969-04-16,Ж,66513067913384,346-318-476 12,"с. Домодедово, бул. Одесский, д. 9/6 стр. 1, 777932",+7 828 418 8946
1864,Королева,Любомир,Аркадьевна,1971-12-06,М,71368643681281,173-105-215 62,"г. Гремячинск (Перм.), ш. Томское, д. 39, 476965",+7 301 850 7730
1865,Белоусова,Мстислав,Измаилович,2002-06-23,Ж,71436917159120,464-446-274 13,"с. Плес, пер. Камский, д. 7 стр. 1, 752072",+78631134338
1866,Герасимов,Евгений,Витальевич,1936-12-16,Ж,16076265064036,840-697-225 72,"п. Всеволожск, пр. Воронежский, д. 5/3, 251609",8 477 165 35 43
1867,Ефремова,Ипатий,Феодосьевич,1977-03-10,М,80571818781770,976-329-237 32,"г. Луховицы, бул. Курганный, д. 5, 324086",+7 (283) 168-2688
1868,Тетерина,Оксана,Всеволодович,1999-11-26,М,08650213608060,831-742-744 89,"клх Устюжна, пер. Заовражный, д. 9 стр. 3, 250411",8 (556) 576-1082
1869,Голубева,Софрон,Данилович,1970-09-16,М,69090695545633,525-261-598 26,"к. Россошь, наб. Красная, д. 7/9, 360265",+7 635 373 23 42
1870,Зимина,Ювеналий,Антонович,1937-11-18,Ж,04766945926808,730-909-523 36,"к. Нарткала, бул. Коммуны, д. 352 к. 6, 196757",8 (616) 480-42-10
1871,Петров,Ярослав,Святославовна,1936-08-13,Ж,62182358636387,893-148-904 49,"с. Октябрьское (Челяб.), ш. Энергетическое, д. 8 к. 226, 804054",+7 273 345 05 63
1872,Молчанов,Ерофей,Степановна,2007-08-02,М,47623622882960,713-579-669 94,"с. Шенкурск, бул. Сельский, д. 59 к. 6/5, 496778",8 (371) 527-33-00
1873,Евдокимова,Пахом,Викентьевич,2000-06-26,Ж,72711356947126,736-507-331 40,"д. Алапаевск, пр. З.Космодемьянской, д. 72, 021230",80861208858
1874,Родионов,Аркадий,Теймуразович,1980-04-07,Ж,63353685302418,657-236-403 06,"г. Южно-Сахалинск, пер. Гаражный, д. 6/6 стр. 5, 476639",+7 565 295 2635
1875,Соболева,Антонин,Елисеевич,1962-10-10,М,42075776613030,601-956-773 18,"ст. Дно, пр. Ивановский, д. 369 к. 555, 812858",+7 (943) 800-24-12
1876,Корнилов,Октябрина,Юрьевна,1939-12-18,Ж,35425859580132,644-739-847 09,"д. Приморско-Ахтарск, бул. Терешковой, д. 31 стр. 6, 799366",+7 (548) 010-31-74
1877,Блохина,Валерия,Юлианович,2002-02-11,Ж,04187786307818,065-973-381 43,"п. Карабулак, бул. Широкий, д. 355 к. 2, 779258",8 309 226 6582
1878,Галкина,Акулина,Захаровна,1967-07-18,М,81449328955791,805-337-851 22,"клх Южно-Сахалинск, ш. Герцена, д. 5/7, 056141",+7 488 689 6571
1879,Карпова,Каллистрат,Федосеевич,2003-12-25,М,47289630812196,739-712-637 72,"г. Волхов, ул. Жданова, д. 970 к. 2, 675161",+7 277 988 5339
1880,Князев,Будимир,Геннадиевна,1962-09-18,М,81078283679612,079-597-093 21,"д. Вендинга, пер. Калинина, д. 89 стр. 517, 397223",+72154380072
1881,Кошелева,Глафира,Эдуардовна,1954-07-25,Ж,36579891468564,922-604-217 25,"г. Красноселькуп, ш. Седова, д. 227 стр. 19, 362617",8 (135) 389-90-96
1882,Ермакова,Акулина,Валентиновна,1983-04-20,М,94696292405807,365-611-874 07,"ст. Глазов, ш. Гайдара, д. 19 к. 859, 643507",+7 192 950 5086
1883,Бобылева,Никита,Артурович,1936-05-31,Ж,91650493980504,421-851-203 62,"ст. Кемерово, пр. Буденного, д. 5/4, 942075",+72552349324
1884,Сергеев,Любосмысл,Константиновна,1988-09-19,Ж,88072856007388,950-180-510 51,"г. Лодейное Поле, ул. Чехова, д. 915 к. 92, 585770",+7 (980) 719-56-05
1885,Бобылева,Влас,Яковлевич,1984-07-24,Ж,62558136661880,097-245-955 21,"г. Мыс Шмидта, пр. Хуторской, д. 144 к. 6, 847756",+7 (691) 422-92-71
1886,Кузнецов,Нестор,Феликсовна,2001-01-19,Ж,67558311081234,893-236-451 18,"д. Троицк (Моск.), ул. Павлика Морозова, д. 1/9 стр. 579, 613030",+7 (562) 213-5064
1887,Субботин,Всеволод,Константиновна,1938-10-11,М,95876012133057,151-959-337 25,"ст. Кингисепп, пр. Прибрежный, д. 6/5 стр. 9/3, 857312",8 733 405 3399
1888,Якушева,Анжела,Августович,1958-09-14,М,65926650937300,163-881-772 20,"клх Калач-на-Дону, пер. Проточный, д. 111, 974729",8 646 947 1307
1889,Орехова,Юлия,Викторович,1938-01-13,М,61028349606164,831-230-681 25,"клх Ясный (Оренб.), бул. Транспортный, д. 35, 061226",+7 614 245 8641
1890,Капустин,Мартын,Петровна,2005-01-14,Ж,23138428733307,737-534-747 46,"п. Калуга, наб. Крылова, д. 2, 124283",8 946 106 0140
1891,Трофимов,Игнатий,Теймуразович,2002-11-29,Ж,69123579100331,675-906-207 09,"ст. Цимлянск, ул. Чапаева, д. 71 к. 9, 577544",8 (160) 717-2156
1892,Зыков,Евдоким,Валентиновна,1993-09-06,М,27954930406487,102-704-939 64,"с. Сортавала, наб. Ленина, д. 1 стр. 236, 075991",+7 000 128 37 02
1893,Игнатов,Милица,Устинович,1959-04-07,М,02835620438950,054-131-658 71,"к. Белорецк, алл. Братская, д. 82, 320904",8 612 963 11 56
1894,Захарова,Савелий,Бориславович,1999-07-29,М,16267821456747,502-615-861 86,"к. Северодвинск, пр. Короленко, д. 937, 744959",8 (378) 626-59-11
1895,Кондратьев,Эрнест,Геннадьевна,1988-07-22,М,39117923888340,258-626-380 86,"п. Губаха, ул. Макарова, д. 87, 244356",+78078940627
1896,Захарова,Ефим,Андреевич,1981-03-09,М,79643887334622,464-428-722 31,"ст. Кыштым, ул. Герцена, д. 529, 935049",8 364 035 2703
1897,Фомина,Акулина,Власович,1936-04-05,М,36136263983842,481-200-895 41,"ст. Диксон, алл. Алтайская, д. 608 к. 200, 657941",+7 503 197 1117
1898,Миронова,Аверьян,Антоновна,2001-11-21,Ж,82238554768476,750-634-470 94,"п. Тавда, ул. Серафимовича, д. 7/5 к. 5, 061920",8 (412) 220-3876
1899,Лихачев,Емельян,Леонидовна,2008-03-15,Ж,42918461223918,245-140-653 40,"с. Орск, ш. Тамбовское, д. 967 к. 1, 374431",87542397280
1900,Селиверстова,Василий,Никифоровна,2002-09-10,М,05284531158707,914-813-982 98,"клх Тольятти, ул. Лермонтова, д. 2 к. 4, 098181",+79696453371
1901,Трофимова,Лукьян,Валентиновна,1999-05-21,М,43334341182514,864-022-948 30,"г. Махачкала, пр. Краснодарский, д. 5/4 стр. 4, 862131",8 (418) 071-7809
1902,Кузьмина,Творимир,Тимурович,1986-05-31,Ж,98541732342513,861-755-651 73,"с. Екатеринбург, ул. Олега Кошевого, д. 494 стр. 9, 205847",+7 854 124 4788
1903,Гордеева,Константин,Гордеевич,1942-10-21,М,05073535324449,295-797-861 28,"г. Качканар, алл. Славянская, д. 75 к. 74, 751666",+7 (031) 721-1624
1904,Емельянова,Пелагея,Харитоновна,1973-05-22,Ж,21696176000408,393-666-662 60,"д. Териберка, алл. Советской Армии, д. 603 стр. 9, 537797",+7 (417) 404-7159
1905,Егоров,Филарет,Брониславович,1954-06-09,М,13588704320804,689-900-988 65,"ст. Каменск-Шахтинский, бул. Поперечный, д. 9, 071752",+77693895020
1906,Соколов,Любомир,Гаврилович,1981-10-11,Ж,64262458613476,154-001-288 01,"к. Городовиковск, бул. Ангарский, д. 6 стр. 98, 677224",+7 (390) 695-4223
1907,Пономарев,Адриан,Феликсовна,1947-02-23,М,25128337079003,022-427-931 66,"к. Верещагино (Перм.), ул. Целинная, д. 8 стр. 2, 235882",8 (031) 243-8701
1908,Рожков,Никон,Вячеславовна,1963-06-03,Ж,14027849192933,729-745-935 50,"ст. Чокурдах, алл. Парковая, д. 8 к. 4/4, 112051",+74984277885
1909,Белозеров,Аскольд,Аксёнович,1951-06-20,Ж,27397864516788,505-180-970 13,"г. Урай, ш. Строительное, д. 3/8 стр. 89, 127822",+7 (342) 322-30-97
1910,Якушева,Акулина,Антонович,1947-11-10,М,26821334237436,223-982-700 66,"п. Холмск, бул. Радужный, д. 3 к. 47, 629075",+7 (277) 588-87-14
1911,Абрамов,Зинаида,Тихонович,1981-04-26,Ж,39347970328840,446-565-948 36,"ст. Бирск, пер. Пушкина, д. 7 стр. 121, 579188",+7 (661) 701-36-35
1912,Третьяков,Амвросий,Ааронович,1970-07-19,Ж,65229782807535,948-271-682 13,"г. Омск, алл. Заозерная, д. 9 к. 24, 457081",8 (753) 433-74-79
1913,Казакова,Валерия,Наумовна,1973-05-23,М,55309527613800,563-474-382 88,"д. Шереметьево, пер. Нефтяников, д. 6 к. 6, 415879",+7 480 606 7924
1914,Быкова,Казимир,Викторовна,1966-04-18,Ж,92318205904684,089-409-434 74,"д. Стрежевой, алл. Фадеева, д. 3/5 стр. 9, 140917",+7 472 703 93 95
1915,Лукин,Агата,Валентиновна,1968-06-26,Ж,53362296775063,793-255-490 41,"д. Петрозаводск, алл. Магистральная, д. 79, 743414",8 717 016 45 27
1916,Гаврилов,Милен,Викторович,1937-06-27,М,13343694645944,500-401-776 75,"г. Кировск (Ленин.), пер. Кузнецкий, д. 315 к. 56, 084108",8 724 030 54 65
1917,Шарова,Трофим,Ильинична,2002-12-20,М,87476851932986,327-311-298 29,"ст. Кырен, пр. Одесский, д. 7/8, 863295",8 758 493 19 74
1918,Горшков,Нестор,Витальевич,2003-03-31,М,14172228304867,828-853-783 81,"п. Коломна, наб. Зеленая, д. 71 стр. 7, 719342",88624829229
1919,Пахомова,Исай,Давидович,1953-05-23,М,27115235781481,802-054-058 27,"г. Кудымкар, бул. Красных Партизан, д. 456, 400455",+7 (526) 546-06-79
1920,Ефимов,Осип,Юлианович,2004-08-15,Ж,33458096963095,675-503-764 78,"п. Элиста, ул. Серафимовича, д. 7, 869110",8 068 358 7766
1921,Колесников,Вацлав,Феодосьевич,1945-07-02,Ж,98640537670415,106-125-206 05,"к. Гремячинск (Бурят.), алл. Вишневая, д. 9 стр. 2, 579560",8 607 377 1188
1922,Никонова,Дмитрий,Ждановна,1969-10-02,М,20512532206194,173-714-421 40,"д. Зеленогорск (Ленин.), бул. Майский, д. 48, 863557",8 (543) 729-54-12
1923,Бурова,Любомир,Ниловна,1959-05-05,М,11169736654080,043-865-268 41,"к. Каневская, ул. Трудовая, д. 558 стр. 636, 565666",+7 (308) 025-4373
1924,Ершов,Никифор,Филатович,1992-07-23,М,98751464606251,048-280-174 54,"с. Избербаш, наб. Ильича, д. 20 к. 23, 662697",85536064962
1925,Зыкова,Виссарион,Степановна,2001-02-23,Ж,65886081251133,989-772-709 41,"г. Пермь, ул. Радищева, д. 4/7 стр. 75, 906283",8 006 511 68 03
1926,Пономарев,Исидор,Афанасьевич,1967-07-22,М,75926126404079,820-633-150 67,"к. Зеленогорск (Ленин.), бул. Никитина, д. 221, 871270",8 (397) 153-4871
1927,Бурова,Егор,Ефремович,1940-04-29,Ж,83975713495522,576-500-744 91,"ст. Кабанск, бул. Заливный, д. 2/1, 741793",+7 (154) 409-87-41
1928,Зайцева,Всеслав,Устинович,1951-01-02,Ж,99890526981488,710-695-625 14,"ст. Туруханск, бул. Брянский, д. 7/4 стр. 877, 813061",+7 (126) 834-23-19
1929,Хохлова,Поликарп,Федосьевич,1941-04-13,М,05874994531102,903-668-407 41,"ст. Сеймчан, ул. Невского, д. 9/2, 132785",8 (210) 626-1262
1930,Воронцов,Адриан,Юлианович,1958-06-21,М,60262498724958,069-530-203 31,"г. Кирово-Чепецк, ш. Путейское, д. 1 стр. 87, 354915",8 (514) 044-45-37
1931,Вишняков,Аркадий,Тарасовна,1943-09-18,Ж,67733066556212,613-716-403 24,"к. Славгород, ул. Подгорная, д. 2/2, 917418",8 (861) 487-31-46
1932,Юдина,Аверкий,Валерианович,1942-03-11,Ж,47575314301711,065-838-527 72,"ст. Невинномысск, бул. Нахимова, д. 2 стр. 52, 948870",83467448469
1933,Попов,Чеслав,Герасимович,1986-11-25,Ж,36620570427877,112-781-613 16,"д. Фатеж, ш. Донское, д. 9/6, 665720",+7 712 081 3324
1934,Данилов,Георгий,Жоресович,1974-04-03,Ж,96013348536819,098-776-749 67,"ст. Тайшет, алл. Нефтяников, д. 893, 091116",8 377 546 2840
1935,Вишняков,Василий,Теймуразович,1963-05-31,Ж,28396775729854,071-499-189 16,"к. Елатьма, ш. Азовское, д. 23 стр. 2, 468715",8 122 066 71 55
1936,Колесникова,Мокей,Тихонович,1981-09-23,Ж,04676550560572,364-748-309 29,"ст. Ребриха, ул. Горького, д. 3/4 к. 2, 822248",8 (458) 195-2771
1937,Кулакова,Афиноген,Данилович,1945-09-10,М,51767882355135,327-592-351 99,"п. Теберда, пер. Монтажников, д. 9/6, 453885",+7 (838) 664-70-98
1938,Лапина,Остромир,Демидович,1992-10-27,М,79433959564223,144-908-172 25,"клх Челюскин, пр. Шахтерский, д. 9/2 стр. 3/4, 495691",8 (578) 401-36-62
1939,Петухов,Аполлон,Станиславовна,1993-06-20,Ж,33606602759454,253-379-805 30,"д. Мичуринск, бул. Никитина, д. 13 к. 5/5, 983051",+7 (206) 387-07-81
1940,Шубин,Эмиль,Гаврилович,1946-01-29,М,81697752574641,574-808-663 16,"д. Кинешма, алл. Макаренко, д. 903 к. 5/9, 164456",80200533164
1941,Лебедев,Иванна,Антипович,1999-01-19,М,96589149765190,174-993-837 97,"клх Армавир, наб. Мусы Джалиля, д. 879 стр. 1/1, 252769",8 953 410 7443
1942,Киселев,Евлампий,Эдуардовна,1958-12-01,Ж,08140184186422,359-605-396 24,"к. Тольятти, пер. Малиновый, д. 2/3, 342672",+73714082866
1943,Мартынов,Екатерина,Бенедиктович,1957-06-01,М,90154401401525,030-064-641 73,"к. Ульяновск, пер. Лунный, д. 7, 268111",+7 414 517 4906
1944,Назаров,Эмилия,Ильинична,1994-08-12,М,35114019084853,931-389-557 17,"с. Находка, алл. Болотная, д. 82 к. 83, 802502",+7 (665) 282-64-81
1945,Чернов,Василиса,Валерианович,1956-06-18,М,24304968564413,220-710-842 56,"д. Липецк, ш. Пограничное, д. 1 стр. 2/3, 214264",8 (476) 417-3141
1946,Зимина,Аристарх,Юльевич,2007-02-12,М,78346188452434,524-368-017 08,"д. Советский, ул. Абрикосовая, д. 485, 175751",+76954607682
1947,Карпов,Василий,Егоровна,1975-02-04,Ж,57611022514464,841-326-971 79,"д. Нягань, пр. Абрикосовый, д. 27 стр. 8, 163943",8 651 122 74 73
1948,Кудрявцев,Эрнест,Архиповна,2001-02-24,Ж,40621527381855,695-457-175 26,"ст. Енисейск, ул. Щетинкина, д. 47, 722070",8 342 026 3496
1949,Прохорова,Андроник,Эдгардович,1938-07-06,Ж,85194121031553,831-615-390 83,"ст. Железногорск(Курск.), пр. Серафимовича, д. 5/5, 912092",+7 (717) 035-4807
1950,Баранов,Фома,Григорьевна,1967-05-09,Ж,19640760150043,852-869-141 32,"к. Кострома, ул. Бабушкина, д. 40 стр. 23, 093878",8 (129) 565-6359
1951,Туров,Георгий,Васильевна,1964-05-22,М,12368929756988,647-149-497 46,"ст. Серов, ш. Железнодорожное, д. 579 к. 44, 780489",+7 729 312 2868
1952,Родионов,Лука,Бенедиктович,1954-08-14,М,04256344312169,090-793-969 06,"ст. Андреаполь, ш. Мусы Джалиля, д. 3/6, 214926",+7 425 194 86 75
1953,Шарова,Наум,Ниловна,1964-07-02,Ж,63331933382466,093-732-820 15,"с. Тамбей, бул. Славянский, д. 718 к. 232, 465449",88690652272
1954,Андреев,Лазарь,Денисович,2006-12-11,Ж,14121455664457,720-080-508 04,"к. Елабуга, наб. Саратовская, д. 61 стр. 32, 284973",8 (666) 160-1079
1955,Ефремов,Евпраксия,Наумовна,1982-04-18,М,09854991579561,957-217-894 02,"клх Сургут (Хант.), пр. Комарова, д. 4 стр. 4, 533432",8 588 276 88 15
1956,Козлов,Фёкла,Дмитриевна,2007-12-22,Ж,85002999077658,280-727-358 67,"д. Астрахань, наб. Демьяна Бедного, д. 450 стр. 491, 128379",+7 002 736 3793
1957,Зимин,Зинаида,Альбертовна,1974-03-30,М,41437259849419,228-928-502 74,"с. Архыз, пр. Азовский, д. 1/4 к. 79, 671223",8 (392) 203-07-50
1958,Мухина,Анастасия,Иосипович,2000-04-14,М,02660790298078,121-604-901 89,"ст. Нарым, ул. Угловая, д. 956, 434711",+7 (513) 959-2746
1959,Ковалева,Валерий,Федосьевич,1956-02-13,М,02688371571406,924-711-235 17,"д. Мытищи, ш. Поселковое, д. 5 к. 77, 131085",8 604 991 7654
1960,Коновалова,Анжелика,Григорьевна,1976-07-17,Ж,17775823165864,702-601-680 47,"с. Череповец, наб. Кошевого, д. 754 стр. 55, 530538",8 377 253 92 91
1961,Громова,Лазарь,Феодосьевич,1993-05-09,М,85126739086943,837-402-552 84,"ст. Кижи, наб. Тамбовская, д. 54 стр. 8, 883351",8 607 738 66 73
1962,Горбачева,Ростислав,Якубович,2008-01-14,М,68671971320923,267-722-767 23,"ст. Зарайск, ш. Лесное, д. 6/7 стр. 288, 577447",8 961 901 69 21
1963,Васильев,Юлиан,Ждановна,1968-02-27,М,09245004968708,936-162-227 00,"г. Ряжск, пер. 60 лет Октября, д. 44 к. 69, 646001",8 516 607 2898
1964,Мамонтова,Анжела,Терентьевич,1979-09-24,М,83098366416507,656-738-575 17,"к. Зеленоград, наб. Ленинская, д. 2, 905390",+70044418176
1965,Фомичева,Феоктист,Давыдович,1982-03-10,М,08370065868923,379-206-380 76,"п. Шарья, ул. Менделеева, д. 4, 282396",+7 (916) 388-8870
1966,Кабанов,Влас,Харлампович,1989-08-22,М,83735486691425,542-555-992 85,"ст. Усть-Ордынский, пр. Энергетиков, д. 6/9 к. 14, 415858",+7 (936) 605-5378
1967,Филиппов,Филипп,Бориславович,1979-12-08,Ж,95071627854742,905-789-584 29,"к. Эльтон, ш. Л.Толстого, д. 76 к. 391, 805083",+7 (504) 258-5386
1968,Морозова,Евдоким,Измаилович,1951-12-12,М,19035937563885,685-319-355 64,"с. Серафимович, алл. Выгонная, д. 9/2 стр. 51, 420424",83976848490
1969,Михайлов,Агафон,Матвеевич,1941-03-04,М,32296989314566,252-825-164 65,"г. Эльбрус, пер. Победы, д. 1, 775152",8 662 885 2530
1970,Казаков,Бронислав,Устинович,2000-12-19,М,38047677839018,384-403-901 03,"п. Инта, наб. Горная, д. 2/9 к. 3/3, 530336",8 (983) 289-16-61
1971,Осипов,Нестор,Эльдаровна,2006-09-06,Ж,11824932832557,444-569-358 35,"г. Камень-на-Оби, бул. Спартака, д. 9/9, 966113",+7 144 441 0486
1972,Михайлова,Якуб,Адамович,1993-06-18,Ж,37661448906593,793-013-105 71,"п. Фатеж, бул. Чернышевского, д. 9/7, 484758",8 218 754 06 57
1973,Попов,Лора,Вилорович,1956-06-04,М,45852771305976,180-155-133 41,"клх Богучар, ул. Портовая, д. 87 к. 5/8, 673896",+7 003 206 6317
1974,Исаева,Елизавета,Фролович,1950-11-16,М,22804424166072,998-955-345 75,"к. Тулун, бул. Волгоградский, д. 8/9, 484333",+7 (624) 890-0019
1975,Павлов,Флорентин,Гертрудович,2000-01-05,М,61473322063399,534-103-455 50,"к. Карабулак, бул. Вахитова, д. 10, 290077",+7 (765) 550-4462
1976,Коновалов,Агап,Романовна,1961-09-27,М,69995753802999,120-280-213 26,"г. Воткинск, пр. Кленовый, д. 47 к. 681, 507861",+7 (085) 850-0176
1977,Белозерова,Марина,Вадимовна,1958-08-12,Ж,09907278090852,594-630-896 46,"ст. Лысьва, ш. Энергетическое, д. 334, 549595",+7 (892) 167-22-34
1978,Семенов,Денис,Тимуровна,1997-10-29,М,95736375995324,668-967-613 61,"с. Ханты-Мансийск, пр. Энтузиастов, д. 1 стр. 75, 429129",+7 (043) 113-0121
1979,Кошелева,Мир,Иосифович,1941-06-08,Ж,01792256641874,294-880-640 68,"клх Ясный (Оренб.), ш. Черемуховое, д. 64 к. 6/9, 324711",+76277208079
1980,Кабанова,Лаврентий,Альбертовна,1962-04-05,Ж,55381066612816,413-209-635 87,"п. Южно-Курильск, пер. Базарный, д. 1/4 к. 252, 257419",+7 (291) 534-61-91
1981,Соболева,Терентий,Филатович,2007-02-15,М,75827356232610,027-031-442 51,"клх Верхний Баскунчак, ш. Зеленое, д. 853, 986172",82883229837
1982,Капустин,Пантелеймон,Артемьевич,1958-11-08,Ж,20707319717576,283-796-756 63,"п. Североуральск, ш. Омское, д. 5, 240189",+7 599 108 56 88
1983,Фадеев,Вениамин,Игнатович,1985-11-13,М,53513592076679,889-968-427 58,"ст. Палана, алл. Курортная, д. 5 стр. 3/3, 876187",+7 570 810 9134
1984,Елисеева,Евстафий,Филипповна,1976-09-26,М,29664312188518,216-420-009 09,"ст. Шатой, алл. Новая, д. 8 к. 101, 530484",8 (697) 397-16-47
1985,Белоусова,Марина,Георгиевна,1936-09-01,Ж,97422350291393,023-929-149 67,"г. Байкальск, ул. Полевая, д. 3/2 к. 5, 586919",8 639 386 5160
1986,Копылов,Твердислав,Дмитриевна,1990-05-26,Ж,91290658282113,591-613-657 05,"клх Шатой, пер. Таманский, д. 9/4, 016939",+7 (361) 590-7266
1987,Зыкова,Анжела,Ждановна,2000-08-09,Ж,16256266578165,745-802-824 02,"г. Чулым, алл. Орловская, д. 1/3 стр. 7/2, 572652",+7 365 243 94 35
1988,Красильников,Анжела,Аскольдовна,1969-12-07,М,00658615843581,491-882-436 75,"ст. Оха, алл. Ольховая, д. 8/2 к. 11, 074321",+7 569 017 1645
1989,Некрасов,Корнил,Валерианович,1948-04-05,М,25173841750227,831-169-523 59,"клх Зеленоград, пер. Весенний, д. 52, 072121",8 (785) 427-0209
1990,Константинова,Ладимир,Зиновьевич,1981-12-27,Ж,74639904331682,077-852-753 20,"ст. Каменномостский, ш. Киевское, д. 27 к. 83, 502145",+7 (115) 974-9786
1991,Костина,Зинаида,Егоровна,1991-12-13,Ж,43913261455092,540-834-512 91,"г. Шереметьево, алл. Автомобилистов, д. 36 к. 5/3, 585396",+7 (502) 998-3557
1992,Кулакова,Авдей,Дмитриевна,2007-03-23,М,74765286838432,476-114-343 83,"г. Подольск, пер. Ильича, д. 5 стр. 7, 174909",8 529 807 1796
1993,Горбунова,Митофан,Гертрудович,1960-01-17,Ж,17091177864964,658-894-921 47,"с. Бийск, наб. Кооперативная, д. 56 стр. 16, 585525",+7 612 954 01 79
1994,Горбунова,Моисей,Иосипович,2006-05-20,Ж,98343702410528,359-633-003 74,"п. Сосьва (Хант.), наб. Мусы Джалиля, д. 9/1, 020158",+7 287 047 93 20
1995,Тихонова,Аггей,Васильевич,1973-09-02,Ж,26363261847606,937-121-835 38,"п. Саранск, ул. Нагорная, д. 4/9, 518049",8 377 027 00 21
1996,Дроздова,Аверкий,Аксёнович,1981-10-27,Ж,80998262665680,428-503-885 36,"с. Оха, алл. Городская, д. 4/9 к. 35, 418047",+7 883 031 01 12
1997,Гущин,Казимир,Эдгарович,1940-03-06,Ж,54098567062154,464-797-618 57,"д. Салехард, алл. Фурманова, д. 528 к. 2, 853812",+73831141009
1998,Маслова,Мечислав,Фролович,2007-08-11,М,29419976530482,721-550-396 80,"с. Усть-Катав, ул. Просвещения, д. 1, 492207",+7 (556) 202-2949
1999,Воронцов,Моисей,Богданович,1961-10-15,Ж,19894847071730,215-601-399 47,"д. Тимашевск, наб. Бажова, д. 3/2 к. 152, 810696",+7 387 343 57 11
2000,Кошелева,Адриан,Никифоровна,1952-06-17,Ж,34770472902388,139-372-998 18,"п. Завьялиха, бул. Сельский, д. 581, 093069",+78272148463
