[2026-06-09T15:26:53.962+0000] {processor.py:186} INFO - Started process (PID=176) to work on /opt/airflow/dags/create_mart_dag.py
[2026-06-09T15:26:53.963+0000] {processor.py:914} INFO - Processing file /opt/airflow/dags/create_mart_dag.py for tasks to queue
[2026-06-09T15:26:53.966+0000] {logging_mixin.py:190} INFO - [2026-06-09T15:26:53.966+0000] {dagbag.py:588} INFO - Filling up the DagBag from /opt/airflow/dags/create_mart_dag.py
[2026-06-09T15:26:54.019+0000] {processor.py:925} INFO - DAG(s) 'create_analytics_mart' retrieved from /opt/airflow/dags/create_mart_dag.py
[2026-06-09T15:26:54.307+0000] {logging_mixin.py:190} INFO - [2026-06-09T15:26:54.307+0000] {dag.py:3239} INFO - Sync 1 DAGs
[2026-06-09T15:26:54.341+0000] {logging_mixin.py:190} INFO - [2026-06-09T15:26:54.341+0000] {dag.py:4180} INFO - Setting next_dagrun for create_analytics_mart to 2026-06-09 02:00:00+00:00, run_after=2026-06-10 02:00:00+00:00
[2026-06-09T15:26:54.373+0000] {processor.py:208} INFO - Processing /opt/airflow/dags/create_mart_dag.py took 0.421 seconds
[2026-06-09T15:27:24.673+0000] {processor.py:186} INFO - Started process (PID=197) to work on /opt/airflow/dags/create_mart_dag.py
[2026-06-09T15:27:24.674+0000] {processor.py:914} INFO - Processing file /opt/airflow/dags/create_mart_dag.py for tasks to queue
[2026-06-09T15:27:24.678+0000] {logging_mixin.py:190} INFO - [2026-06-09T15:27:24.677+0000] {dagbag.py:588} INFO - Filling up the DagBag from /opt/airflow/dags/create_mart_dag.py
[2026-06-09T15:27:24.716+0000] {processor.py:925} INFO - DAG(s) 'create_analytics_mart' retrieved from /opt/airflow/dags/create_mart_dag.py
[2026-06-09T15:27:24.748+0000] {logging_mixin.py:190} INFO - [2026-06-09T15:27:24.747+0000] {dag.py:3239} INFO - Sync 1 DAGs
[2026-06-09T15:27:24.789+0000] {logging_mixin.py:190} INFO - [2026-06-09T15:27:24.788+0000] {dag.py:4180} INFO - Setting next_dagrun for create_analytics_mart to 2026-06-09 02:00:00+00:00, run_after=2026-06-10 02:00:00+00:00
[2026-06-09T15:27:24.818+0000] {processor.py:208} INFO - Processing /opt/airflow/dags/create_mart_dag.py took 0.153 seconds
[2026-06-09T15:27:55.159+0000] {processor.py:186} INFO - Started process (PID=213) to work on /opt/airflow/dags/create_mart_dag.py
[2026-06-09T15:27:55.160+0000] {processor.py:914} INFO - Processing file /opt/airflow/dags/create_mart_dag.py for tasks to queue
[2026-06-09T15:27:55.162+0000] {logging_mixin.py:190} INFO - [2026-06-09T15:27:55.161+0000] {dagbag.py:588} INFO - Filling up the DagBag from /opt/airflow/dags/create_mart_dag.py
[2026-06-09T15:27:55.185+0000] {processor.py:925} INFO - DAG(s) 'create_analytics_mart' retrieved from /opt/airflow/dags/create_mart_dag.py
[2026-06-09T15:27:55.218+0000] {logging_mixin.py:190} INFO - [2026-06-09T15:27:55.218+0000] {dag.py:3239} INFO - Sync 1 DAGs
[2026-06-09T15:27:55.238+0000] {logging_mixin.py:190} INFO - [2026-06-09T15:27:55.238+0000] {dag.py:4180} INFO - Setting next_dagrun for create_analytics_mart to 2026-06-09 02:00:00+00:00, run_after=2026-06-10 02:00:00+00:00
[2026-06-09T15:27:55.256+0000] {processor.py:208} INFO - Processing /opt/airflow/dags/create_mart_dag.py took 0.102 seconds
[2026-06-09T15:28:25.432+0000] {processor.py:186} INFO - Started process (PID=229) to work on /opt/airflow/dags/create_mart_dag.py
[2026-06-09T15:28:25.433+0000] {processor.py:914} INFO - Processing file /opt/airflow/dags/create_mart_dag.py for tasks to queue
[2026-06-09T15:28:25.437+0000] {logging_mixin.py:190} INFO - [2026-06-09T15:28:25.437+0000] {dagbag.py:588} INFO - Filling up the DagBag from /opt/airflow/dags/create_mart_dag.py
[2026-06-09T15:28:25.464+0000] {processor.py:925} INFO - DAG(s) 'create_analytics_mart' retrieved from /opt/airflow/dags/create_mart_dag.py
[2026-06-09T15:28:25.487+0000] {logging_mixin.py:190} INFO - [2026-06-09T15:28:25.487+0000] {dag.py:3239} INFO - Sync 1 DAGs
[2026-06-09T15:28:25.508+0000] {logging_mixin.py:190} INFO - [2026-06-09T15:28:25.508+0000] {dag.py:4180} INFO - Setting next_dagrun for create_analytics_mart to 2026-06-09 02:00:00+00:00, run_after=2026-06-10 02:00:00+00:00
[2026-06-09T15:28:25.526+0000] {processor.py:208} INFO - Processing /opt/airflow/dags/create_mart_dag.py took 0.100 seconds
[2026-06-09T15:28:55.954+0000] {processor.py:186} INFO - Started process (PID=245) to work on /opt/airflow/dags/create_mart_dag.py
[2026-06-09T15:28:55.955+0000] {processor.py:914} INFO - Processing file /opt/airflow/dags/create_mart_dag.py for tasks to queue
[2026-06-09T15:28:55.956+0000] {logging_mixin.py:190} INFO - [2026-06-09T15:28:55.956+0000] {dagbag.py:588} INFO - Filling up the DagBag from /opt/airflow/dags/create_mart_dag.py
[2026-06-09T15:28:55.987+0000] {processor.py:925} INFO - DAG(s) 'create_analytics_mart' retrieved from /opt/airflow/dags/create_mart_dag.py
[2026-06-09T15:28:56.009+0000] {logging_mixin.py:190} INFO - [2026-06-09T15:28:56.009+0000] {dag.py:3239} INFO - Sync 1 DAGs
[2026-06-09T15:28:56.030+0000] {logging_mixin.py:190} INFO - [2026-06-09T15:28:56.030+0000] {dag.py:4180} INFO - Setting next_dagrun for create_analytics_mart to 2026-06-09 02:00:00+00:00, run_after=2026-06-10 02:00:00+00:00
[2026-06-09T15:28:56.051+0000] {processor.py:208} INFO - Processing /opt/airflow/dags/create_mart_dag.py took 0.102 seconds
[2026-06-09T15:29:26.355+0000] {processor.py:186} INFO - Started process (PID=261) to work on /opt/airflow/dags/create_mart_dag.py
[2026-06-09T15:29:26.356+0000] {processor.py:914} INFO - Processing file /opt/airflow/dags/create_mart_dag.py for tasks to queue
[2026-06-09T15:29:26.358+0000] {logging_mixin.py:190} INFO - [2026-06-09T15:29:26.357+0000] {dagbag.py:588} INFO - Filling up the DagBag from /opt/airflow/dags/create_mart_dag.py
[2026-06-09T15:29:26.380+0000] {processor.py:925} INFO - DAG(s) 'create_analytics_mart' retrieved from /opt/airflow/dags/create_mart_dag.py
[2026-06-09T15:29:26.403+0000] {logging_mixin.py:190} INFO - [2026-06-09T15:29:26.403+0000] {dag.py:3239} INFO - Sync 1 DAGs
[2026-06-09T15:29:26.424+0000] {logging_mixin.py:190} INFO - [2026-06-09T15:29:26.424+0000] {dag.py:4180} INFO - Setting next_dagrun for create_analytics_mart to 2026-06-09 02:00:00+00:00, run_after=2026-06-10 02:00:00+00:00
[2026-06-09T15:29:26.444+0000] {processor.py:208} INFO - Processing /opt/airflow/dags/create_mart_dag.py took 0.096 seconds
[2026-06-09T15:29:56.975+0000] {processor.py:186} INFO - Started process (PID=304) to work on /opt/airflow/dags/create_mart_dag.py
[2026-06-09T15:29:56.976+0000] {processor.py:914} INFO - Processing file /opt/airflow/dags/create_mart_dag.py for tasks to queue
[2026-06-09T15:29:56.977+0000] {logging_mixin.py:190} INFO - [2026-06-09T15:29:56.976+0000] {dagbag.py:588} INFO - Filling up the DagBag from /opt/airflow/dags/create_mart_dag.py
[2026-06-09T15:29:56.995+0000] {processor.py:925} INFO - DAG(s) 'create_analytics_mart' retrieved from /opt/airflow/dags/create_mart_dag.py
[2026-06-09T15:29:57.016+0000] {logging_mixin.py:190} INFO - [2026-06-09T15:29:57.016+0000] {dag.py:3239} INFO - Sync 1 DAGs
[2026-06-09T15:29:57.034+0000] {logging_mixin.py:190} INFO - [2026-06-09T15:29:57.034+0000] {dag.py:4180} INFO - Setting next_dagrun for create_analytics_mart to 2026-06-09 02:00:00+00:00, run_after=2026-06-10 02:00:00+00:00
[2026-06-09T15:29:57.048+0000] {processor.py:208} INFO - Processing /opt/airflow/dags/create_mart_dag.py took 0.078 seconds
[2026-06-09T15:30:27.410+0000] {processor.py:186} INFO - Started process (PID=331) to work on /opt/airflow/dags/create_mart_dag.py
[2026-06-09T15:30:27.411+0000] {processor.py:914} INFO - Processing file /opt/airflow/dags/create_mart_dag.py for tasks to queue
[2026-06-09T15:30:27.413+0000] {logging_mixin.py:190} INFO - [2026-06-09T15:30:27.413+0000] {dagbag.py:588} INFO - Filling up the DagBag from /opt/airflow/dags/create_mart_dag.py
[2026-06-09T15:30:27.441+0000] {processor.py:925} INFO - DAG(s) 'create_analytics_mart' retrieved from /opt/airflow/dags/create_mart_dag.py
[2026-06-09T15:30:27.462+0000] {logging_mixin.py:190} INFO - [2026-06-09T15:30:27.462+0000] {dag.py:3239} INFO - Sync 1 DAGs
[2026-06-09T15:30:27.482+0000] {logging_mixin.py:190} INFO - [2026-06-09T15:30:27.482+0000] {dag.py:4180} INFO - Setting next_dagrun for create_analytics_mart to 2026-06-09 02:00:00+00:00, run_after=2026-06-10 02:00:00+00:00
[2026-06-09T15:30:27.498+0000] {processor.py:208} INFO - Processing /opt/airflow/dags/create_mart_dag.py took 0.092 seconds
[2026-06-09T15:30:57.724+0000] {processor.py:186} INFO - Started process (PID=347) to work on /opt/airflow/dags/create_mart_dag.py
[2026-06-09T15:30:57.725+0000] {processor.py:914} INFO - Processing file /opt/airflow/dags/create_mart_dag.py for tasks to queue
[2026-06-09T15:30:57.726+0000] {logging_mixin.py:190} INFO - [2026-06-09T15:30:57.726+0000] {dagbag.py:588} INFO - Filling up the DagBag from /opt/airflow/dags/create_mart_dag.py
[2026-06-09T15:30:57.751+0000] {processor.py:925} INFO - DAG(s) 'create_analytics_mart' retrieved from /opt/airflow/dags/create_mart_dag.py
[2026-06-09T15:30:57.774+0000] {logging_mixin.py:190} INFO - [2026-06-09T15:30:57.773+0000] {dag.py:3239} INFO - Sync 1 DAGs
[2026-06-09T15:30:57.792+0000] {logging_mixin.py:190} INFO - [2026-06-09T15:30:57.792+0000] {dag.py:4180} INFO - Setting next_dagrun for create_analytics_mart to 2026-06-09 02:00:00+00:00, run_after=2026-06-10 02:00:00+00:00
[2026-06-09T15:30:57.808+0000] {processor.py:208} INFO - Processing /opt/airflow/dags/create_mart_dag.py took 0.091 seconds
[2026-06-09T15:31:28.057+0000] {processor.py:186} INFO - Started process (PID=363) to work on /opt/airflow/dags/create_mart_dag.py
[2026-06-09T15:31:28.058+0000] {processor.py:914} INFO - Processing file /opt/airflow/dags/create_mart_dag.py for tasks to queue
[2026-06-09T15:31:28.059+0000] {logging_mixin.py:190} INFO - [2026-06-09T15:31:28.058+0000] {dagbag.py:588} INFO - Filling up the DagBag from /opt/airflow/dags/create_mart_dag.py
[2026-06-09T15:31:28.076+0000] {processor.py:925} INFO - DAG(s) 'create_analytics_mart' retrieved from /opt/airflow/dags/create_mart_dag.py
[2026-06-09T15:31:28.095+0000] {logging_mixin.py:190} INFO - [2026-06-09T15:31:28.095+0000] {dag.py:3239} INFO - Sync 1 DAGs
[2026-06-09T15:31:28.112+0000] {logging_mixin.py:190} INFO - [2026-06-09T15:31:28.112+0000] {dag.py:4180} INFO - Setting next_dagrun for create_analytics_mart to 2026-06-09 02:00:00+00:00, run_after=2026-06-10 02:00:00+00:00
[2026-06-09T15:31:28.128+0000] {processor.py:208} INFO - Processing /opt/airflow/dags/create_mart_dag.py took 0.076 seconds
[2026-06-09T15:31:47.068+0000] {processor.py:186} INFO - Started process (PID=175) to work on /opt/airflow/dags/create_mart_dag.py
[2026-06-09T15:31:47.068+0000] {processor.py:914} INFO - Processing file /opt/airflow/dags/create_mart_dag.py for tasks to queue
[2026-06-09T15:31:47.070+0000] {logging_mixin.py:190} INFO - [2026-06-09T15:31:47.070+0000] {dagbag.py:588} INFO - Filling up the DagBag from /opt/airflow/dags/create_mart_dag.py
[2026-06-09T15:31:47.096+0000] {processor.py:925} INFO - DAG(s) 'create_analytics_mart' retrieved from /opt/airflow/dags/create_mart_dag.py
[2026-06-09T15:31:47.121+0000] {logging_mixin.py:190} INFO - [2026-06-09T15:31:47.121+0000] {dag.py:3239} INFO - Sync 1 DAGs
[2026-06-09T15:31:47.144+0000] {logging_mixin.py:190} INFO - [2026-06-09T15:31:47.144+0000] {dag.py:4180} INFO - Setting next_dagrun for create_analytics_mart to 2026-06-09 02:00:00+00:00, run_after=2026-06-10 02:00:00+00:00
[2026-06-09T15:31:47.163+0000] {processor.py:208} INFO - Processing /opt/airflow/dags/create_mart_dag.py took 0.102 seconds
[2026-06-09T15:32:17.281+0000] {processor.py:186} INFO - Started process (PID=191) to work on /opt/airflow/dags/create_mart_dag.py
[2026-06-09T15:32:17.282+0000] {processor.py:914} INFO - Processing file /opt/airflow/dags/create_mart_dag.py for tasks to queue
[2026-06-09T15:32:17.284+0000] {logging_mixin.py:190} INFO - [2026-06-09T15:32:17.284+0000] {dagbag.py:588} INFO - Filling up the DagBag from /opt/airflow/dags/create_mart_dag.py
[2026-06-09T15:32:17.306+0000] {processor.py:925} INFO - DAG(s) 'create_analytics_mart' retrieved from /opt/airflow/dags/create_mart_dag.py
[2026-06-09T15:32:17.330+0000] {logging_mixin.py:190} INFO - [2026-06-09T15:32:17.330+0000] {dag.py:3239} INFO - Sync 1 DAGs
[2026-06-09T15:32:17.348+0000] {logging_mixin.py:190} INFO - [2026-06-09T15:32:17.348+0000] {dag.py:4180} INFO - Setting next_dagrun for create_analytics_mart to 2026-06-09 02:00:00+00:00, run_after=2026-06-10 02:00:00+00:00
[2026-06-09T15:32:17.365+0000] {processor.py:208} INFO - Processing /opt/airflow/dags/create_mart_dag.py took 0.089 seconds
[2026-06-09T15:32:47.517+0000] {processor.py:186} INFO - Started process (PID=207) to work on /opt/airflow/dags/create_mart_dag.py
[2026-06-09T15:32:47.518+0000] {processor.py:914} INFO - Processing file /opt/airflow/dags/create_mart_dag.py for tasks to queue
[2026-06-09T15:32:47.520+0000] {logging_mixin.py:190} INFO - [2026-06-09T15:32:47.520+0000] {dagbag.py:588} INFO - Filling up the DagBag from /opt/airflow/dags/create_mart_dag.py
[2026-06-09T15:32:47.545+0000] {processor.py:925} INFO - DAG(s) 'create_analytics_mart' retrieved from /opt/airflow/dags/create_mart_dag.py
[2026-06-09T15:32:47.567+0000] {logging_mixin.py:190} INFO - [2026-06-09T15:32:47.566+0000] {dag.py:3239} INFO - Sync 1 DAGs
[2026-06-09T15:32:47.585+0000] {logging_mixin.py:190} INFO - [2026-06-09T15:32:47.585+0000] {dag.py:4180} INFO - Setting next_dagrun for create_analytics_mart to 2026-06-09 02:00:00+00:00, run_after=2026-06-10 02:00:00+00:00
[2026-06-09T15:32:47.603+0000] {processor.py:208} INFO - Processing /opt/airflow/dags/create_mart_dag.py took 0.090 seconds
[2026-06-09T15:33:17.734+0000] {processor.py:186} INFO - Started process (PID=223) to work on /opt/airflow/dags/create_mart_dag.py
[2026-06-09T15:33:17.735+0000] {processor.py:914} INFO - Processing file /opt/airflow/dags/create_mart_dag.py for tasks to queue
[2026-06-09T15:33:17.737+0000] {logging_mixin.py:190} INFO - [2026-06-09T15:33:17.737+0000] {dagbag.py:588} INFO - Filling up the DagBag from /opt/airflow/dags/create_mart_dag.py
[2026-06-09T15:33:17.764+0000] {processor.py:925} INFO - DAG(s) 'create_analytics_mart' retrieved from /opt/airflow/dags/create_mart_dag.py
[2026-06-09T15:33:17.784+0000] {logging_mixin.py:190} INFO - [2026-06-09T15:33:17.784+0000] {dag.py:3239} INFO - Sync 1 DAGs
[2026-06-09T15:33:17.804+0000] {logging_mixin.py:190} INFO - [2026-06-09T15:33:17.804+0000] {dag.py:4180} INFO - Setting next_dagrun for create_analytics_mart to 2026-06-09 02:00:00+00:00, run_after=2026-06-10 02:00:00+00:00
[2026-06-09T15:33:17.822+0000] {processor.py:208} INFO - Processing /opt/airflow/dags/create_mart_dag.py took 0.092 seconds
[2026-06-09T15:33:47.949+0000] {processor.py:186} INFO - Started process (PID=239) to work on /opt/airflow/dags/create_mart_dag.py
[2026-06-09T15:33:47.950+0000] {processor.py:914} INFO - Processing file /opt/airflow/dags/create_mart_dag.py for tasks to queue
[2026-06-09T15:33:47.953+0000] {logging_mixin.py:190} INFO - [2026-06-09T15:33:47.952+0000] {dagbag.py:588} INFO - Filling up the DagBag from /opt/airflow/dags/create_mart_dag.py
[2026-06-09T15:33:47.977+0000] {processor.py:925} INFO - DAG(s) 'create_analytics_mart' retrieved from /opt/airflow/dags/create_mart_dag.py
[2026-06-09T15:33:47.999+0000] {logging_mixin.py:190} INFO - [2026-06-09T15:33:47.999+0000] {dag.py:3239} INFO - Sync 1 DAGs
[2026-06-09T15:33:48.020+0000] {logging_mixin.py:190} INFO - [2026-06-09T15:33:48.020+0000] {dag.py:4180} INFO - Setting next_dagrun for create_analytics_mart to 2026-06-09 02:00:00+00:00, run_after=2026-06-10 02:00:00+00:00
[2026-06-09T15:33:48.040+0000] {processor.py:208} INFO - Processing /opt/airflow/dags/create_mart_dag.py took 0.095 seconds
[2026-06-09T15:34:18.199+0000] {processor.py:186} INFO - Started process (PID=255) to work on /opt/airflow/dags/create_mart_dag.py
[2026-06-09T15:34:18.199+0000] {processor.py:914} INFO - Processing file /opt/airflow/dags/create_mart_dag.py for tasks to queue
[2026-06-09T15:34:18.202+0000] {logging_mixin.py:190} INFO - [2026-06-09T15:34:18.202+0000] {dagbag.py:588} INFO - Filling up the DagBag from /opt/airflow/dags/create_mart_dag.py
[2026-06-09T15:34:18.228+0000] {processor.py:925} INFO - DAG(s) 'create_analytics_mart' retrieved from /opt/airflow/dags/create_mart_dag.py
[2026-06-09T15:34:18.251+0000] {logging_mixin.py:190} INFO - [2026-06-09T15:34:18.250+0000] {dag.py:3239} INFO - Sync 1 DAGs
[2026-06-09T15:34:18.270+0000] {logging_mixin.py:190} INFO - [2026-06-09T15:34:18.269+0000] {dag.py:4180} INFO - Setting next_dagrun for create_analytics_mart to 2026-06-09 02:00:00+00:00, run_after=2026-06-10 02:00:00+00:00
[2026-06-09T15:34:18.287+0000] {processor.py:208} INFO - Processing /opt/airflow/dags/create_mart_dag.py took 0.094 seconds
[2026-06-09T15:34:48.385+0000] {processor.py:186} INFO - Started process (PID=271) to work on /opt/airflow/dags/create_mart_dag.py
[2026-06-09T15:34:48.386+0000] {processor.py:914} INFO - Processing file /opt/airflow/dags/create_mart_dag.py for tasks to queue
[2026-06-09T15:34:48.388+0000] {logging_mixin.py:190} INFO - [2026-06-09T15:34:48.388+0000] {dagbag.py:588} INFO - Filling up the DagBag from /opt/airflow/dags/create_mart_dag.py
[2026-06-09T15:34:48.410+0000] {processor.py:925} INFO - DAG(s) 'create_analytics_mart' retrieved from /opt/airflow/dags/create_mart_dag.py
[2026-06-09T15:34:48.433+0000] {logging_mixin.py:190} INFO - [2026-06-09T15:34:48.433+0000] {dag.py:3239} INFO - Sync 1 DAGs
[2026-06-09T15:34:48.453+0000] {logging_mixin.py:190} INFO - [2026-06-09T15:34:48.452+0000] {dag.py:4180} INFO - Setting next_dagrun for create_analytics_mart to 2026-06-09 02:00:00+00:00, run_after=2026-06-10 02:00:00+00:00
[2026-06-09T15:34:48.472+0000] {processor.py:208} INFO - Processing /opt/airflow/dags/create_mart_dag.py took 0.091 seconds
[2026-06-09T15:35:18.625+0000] {processor.py:186} INFO - Started process (PID=288) to work on /opt/airflow/dags/create_mart_dag.py
[2026-06-09T15:35:18.626+0000] {processor.py:914} INFO - Processing file /opt/airflow/dags/create_mart_dag.py for tasks to queue
[2026-06-09T15:35:18.628+0000] {logging_mixin.py:190} INFO - [2026-06-09T15:35:18.628+0000] {dagbag.py:588} INFO - Filling up the DagBag from /opt/airflow/dags/create_mart_dag.py
[2026-06-09T15:35:18.651+0000] {processor.py:925} INFO - DAG(s) 'create_analytics_mart' retrieved from /opt/airflow/dags/create_mart_dag.py
[2026-06-09T15:35:18.671+0000] {logging_mixin.py:190} INFO - [2026-06-09T15:35:18.671+0000] {dag.py:3239} INFO - Sync 1 DAGs
[2026-06-09T15:35:18.692+0000] {logging_mixin.py:190} INFO - [2026-06-09T15:35:18.692+0000] {dag.py:4180} INFO - Setting next_dagrun for create_analytics_mart to 2026-06-09 02:00:00+00:00, run_after=2026-06-10 02:00:00+00:00
[2026-06-09T15:35:18.712+0000] {processor.py:208} INFO - Processing /opt/airflow/dags/create_mart_dag.py took 0.092 seconds
[2026-06-09T15:35:48.876+0000] {processor.py:186} INFO - Started process (PID=304) to work on /opt/airflow/dags/create_mart_dag.py
[2026-06-09T15:35:48.877+0000] {processor.py:914} INFO - Processing file /opt/airflow/dags/create_mart_dag.py for tasks to queue
[2026-06-09T15:35:48.879+0000] {logging_mixin.py:190} INFO - [2026-06-09T15:35:48.879+0000] {dagbag.py:588} INFO - Filling up the DagBag from /opt/airflow/dags/create_mart_dag.py
[2026-06-09T15:35:48.905+0000] {processor.py:925} INFO - DAG(s) 'create_analytics_mart' retrieved from /opt/airflow/dags/create_mart_dag.py
[2026-06-09T15:35:48.930+0000] {logging_mixin.py:190} INFO - [2026-06-09T15:35:48.930+0000] {dag.py:3239} INFO - Sync 1 DAGs
[2026-06-09T15:35:48.956+0000] {logging_mixin.py:190} INFO - [2026-06-09T15:35:48.956+0000] {dag.py:4180} INFO - Setting next_dagrun for create_analytics_mart to 2026-06-09 02:00:00+00:00, run_after=2026-06-10 02:00:00+00:00
[2026-06-09T15:35:48.976+0000] {processor.py:208} INFO - Processing /opt/airflow/dags/create_mart_dag.py took 0.106 seconds
[2026-06-09T15:36:19.097+0000] {processor.py:186} INFO - Started process (PID=320) to work on /opt/airflow/dags/create_mart_dag.py
[2026-06-09T15:36:19.098+0000] {processor.py:914} INFO - Processing file /opt/airflow/dags/create_mart_dag.py for tasks to queue
[2026-06-09T15:36:19.100+0000] {logging_mixin.py:190} INFO - [2026-06-09T15:36:19.100+0000] {dagbag.py:588} INFO - Filling up the DagBag from /opt/airflow/dags/create_mart_dag.py
[2026-06-09T15:36:19.120+0000] {processor.py:925} INFO - DAG(s) 'create_analytics_mart' retrieved from /opt/airflow/dags/create_mart_dag.py
[2026-06-09T15:36:19.141+0000] {logging_mixin.py:190} INFO - [2026-06-09T15:36:19.141+0000] {dag.py:3239} INFO - Sync 1 DAGs
[2026-06-09T15:36:19.171+0000] {logging_mixin.py:190} INFO - [2026-06-09T15:36:19.171+0000] {dag.py:4180} INFO - Setting next_dagrun for create_analytics_mart to 2026-06-09 02:00:00+00:00, run_after=2026-06-10 02:00:00+00:00
[2026-06-09T15:36:19.192+0000] {processor.py:208} INFO - Processing /opt/airflow/dags/create_mart_dag.py took 0.099 seconds
[2026-06-09T15:36:49.435+0000] {processor.py:186} INFO - Started process (PID=342) to work on /opt/airflow/dags/create_mart_dag.py
[2026-06-09T15:36:49.436+0000] {processor.py:914} INFO - Processing file /opt/airflow/dags/create_mart_dag.py for tasks to queue
[2026-06-09T15:36:49.441+0000] {logging_mixin.py:190} INFO - [2026-06-09T15:36:49.441+0000] {dagbag.py:588} INFO - Filling up the DagBag from /opt/airflow/dags/create_mart_dag.py
[2026-06-09T15:36:49.467+0000] {processor.py:925} INFO - DAG(s) 'create_analytics_mart' retrieved from /opt/airflow/dags/create_mart_dag.py
[2026-06-09T15:36:49.491+0000] {logging_mixin.py:190} INFO - [2026-06-09T15:36:49.491+0000] {dag.py:3239} INFO - Sync 1 DAGs
[2026-06-09T15:36:49.513+0000] {logging_mixin.py:190} INFO - [2026-06-09T15:36:49.513+0000] {dag.py:4180} INFO - Setting next_dagrun for create_analytics_mart to 2026-06-09 02:00:00+00:00, run_after=2026-06-10 02:00:00+00:00
[2026-06-09T15:36:49.531+0000] {processor.py:208} INFO - Processing /opt/airflow/dags/create_mart_dag.py took 0.100 seconds
[2026-06-09T15:37:19.672+0000] {processor.py:186} INFO - Started process (PID=358) to work on /opt/airflow/dags/create_mart_dag.py
[2026-06-09T15:37:19.673+0000] {processor.py:914} INFO - Processing file /opt/airflow/dags/create_mart_dag.py for tasks to queue
[2026-06-09T15:37:19.675+0000] {logging_mixin.py:190} INFO - [2026-06-09T15:37:19.675+0000] {dagbag.py:588} INFO - Filling up the DagBag from /opt/airflow/dags/create_mart_dag.py
[2026-06-09T15:37:19.702+0000] {processor.py:925} INFO - DAG(s) 'create_analytics_mart' retrieved from /opt/airflow/dags/create_mart_dag.py
[2026-06-09T15:37:19.726+0000] {logging_mixin.py:190} INFO - [2026-06-09T15:37:19.726+0000] {dag.py:3239} INFO - Sync 1 DAGs
[2026-06-09T15:37:19.751+0000] {logging_mixin.py:190} INFO - [2026-06-09T15:37:19.750+0000] {dag.py:4180} INFO - Setting next_dagrun for create_analytics_mart to 2026-06-09 02:00:00+00:00, run_after=2026-06-10 02:00:00+00:00
[2026-06-09T15:37:19.768+0000] {processor.py:208} INFO - Processing /opt/airflow/dags/create_mart_dag.py took 0.100 seconds
[2026-06-09T15:37:49.971+0000] {processor.py:186} INFO - Started process (PID=374) to work on /opt/airflow/dags/create_mart_dag.py
[2026-06-09T15:37:49.972+0000] {processor.py:914} INFO - Processing file /opt/airflow/dags/create_mart_dag.py for tasks to queue
[2026-06-09T15:37:49.974+0000] {logging_mixin.py:190} INFO - [2026-06-09T15:37:49.973+0000] {dagbag.py:588} INFO - Filling up the DagBag from /opt/airflow/dags/create_mart_dag.py
[2026-06-09T15:37:50.001+0000] {processor.py:925} INFO - DAG(s) 'create_analytics_mart' retrieved from /opt/airflow/dags/create_mart_dag.py
[2026-06-09T15:37:50.023+0000] {logging_mixin.py:190} INFO - [2026-06-09T15:37:50.023+0000] {dag.py:3239} INFO - Sync 1 DAGs
[2026-06-09T15:37:50.042+0000] {logging_mixin.py:190} INFO - [2026-06-09T15:37:50.042+0000] {dag.py:4180} INFO - Setting next_dagrun for create_analytics_mart to 2026-06-09 02:00:00+00:00, run_after=2026-06-10 02:00:00+00:00
[2026-06-09T15:37:50.060+0000] {processor.py:208} INFO - Processing /opt/airflow/dags/create_mart_dag.py took 0.095 seconds
[2026-06-09T15:38:20.244+0000] {processor.py:186} INFO - Started process (PID=390) to work on /opt/airflow/dags/create_mart_dag.py
[2026-06-09T15:38:20.245+0000] {processor.py:914} INFO - Processing file /opt/airflow/dags/create_mart_dag.py for tasks to queue
[2026-06-09T15:38:20.247+0000] {logging_mixin.py:190} INFO - [2026-06-09T15:38:20.247+0000] {dagbag.py:588} INFO - Filling up the DagBag from /opt/airflow/dags/create_mart_dag.py
[2026-06-09T15:38:20.273+0000] {processor.py:925} INFO - DAG(s) 'create_analytics_mart' retrieved from /opt/airflow/dags/create_mart_dag.py
[2026-06-09T15:38:20.295+0000] {logging_mixin.py:190} INFO - [2026-06-09T15:38:20.295+0000] {dag.py:3239} INFO - Sync 1 DAGs
[2026-06-09T15:38:20.321+0000] {logging_mixin.py:190} INFO - [2026-06-09T15:38:20.321+0000] {dag.py:4180} INFO - Setting next_dagrun for create_analytics_mart to 2026-06-09 02:00:00+00:00, run_after=2026-06-10 02:00:00+00:00
[2026-06-09T15:38:20.342+0000] {processor.py:208} INFO - Processing /opt/airflow/dags/create_mart_dag.py took 0.103 seconds
[2026-06-09T15:38:50.506+0000] {processor.py:186} INFO - Started process (PID=406) to work on /opt/airflow/dags/create_mart_dag.py
[2026-06-09T15:38:50.507+0000] {processor.py:914} INFO - Processing file /opt/airflow/dags/create_mart_dag.py for tasks to queue
[2026-06-09T15:38:50.509+0000] {logging_mixin.py:190} INFO - [2026-06-09T15:38:50.509+0000] {dagbag.py:588} INFO - Filling up the DagBag from /opt/airflow/dags/create_mart_dag.py
[2026-06-09T15:38:50.532+0000] {processor.py:925} INFO - DAG(s) 'create_analytics_mart' retrieved from /opt/airflow/dags/create_mart_dag.py
[2026-06-09T15:38:50.560+0000] {logging_mixin.py:190} INFO - [2026-06-09T15:38:50.560+0000] {dag.py:3239} INFO - Sync 1 DAGs
[2026-06-09T15:38:50.581+0000] {logging_mixin.py:190} INFO - [2026-06-09T15:38:50.581+0000] {dag.py:4180} INFO - Setting next_dagrun for create_analytics_mart to 2026-06-09 02:00:00+00:00, run_after=2026-06-10 02:00:00+00:00
[2026-06-09T15:38:50.599+0000] {processor.py:208} INFO - Processing /opt/airflow/dags/create_mart_dag.py took 0.098 seconds
[2026-06-09T15:39:20.854+0000] {processor.py:186} INFO - Started process (PID=422) to work on /opt/airflow/dags/create_mart_dag.py
[2026-06-09T15:39:20.855+0000] {processor.py:914} INFO - Processing file /opt/airflow/dags/create_mart_dag.py for tasks to queue
[2026-06-09T15:39:20.857+0000] {logging_mixin.py:190} INFO - [2026-06-09T15:39:20.856+0000] {dagbag.py:588} INFO - Filling up the DagBag from /opt/airflow/dags/create_mart_dag.py
[2026-06-09T15:39:20.882+0000] {processor.py:925} INFO - DAG(s) 'create_analytics_mart' retrieved from /opt/airflow/dags/create_mart_dag.py
[2026-06-09T15:39:20.911+0000] {logging_mixin.py:190} INFO - [2026-06-09T15:39:20.910+0000] {dag.py:3239} INFO - Sync 1 DAGs
[2026-06-09T15:39:20.934+0000] {logging_mixin.py:190} INFO - [2026-06-09T15:39:20.934+0000] {dag.py:4180} INFO - Setting next_dagrun for create_analytics_mart to 2026-06-09 02:00:00+00:00, run_after=2026-06-10 02:00:00+00:00
[2026-06-09T15:39:20.957+0000] {processor.py:208} INFO - Processing /opt/airflow/dags/create_mart_dag.py took 0.108 seconds
[2026-06-09T15:39:51.093+0000] {processor.py:186} INFO - Started process (PID=444) to work on /opt/airflow/dags/create_mart_dag.py
[2026-06-09T15:39:51.094+0000] {processor.py:914} INFO - Processing file /opt/airflow/dags/create_mart_dag.py for tasks to queue
[2026-06-09T15:39:51.096+0000] {logging_mixin.py:190} INFO - [2026-06-09T15:39:51.096+0000] {dagbag.py:588} INFO - Filling up the DagBag from /opt/airflow/dags/create_mart_dag.py
[2026-06-09T15:39:51.120+0000] {processor.py:925} INFO - DAG(s) 'create_analytics_mart' retrieved from /opt/airflow/dags/create_mart_dag.py
[2026-06-09T15:39:51.145+0000] {logging_mixin.py:190} INFO - [2026-06-09T15:39:51.145+0000] {dag.py:3239} INFO - Sync 1 DAGs
[2026-06-09T15:39:51.170+0000] {logging_mixin.py:190} INFO - [2026-06-09T15:39:51.169+0000] {dag.py:4180} INFO - Setting next_dagrun for create_analytics_mart to 2026-06-09 02:00:00+00:00, run_after=2026-06-10 02:00:00+00:00
[2026-06-09T15:39:51.189+0000] {processor.py:208} INFO - Processing /opt/airflow/dags/create_mart_dag.py took 0.100 seconds
[2026-06-09T15:40:21.357+0000] {processor.py:186} INFO - Started process (PID=460) to work on /opt/airflow/dags/create_mart_dag.py
[2026-06-09T15:40:21.357+0000] {processor.py:914} INFO - Processing file /opt/airflow/dags/create_mart_dag.py for tasks to queue
[2026-06-09T15:40:21.359+0000] {logging_mixin.py:190} INFO - [2026-06-09T15:40:21.359+0000] {dagbag.py:588} INFO - Filling up the DagBag from /opt/airflow/dags/create_mart_dag.py
[2026-06-09T15:40:21.383+0000] {processor.py:925} INFO - DAG(s) 'create_analytics_mart' retrieved from /opt/airflow/dags/create_mart_dag.py
[2026-06-09T15:40:21.405+0000] {logging_mixin.py:190} INFO - [2026-06-09T15:40:21.405+0000] {dag.py:3239} INFO - Sync 1 DAGs
[2026-06-09T15:40:21.428+0000] {logging_mixin.py:190} INFO - [2026-06-09T15:40:21.428+0000] {dag.py:4180} INFO - Setting next_dagrun for create_analytics_mart to 2026-06-09 02:00:00+00:00, run_after=2026-06-10 02:00:00+00:00
[2026-06-09T15:40:21.447+0000] {processor.py:208} INFO - Processing /opt/airflow/dags/create_mart_dag.py took 0.095 seconds
[2026-06-09T15:40:51.618+0000] {processor.py:186} INFO - Started process (PID=476) to work on /opt/airflow/dags/create_mart_dag.py
[2026-06-09T15:40:51.619+0000] {processor.py:914} INFO - Processing file /opt/airflow/dags/create_mart_dag.py for tasks to queue
[2026-06-09T15:40:51.621+0000] {logging_mixin.py:190} INFO - [2026-06-09T15:40:51.621+0000] {dagbag.py:588} INFO - Filling up the DagBag from /opt/airflow/dags/create_mart_dag.py
[2026-06-09T15:40:51.644+0000] {processor.py:925} INFO - DAG(s) 'create_analytics_mart' retrieved from /opt/airflow/dags/create_mart_dag.py
[2026-06-09T15:40:51.665+0000] {logging_mixin.py:190} INFO - [2026-06-09T15:40:51.665+0000] {dag.py:3239} INFO - Sync 1 DAGs
[2026-06-09T15:40:51.685+0000] {logging_mixin.py:190} INFO - [2026-06-09T15:40:51.685+0000] {dag.py:4180} INFO - Setting next_dagrun for create_analytics_mart to 2026-06-09 02:00:00+00:00, run_after=2026-06-10 02:00:00+00:00
[2026-06-09T15:40:51.704+0000] {processor.py:208} INFO - Processing /opt/airflow/dags/create_mart_dag.py took 0.090 seconds
[2026-06-09T15:41:21.833+0000] {processor.py:186} INFO - Started process (PID=492) to work on /opt/airflow/dags/create_mart_dag.py
[2026-06-09T15:41:21.834+0000] {processor.py:914} INFO - Processing file /opt/airflow/dags/create_mart_dag.py for tasks to queue
[2026-06-09T15:41:21.837+0000] {logging_mixin.py:190} INFO - [2026-06-09T15:41:21.837+0000] {dagbag.py:588} INFO - Filling up the DagBag from /opt/airflow/dags/create_mart_dag.py
[2026-06-09T15:41:21.858+0000] {processor.py:925} INFO - DAG(s) 'create_analytics_mart' retrieved from /opt/airflow/dags/create_mart_dag.py
[2026-06-09T15:41:21.880+0000] {logging_mixin.py:190} INFO - [2026-06-09T15:41:21.880+0000] {dag.py:3239} INFO - Sync 1 DAGs
[2026-06-09T15:41:21.900+0000] {logging_mixin.py:190} INFO - [2026-06-09T15:41:21.899+0000] {dag.py:4180} INFO - Setting next_dagrun for create_analytics_mart to 2026-06-09 02:00:00+00:00, run_after=2026-06-10 02:00:00+00:00
[2026-06-09T15:41:21.917+0000] {processor.py:208} INFO - Processing /opt/airflow/dags/create_mart_dag.py took 0.089 seconds
[2026-06-09T15:41:52.148+0000] {processor.py:186} INFO - Started process (PID=508) to work on /opt/airflow/dags/create_mart_dag.py
[2026-06-09T15:41:52.149+0000] {processor.py:914} INFO - Processing file /opt/airflow/dags/create_mart_dag.py for tasks to queue
[2026-06-09T15:41:52.150+0000] {logging_mixin.py:190} INFO - [2026-06-09T15:41:52.150+0000] {dagbag.py:588} INFO - Filling up the DagBag from /opt/airflow/dags/create_mart_dag.py
[2026-06-09T15:41:52.177+0000] {processor.py:925} INFO - DAG(s) 'create_analytics_mart' retrieved from /opt/airflow/dags/create_mart_dag.py
[2026-06-09T15:41:52.199+0000] {logging_mixin.py:190} INFO - [2026-06-09T15:41:52.198+0000] {dag.py:3239} INFO - Sync 1 DAGs
[2026-06-09T15:41:52.219+0000] {logging_mixin.py:190} INFO - [2026-06-09T15:41:52.219+0000] {dag.py:4180} INFO - Setting next_dagrun for create_analytics_mart to 2026-06-09 02:00:00+00:00, run_after=2026-06-10 02:00:00+00:00
[2026-06-09T15:41:52.237+0000] {processor.py:208} INFO - Processing /opt/airflow/dags/create_mart_dag.py took 0.094 seconds
[2026-06-09T15:42:22.458+0000] {processor.py:186} INFO - Started process (PID=524) to work on /opt/airflow/dags/create_mart_dag.py
[2026-06-09T15:42:22.459+0000] {processor.py:914} INFO - Processing file /opt/airflow/dags/create_mart_dag.py for tasks to queue
[2026-06-09T15:42:22.461+0000] {logging_mixin.py:190} INFO - [2026-06-09T15:42:22.461+0000] {dagbag.py:588} INFO - Filling up the DagBag from /opt/airflow/dags/create_mart_dag.py
[2026-06-09T15:42:22.485+0000] {processor.py:925} INFO - DAG(s) 'create_analytics_mart' retrieved from /opt/airflow/dags/create_mart_dag.py
[2026-06-09T15:42:22.514+0000] {logging_mixin.py:190} INFO - [2026-06-09T15:42:22.514+0000] {dag.py:3239} INFO - Sync 1 DAGs
[2026-06-09T15:42:22.534+0000] {logging_mixin.py:190} INFO - [2026-06-09T15:42:22.533+0000] {dag.py:4180} INFO - Setting next_dagrun for create_analytics_mart to 2026-06-09 02:00:00+00:00, run_after=2026-06-10 02:00:00+00:00
[2026-06-09T15:42:22.550+0000] {processor.py:208} INFO - Processing /opt/airflow/dags/create_mart_dag.py took 0.096 seconds
[2026-06-09T15:42:52.664+0000] {processor.py:186} INFO - Started process (PID=540) to work on /opt/airflow/dags/create_mart_dag.py
[2026-06-09T15:42:52.665+0000] {processor.py:914} INFO - Processing file /opt/airflow/dags/create_mart_dag.py for tasks to queue
[2026-06-09T15:42:52.667+0000] {logging_mixin.py:190} INFO - [2026-06-09T15:42:52.667+0000] {dagbag.py:588} INFO - Filling up the DagBag from /opt/airflow/dags/create_mart_dag.py
[2026-06-09T15:42:52.688+0000] {processor.py:925} INFO - DAG(s) 'create_analytics_mart' retrieved from /opt/airflow/dags/create_mart_dag.py
[2026-06-09T15:42:52.709+0000] {logging_mixin.py:190} INFO - [2026-06-09T15:42:52.709+0000] {dag.py:3239} INFO - Sync 1 DAGs
[2026-06-09T15:42:52.728+0000] {logging_mixin.py:190} INFO - [2026-06-09T15:42:52.728+0000] {dag.py:4180} INFO - Setting next_dagrun for create_analytics_mart to 2026-06-09 02:00:00+00:00, run_after=2026-06-10 02:00:00+00:00
[2026-06-09T15:42:52.745+0000] {processor.py:208} INFO - Processing /opt/airflow/dags/create_mart_dag.py took 0.086 seconds
[2026-06-09T15:43:22.937+0000] {processor.py:186} INFO - Started process (PID=556) to work on /opt/airflow/dags/create_mart_dag.py
[2026-06-09T15:43:22.938+0000] {processor.py:914} INFO - Processing file /opt/airflow/dags/create_mart_dag.py for tasks to queue
[2026-06-09T15:43:22.939+0000] {logging_mixin.py:190} INFO - [2026-06-09T15:43:22.939+0000] {dagbag.py:588} INFO - Filling up the DagBag from /opt/airflow/dags/create_mart_dag.py
[2026-06-09T15:43:22.965+0000] {processor.py:925} INFO - DAG(s) 'create_analytics_mart' retrieved from /opt/airflow/dags/create_mart_dag.py
[2026-06-09T15:43:22.990+0000] {logging_mixin.py:190} INFO - [2026-06-09T15:43:22.989+0000] {dag.py:3239} INFO - Sync 1 DAGs
[2026-06-09T15:43:23.007+0000] {logging_mixin.py:190} INFO - [2026-06-09T15:43:23.007+0000] {dag.py:4180} INFO - Setting next_dagrun for create_analytics_mart to 2026-06-09 02:00:00+00:00, run_after=2026-06-10 02:00:00+00:00
[2026-06-09T15:43:23.056+0000] {processor.py:208} INFO - Processing /opt/airflow/dags/create_mart_dag.py took 0.123 seconds
[2026-06-09T15:43:53.275+0000] {processor.py:186} INFO - Started process (PID=572) to work on /opt/airflow/dags/create_mart_dag.py
[2026-06-09T15:43:53.276+0000] {processor.py:914} INFO - Processing file /opt/airflow/dags/create_mart_dag.py for tasks to queue
[2026-06-09T15:43:53.278+0000] {logging_mixin.py:190} INFO - [2026-06-09T15:43:53.278+0000] {dagbag.py:588} INFO - Filling up the DagBag from /opt/airflow/dags/create_mart_dag.py
[2026-06-09T15:43:53.300+0000] {processor.py:925} INFO - DAG(s) 'create_analytics_mart' retrieved from /opt/airflow/dags/create_mart_dag.py
[2026-06-09T15:43:53.321+0000] {logging_mixin.py:190} INFO - [2026-06-09T15:43:53.321+0000] {dag.py:3239} INFO - Sync 1 DAGs
[2026-06-09T15:43:53.341+0000] {logging_mixin.py:190} INFO - [2026-06-09T15:43:53.341+0000] {dag.py:4180} INFO - Setting next_dagrun for create_analytics_mart to 2026-06-09 02:00:00+00:00, run_after=2026-06-10 02:00:00+00:00
[2026-06-09T15:43:53.359+0000] {processor.py:208} INFO - Processing /opt/airflow/dags/create_mart_dag.py took 0.088 seconds
[2026-06-09T15:44:23.502+0000] {processor.py:186} INFO - Started process (PID=588) to work on /opt/airflow/dags/create_mart_dag.py
[2026-06-09T15:44:23.503+0000] {processor.py:914} INFO - Processing file /opt/airflow/dags/create_mart_dag.py for tasks to queue
[2026-06-09T15:44:23.506+0000] {logging_mixin.py:190} INFO - [2026-06-09T15:44:23.505+0000] {dagbag.py:588} INFO - Filling up the DagBag from /opt/airflow/dags/create_mart_dag.py
[2026-06-09T15:44:23.528+0000] {processor.py:925} INFO - DAG(s) 'create_analytics_mart' retrieved from /opt/airflow/dags/create_mart_dag.py
[2026-06-09T15:44:23.552+0000] {logging_mixin.py:190} INFO - [2026-06-09T15:44:23.552+0000] {dag.py:3239} INFO - Sync 1 DAGs
[2026-06-09T15:44:23.574+0000] {logging_mixin.py:190} INFO - [2026-06-09T15:44:23.574+0000] {dag.py:4180} INFO - Setting next_dagrun for create_analytics_mart to 2026-06-09 02:00:00+00:00, run_after=2026-06-10 02:00:00+00:00
[2026-06-09T15:44:23.591+0000] {processor.py:208} INFO - Processing /opt/airflow/dags/create_mart_dag.py took 0.093 seconds
[2026-06-09T15:44:53.816+0000] {processor.py:186} INFO - Started process (PID=604) to work on /opt/airflow/dags/create_mart_dag.py
[2026-06-09T15:44:53.817+0000] {processor.py:914} INFO - Processing file /opt/airflow/dags/create_mart_dag.py for tasks to queue
[2026-06-09T15:44:53.819+0000] {logging_mixin.py:190} INFO - [2026-06-09T15:44:53.818+0000] {dagbag.py:588} INFO - Filling up the DagBag from /opt/airflow/dags/create_mart_dag.py
[2026-06-09T15:44:53.842+0000] {processor.py:925} INFO - DAG(s) 'create_analytics_mart' retrieved from /opt/airflow/dags/create_mart_dag.py
[2026-06-09T15:44:53.864+0000] {logging_mixin.py:190} INFO - [2026-06-09T15:44:53.864+0000] {dag.py:3239} INFO - Sync 1 DAGs
[2026-06-09T15:44:53.884+0000] {logging_mixin.py:190} INFO - [2026-06-09T15:44:53.884+0000] {dag.py:4180} INFO - Setting next_dagrun for create_analytics_mart to 2026-06-09 02:00:00+00:00, run_after=2026-06-10 02:00:00+00:00
[2026-06-09T15:44:53.904+0000] {processor.py:208} INFO - Processing /opt/airflow/dags/create_mart_dag.py took 0.092 seconds
[2026-06-09T15:45:24.026+0000] {processor.py:186} INFO - Started process (PID=620) to work on /opt/airflow/dags/create_mart_dag.py
[2026-06-09T15:45:24.027+0000] {processor.py:914} INFO - Processing file /opt/airflow/dags/create_mart_dag.py for tasks to queue
[2026-06-09T15:45:24.029+0000] {logging_mixin.py:190} INFO - [2026-06-09T15:45:24.029+0000] {dagbag.py:588} INFO - Filling up the DagBag from /opt/airflow/dags/create_mart_dag.py
[2026-06-09T15:45:24.050+0000] {processor.py:925} INFO - DAG(s) 'create_analytics_mart' retrieved from /opt/airflow/dags/create_mart_dag.py
[2026-06-09T15:45:24.071+0000] {logging_mixin.py:190} INFO - [2026-06-09T15:45:24.071+0000] {dag.py:3239} INFO - Sync 1 DAGs
[2026-06-09T15:45:24.092+0000] {logging_mixin.py:190} INFO - [2026-06-09T15:45:24.092+0000] {dag.py:4180} INFO - Setting next_dagrun for create_analytics_mart to 2026-06-09 02:00:00+00:00, run_after=2026-06-10 02:00:00+00:00
[2026-06-09T15:45:24.111+0000] {processor.py:208} INFO - Processing /opt/airflow/dags/create_mart_dag.py took 0.089 seconds
[2026-06-09T15:45:54.328+0000] {processor.py:186} INFO - Started process (PID=636) to work on /opt/airflow/dags/create_mart_dag.py
[2026-06-09T15:45:54.329+0000] {processor.py:914} INFO - Processing file /opt/airflow/dags/create_mart_dag.py for tasks to queue
[2026-06-09T15:45:54.331+0000] {logging_mixin.py:190} INFO - [2026-06-09T15:45:54.331+0000] {dagbag.py:588} INFO - Filling up the DagBag from /opt/airflow/dags/create_mart_dag.py
[2026-06-09T15:45:54.355+0000] {processor.py:925} INFO - DAG(s) 'create_analytics_mart' retrieved from /opt/airflow/dags/create_mart_dag.py
[2026-06-09T15:45:54.377+0000] {logging_mixin.py:190} INFO - [2026-06-09T15:45:54.376+0000] {dag.py:3239} INFO - Sync 1 DAGs
[2026-06-09T15:45:54.398+0000] {logging_mixin.py:190} INFO - [2026-06-09T15:45:54.398+0000] {dag.py:4180} INFO - Setting next_dagrun for create_analytics_mart to 2026-06-09 02:00:00+00:00, run_after=2026-06-10 02:00:00+00:00
[2026-06-09T15:45:54.417+0000] {processor.py:208} INFO - Processing /opt/airflow/dags/create_mart_dag.py took 0.093 seconds
[2026-06-09T15:46:24.608+0000] {processor.py:186} INFO - Started process (PID=652) to work on /opt/airflow/dags/create_mart_dag.py
[2026-06-09T15:46:24.609+0000] {processor.py:914} INFO - Processing file /opt/airflow/dags/create_mart_dag.py for tasks to queue
[2026-06-09T15:46:24.611+0000] {logging_mixin.py:190} INFO - [2026-06-09T15:46:24.611+0000] {dagbag.py:588} INFO - Filling up the DagBag from /opt/airflow/dags/create_mart_dag.py
[2026-06-09T15:46:24.642+0000] {processor.py:925} INFO - DAG(s) 'create_analytics_mart' retrieved from /opt/airflow/dags/create_mart_dag.py
[2026-06-09T15:46:24.690+0000] {logging_mixin.py:190} INFO - [2026-06-09T15:46:24.690+0000] {dag.py:3239} INFO - Sync 1 DAGs
[2026-06-09T15:46:24.732+0000] {logging_mixin.py:190} INFO - [2026-06-09T15:46:24.732+0000] {dag.py:4180} INFO - Setting next_dagrun for create_analytics_mart to 2026-06-09 02:00:00+00:00, run_after=2026-06-10 02:00:00+00:00
[2026-06-09T15:46:24.760+0000] {processor.py:208} INFO - Processing /opt/airflow/dags/create_mart_dag.py took 0.158 seconds
[2026-06-09T15:46:55.033+0000] {processor.py:186} INFO - Started process (PID=668) to work on /opt/airflow/dags/create_mart_dag.py
[2026-06-09T15:46:55.034+0000] {processor.py:914} INFO - Processing file /opt/airflow/dags/create_mart_dag.py for tasks to queue
[2026-06-09T15:46:55.035+0000] {logging_mixin.py:190} INFO - [2026-06-09T15:46:55.035+0000] {dagbag.py:588} INFO - Filling up the DagBag from /opt/airflow/dags/create_mart_dag.py
[2026-06-09T15:46:55.058+0000] {processor.py:925} INFO - DAG(s) 'create_analytics_mart' retrieved from /opt/airflow/dags/create_mart_dag.py
[2026-06-09T15:46:55.080+0000] {logging_mixin.py:190} INFO - [2026-06-09T15:46:55.080+0000] {dag.py:3239} INFO - Sync 1 DAGs
[2026-06-09T15:46:55.101+0000] {logging_mixin.py:190} INFO - [2026-06-09T15:46:55.100+0000] {dag.py:4180} INFO - Setting next_dagrun for create_analytics_mart to 2026-06-09 02:00:00+00:00, run_after=2026-06-10 02:00:00+00:00
[2026-06-09T15:46:55.118+0000] {processor.py:208} INFO - Processing /opt/airflow/dags/create_mart_dag.py took 0.089 seconds
[2026-06-09T15:47:25.331+0000] {processor.py:186} INFO - Started process (PID=684) to work on /opt/airflow/dags/create_mart_dag.py
[2026-06-09T15:47:25.332+0000] {processor.py:914} INFO - Processing file /opt/airflow/dags/create_mart_dag.py for tasks to queue
[2026-06-09T15:47:25.334+0000] {logging_mixin.py:190} INFO - [2026-06-09T15:47:25.333+0000] {dagbag.py:588} INFO - Filling up the DagBag from /opt/airflow/dags/create_mart_dag.py
[2026-06-09T15:47:25.357+0000] {processor.py:925} INFO - DAG(s) 'create_analytics_mart' retrieved from /opt/airflow/dags/create_mart_dag.py
[2026-06-09T15:47:25.376+0000] {logging_mixin.py:190} INFO - [2026-06-09T15:47:25.376+0000] {dag.py:3239} INFO - Sync 1 DAGs
[2026-06-09T15:47:25.396+0000] {logging_mixin.py:190} INFO - [2026-06-09T15:47:25.395+0000] {dag.py:4180} INFO - Setting next_dagrun for create_analytics_mart to 2026-06-09 02:00:00+00:00, run_after=2026-06-10 02:00:00+00:00
[2026-06-09T15:47:25.412+0000] {processor.py:208} INFO - Processing /opt/airflow/dags/create_mart_dag.py took 0.085 seconds
[2026-06-09T15:47:55.682+0000] {processor.py:186} INFO - Started process (PID=700) to work on /opt/airflow/dags/create_mart_dag.py
[2026-06-09T15:47:55.683+0000] {processor.py:914} INFO - Processing file /opt/airflow/dags/create_mart_dag.py for tasks to queue
[2026-06-09T15:47:55.685+0000] {logging_mixin.py:190} INFO - [2026-06-09T15:47:55.685+0000] {dagbag.py:588} INFO - Filling up the DagBag from /opt/airflow/dags/create_mart_dag.py
[2026-06-09T15:47:55.713+0000] {processor.py:925} INFO - DAG(s) 'create_analytics_mart' retrieved from /opt/airflow/dags/create_mart_dag.py
[2026-06-09T15:47:55.741+0000] {logging_mixin.py:190} INFO - [2026-06-09T15:47:55.741+0000] {dag.py:3239} INFO - Sync 1 DAGs
[2026-06-09T15:47:55.764+0000] {logging_mixin.py:190} INFO - [2026-06-09T15:47:55.764+0000] {dag.py:4180} INFO - Setting next_dagrun for create_analytics_mart to 2026-06-09 02:00:00+00:00, run_after=2026-06-10 02:00:00+00:00
[2026-06-09T15:47:55.783+0000] {processor.py:208} INFO - Processing /opt/airflow/dags/create_mart_dag.py took 0.106 seconds
[2026-06-09T15:48:25.911+0000] {processor.py:186} INFO - Started process (PID=716) to work on /opt/airflow/dags/create_mart_dag.py
[2026-06-09T15:48:25.911+0000] {processor.py:914} INFO - Processing file /opt/airflow/dags/create_mart_dag.py for tasks to queue
[2026-06-09T15:48:25.913+0000] {logging_mixin.py:190} INFO - [2026-06-09T15:48:25.913+0000] {dagbag.py:588} INFO - Filling up the DagBag from /opt/airflow/dags/create_mart_dag.py
[2026-06-09T15:48:25.943+0000] {processor.py:925} INFO - DAG(s) 'create_analytics_mart' retrieved from /opt/airflow/dags/create_mart_dag.py
[2026-06-09T15:48:25.972+0000] {logging_mixin.py:190} INFO - [2026-06-09T15:48:25.972+0000] {dag.py:3239} INFO - Sync 1 DAGs
[2026-06-09T15:48:26.001+0000] {logging_mixin.py:190} INFO - [2026-06-09T15:48:26.000+0000] {dag.py:4180} INFO - Setting next_dagrun for create_analytics_mart to 2026-06-09 02:00:00+00:00, run_after=2026-06-10 02:00:00+00:00
[2026-06-09T15:48:26.024+0000] {processor.py:208} INFO - Processing /opt/airflow/dags/create_mart_dag.py took 0.119 seconds
[2026-06-09T15:48:56.293+0000] {processor.py:186} INFO - Started process (PID=732) to work on /opt/airflow/dags/create_mart_dag.py
[2026-06-09T15:48:56.294+0000] {processor.py:914} INFO - Processing file /opt/airflow/dags/create_mart_dag.py for tasks to queue
[2026-06-09T15:48:56.297+0000] {logging_mixin.py:190} INFO - [2026-06-09T15:48:56.296+0000] {dagbag.py:588} INFO - Filling up the DagBag from /opt/airflow/dags/create_mart_dag.py
[2026-06-09T15:48:56.320+0000] {processor.py:925} INFO - DAG(s) 'create_analytics_mart' retrieved from /opt/airflow/dags/create_mart_dag.py
[2026-06-09T15:48:56.342+0000] {logging_mixin.py:190} INFO - [2026-06-09T15:48:56.342+0000] {dag.py:3239} INFO - Sync 1 DAGs
[2026-06-09T15:48:56.367+0000] {logging_mixin.py:190} INFO - [2026-06-09T15:48:56.367+0000] {dag.py:4180} INFO - Setting next_dagrun for create_analytics_mart to 2026-06-09 02:00:00+00:00, run_after=2026-06-10 02:00:00+00:00
[2026-06-09T15:48:56.386+0000] {processor.py:208} INFO - Processing /opt/airflow/dags/create_mart_dag.py took 0.098 seconds
[2026-06-09T15:49:26.540+0000] {processor.py:186} INFO - Started process (PID=748) to work on /opt/airflow/dags/create_mart_dag.py
[2026-06-09T15:49:26.540+0000] {processor.py:914} INFO - Processing file /opt/airflow/dags/create_mart_dag.py for tasks to queue
[2026-06-09T15:49:26.542+0000] {logging_mixin.py:190} INFO - [2026-06-09T15:49:26.542+0000] {dagbag.py:588} INFO - Filling up the DagBag from /opt/airflow/dags/create_mart_dag.py
[2026-06-09T15:49:26.567+0000] {processor.py:925} INFO - DAG(s) 'create_analytics_mart' retrieved from /opt/airflow/dags/create_mart_dag.py
[2026-06-09T15:49:26.588+0000] {logging_mixin.py:190} INFO - [2026-06-09T15:49:26.588+0000] {dag.py:3239} INFO - Sync 1 DAGs
[2026-06-09T15:49:26.607+0000] {logging_mixin.py:190} INFO - [2026-06-09T15:49:26.607+0000] {dag.py:4180} INFO - Setting next_dagrun for create_analytics_mart to 2026-06-09 02:00:00+00:00, run_after=2026-06-10 02:00:00+00:00
[2026-06-09T15:49:26.624+0000] {processor.py:208} INFO - Processing /opt/airflow/dags/create_mart_dag.py took 0.090 seconds
[2026-06-09T15:49:56.835+0000] {processor.py:186} INFO - Started process (PID=764) to work on /opt/airflow/dags/create_mart_dag.py
[2026-06-09T15:49:56.836+0000] {processor.py:914} INFO - Processing file /opt/airflow/dags/create_mart_dag.py for tasks to queue
[2026-06-09T15:49:56.839+0000] {logging_mixin.py:190} INFO - [2026-06-09T15:49:56.839+0000] {dagbag.py:588} INFO - Filling up the DagBag from /opt/airflow/dags/create_mart_dag.py
[2026-06-09T15:49:56.867+0000] {processor.py:925} INFO - DAG(s) 'create_analytics_mart' retrieved from /opt/airflow/dags/create_mart_dag.py
[2026-06-09T15:49:56.886+0000] {logging_mixin.py:190} INFO - [2026-06-09T15:49:56.886+0000] {dag.py:3239} INFO - Sync 1 DAGs
[2026-06-09T15:49:56.907+0000] {logging_mixin.py:190} INFO - [2026-06-09T15:49:56.907+0000] {dag.py:4180} INFO - Setting next_dagrun for create_analytics_mart to 2026-06-09 02:00:00+00:00, run_after=2026-06-10 02:00:00+00:00
[2026-06-09T15:49:56.922+0000] {processor.py:208} INFO - Processing /opt/airflow/dags/create_mart_dag.py took 0.093 seconds
[2026-06-09T15:50:27.095+0000] {processor.py:186} INFO - Started process (PID=780) to work on /opt/airflow/dags/create_mart_dag.py
[2026-06-09T15:50:27.096+0000] {processor.py:914} INFO - Processing file /opt/airflow/dags/create_mart_dag.py for tasks to queue
[2026-06-09T15:50:27.098+0000] {logging_mixin.py:190} INFO - [2026-06-09T15:50:27.097+0000] {dagbag.py:588} INFO - Filling up the DagBag from /opt/airflow/dags/create_mart_dag.py
[2026-06-09T15:50:27.123+0000] {processor.py:925} INFO - DAG(s) 'create_analytics_mart' retrieved from /opt/airflow/dags/create_mart_dag.py
[2026-06-09T15:50:27.144+0000] {logging_mixin.py:190} INFO - [2026-06-09T15:50:27.144+0000] {dag.py:3239} INFO - Sync 1 DAGs
[2026-06-09T15:50:27.164+0000] {logging_mixin.py:190} INFO - [2026-06-09T15:50:27.164+0000] {dag.py:4180} INFO - Setting next_dagrun for create_analytics_mart to 2026-06-09 02:00:00+00:00, run_after=2026-06-10 02:00:00+00:00
[2026-06-09T15:50:27.184+0000] {processor.py:208} INFO - Processing /opt/airflow/dags/create_mart_dag.py took 0.093 seconds
[2026-06-09T15:50:57.319+0000] {processor.py:186} INFO - Started process (PID=796) to work on /opt/airflow/dags/create_mart_dag.py
[2026-06-09T15:50:57.320+0000] {processor.py:914} INFO - Processing file /opt/airflow/dags/create_mart_dag.py for tasks to queue
[2026-06-09T15:50:57.323+0000] {logging_mixin.py:190} INFO - [2026-06-09T15:50:57.322+0000] {dagbag.py:588} INFO - Filling up the DagBag from /opt/airflow/dags/create_mart_dag.py
[2026-06-09T15:50:57.346+0000] {processor.py:925} INFO - DAG(s) 'create_analytics_mart' retrieved from /opt/airflow/dags/create_mart_dag.py
[2026-06-09T15:50:57.369+0000] {logging_mixin.py:190} INFO - [2026-06-09T15:50:57.369+0000] {dag.py:3239} INFO - Sync 1 DAGs
[2026-06-09T15:50:57.390+0000] {logging_mixin.py:190} INFO - [2026-06-09T15:50:57.390+0000] {dag.py:4180} INFO - Setting next_dagrun for create_analytics_mart to 2026-06-09 02:00:00+00:00, run_after=2026-06-10 02:00:00+00:00
[2026-06-09T15:50:57.409+0000] {processor.py:208} INFO - Processing /opt/airflow/dags/create_mart_dag.py took 0.094 seconds
[2026-06-09T15:51:27.569+0000] {processor.py:186} INFO - Started process (PID=812) to work on /opt/airflow/dags/create_mart_dag.py
[2026-06-09T15:51:27.570+0000] {processor.py:914} INFO - Processing file /opt/airflow/dags/create_mart_dag.py for tasks to queue
[2026-06-09T15:51:27.572+0000] {logging_mixin.py:190} INFO - [2026-06-09T15:51:27.572+0000] {dagbag.py:588} INFO - Filling up the DagBag from /opt/airflow/dags/create_mart_dag.py
[2026-06-09T15:51:27.596+0000] {processor.py:925} INFO - DAG(s) 'create_analytics_mart' retrieved from /opt/airflow/dags/create_mart_dag.py
[2026-06-09T15:51:27.621+0000] {logging_mixin.py:190} INFO - [2026-06-09T15:51:27.621+0000] {dag.py:3239} INFO - Sync 1 DAGs
[2026-06-09T15:51:27.642+0000] {logging_mixin.py:190} INFO - [2026-06-09T15:51:27.642+0000] {dag.py:4180} INFO - Setting next_dagrun for create_analytics_mart to 2026-06-09 02:00:00+00:00, run_after=2026-06-10 02:00:00+00:00
[2026-06-09T15:51:27.667+0000] {processor.py:208} INFO - Processing /opt/airflow/dags/create_mart_dag.py took 0.102 seconds
[2026-06-09T15:51:58.051+0000] {processor.py:186} INFO - Started process (PID=828) to work on /opt/airflow/dags/create_mart_dag.py
[2026-06-09T15:51:58.052+0000] {processor.py:914} INFO - Processing file /opt/airflow/dags/create_mart_dag.py for tasks to queue
[2026-06-09T15:51:58.056+0000] {logging_mixin.py:190} INFO - [2026-06-09T15:51:58.056+0000] {dagbag.py:588} INFO - Filling up the DagBag from /opt/airflow/dags/create_mart_dag.py
[2026-06-09T15:51:58.098+0000] {processor.py:925} INFO - DAG(s) 'create_analytics_mart' retrieved from /opt/airflow/dags/create_mart_dag.py
[2026-06-09T15:51:58.133+0000] {logging_mixin.py:190} INFO - [2026-06-09T15:51:58.133+0000] {dag.py:3239} INFO - Sync 1 DAGs
[2026-06-09T15:51:58.168+0000] {logging_mixin.py:190} INFO - [2026-06-09T15:51:58.168+0000] {dag.py:4180} INFO - Setting next_dagrun for create_analytics_mart to 2026-06-09 02:00:00+00:00, run_after=2026-06-10 02:00:00+00:00
[2026-06-09T15:51:58.200+0000] {processor.py:208} INFO - Processing /opt/airflow/dags/create_mart_dag.py took 0.155 seconds
[2026-06-09T15:52:28.302+0000] {processor.py:186} INFO - Started process (PID=844) to work on /opt/airflow/dags/create_mart_dag.py
[2026-06-09T15:52:28.303+0000] {processor.py:914} INFO - Processing file /opt/airflow/dags/create_mart_dag.py for tasks to queue
[2026-06-09T15:52:28.305+0000] {logging_mixin.py:190} INFO - [2026-06-09T15:52:28.305+0000] {dagbag.py:588} INFO - Filling up the DagBag from /opt/airflow/dags/create_mart_dag.py
[2026-06-09T15:52:28.359+0000] {processor.py:925} INFO - DAG(s) 'create_analytics_mart' retrieved from /opt/airflow/dags/create_mart_dag.py
[2026-06-09T15:52:28.391+0000] {logging_mixin.py:190} INFO - [2026-06-09T15:52:28.391+0000] {dag.py:3239} INFO - Sync 1 DAGs
[2026-06-09T15:52:28.416+0000] {logging_mixin.py:190} INFO - [2026-06-09T15:52:28.415+0000] {dag.py:4180} INFO - Setting next_dagrun for create_analytics_mart to 2026-06-09 02:00:00+00:00, run_after=2026-06-10 02:00:00+00:00
[2026-06-09T15:52:28.438+0000] {processor.py:208} INFO - Processing /opt/airflow/dags/create_mart_dag.py took 0.140 seconds
[2026-06-09T15:52:58.603+0000] {processor.py:186} INFO - Started process (PID=860) to work on /opt/airflow/dags/create_mart_dag.py
[2026-06-09T15:52:58.604+0000] {processor.py:914} INFO - Processing file /opt/airflow/dags/create_mart_dag.py for tasks to queue
[2026-06-09T15:52:58.606+0000] {logging_mixin.py:190} INFO - [2026-06-09T15:52:58.606+0000] {dagbag.py:588} INFO - Filling up the DagBag from /opt/airflow/dags/create_mart_dag.py
[2026-06-09T15:52:58.627+0000] {processor.py:925} INFO - DAG(s) 'create_analytics_mart' retrieved from /opt/airflow/dags/create_mart_dag.py
[2026-06-09T15:52:58.649+0000] {logging_mixin.py:190} INFO - [2026-06-09T15:52:58.648+0000] {dag.py:3239} INFO - Sync 1 DAGs
[2026-06-09T15:52:58.668+0000] {logging_mixin.py:190} INFO - [2026-06-09T15:52:58.667+0000] {dag.py:4180} INFO - Setting next_dagrun for create_analytics_mart to 2026-06-09 02:00:00+00:00, run_after=2026-06-10 02:00:00+00:00
[2026-06-09T15:52:58.684+0000] {processor.py:208} INFO - Processing /opt/airflow/dags/create_mart_dag.py took 0.086 seconds
[2026-06-09T15:53:28.849+0000] {processor.py:186} INFO - Started process (PID=876) to work on /opt/airflow/dags/create_mart_dag.py
[2026-06-09T15:53:28.851+0000] {processor.py:914} INFO - Processing file /opt/airflow/dags/create_mart_dag.py for tasks to queue
[2026-06-09T15:53:28.853+0000] {logging_mixin.py:190} INFO - [2026-06-09T15:53:28.853+0000] {dagbag.py:588} INFO - Filling up the DagBag from /opt/airflow/dags/create_mart_dag.py
[2026-06-09T15:53:28.878+0000] {processor.py:925} INFO - DAG(s) 'create_analytics_mart' retrieved from /opt/airflow/dags/create_mart_dag.py
[2026-06-09T15:53:28.900+0000] {logging_mixin.py:190} INFO - [2026-06-09T15:53:28.900+0000] {dag.py:3239} INFO - Sync 1 DAGs
[2026-06-09T15:53:28.919+0000] {logging_mixin.py:190} INFO - [2026-06-09T15:53:28.919+0000] {dag.py:4180} INFO - Setting next_dagrun for create_analytics_mart to 2026-06-09 02:00:00+00:00, run_after=2026-06-10 02:00:00+00:00
[2026-06-09T15:53:28.938+0000] {processor.py:208} INFO - Processing /opt/airflow/dags/create_mart_dag.py took 0.092 seconds
[2026-06-09T15:53:59.097+0000] {processor.py:186} INFO - Started process (PID=891) to work on /opt/airflow/dags/create_mart_dag.py
[2026-06-09T15:53:59.098+0000] {processor.py:914} INFO - Processing file /opt/airflow/dags/create_mart_dag.py for tasks to queue
[2026-06-09T15:53:59.100+0000] {logging_mixin.py:190} INFO - [2026-06-09T15:53:59.100+0000] {dagbag.py:588} INFO - Filling up the DagBag from /opt/airflow/dags/create_mart_dag.py
[2026-06-09T15:53:59.125+0000] {processor.py:925} INFO - DAG(s) 'create_analytics_mart' retrieved from /opt/airflow/dags/create_mart_dag.py
[2026-06-09T15:53:59.150+0000] {logging_mixin.py:190} INFO - [2026-06-09T15:53:59.150+0000] {dag.py:3239} INFO - Sync 1 DAGs
[2026-06-09T15:53:59.171+0000] {logging_mixin.py:190} INFO - [2026-06-09T15:53:59.171+0000] {dag.py:4180} INFO - Setting next_dagrun for create_analytics_mart to 2026-06-09 02:00:00+00:00, run_after=2026-06-10 02:00:00+00:00
[2026-06-09T15:53:59.189+0000] {processor.py:208} INFO - Processing /opt/airflow/dags/create_mart_dag.py took 0.097 seconds
[2026-06-09T15:54:29.348+0000] {processor.py:186} INFO - Started process (PID=907) to work on /opt/airflow/dags/create_mart_dag.py
[2026-06-09T15:54:29.348+0000] {processor.py:914} INFO - Processing file /opt/airflow/dags/create_mart_dag.py for tasks to queue
[2026-06-09T15:54:29.350+0000] {logging_mixin.py:190} INFO - [2026-06-09T15:54:29.350+0000] {dagbag.py:588} INFO - Filling up the DagBag from /opt/airflow/dags/create_mart_dag.py
[2026-06-09T15:54:29.382+0000] {processor.py:925} INFO - DAG(s) 'create_analytics_mart' retrieved from /opt/airflow/dags/create_mart_dag.py
[2026-06-09T15:54:29.407+0000] {logging_mixin.py:190} INFO - [2026-06-09T15:54:29.407+0000] {dag.py:3239} INFO - Sync 1 DAGs
[2026-06-09T15:54:29.427+0000] {logging_mixin.py:190} INFO - [2026-06-09T15:54:29.426+0000] {dag.py:4180} INFO - Setting next_dagrun for create_analytics_mart to 2026-06-09 02:00:00+00:00, run_after=2026-06-10 02:00:00+00:00
[2026-06-09T15:54:29.443+0000] {processor.py:208} INFO - Processing /opt/airflow/dags/create_mart_dag.py took 0.100 seconds
[2026-06-09T15:54:59.526+0000] {processor.py:186} INFO - Started process (PID=923) to work on /opt/airflow/dags/create_mart_dag.py
[2026-06-09T15:54:59.527+0000] {processor.py:914} INFO - Processing file /opt/airflow/dags/create_mart_dag.py for tasks to queue
[2026-06-09T15:54:59.528+0000] {logging_mixin.py:190} INFO - [2026-06-09T15:54:59.528+0000] {dagbag.py:588} INFO - Filling up the DagBag from /opt/airflow/dags/create_mart_dag.py
[2026-06-09T15:54:59.550+0000] {processor.py:925} INFO - DAG(s) 'create_analytics_mart' retrieved from /opt/airflow/dags/create_mart_dag.py
[2026-06-09T15:54:59.573+0000] {logging_mixin.py:190} INFO - [2026-06-09T15:54:59.573+0000] {dag.py:3239} INFO - Sync 1 DAGs
[2026-06-09T15:54:59.593+0000] {logging_mixin.py:190} INFO - [2026-06-09T15:54:59.593+0000] {dag.py:4180} INFO - Setting next_dagrun for create_analytics_mart to 2026-06-09 02:00:00+00:00, run_after=2026-06-10 02:00:00+00:00
[2026-06-09T15:54:59.610+0000] {processor.py:208} INFO - Processing /opt/airflow/dags/create_mart_dag.py took 0.089 seconds
[2026-06-09T15:55:29.858+0000] {processor.py:186} INFO - Started process (PID=939) to work on /opt/airflow/dags/create_mart_dag.py
[2026-06-09T15:55:29.860+0000] {processor.py:914} INFO - Processing file /opt/airflow/dags/create_mart_dag.py for tasks to queue
[2026-06-09T15:55:29.864+0000] {logging_mixin.py:190} INFO - [2026-06-09T15:55:29.863+0000] {dagbag.py:588} INFO - Filling up the DagBag from /opt/airflow/dags/create_mart_dag.py
[2026-06-09T15:55:29.896+0000] {processor.py:925} INFO - DAG(s) 'create_analytics_mart' retrieved from /opt/airflow/dags/create_mart_dag.py
[2026-06-09T15:55:29.927+0000] {logging_mixin.py:190} INFO - [2026-06-09T15:55:29.927+0000] {dag.py:3239} INFO - Sync 1 DAGs
[2026-06-09T15:55:29.965+0000] {logging_mixin.py:190} INFO - [2026-06-09T15:55:29.964+0000] {dag.py:4180} INFO - Setting next_dagrun for create_analytics_mart to 2026-06-09 02:00:00+00:00, run_after=2026-06-10 02:00:00+00:00
[2026-06-09T15:55:29.996+0000] {processor.py:208} INFO - Processing /opt/airflow/dags/create_mart_dag.py took 0.144 seconds
[2026-06-09T15:56:00.153+0000] {processor.py:186} INFO - Started process (PID=955) to work on /opt/airflow/dags/create_mart_dag.py
[2026-06-09T15:56:00.154+0000] {processor.py:914} INFO - Processing file /opt/airflow/dags/create_mart_dag.py for tasks to queue
[2026-06-09T15:56:00.157+0000] {logging_mixin.py:190} INFO - [2026-06-09T15:56:00.157+0000] {dagbag.py:588} INFO - Filling up the DagBag from /opt/airflow/dags/create_mart_dag.py
[2026-06-09T15:56:00.191+0000] {processor.py:925} INFO - DAG(s) 'create_analytics_mart' retrieved from /opt/airflow/dags/create_mart_dag.py
[2026-06-09T15:56:00.227+0000] {logging_mixin.py:190} INFO - [2026-06-09T15:56:00.227+0000] {dag.py:3239} INFO - Sync 1 DAGs
[2026-06-09T15:56:00.254+0000] {logging_mixin.py:190} INFO - [2026-06-09T15:56:00.254+0000] {dag.py:4180} INFO - Setting next_dagrun for create_analytics_mart to 2026-06-09 02:00:00+00:00, run_after=2026-06-10 02:00:00+00:00
[2026-06-09T15:56:00.278+0000] {processor.py:208} INFO - Processing /opt/airflow/dags/create_mart_dag.py took 0.131 seconds
[2026-06-09T15:56:30.503+0000] {processor.py:186} INFO - Started process (PID=971) to work on /opt/airflow/dags/create_mart_dag.py
[2026-06-09T15:56:30.504+0000] {processor.py:914} INFO - Processing file /opt/airflow/dags/create_mart_dag.py for tasks to queue
[2026-06-09T15:56:30.508+0000] {logging_mixin.py:190} INFO - [2026-06-09T15:56:30.507+0000] {dagbag.py:588} INFO - Filling up the DagBag from /opt/airflow/dags/create_mart_dag.py
[2026-06-09T15:56:30.530+0000] {processor.py:925} INFO - DAG(s) 'create_analytics_mart' retrieved from /opt/airflow/dags/create_mart_dag.py
[2026-06-09T15:56:30.552+0000] {logging_mixin.py:190} INFO - [2026-06-09T15:56:30.552+0000] {dag.py:3239} INFO - Sync 1 DAGs
[2026-06-09T15:56:30.575+0000] {logging_mixin.py:190} INFO - [2026-06-09T15:56:30.575+0000] {dag.py:4180} INFO - Setting next_dagrun for create_analytics_mart to 2026-06-09 02:00:00+00:00, run_after=2026-06-10 02:00:00+00:00
[2026-06-09T15:56:30.593+0000] {processor.py:208} INFO - Processing /opt/airflow/dags/create_mart_dag.py took 0.095 seconds
[2026-06-09T15:57:00.818+0000] {processor.py:186} INFO - Started process (PID=987) to work on /opt/airflow/dags/create_mart_dag.py
[2026-06-09T15:57:00.819+0000] {processor.py:914} INFO - Processing file /opt/airflow/dags/create_mart_dag.py for tasks to queue
[2026-06-09T15:57:00.821+0000] {logging_mixin.py:190} INFO - [2026-06-09T15:57:00.821+0000] {dagbag.py:588} INFO - Filling up the DagBag from /opt/airflow/dags/create_mart_dag.py
[2026-06-09T15:57:00.842+0000] {processor.py:925} INFO - DAG(s) 'create_analytics_mart' retrieved from /opt/airflow/dags/create_mart_dag.py
[2026-06-09T15:57:00.863+0000] {logging_mixin.py:190} INFO - [2026-06-09T15:57:00.863+0000] {dag.py:3239} INFO - Sync 1 DAGs
[2026-06-09T15:57:00.883+0000] {logging_mixin.py:190} INFO - [2026-06-09T15:57:00.883+0000] {dag.py:4180} INFO - Setting next_dagrun for create_analytics_mart to 2026-06-09 02:00:00+00:00, run_after=2026-06-10 02:00:00+00:00
[2026-06-09T15:57:00.901+0000] {processor.py:208} INFO - Processing /opt/airflow/dags/create_mart_dag.py took 0.089 seconds
[2026-06-09T15:57:31.069+0000] {processor.py:186} INFO - Started process (PID=1003) to work on /opt/airflow/dags/create_mart_dag.py
[2026-06-09T15:57:31.069+0000] {processor.py:914} INFO - Processing file /opt/airflow/dags/create_mart_dag.py for tasks to queue
[2026-06-09T15:57:31.072+0000] {logging_mixin.py:190} INFO - [2026-06-09T15:57:31.071+0000] {dagbag.py:588} INFO - Filling up the DagBag from /opt/airflow/dags/create_mart_dag.py
[2026-06-09T15:57:31.092+0000] {processor.py:925} INFO - DAG(s) 'create_analytics_mart' retrieved from /opt/airflow/dags/create_mart_dag.py
[2026-06-09T15:57:31.115+0000] {logging_mixin.py:190} INFO - [2026-06-09T15:57:31.114+0000] {dag.py:3239} INFO - Sync 1 DAGs
[2026-06-09T15:57:31.136+0000] {logging_mixin.py:190} INFO - [2026-06-09T15:57:31.136+0000] {dag.py:4180} INFO - Setting next_dagrun for create_analytics_mart to 2026-06-09 02:00:00+00:00, run_after=2026-06-10 02:00:00+00:00
[2026-06-09T15:57:31.152+0000] {processor.py:208} INFO - Processing /opt/airflow/dags/create_mart_dag.py took 0.088 seconds
[2026-06-09T15:58:01.309+0000] {processor.py:186} INFO - Started process (PID=1019) to work on /opt/airflow/dags/create_mart_dag.py
[2026-06-09T15:58:01.309+0000] {processor.py:914} INFO - Processing file /opt/airflow/dags/create_mart_dag.py for tasks to queue
[2026-06-09T15:58:01.311+0000] {logging_mixin.py:190} INFO - [2026-06-09T15:58:01.311+0000] {dagbag.py:588} INFO - Filling up the DagBag from /opt/airflow/dags/create_mart_dag.py
[2026-06-09T15:58:01.333+0000] {processor.py:925} INFO - DAG(s) 'create_analytics_mart' retrieved from /opt/airflow/dags/create_mart_dag.py
[2026-06-09T15:58:01.354+0000] {logging_mixin.py:190} INFO - [2026-06-09T15:58:01.353+0000] {dag.py:3239} INFO - Sync 1 DAGs
[2026-06-09T15:58:01.374+0000] {logging_mixin.py:190} INFO - [2026-06-09T15:58:01.373+0000] {dag.py:4180} INFO - Setting next_dagrun for create_analytics_mart to 2026-06-09 02:00:00+00:00, run_after=2026-06-10 02:00:00+00:00
[2026-06-09T15:58:01.393+0000] {processor.py:208} INFO - Processing /opt/airflow/dags/create_mart_dag.py took 0.089 seconds
[2026-06-09T15:58:31.569+0000] {processor.py:186} INFO - Started process (PID=1035) to work on /opt/airflow/dags/create_mart_dag.py
[2026-06-09T15:58:31.569+0000] {processor.py:914} INFO - Processing file /opt/airflow/dags/create_mart_dag.py for tasks to queue
[2026-06-09T15:58:31.571+0000] {logging_mixin.py:190} INFO - [2026-06-09T15:58:31.571+0000] {dagbag.py:588} INFO - Filling up the DagBag from /opt/airflow/dags/create_mart_dag.py
[2026-06-09T15:58:31.595+0000] {processor.py:925} INFO - DAG(s) 'create_analytics_mart' retrieved from /opt/airflow/dags/create_mart_dag.py
[2026-06-09T15:58:31.617+0000] {logging_mixin.py:190} INFO - [2026-06-09T15:58:31.617+0000] {dag.py:3239} INFO - Sync 1 DAGs
[2026-06-09T15:58:31.637+0000] {logging_mixin.py:190} INFO - [2026-06-09T15:58:31.637+0000] {dag.py:4180} INFO - Setting next_dagrun for create_analytics_mart to 2026-06-09 02:00:00+00:00, run_after=2026-06-10 02:00:00+00:00
[2026-06-09T15:58:31.654+0000] {processor.py:208} INFO - Processing /opt/airflow/dags/create_mart_dag.py took 0.089 seconds
[2026-06-09T15:59:01.939+0000] {processor.py:186} INFO - Started process (PID=1051) to work on /opt/airflow/dags/create_mart_dag.py
[2026-06-09T15:59:01.939+0000] {processor.py:914} INFO - Processing file /opt/airflow/dags/create_mart_dag.py for tasks to queue
[2026-06-09T15:59:01.941+0000] {logging_mixin.py:190} INFO - [2026-06-09T15:59:01.941+0000] {dagbag.py:588} INFO - Filling up the DagBag from /opt/airflow/dags/create_mart_dag.py
[2026-06-09T15:59:01.967+0000] {processor.py:925} INFO - DAG(s) 'create_analytics_mart' retrieved from /opt/airflow/dags/create_mart_dag.py
[2026-06-09T15:59:01.986+0000] {logging_mixin.py:190} INFO - [2026-06-09T15:59:01.986+0000] {dag.py:3239} INFO - Sync 1 DAGs
[2026-06-09T15:59:02.005+0000] {logging_mixin.py:190} INFO - [2026-06-09T15:59:02.005+0000] {dag.py:4180} INFO - Setting next_dagrun for create_analytics_mart to 2026-06-09 02:00:00+00:00, run_after=2026-06-10 02:00:00+00:00
[2026-06-09T15:59:02.022+0000] {processor.py:208} INFO - Processing /opt/airflow/dags/create_mart_dag.py took 0.088 seconds
[2026-06-09T15:59:32.200+0000] {processor.py:186} INFO - Started process (PID=1067) to work on /opt/airflow/dags/create_mart_dag.py
[2026-06-09T15:59:32.201+0000] {processor.py:914} INFO - Processing file /opt/airflow/dags/create_mart_dag.py for tasks to queue
[2026-06-09T15:59:32.202+0000] {logging_mixin.py:190} INFO - [2026-06-09T15:59:32.202+0000] {dagbag.py:588} INFO - Filling up the DagBag from /opt/airflow/dags/create_mart_dag.py
[2026-06-09T15:59:32.228+0000] {processor.py:925} INFO - DAG(s) 'create_analytics_mart' retrieved from /opt/airflow/dags/create_mart_dag.py
[2026-06-09T15:59:32.249+0000] {logging_mixin.py:190} INFO - [2026-06-09T15:59:32.249+0000] {dag.py:3239} INFO - Sync 1 DAGs
[2026-06-09T15:59:32.269+0000] {logging_mixin.py:190} INFO - [2026-06-09T15:59:32.269+0000] {dag.py:4180} INFO - Setting next_dagrun for create_analytics_mart to 2026-06-09 02:00:00+00:00, run_after=2026-06-10 02:00:00+00:00
[2026-06-09T15:59:32.286+0000] {processor.py:208} INFO - Processing /opt/airflow/dags/create_mart_dag.py took 0.091 seconds
[2026-06-09T16:00:02.533+0000] {processor.py:186} INFO - Started process (PID=1083) to work on /opt/airflow/dags/create_mart_dag.py
[2026-06-09T16:00:02.534+0000] {processor.py:914} INFO - Processing file /opt/airflow/dags/create_mart_dag.py for tasks to queue
[2026-06-09T16:00:02.537+0000] {logging_mixin.py:190} INFO - [2026-06-09T16:00:02.537+0000] {dagbag.py:588} INFO - Filling up the DagBag from /opt/airflow/dags/create_mart_dag.py
[2026-06-09T16:00:02.559+0000] {processor.py:925} INFO - DAG(s) 'create_analytics_mart' retrieved from /opt/airflow/dags/create_mart_dag.py
[2026-06-09T16:00:02.581+0000] {logging_mixin.py:190} INFO - [2026-06-09T16:00:02.581+0000] {dag.py:3239} INFO - Sync 1 DAGs
[2026-06-09T16:00:02.600+0000] {logging_mixin.py:190} INFO - [2026-06-09T16:00:02.600+0000] {dag.py:4180} INFO - Setting next_dagrun for create_analytics_mart to 2026-06-09 02:00:00+00:00, run_after=2026-06-10 02:00:00+00:00
[2026-06-09T16:00:02.623+0000] {processor.py:208} INFO - Processing /opt/airflow/dags/create_mart_dag.py took 0.094 seconds
[2026-06-09T16:00:32.737+0000] {processor.py:186} INFO - Started process (PID=1099) to work on /opt/airflow/dags/create_mart_dag.py
[2026-06-09T16:00:32.738+0000] {processor.py:914} INFO - Processing file /opt/airflow/dags/create_mart_dag.py for tasks to queue
[2026-06-09T16:00:32.740+0000] {logging_mixin.py:190} INFO - [2026-06-09T16:00:32.740+0000] {dagbag.py:588} INFO - Filling up the DagBag from /opt/airflow/dags/create_mart_dag.py
[2026-06-09T16:00:32.762+0000] {processor.py:925} INFO - DAG(s) 'create_analytics_mart' retrieved from /opt/airflow/dags/create_mart_dag.py
[2026-06-09T16:00:32.787+0000] {logging_mixin.py:190} INFO - [2026-06-09T16:00:32.787+0000] {dag.py:3239} INFO - Sync 1 DAGs
[2026-06-09T16:00:32.809+0000] {logging_mixin.py:190} INFO - [2026-06-09T16:00:32.808+0000] {dag.py:4180} INFO - Setting next_dagrun for create_analytics_mart to 2026-06-09 02:00:00+00:00, run_after=2026-06-10 02:00:00+00:00
[2026-06-09T16:00:32.827+0000] {processor.py:208} INFO - Processing /opt/airflow/dags/create_mart_dag.py took 0.096 seconds
[2026-06-09T16:01:03.097+0000] {processor.py:186} INFO - Started process (PID=1115) to work on /opt/airflow/dags/create_mart_dag.py
[2026-06-09T16:01:03.105+0000] {processor.py:914} INFO - Processing file /opt/airflow/dags/create_mart_dag.py for tasks to queue
[2026-06-09T16:01:03.108+0000] {logging_mixin.py:190} INFO - [2026-06-09T16:01:03.108+0000] {dagbag.py:588} INFO - Filling up the DagBag from /opt/airflow/dags/create_mart_dag.py
[2026-06-09T16:01:03.130+0000] {processor.py:925} INFO - DAG(s) 'create_analytics_mart' retrieved from /opt/airflow/dags/create_mart_dag.py
[2026-06-09T16:01:03.151+0000] {logging_mixin.py:190} INFO - [2026-06-09T16:01:03.150+0000] {dag.py:3239} INFO - Sync 1 DAGs
[2026-06-09T16:01:03.170+0000] {logging_mixin.py:190} INFO - [2026-06-09T16:01:03.170+0000] {dag.py:4180} INFO - Setting next_dagrun for create_analytics_mart to 2026-06-09 02:00:00+00:00, run_after=2026-06-10 02:00:00+00:00
[2026-06-09T16:01:03.192+0000] {processor.py:208} INFO - Processing /opt/airflow/dags/create_mart_dag.py took 0.100 seconds
[2026-06-09T16:01:33.325+0000] {processor.py:186} INFO - Started process (PID=1131) to work on /opt/airflow/dags/create_mart_dag.py
[2026-06-09T16:01:33.326+0000] {processor.py:914} INFO - Processing file /opt/airflow/dags/create_mart_dag.py for tasks to queue
[2026-06-09T16:01:33.330+0000] {logging_mixin.py:190} INFO - [2026-06-09T16:01:33.330+0000] {dagbag.py:588} INFO - Filling up the DagBag from /opt/airflow/dags/create_mart_dag.py
[2026-06-09T16:01:33.356+0000] {processor.py:925} INFO - DAG(s) 'create_analytics_mart' retrieved from /opt/airflow/dags/create_mart_dag.py
[2026-06-09T16:01:33.379+0000] {logging_mixin.py:190} INFO - [2026-06-09T16:01:33.379+0000] {dag.py:3239} INFO - Sync 1 DAGs
[2026-06-09T16:01:33.399+0000] {logging_mixin.py:190} INFO - [2026-06-09T16:01:33.399+0000] {dag.py:4180} INFO - Setting next_dagrun for create_analytics_mart to 2026-06-09 02:00:00+00:00, run_after=2026-06-10 02:00:00+00:00
[2026-06-09T16:01:33.417+0000] {processor.py:208} INFO - Processing /opt/airflow/dags/create_mart_dag.py took 0.096 seconds
[2026-06-09T16:02:03.613+0000] {processor.py:186} INFO - Started process (PID=1147) to work on /opt/airflow/dags/create_mart_dag.py
[2026-06-09T16:02:03.614+0000] {processor.py:914} INFO - Processing file /opt/airflow/dags/create_mart_dag.py for tasks to queue
[2026-06-09T16:02:03.616+0000] {logging_mixin.py:190} INFO - [2026-06-09T16:02:03.616+0000] {dagbag.py:588} INFO - Filling up the DagBag from /opt/airflow/dags/create_mart_dag.py
[2026-06-09T16:02:03.639+0000] {processor.py:925} INFO - DAG(s) 'create_analytics_mart' retrieved from /opt/airflow/dags/create_mart_dag.py
[2026-06-09T16:02:03.659+0000] {logging_mixin.py:190} INFO - [2026-06-09T16:02:03.659+0000] {dag.py:3239} INFO - Sync 1 DAGs
[2026-06-09T16:02:03.679+0000] {logging_mixin.py:190} INFO - [2026-06-09T16:02:03.679+0000] {dag.py:4180} INFO - Setting next_dagrun for create_analytics_mart to 2026-06-09 02:00:00+00:00, run_after=2026-06-10 02:00:00+00:00
[2026-06-09T16:02:03.705+0000] {processor.py:208} INFO - Processing /opt/airflow/dags/create_mart_dag.py took 0.096 seconds
[2026-06-09T16:02:33.916+0000] {processor.py:186} INFO - Started process (PID=1163) to work on /opt/airflow/dags/create_mart_dag.py
[2026-06-09T16:02:33.917+0000] {processor.py:914} INFO - Processing file /opt/airflow/dags/create_mart_dag.py for tasks to queue
[2026-06-09T16:02:33.919+0000] {logging_mixin.py:190} INFO - [2026-06-09T16:02:33.919+0000] {dagbag.py:588} INFO - Filling up the DagBag from /opt/airflow/dags/create_mart_dag.py
[2026-06-09T16:02:33.945+0000] {processor.py:925} INFO - DAG(s) 'create_analytics_mart' retrieved from /opt/airflow/dags/create_mart_dag.py
[2026-06-09T16:02:33.967+0000] {logging_mixin.py:190} INFO - [2026-06-09T16:02:33.967+0000] {dag.py:3239} INFO - Sync 1 DAGs
[2026-06-09T16:02:33.987+0000] {logging_mixin.py:190} INFO - [2026-06-09T16:02:33.987+0000] {dag.py:4180} INFO - Setting next_dagrun for create_analytics_mart to 2026-06-09 02:00:00+00:00, run_after=2026-06-10 02:00:00+00:00
[2026-06-09T16:02:34.003+0000] {processor.py:208} INFO - Processing /opt/airflow/dags/create_mart_dag.py took 0.091 seconds
[2026-06-09T16:03:04.107+0000] {processor.py:186} INFO - Started process (PID=1179) to work on /opt/airflow/dags/create_mart_dag.py
[2026-06-09T16:03:04.108+0000] {processor.py:914} INFO - Processing file /opt/airflow/dags/create_mart_dag.py for tasks to queue
[2026-06-09T16:03:04.110+0000] {logging_mixin.py:190} INFO - [2026-06-09T16:03:04.109+0000] {dagbag.py:588} INFO - Filling up the DagBag from /opt/airflow/dags/create_mart_dag.py
[2026-06-09T16:03:04.149+0000] {processor.py:925} INFO - DAG(s) 'create_analytics_mart' retrieved from /opt/airflow/dags/create_mart_dag.py
[2026-06-09T16:03:04.173+0000] {logging_mixin.py:190} INFO - [2026-06-09T16:03:04.173+0000] {dag.py:3239} INFO - Sync 1 DAGs
[2026-06-09T16:03:04.194+0000] {logging_mixin.py:190} INFO - [2026-06-09T16:03:04.194+0000] {dag.py:4180} INFO - Setting next_dagrun for create_analytics_mart to 2026-06-09 02:00:00+00:00, run_after=2026-06-10 02:00:00+00:00
[2026-06-09T16:03:04.212+0000] {processor.py:208} INFO - Processing /opt/airflow/dags/create_mart_dag.py took 0.109 seconds
[2026-06-09T16:03:34.344+0000] {processor.py:186} INFO - Started process (PID=1195) to work on /opt/airflow/dags/create_mart_dag.py
[2026-06-09T16:03:34.344+0000] {processor.py:914} INFO - Processing file /opt/airflow/dags/create_mart_dag.py for tasks to queue
[2026-06-09T16:03:34.346+0000] {logging_mixin.py:190} INFO - [2026-06-09T16:03:34.346+0000] {dagbag.py:588} INFO - Filling up the DagBag from /opt/airflow/dags/create_mart_dag.py
[2026-06-09T16:03:34.369+0000] {processor.py:925} INFO - DAG(s) 'create_analytics_mart' retrieved from /opt/airflow/dags/create_mart_dag.py
[2026-06-09T16:03:34.390+0000] {logging_mixin.py:190} INFO - [2026-06-09T16:03:34.389+0000] {dag.py:3239} INFO - Sync 1 DAGs
[2026-06-09T16:03:34.408+0000] {logging_mixin.py:190} INFO - [2026-06-09T16:03:34.408+0000] {dag.py:4180} INFO - Setting next_dagrun for create_analytics_mart to 2026-06-09 02:00:00+00:00, run_after=2026-06-10 02:00:00+00:00
[2026-06-09T16:03:34.425+0000] {processor.py:208} INFO - Processing /opt/airflow/dags/create_mart_dag.py took 0.086 seconds
[2026-06-09T16:04:04.729+0000] {processor.py:186} INFO - Started process (PID=1211) to work on /opt/airflow/dags/create_mart_dag.py
[2026-06-09T16:04:04.730+0000] {processor.py:914} INFO - Processing file /opt/airflow/dags/create_mart_dag.py for tasks to queue
[2026-06-09T16:04:04.732+0000] {logging_mixin.py:190} INFO - [2026-06-09T16:04:04.732+0000] {dagbag.py:588} INFO - Filling up the DagBag from /opt/airflow/dags/create_mart_dag.py
[2026-06-09T16:04:04.754+0000] {processor.py:925} INFO - DAG(s) 'create_analytics_mart' retrieved from /opt/airflow/dags/create_mart_dag.py
[2026-06-09T16:04:04.776+0000] {logging_mixin.py:190} INFO - [2026-06-09T16:04:04.775+0000] {dag.py:3239} INFO - Sync 1 DAGs
[2026-06-09T16:04:04.795+0000] {logging_mixin.py:190} INFO - [2026-06-09T16:04:04.795+0000] {dag.py:4180} INFO - Setting next_dagrun for create_analytics_mart to 2026-06-09 02:00:00+00:00, run_after=2026-06-10 02:00:00+00:00
[2026-06-09T16:04:04.824+0000] {processor.py:208} INFO - Processing /opt/airflow/dags/create_mart_dag.py took 0.100 seconds
[2026-06-09T16:04:34.964+0000] {processor.py:186} INFO - Started process (PID=1227) to work on /opt/airflow/dags/create_mart_dag.py
[2026-06-09T16:04:34.965+0000] {processor.py:914} INFO - Processing file /opt/airflow/dags/create_mart_dag.py for tasks to queue
[2026-06-09T16:04:34.967+0000] {logging_mixin.py:190} INFO - [2026-06-09T16:04:34.967+0000] {dagbag.py:588} INFO - Filling up the DagBag from /opt/airflow/dags/create_mart_dag.py
[2026-06-09T16:04:34.990+0000] {processor.py:925} INFO - DAG(s) 'create_analytics_mart' retrieved from /opt/airflow/dags/create_mart_dag.py
[2026-06-09T16:04:35.012+0000] {logging_mixin.py:190} INFO - [2026-06-09T16:04:35.012+0000] {dag.py:3239} INFO - Sync 1 DAGs
[2026-06-09T16:04:35.032+0000] {logging_mixin.py:190} INFO - [2026-06-09T16:04:35.031+0000] {dag.py:4180} INFO - Setting next_dagrun for create_analytics_mart to 2026-06-09 02:00:00+00:00, run_after=2026-06-10 02:00:00+00:00
[2026-06-09T16:04:35.049+0000] {processor.py:208} INFO - Processing /opt/airflow/dags/create_mart_dag.py took 0.090 seconds
[2026-06-09T16:05:05.256+0000] {processor.py:186} INFO - Started process (PID=1243) to work on /opt/airflow/dags/create_mart_dag.py
[2026-06-09T16:05:05.261+0000] {processor.py:914} INFO - Processing file /opt/airflow/dags/create_mart_dag.py for tasks to queue
[2026-06-09T16:05:05.267+0000] {logging_mixin.py:190} INFO - [2026-06-09T16:05:05.267+0000] {dagbag.py:588} INFO - Filling up the DagBag from /opt/airflow/dags/create_mart_dag.py
[2026-06-09T16:05:05.291+0000] {processor.py:925} INFO - DAG(s) 'create_analytics_mart' retrieved from /opt/airflow/dags/create_mart_dag.py
[2026-06-09T16:05:05.311+0000] {logging_mixin.py:190} INFO - [2026-06-09T16:05:05.311+0000] {dag.py:3239} INFO - Sync 1 DAGs
[2026-06-09T16:05:05.330+0000] {logging_mixin.py:190} INFO - [2026-06-09T16:05:05.330+0000] {dag.py:4180} INFO - Setting next_dagrun for create_analytics_mart to 2026-06-09 02:00:00+00:00, run_after=2026-06-10 02:00:00+00:00
[2026-06-09T16:05:05.349+0000] {processor.py:208} INFO - Processing /opt/airflow/dags/create_mart_dag.py took 0.097 seconds
[2026-06-09T16:05:35.458+0000] {processor.py:186} INFO - Started process (PID=1259) to work on /opt/airflow/dags/create_mart_dag.py
[2026-06-09T16:05:35.459+0000] {processor.py:914} INFO - Processing file /opt/airflow/dags/create_mart_dag.py for tasks to queue
[2026-06-09T16:05:35.462+0000] {logging_mixin.py:190} INFO - [2026-06-09T16:05:35.462+0000] {dagbag.py:588} INFO - Filling up the DagBag from /opt/airflow/dags/create_mart_dag.py
[2026-06-09T16:05:35.485+0000] {processor.py:925} INFO - DAG(s) 'create_analytics_mart' retrieved from /opt/airflow/dags/create_mart_dag.py
[2026-06-09T16:05:35.509+0000] {logging_mixin.py:190} INFO - [2026-06-09T16:05:35.508+0000] {dag.py:3239} INFO - Sync 1 DAGs
[2026-06-09T16:05:35.528+0000] {logging_mixin.py:190} INFO - [2026-06-09T16:05:35.528+0000] {dag.py:4180} INFO - Setting next_dagrun for create_analytics_mart to 2026-06-09 02:00:00+00:00, run_after=2026-06-10 02:00:00+00:00
[2026-06-09T16:05:35.546+0000] {processor.py:208} INFO - Processing /opt/airflow/dags/create_mart_dag.py took 0.092 seconds
[2026-06-09T16:06:05.760+0000] {processor.py:186} INFO - Started process (PID=1275) to work on /opt/airflow/dags/create_mart_dag.py
[2026-06-09T16:06:05.761+0000] {processor.py:914} INFO - Processing file /opt/airflow/dags/create_mart_dag.py for tasks to queue
[2026-06-09T16:06:05.763+0000] {logging_mixin.py:190} INFO - [2026-06-09T16:06:05.763+0000] {dagbag.py:588} INFO - Filling up the DagBag from /opt/airflow/dags/create_mart_dag.py
[2026-06-09T16:06:05.788+0000] {processor.py:925} INFO - DAG(s) 'create_analytics_mart' retrieved from /opt/airflow/dags/create_mart_dag.py
[2026-06-09T16:06:05.811+0000] {logging_mixin.py:190} INFO - [2026-06-09T16:06:05.811+0000] {dag.py:3239} INFO - Sync 1 DAGs
[2026-06-09T16:06:05.831+0000] {logging_mixin.py:190} INFO - [2026-06-09T16:06:05.831+0000] {dag.py:4180} INFO - Setting next_dagrun for create_analytics_mart to 2026-06-09 02:00:00+00:00, run_after=2026-06-10 02:00:00+00:00
[2026-06-09T16:06:05.849+0000] {processor.py:208} INFO - Processing /opt/airflow/dags/create_mart_dag.py took 0.094 seconds
[2026-06-09T16:06:36.083+0000] {processor.py:186} INFO - Started process (PID=1291) to work on /opt/airflow/dags/create_mart_dag.py
[2026-06-09T16:06:36.084+0000] {processor.py:914} INFO - Processing file /opt/airflow/dags/create_mart_dag.py for tasks to queue
[2026-06-09T16:06:36.086+0000] {logging_mixin.py:190} INFO - [2026-06-09T16:06:36.086+0000] {dagbag.py:588} INFO - Filling up the DagBag from /opt/airflow/dags/create_mart_dag.py
[2026-06-09T16:06:36.111+0000] {processor.py:925} INFO - DAG(s) 'create_analytics_mart' retrieved from /opt/airflow/dags/create_mart_dag.py
[2026-06-09T16:06:36.136+0000] {logging_mixin.py:190} INFO - [2026-06-09T16:06:36.136+0000] {dag.py:3239} INFO - Sync 1 DAGs
[2026-06-09T16:06:36.160+0000] {logging_mixin.py:190} INFO - [2026-06-09T16:06:36.159+0000] {dag.py:4180} INFO - Setting next_dagrun for create_analytics_mart to 2026-06-09 02:00:00+00:00, run_after=2026-06-10 02:00:00+00:00
[2026-06-09T16:06:36.177+0000] {processor.py:208} INFO - Processing /opt/airflow/dags/create_mart_dag.py took 0.099 seconds
[2026-06-09T16:07:06.427+0000] {processor.py:186} INFO - Started process (PID=1307) to work on /opt/airflow/dags/create_mart_dag.py
[2026-06-09T16:07:06.428+0000] {processor.py:914} INFO - Processing file /opt/airflow/dags/create_mart_dag.py for tasks to queue
[2026-06-09T16:07:06.430+0000] {logging_mixin.py:190} INFO - [2026-06-09T16:07:06.430+0000] {dagbag.py:588} INFO - Filling up the DagBag from /opt/airflow/dags/create_mart_dag.py
[2026-06-09T16:07:06.451+0000] {processor.py:925} INFO - DAG(s) 'create_analytics_mart' retrieved from /opt/airflow/dags/create_mart_dag.py
[2026-06-09T16:07:06.470+0000] {logging_mixin.py:190} INFO - [2026-06-09T16:07:06.470+0000] {dag.py:3239} INFO - Sync 1 DAGs
[2026-06-09T16:07:06.490+0000] {logging_mixin.py:190} INFO - [2026-06-09T16:07:06.490+0000] {dag.py:4180} INFO - Setting next_dagrun for create_analytics_mart to 2026-06-09 02:00:00+00:00, run_after=2026-06-10 02:00:00+00:00
[2026-06-09T16:07:06.509+0000] {processor.py:208} INFO - Processing /opt/airflow/dags/create_mart_dag.py took 0.086 seconds
[2026-06-09T16:07:36.616+0000] {processor.py:186} INFO - Started process (PID=1323) to work on /opt/airflow/dags/create_mart_dag.py
[2026-06-09T16:07:36.618+0000] {processor.py:914} INFO - Processing file /opt/airflow/dags/create_mart_dag.py for tasks to queue
[2026-06-09T16:07:36.620+0000] {logging_mixin.py:190} INFO - [2026-06-09T16:07:36.620+0000] {dagbag.py:588} INFO - Filling up the DagBag from /opt/airflow/dags/create_mart_dag.py
[2026-06-09T16:07:36.642+0000] {processor.py:925} INFO - DAG(s) 'create_analytics_mart' retrieved from /opt/airflow/dags/create_mart_dag.py
[2026-06-09T16:07:36.664+0000] {logging_mixin.py:190} INFO - [2026-06-09T16:07:36.663+0000] {dag.py:3239} INFO - Sync 1 DAGs
[2026-06-09T16:07:36.682+0000] {logging_mixin.py:190} INFO - [2026-06-09T16:07:36.681+0000] {dag.py:4180} INFO - Setting next_dagrun for create_analytics_mart to 2026-06-09 02:00:00+00:00, run_after=2026-06-10 02:00:00+00:00
[2026-06-09T16:07:36.701+0000] {processor.py:208} INFO - Processing /opt/airflow/dags/create_mart_dag.py took 0.090 seconds
[2026-06-09T16:08:06.895+0000] {processor.py:186} INFO - Started process (PID=1339) to work on /opt/airflow/dags/create_mart_dag.py
[2026-06-09T16:08:06.897+0000] {processor.py:914} INFO - Processing file /opt/airflow/dags/create_mart_dag.py for tasks to queue
[2026-06-09T16:08:06.899+0000] {logging_mixin.py:190} INFO - [2026-06-09T16:08:06.899+0000] {dagbag.py:588} INFO - Filling up the DagBag from /opt/airflow/dags/create_mart_dag.py
[2026-06-09T16:08:06.925+0000] {processor.py:925} INFO - DAG(s) 'create_analytics_mart' retrieved from /opt/airflow/dags/create_mart_dag.py
[2026-06-09T16:08:06.945+0000] {logging_mixin.py:190} INFO - [2026-06-09T16:08:06.945+0000] {dag.py:3239} INFO - Sync 1 DAGs
[2026-06-09T16:08:06.965+0000] {logging_mixin.py:190} INFO - [2026-06-09T16:08:06.965+0000] {dag.py:4180} INFO - Setting next_dagrun for create_analytics_mart to 2026-06-09 02:00:00+00:00, run_after=2026-06-10 02:00:00+00:00
[2026-06-09T16:08:06.983+0000] {processor.py:208} INFO - Processing /opt/airflow/dags/create_mart_dag.py took 0.092 seconds
[2026-06-09T16:08:37.078+0000] {processor.py:186} INFO - Started process (PID=1355) to work on /opt/airflow/dags/create_mart_dag.py
[2026-06-09T16:08:37.078+0000] {processor.py:914} INFO - Processing file /opt/airflow/dags/create_mart_dag.py for tasks to queue
[2026-06-09T16:08:37.081+0000] {logging_mixin.py:190} INFO - [2026-06-09T16:08:37.081+0000] {dagbag.py:588} INFO - Filling up the DagBag from /opt/airflow/dags/create_mart_dag.py
[2026-06-09T16:08:37.104+0000] {processor.py:925} INFO - DAG(s) 'create_analytics_mart' retrieved from /opt/airflow/dags/create_mart_dag.py
[2026-06-09T16:08:37.125+0000] {logging_mixin.py:190} INFO - [2026-06-09T16:08:37.125+0000] {dag.py:3239} INFO - Sync 1 DAGs
[2026-06-09T16:08:37.147+0000] {logging_mixin.py:190} INFO - [2026-06-09T16:08:37.146+0000] {dag.py:4180} INFO - Setting next_dagrun for create_analytics_mart to 2026-06-09 02:00:00+00:00, run_after=2026-06-10 02:00:00+00:00
[2026-06-09T16:08:37.165+0000] {processor.py:208} INFO - Processing /opt/airflow/dags/create_mart_dag.py took 0.091 seconds
[2026-06-09T16:09:07.361+0000] {processor.py:186} INFO - Started process (PID=1371) to work on /opt/airflow/dags/create_mart_dag.py
[2026-06-09T16:09:07.362+0000] {processor.py:914} INFO - Processing file /opt/airflow/dags/create_mart_dag.py for tasks to queue
[2026-06-09T16:09:07.364+0000] {logging_mixin.py:190} INFO - [2026-06-09T16:09:07.363+0000] {dagbag.py:588} INFO - Filling up the DagBag from /opt/airflow/dags/create_mart_dag.py
[2026-06-09T16:09:07.390+0000] {processor.py:925} INFO - DAG(s) 'create_analytics_mart' retrieved from /opt/airflow/dags/create_mart_dag.py
[2026-06-09T16:09:07.411+0000] {logging_mixin.py:190} INFO - [2026-06-09T16:09:07.411+0000] {dag.py:3239} INFO - Sync 1 DAGs
[2026-06-09T16:09:07.431+0000] {logging_mixin.py:190} INFO - [2026-06-09T16:09:07.430+0000] {dag.py:4180} INFO - Setting next_dagrun for create_analytics_mart to 2026-06-09 02:00:00+00:00, run_after=2026-06-10 02:00:00+00:00
[2026-06-09T16:09:07.447+0000] {processor.py:208} INFO - Processing /opt/airflow/dags/create_mart_dag.py took 0.091 seconds
[2026-06-09T16:09:37.714+0000] {processor.py:186} INFO - Started process (PID=1387) to work on /opt/airflow/dags/create_mart_dag.py
[2026-06-09T16:09:37.714+0000] {processor.py:914} INFO - Processing file /opt/airflow/dags/create_mart_dag.py for tasks to queue
[2026-06-09T16:09:37.717+0000] {logging_mixin.py:190} INFO - [2026-06-09T16:09:37.716+0000] {dagbag.py:588} INFO - Filling up the DagBag from /opt/airflow/dags/create_mart_dag.py
[2026-06-09T16:09:37.737+0000] {processor.py:925} INFO - DAG(s) 'create_analytics_mart' retrieved from /opt/airflow/dags/create_mart_dag.py
[2026-06-09T16:09:37.759+0000] {logging_mixin.py:190} INFO - [2026-06-09T16:09:37.759+0000] {dag.py:3239} INFO - Sync 1 DAGs
[2026-06-09T16:09:37.779+0000] {logging_mixin.py:190} INFO - [2026-06-09T16:09:37.779+0000] {dag.py:4180} INFO - Setting next_dagrun for create_analytics_mart to 2026-06-09 02:00:00+00:00, run_after=2026-06-10 02:00:00+00:00
[2026-06-09T16:09:37.801+0000] {processor.py:208} INFO - Processing /opt/airflow/dags/create_mart_dag.py took 0.091 seconds
[2026-06-09T16:10:07.943+0000] {processor.py:186} INFO - Started process (PID=1403) to work on /opt/airflow/dags/create_mart_dag.py
[2026-06-09T16:10:07.944+0000] {processor.py:914} INFO - Processing file /opt/airflow/dags/create_mart_dag.py for tasks to queue
[2026-06-09T16:10:07.946+0000] {logging_mixin.py:190} INFO - [2026-06-09T16:10:07.945+0000] {dagbag.py:588} INFO - Filling up the DagBag from /opt/airflow/dags/create_mart_dag.py
[2026-06-09T16:10:07.968+0000] {processor.py:925} INFO - DAG(s) 'create_analytics_mart' retrieved from /opt/airflow/dags/create_mart_dag.py
[2026-06-09T16:10:07.990+0000] {logging_mixin.py:190} INFO - [2026-06-09T16:10:07.990+0000] {dag.py:3239} INFO - Sync 1 DAGs
[2026-06-09T16:10:08.010+0000] {logging_mixin.py:190} INFO - [2026-06-09T16:10:08.010+0000] {dag.py:4180} INFO - Setting next_dagrun for create_analytics_mart to 2026-06-09 02:00:00+00:00, run_after=2026-06-10 02:00:00+00:00
[2026-06-09T16:10:08.028+0000] {processor.py:208} INFO - Processing /opt/airflow/dags/create_mart_dag.py took 0.090 seconds
[2026-06-09T16:10:38.238+0000] {processor.py:186} INFO - Started process (PID=1419) to work on /opt/airflow/dags/create_mart_dag.py
[2026-06-09T16:10:38.239+0000] {processor.py:914} INFO - Processing file /opt/airflow/dags/create_mart_dag.py for tasks to queue
[2026-06-09T16:10:38.242+0000] {logging_mixin.py:190} INFO - [2026-06-09T16:10:38.242+0000] {dagbag.py:588} INFO - Filling up the DagBag from /opt/airflow/dags/create_mart_dag.py
[2026-06-09T16:10:38.265+0000] {processor.py:925} INFO - DAG(s) 'create_analytics_mart' retrieved from /opt/airflow/dags/create_mart_dag.py
[2026-06-09T16:10:38.287+0000] {logging_mixin.py:190} INFO - [2026-06-09T16:10:38.287+0000] {dag.py:3239} INFO - Sync 1 DAGs
[2026-06-09T16:10:38.307+0000] {logging_mixin.py:190} INFO - [2026-06-09T16:10:38.307+0000] {dag.py:4180} INFO - Setting next_dagrun for create_analytics_mart to 2026-06-09 02:00:00+00:00, run_after=2026-06-10 02:00:00+00:00
[2026-06-09T16:10:38.326+0000] {processor.py:208} INFO - Processing /opt/airflow/dags/create_mart_dag.py took 0.095 seconds
[2026-06-09T16:11:08.470+0000] {processor.py:186} INFO - Started process (PID=1435) to work on /opt/airflow/dags/create_mart_dag.py
[2026-06-09T16:11:08.475+0000] {processor.py:914} INFO - Processing file /opt/airflow/dags/create_mart_dag.py for tasks to queue
[2026-06-09T16:11:08.477+0000] {logging_mixin.py:190} INFO - [2026-06-09T16:11:08.477+0000] {dagbag.py:588} INFO - Filling up the DagBag from /opt/airflow/dags/create_mart_dag.py
[2026-06-09T16:11:08.520+0000] {processor.py:925} INFO - DAG(s) 'create_analytics_mart' retrieved from /opt/airflow/dags/create_mart_dag.py
[2026-06-09T16:11:08.540+0000] {logging_mixin.py:190} INFO - [2026-06-09T16:11:08.540+0000] {dag.py:3239} INFO - Sync 1 DAGs
[2026-06-09T16:11:08.559+0000] {logging_mixin.py:190} INFO - [2026-06-09T16:11:08.559+0000] {dag.py:4180} INFO - Setting next_dagrun for create_analytics_mart to 2026-06-09 02:00:00+00:00, run_after=2026-06-10 02:00:00+00:00
[2026-06-09T16:11:08.579+0000] {processor.py:208} INFO - Processing /opt/airflow/dags/create_mart_dag.py took 0.113 seconds
[2026-06-09T16:11:38.785+0000] {processor.py:186} INFO - Started process (PID=1451) to work on /opt/airflow/dags/create_mart_dag.py
[2026-06-09T16:11:38.785+0000] {processor.py:914} INFO - Processing file /opt/airflow/dags/create_mart_dag.py for tasks to queue
[2026-06-09T16:11:38.787+0000] {logging_mixin.py:190} INFO - [2026-06-09T16:11:38.787+0000] {dagbag.py:588} INFO - Filling up the DagBag from /opt/airflow/dags/create_mart_dag.py
[2026-06-09T16:11:38.808+0000] {processor.py:925} INFO - DAG(s) 'create_analytics_mart' retrieved from /opt/airflow/dags/create_mart_dag.py
[2026-06-09T16:11:38.829+0000] {logging_mixin.py:190} INFO - [2026-06-09T16:11:38.828+0000] {dag.py:3239} INFO - Sync 1 DAGs
[2026-06-09T16:11:38.849+0000] {logging_mixin.py:190} INFO - [2026-06-09T16:11:38.848+0000] {dag.py:4180} INFO - Setting next_dagrun for create_analytics_mart to 2026-06-09 02:00:00+00:00, run_after=2026-06-10 02:00:00+00:00
[2026-06-09T16:11:38.867+0000] {processor.py:208} INFO - Processing /opt/airflow/dags/create_mart_dag.py took 0.086 seconds
[2026-06-09T16:12:09.054+0000] {processor.py:186} INFO - Started process (PID=1468) to work on /opt/airflow/dags/create_mart_dag.py
[2026-06-09T16:12:09.055+0000] {processor.py:914} INFO - Processing file /opt/airflow/dags/create_mart_dag.py for tasks to queue
[2026-06-09T16:12:09.058+0000] {logging_mixin.py:190} INFO - [2026-06-09T16:12:09.058+0000] {dagbag.py:588} INFO - Filling up the DagBag from /opt/airflow/dags/create_mart_dag.py
[2026-06-09T16:12:09.084+0000] {processor.py:925} INFO - DAG(s) 'create_analytics_mart' retrieved from /opt/airflow/dags/create_mart_dag.py
[2026-06-09T16:12:09.108+0000] {logging_mixin.py:190} INFO - [2026-06-09T16:12:09.108+0000] {dag.py:3239} INFO - Sync 1 DAGs
[2026-06-09T16:12:09.129+0000] {logging_mixin.py:190} INFO - [2026-06-09T16:12:09.129+0000] {dag.py:4180} INFO - Setting next_dagrun for create_analytics_mart to 2026-06-09 02:00:00+00:00, run_after=2026-06-10 02:00:00+00:00
[2026-06-09T16:12:09.145+0000] {processor.py:208} INFO - Processing /opt/airflow/dags/create_mart_dag.py took 0.095 seconds
[2026-06-09T16:15:24.496+0000] {processor.py:186} INFO - Started process (PID=1484) to work on /opt/airflow/dags/create_mart_dag.py
[2026-06-09T16:15:24.497+0000] {processor.py:914} INFO - Processing file /opt/airflow/dags/create_mart_dag.py for tasks to queue
[2026-06-09T16:15:24.499+0000] {logging_mixin.py:190} INFO - [2026-06-09T16:15:24.499+0000] {dagbag.py:588} INFO - Filling up the DagBag from /opt/airflow/dags/create_mart_dag.py
[2026-06-09T16:15:24.522+0000] {processor.py:925} INFO - DAG(s) 'create_analytics_mart' retrieved from /opt/airflow/dags/create_mart_dag.py
[2026-06-09T16:15:24.544+0000] {logging_mixin.py:190} INFO - [2026-06-09T16:15:24.543+0000] {dag.py:3239} INFO - Sync 1 DAGs
[2026-06-09T16:15:24.562+0000] {logging_mixin.py:190} INFO - [2026-06-09T16:15:24.562+0000] {dag.py:4180} INFO - Setting next_dagrun for create_analytics_mart to 2026-06-09 02:00:00+00:00, run_after=2026-06-10 02:00:00+00:00
[2026-06-09T16:15:24.579+0000] {processor.py:208} INFO - Processing /opt/airflow/dags/create_mart_dag.py took 0.087 seconds
[2026-06-09T16:15:54.707+0000] {processor.py:186} INFO - Started process (PID=1500) to work on /opt/airflow/dags/create_mart_dag.py
[2026-06-09T16:15:54.708+0000] {processor.py:914} INFO - Processing file /opt/airflow/dags/create_mart_dag.py for tasks to queue
[2026-06-09T16:15:54.710+0000] {logging_mixin.py:190} INFO - [2026-06-09T16:15:54.709+0000] {dagbag.py:588} INFO - Filling up the DagBag from /opt/airflow/dags/create_mart_dag.py
[2026-06-09T16:15:54.730+0000] {processor.py:925} INFO - DAG(s) 'create_analytics_mart' retrieved from /opt/airflow/dags/create_mart_dag.py
[2026-06-09T16:15:54.750+0000] {logging_mixin.py:190} INFO - [2026-06-09T16:15:54.750+0000] {dag.py:3239} INFO - Sync 1 DAGs
[2026-06-09T16:15:54.769+0000] {logging_mixin.py:190} INFO - [2026-06-09T16:15:54.769+0000] {dag.py:4180} INFO - Setting next_dagrun for create_analytics_mart to 2026-06-09 02:00:00+00:00, run_after=2026-06-10 02:00:00+00:00
[2026-06-09T16:15:54.785+0000] {processor.py:208} INFO - Processing /opt/airflow/dags/create_mart_dag.py took 0.083 seconds
[2026-06-09T16:16:24.902+0000] {processor.py:186} INFO - Started process (PID=1516) to work on /opt/airflow/dags/create_mart_dag.py
[2026-06-09T16:16:24.903+0000] {processor.py:914} INFO - Processing file /opt/airflow/dags/create_mart_dag.py for tasks to queue
[2026-06-09T16:16:24.905+0000] {logging_mixin.py:190} INFO - [2026-06-09T16:16:24.904+0000] {dagbag.py:588} INFO - Filling up the DagBag from /opt/airflow/dags/create_mart_dag.py
[2026-06-09T16:16:24.926+0000] {processor.py:925} INFO - DAG(s) 'create_analytics_mart' retrieved from /opt/airflow/dags/create_mart_dag.py
[2026-06-09T16:16:24.946+0000] {logging_mixin.py:190} INFO - [2026-06-09T16:16:24.946+0000] {dag.py:3239} INFO - Sync 1 DAGs
[2026-06-09T16:16:24.964+0000] {logging_mixin.py:190} INFO - [2026-06-09T16:16:24.964+0000] {dag.py:4180} INFO - Setting next_dagrun for create_analytics_mart to 2026-06-09 02:00:00+00:00, run_after=2026-06-10 02:00:00+00:00
[2026-06-09T16:16:25.125+0000] {processor.py:208} INFO - Processing /opt/airflow/dags/create_mart_dag.py took 0.228 seconds
[2026-06-09T16:16:55.229+0000] {processor.py:186} INFO - Started process (PID=1532) to work on /opt/airflow/dags/create_mart_dag.py
[2026-06-09T16:16:55.230+0000] {processor.py:914} INFO - Processing file /opt/airflow/dags/create_mart_dag.py for tasks to queue
[2026-06-09T16:16:55.232+0000] {logging_mixin.py:190} INFO - [2026-06-09T16:16:55.232+0000] {dagbag.py:588} INFO - Filling up the DagBag from /opt/airflow/dags/create_mart_dag.py
[2026-06-09T16:16:55.256+0000] {processor.py:925} INFO - DAG(s) 'create_analytics_mart' retrieved from /opt/airflow/dags/create_mart_dag.py
[2026-06-09T16:16:55.280+0000] {logging_mixin.py:190} INFO - [2026-06-09T16:16:55.279+0000] {dag.py:3239} INFO - Sync 1 DAGs
[2026-06-09T16:16:55.301+0000] {logging_mixin.py:190} INFO - [2026-06-09T16:16:55.301+0000] {dag.py:4180} INFO - Setting next_dagrun for create_analytics_mart to 2026-06-09 02:00:00+00:00, run_after=2026-06-10 02:00:00+00:00
[2026-06-09T16:16:55.318+0000] {processor.py:208} INFO - Processing /opt/airflow/dags/create_mart_dag.py took 0.094 seconds
[2026-06-09T16:17:25.532+0000] {processor.py:186} INFO - Started process (PID=1548) to work on /opt/airflow/dags/create_mart_dag.py
[2026-06-09T16:17:25.533+0000] {processor.py:914} INFO - Processing file /opt/airflow/dags/create_mart_dag.py for tasks to queue
[2026-06-09T16:17:25.535+0000] {logging_mixin.py:190} INFO - [2026-06-09T16:17:25.535+0000] {dagbag.py:588} INFO - Filling up the DagBag from /opt/airflow/dags/create_mart_dag.py
[2026-06-09T16:17:25.561+0000] {processor.py:925} INFO - DAG(s) 'create_analytics_mart' retrieved from /opt/airflow/dags/create_mart_dag.py
[2026-06-09T16:17:25.591+0000] {logging_mixin.py:190} INFO - [2026-06-09T16:17:25.591+0000] {dag.py:3239} INFO - Sync 1 DAGs
[2026-06-09T16:17:25.610+0000] {logging_mixin.py:190} INFO - [2026-06-09T16:17:25.609+0000] {dag.py:4180} INFO - Setting next_dagrun for create_analytics_mart to 2026-06-09 02:00:00+00:00, run_after=2026-06-10 02:00:00+00:00
[2026-06-09T16:17:25.628+0000] {processor.py:208} INFO - Processing /opt/airflow/dags/create_mart_dag.py took 0.101 seconds
[2026-06-09T16:17:55.846+0000] {processor.py:186} INFO - Started process (PID=1564) to work on /opt/airflow/dags/create_mart_dag.py
[2026-06-09T16:17:55.848+0000] {processor.py:914} INFO - Processing file /opt/airflow/dags/create_mart_dag.py for tasks to queue
[2026-06-09T16:17:55.851+0000] {logging_mixin.py:190} INFO - [2026-06-09T16:17:55.850+0000] {dagbag.py:588} INFO - Filling up the DagBag from /opt/airflow/dags/create_mart_dag.py
[2026-06-09T16:17:55.871+0000] {processor.py:925} INFO - DAG(s) 'create_analytics_mart' retrieved from /opt/airflow/dags/create_mart_dag.py
[2026-06-09T16:17:55.892+0000] {logging_mixin.py:190} INFO - [2026-06-09T16:17:55.892+0000] {dag.py:3239} INFO - Sync 1 DAGs
[2026-06-09T16:17:55.911+0000] {logging_mixin.py:190} INFO - [2026-06-09T16:17:55.911+0000] {dag.py:4180} INFO - Setting next_dagrun for create_analytics_mart to 2026-06-09 02:00:00+00:00, run_after=2026-06-10 02:00:00+00:00
[2026-06-09T16:17:55.929+0000] {processor.py:208} INFO - Processing /opt/airflow/dags/create_mart_dag.py took 0.087 seconds
[2026-06-09T16:18:26.045+0000] {processor.py:186} INFO - Started process (PID=1580) to work on /opt/airflow/dags/create_mart_dag.py
[2026-06-09T16:18:26.046+0000] {processor.py:914} INFO - Processing file /opt/airflow/dags/create_mart_dag.py for tasks to queue
[2026-06-09T16:18:26.049+0000] {logging_mixin.py:190} INFO - [2026-06-09T16:18:26.049+0000] {dagbag.py:588} INFO - Filling up the DagBag from /opt/airflow/dags/create_mart_dag.py
[2026-06-09T16:18:26.076+0000] {processor.py:925} INFO - DAG(s) 'create_analytics_mart' retrieved from /opt/airflow/dags/create_mart_dag.py
[2026-06-09T16:18:26.099+0000] {logging_mixin.py:190} INFO - [2026-06-09T16:18:26.099+0000] {dag.py:3239} INFO - Sync 1 DAGs
[2026-06-09T16:18:26.120+0000] {logging_mixin.py:190} INFO - [2026-06-09T16:18:26.120+0000] {dag.py:4180} INFO - Setting next_dagrun for create_analytics_mart to 2026-06-09 02:00:00+00:00, run_after=2026-06-10 02:00:00+00:00
[2026-06-09T16:18:26.170+0000] {processor.py:208} INFO - Processing /opt/airflow/dags/create_mart_dag.py took 0.129 seconds
[2026-06-09T16:18:56.392+0000] {processor.py:186} INFO - Started process (PID=1596) to work on /opt/airflow/dags/create_mart_dag.py
[2026-06-09T16:18:56.393+0000] {processor.py:914} INFO - Processing file /opt/airflow/dags/create_mart_dag.py for tasks to queue
[2026-06-09T16:18:56.395+0000] {logging_mixin.py:190} INFO - [2026-06-09T16:18:56.395+0000] {dagbag.py:588} INFO - Filling up the DagBag from /opt/airflow/dags/create_mart_dag.py
[2026-06-09T16:18:56.416+0000] {processor.py:925} INFO - DAG(s) 'create_analytics_mart' retrieved from /opt/airflow/dags/create_mart_dag.py
[2026-06-09T16:18:56.437+0000] {logging_mixin.py:190} INFO - [2026-06-09T16:18:56.437+0000] {dag.py:3239} INFO - Sync 1 DAGs
[2026-06-09T16:18:56.455+0000] {logging_mixin.py:190} INFO - [2026-06-09T16:18:56.454+0000] {dag.py:4180} INFO - Setting next_dagrun for create_analytics_mart to 2026-06-09 02:00:00+00:00, run_after=2026-06-10 02:00:00+00:00
[2026-06-09T16:18:56.472+0000] {processor.py:208} INFO - Processing /opt/airflow/dags/create_mart_dag.py took 0.084 seconds
[2026-06-09T16:19:26.571+0000] {processor.py:186} INFO - Started process (PID=1612) to work on /opt/airflow/dags/create_mart_dag.py
[2026-06-09T16:19:26.572+0000] {processor.py:914} INFO - Processing file /opt/airflow/dags/create_mart_dag.py for tasks to queue
[2026-06-09T16:19:26.575+0000] {logging_mixin.py:190} INFO - [2026-06-09T16:19:26.575+0000] {dagbag.py:588} INFO - Filling up the DagBag from /opt/airflow/dags/create_mart_dag.py
[2026-06-09T16:19:26.599+0000] {processor.py:925} INFO - DAG(s) 'create_analytics_mart' retrieved from /opt/airflow/dags/create_mart_dag.py
[2026-06-09T16:19:26.621+0000] {logging_mixin.py:190} INFO - [2026-06-09T16:19:26.620+0000] {dag.py:3239} INFO - Sync 1 DAGs
[2026-06-09T16:19:26.641+0000] {logging_mixin.py:190} INFO - [2026-06-09T16:19:26.641+0000] {dag.py:4180} INFO - Setting next_dagrun for create_analytics_mart to 2026-06-09 02:00:00+00:00, run_after=2026-06-10 02:00:00+00:00
[2026-06-09T16:19:26.658+0000] {processor.py:208} INFO - Processing /opt/airflow/dags/create_mart_dag.py took 0.091 seconds
[2026-06-09T16:19:56.898+0000] {processor.py:186} INFO - Started process (PID=1627) to work on /opt/airflow/dags/create_mart_dag.py
[2026-06-09T16:19:56.898+0000] {processor.py:914} INFO - Processing file /opt/airflow/dags/create_mart_dag.py for tasks to queue
[2026-06-09T16:19:56.900+0000] {logging_mixin.py:190} INFO - [2026-06-09T16:19:56.900+0000] {dagbag.py:588} INFO - Filling up the DagBag from /opt/airflow/dags/create_mart_dag.py
[2026-06-09T16:19:56.923+0000] {processor.py:925} INFO - DAG(s) 'create_analytics_mart' retrieved from /opt/airflow/dags/create_mart_dag.py
[2026-06-09T16:19:56.945+0000] {logging_mixin.py:190} INFO - [2026-06-09T16:19:56.945+0000] {dag.py:3239} INFO - Sync 1 DAGs
[2026-06-09T16:19:56.965+0000] {logging_mixin.py:190} INFO - [2026-06-09T16:19:56.965+0000] {dag.py:4180} INFO - Setting next_dagrun for create_analytics_mart to 2026-06-09 02:00:00+00:00, run_after=2026-06-10 02:00:00+00:00
[2026-06-09T16:19:56.983+0000] {processor.py:208} INFO - Processing /opt/airflow/dags/create_mart_dag.py took 0.091 seconds
[2026-06-09T16:20:27.112+0000] {processor.py:186} INFO - Started process (PID=1643) to work on /opt/airflow/dags/create_mart_dag.py
[2026-06-09T16:20:27.113+0000] {processor.py:914} INFO - Processing file /opt/airflow/dags/create_mart_dag.py for tasks to queue
[2026-06-09T16:20:27.116+0000] {logging_mixin.py:190} INFO - [2026-06-09T16:20:27.115+0000] {dagbag.py:588} INFO - Filling up the DagBag from /opt/airflow/dags/create_mart_dag.py
[2026-06-09T16:20:27.141+0000] {processor.py:925} INFO - DAG(s) 'create_analytics_mart' retrieved from /opt/airflow/dags/create_mart_dag.py
[2026-06-09T16:20:27.165+0000] {logging_mixin.py:190} INFO - [2026-06-09T16:20:27.165+0000] {dag.py:3239} INFO - Sync 1 DAGs
[2026-06-09T16:20:27.184+0000] {logging_mixin.py:190} INFO - [2026-06-09T16:20:27.184+0000] {dag.py:4180} INFO - Setting next_dagrun for create_analytics_mart to 2026-06-09 02:00:00+00:00, run_after=2026-06-10 02:00:00+00:00
[2026-06-09T16:20:27.200+0000] {processor.py:208} INFO - Processing /opt/airflow/dags/create_mart_dag.py took 0.093 seconds
[2026-06-09T16:20:57.456+0000] {processor.py:186} INFO - Started process (PID=1659) to work on /opt/airflow/dags/create_mart_dag.py
[2026-06-09T16:20:57.457+0000] {processor.py:914} INFO - Processing file /opt/airflow/dags/create_mart_dag.py for tasks to queue
[2026-06-09T16:20:57.460+0000] {logging_mixin.py:190} INFO - [2026-06-09T16:20:57.459+0000] {dagbag.py:588} INFO - Filling up the DagBag from /opt/airflow/dags/create_mart_dag.py
[2026-06-09T16:20:57.483+0000] {processor.py:925} INFO - DAG(s) 'create_analytics_mart' retrieved from /opt/airflow/dags/create_mart_dag.py
[2026-06-09T16:20:57.504+0000] {logging_mixin.py:190} INFO - [2026-06-09T16:20:57.504+0000] {dag.py:3239} INFO - Sync 1 DAGs
[2026-06-09T16:20:57.525+0000] {logging_mixin.py:190} INFO - [2026-06-09T16:20:57.524+0000] {dag.py:4180} INFO - Setting next_dagrun for create_analytics_mart to 2026-06-09 02:00:00+00:00, run_after=2026-06-10 02:00:00+00:00
[2026-06-09T16:20:57.542+0000] {processor.py:208} INFO - Processing /opt/airflow/dags/create_mart_dag.py took 0.091 seconds
[2026-06-09T16:21:27.662+0000] {processor.py:186} INFO - Started process (PID=1675) to work on /opt/airflow/dags/create_mart_dag.py
[2026-06-09T16:21:27.663+0000] {processor.py:914} INFO - Processing file /opt/airflow/dags/create_mart_dag.py for tasks to queue
[2026-06-09T16:21:27.665+0000] {logging_mixin.py:190} INFO - [2026-06-09T16:21:27.665+0000] {dagbag.py:588} INFO - Filling up the DagBag from /opt/airflow/dags/create_mart_dag.py
[2026-06-09T16:21:27.684+0000] {processor.py:925} INFO - DAG(s) 'create_analytics_mart' retrieved from /opt/airflow/dags/create_mart_dag.py
[2026-06-09T16:21:27.708+0000] {logging_mixin.py:190} INFO - [2026-06-09T16:21:27.707+0000] {dag.py:3239} INFO - Sync 1 DAGs
[2026-06-09T16:21:27.727+0000] {logging_mixin.py:190} INFO - [2026-06-09T16:21:27.727+0000] {dag.py:4180} INFO - Setting next_dagrun for create_analytics_mart to 2026-06-09 02:00:00+00:00, run_after=2026-06-10 02:00:00+00:00
[2026-06-09T16:21:27.746+0000] {processor.py:208} INFO - Processing /opt/airflow/dags/create_mart_dag.py took 0.088 seconds
[2026-06-09T16:21:57.947+0000] {processor.py:186} INFO - Started process (PID=1691) to work on /opt/airflow/dags/create_mart_dag.py
[2026-06-09T16:21:57.948+0000] {processor.py:914} INFO - Processing file /opt/airflow/dags/create_mart_dag.py for tasks to queue
[2026-06-09T16:21:57.950+0000] {logging_mixin.py:190} INFO - [2026-06-09T16:21:57.950+0000] {dagbag.py:588} INFO - Filling up the DagBag from /opt/airflow/dags/create_mart_dag.py
[2026-06-09T16:21:57.973+0000] {processor.py:925} INFO - DAG(s) 'create_analytics_mart' retrieved from /opt/airflow/dags/create_mart_dag.py
[2026-06-09T16:21:57.994+0000] {logging_mixin.py:190} INFO - [2026-06-09T16:21:57.994+0000] {dag.py:3239} INFO - Sync 1 DAGs
[2026-06-09T16:21:58.014+0000] {logging_mixin.py:190} INFO - [2026-06-09T16:21:58.014+0000] {dag.py:4180} INFO - Setting next_dagrun for create_analytics_mart to 2026-06-09 02:00:00+00:00, run_after=2026-06-10 02:00:00+00:00
[2026-06-09T16:21:58.032+0000] {processor.py:208} INFO - Processing /opt/airflow/dags/create_mart_dag.py took 0.089 seconds
[2026-06-09T16:22:28.146+0000] {processor.py:186} INFO - Started process (PID=1707) to work on /opt/airflow/dags/create_mart_dag.py
[2026-06-09T16:22:28.147+0000] {processor.py:914} INFO - Processing file /opt/airflow/dags/create_mart_dag.py for tasks to queue
[2026-06-09T16:22:28.149+0000] {logging_mixin.py:190} INFO - [2026-06-09T16:22:28.149+0000] {dagbag.py:588} INFO - Filling up the DagBag from /opt/airflow/dags/create_mart_dag.py
[2026-06-09T16:22:28.173+0000] {processor.py:925} INFO - DAG(s) 'create_analytics_mart' retrieved from /opt/airflow/dags/create_mart_dag.py
[2026-06-09T16:22:28.198+0000] {logging_mixin.py:190} INFO - [2026-06-09T16:22:28.198+0000] {dag.py:3239} INFO - Sync 1 DAGs
[2026-06-09T16:22:28.218+0000] {logging_mixin.py:190} INFO - [2026-06-09T16:22:28.217+0000] {dag.py:4180} INFO - Setting next_dagrun for create_analytics_mart to 2026-06-09 02:00:00+00:00, run_after=2026-06-10 02:00:00+00:00
[2026-06-09T16:22:28.235+0000] {processor.py:208} INFO - Processing /opt/airflow/dags/create_mart_dag.py took 0.093 seconds
[2026-06-09T16:22:58.398+0000] {processor.py:186} INFO - Started process (PID=1723) to work on /opt/airflow/dags/create_mart_dag.py
[2026-06-09T16:22:58.399+0000] {processor.py:914} INFO - Processing file /opt/airflow/dags/create_mart_dag.py for tasks to queue
[2026-06-09T16:22:58.401+0000] {logging_mixin.py:190} INFO - [2026-06-09T16:22:58.401+0000] {dagbag.py:588} INFO - Filling up the DagBag from /opt/airflow/dags/create_mart_dag.py
[2026-06-09T16:22:58.423+0000] {processor.py:925} INFO - DAG(s) 'create_analytics_mart' retrieved from /opt/airflow/dags/create_mart_dag.py
[2026-06-09T16:22:58.442+0000] {logging_mixin.py:190} INFO - [2026-06-09T16:22:58.442+0000] {dag.py:3239} INFO - Sync 1 DAGs
[2026-06-09T16:22:58.462+0000] {logging_mixin.py:190} INFO - [2026-06-09T16:22:58.462+0000] {dag.py:4180} INFO - Setting next_dagrun for create_analytics_mart to 2026-06-09 02:00:00+00:00, run_after=2026-06-10 02:00:00+00:00
[2026-06-09T16:22:58.479+0000] {processor.py:208} INFO - Processing /opt/airflow/dags/create_mart_dag.py took 0.085 seconds
[2026-06-09T16:23:28.605+0000] {processor.py:186} INFO - Started process (PID=1739) to work on /opt/airflow/dags/create_mart_dag.py
[2026-06-09T16:23:28.606+0000] {processor.py:914} INFO - Processing file /opt/airflow/dags/create_mart_dag.py for tasks to queue
[2026-06-09T16:23:28.609+0000] {logging_mixin.py:190} INFO - [2026-06-09T16:23:28.608+0000] {dagbag.py:588} INFO - Filling up the DagBag from /opt/airflow/dags/create_mart_dag.py
[2026-06-09T16:23:28.635+0000] {processor.py:925} INFO - DAG(s) 'create_analytics_mart' retrieved from /opt/airflow/dags/create_mart_dag.py
[2026-06-09T16:23:28.656+0000] {logging_mixin.py:190} INFO - [2026-06-09T16:23:28.656+0000] {dag.py:3239} INFO - Sync 1 DAGs
[2026-06-09T16:23:28.674+0000] {logging_mixin.py:190} INFO - [2026-06-09T16:23:28.674+0000] {dag.py:4180} INFO - Setting next_dagrun for create_analytics_mart to 2026-06-09 02:00:00+00:00, run_after=2026-06-10 02:00:00+00:00
[2026-06-09T16:23:28.693+0000] {processor.py:208} INFO - Processing /opt/airflow/dags/create_mart_dag.py took 0.093 seconds
[2026-06-09T16:23:58.849+0000] {processor.py:186} INFO - Started process (PID=1755) to work on /opt/airflow/dags/create_mart_dag.py
[2026-06-09T16:23:58.850+0000] {processor.py:914} INFO - Processing file /opt/airflow/dags/create_mart_dag.py for tasks to queue
[2026-06-09T16:23:58.851+0000] {logging_mixin.py:190} INFO - [2026-06-09T16:23:58.851+0000] {dagbag.py:588} INFO - Filling up the DagBag from /opt/airflow/dags/create_mart_dag.py
[2026-06-09T16:23:58.875+0000] {processor.py:925} INFO - DAG(s) 'create_analytics_mart' retrieved from /opt/airflow/dags/create_mart_dag.py
[2026-06-09T16:23:58.896+0000] {logging_mixin.py:190} INFO - [2026-06-09T16:23:58.896+0000] {dag.py:3239} INFO - Sync 1 DAGs
[2026-06-09T16:23:58.915+0000] {logging_mixin.py:190} INFO - [2026-06-09T16:23:58.915+0000] {dag.py:4180} INFO - Setting next_dagrun for create_analytics_mart to 2026-06-09 02:00:00+00:00, run_after=2026-06-10 02:00:00+00:00
[2026-06-09T16:23:58.931+0000] {processor.py:208} INFO - Processing /opt/airflow/dags/create_mart_dag.py took 0.087 seconds
[2026-06-09T16:24:29.091+0000] {processor.py:186} INFO - Started process (PID=1771) to work on /opt/airflow/dags/create_mart_dag.py
[2026-06-09T16:24:29.092+0000] {processor.py:914} INFO - Processing file /opt/airflow/dags/create_mart_dag.py for tasks to queue
[2026-06-09T16:24:29.095+0000] {logging_mixin.py:190} INFO - [2026-06-09T16:24:29.095+0000] {dagbag.py:588} INFO - Filling up the DagBag from /opt/airflow/dags/create_mart_dag.py
[2026-06-09T16:24:29.121+0000] {processor.py:925} INFO - DAG(s) 'create_analytics_mart' retrieved from /opt/airflow/dags/create_mart_dag.py
[2026-06-09T16:24:29.143+0000] {logging_mixin.py:190} INFO - [2026-06-09T16:24:29.143+0000] {dag.py:3239} INFO - Sync 1 DAGs
[2026-06-09T16:24:29.161+0000] {logging_mixin.py:190} INFO - [2026-06-09T16:24:29.161+0000] {dag.py:4180} INFO - Setting next_dagrun for create_analytics_mart to 2026-06-09 02:00:00+00:00, run_after=2026-06-10 02:00:00+00:00
[2026-06-09T16:24:29.179+0000] {processor.py:208} INFO - Processing /opt/airflow/dags/create_mart_dag.py took 0.092 seconds
[2026-06-09T16:24:59.290+0000] {processor.py:186} INFO - Started process (PID=1787) to work on /opt/airflow/dags/create_mart_dag.py
[2026-06-09T16:24:59.292+0000] {processor.py:914} INFO - Processing file /opt/airflow/dags/create_mart_dag.py for tasks to queue
[2026-06-09T16:24:59.293+0000] {logging_mixin.py:190} INFO - [2026-06-09T16:24:59.293+0000] {dagbag.py:588} INFO - Filling up the DagBag from /opt/airflow/dags/create_mart_dag.py
[2026-06-09T16:24:59.315+0000] {processor.py:925} INFO - DAG(s) 'create_analytics_mart' retrieved from /opt/airflow/dags/create_mart_dag.py
[2026-06-09T16:24:59.338+0000] {logging_mixin.py:190} INFO - [2026-06-09T16:24:59.338+0000] {dag.py:3239} INFO - Sync 1 DAGs
[2026-06-09T16:24:59.357+0000] {logging_mixin.py:190} INFO - [2026-06-09T16:24:59.357+0000] {dag.py:4180} INFO - Setting next_dagrun for create_analytics_mart to 2026-06-09 02:00:00+00:00, run_after=2026-06-10 02:00:00+00:00
[2026-06-09T16:24:59.497+0000] {processor.py:208} INFO - Processing /opt/airflow/dags/create_mart_dag.py took 0.211 seconds
[2026-06-09T16:25:29.559+0000] {processor.py:186} INFO - Started process (PID=1803) to work on /opt/airflow/dags/create_mart_dag.py
[2026-06-09T16:25:29.560+0000] {processor.py:914} INFO - Processing file /opt/airflow/dags/create_mart_dag.py for tasks to queue
[2026-06-09T16:25:29.562+0000] {logging_mixin.py:190} INFO - [2026-06-09T16:25:29.562+0000] {dagbag.py:588} INFO - Filling up the DagBag from /opt/airflow/dags/create_mart_dag.py
[2026-06-09T16:25:29.583+0000] {processor.py:925} INFO - DAG(s) 'create_analytics_mart' retrieved from /opt/airflow/dags/create_mart_dag.py
[2026-06-09T16:25:29.607+0000] {logging_mixin.py:190} INFO - [2026-06-09T16:25:29.607+0000] {dag.py:3239} INFO - Sync 1 DAGs
[2026-06-09T16:25:29.627+0000] {logging_mixin.py:190} INFO - [2026-06-09T16:25:29.627+0000] {dag.py:4180} INFO - Setting next_dagrun for create_analytics_mart to 2026-06-09 02:00:00+00:00, run_after=2026-06-10 02:00:00+00:00
[2026-06-09T16:25:29.643+0000] {processor.py:208} INFO - Processing /opt/airflow/dags/create_mart_dag.py took 0.088 seconds
[2026-06-09T16:25:59.767+0000] {processor.py:186} INFO - Started process (PID=1819) to work on /opt/airflow/dags/create_mart_dag.py
[2026-06-09T16:25:59.769+0000] {processor.py:914} INFO - Processing file /opt/airflow/dags/create_mart_dag.py for tasks to queue
[2026-06-09T16:25:59.771+0000] {logging_mixin.py:190} INFO - [2026-06-09T16:25:59.771+0000] {dagbag.py:588} INFO - Filling up the DagBag from /opt/airflow/dags/create_mart_dag.py
[2026-06-09T16:25:59.795+0000] {processor.py:925} INFO - DAG(s) 'create_analytics_mart' retrieved from /opt/airflow/dags/create_mart_dag.py
[2026-06-09T16:25:59.818+0000] {logging_mixin.py:190} INFO - [2026-06-09T16:25:59.818+0000] {dag.py:3239} INFO - Sync 1 DAGs
[2026-06-09T16:25:59.840+0000] {logging_mixin.py:190} INFO - [2026-06-09T16:25:59.840+0000] {dag.py:4180} INFO - Setting next_dagrun for create_analytics_mart to 2026-06-09 02:00:00+00:00, run_after=2026-06-10 02:00:00+00:00
[2026-06-09T16:25:59.858+0000] {processor.py:208} INFO - Processing /opt/airflow/dags/create_mart_dag.py took 0.096 seconds
[2026-06-09T16:26:30.091+0000] {processor.py:186} INFO - Started process (PID=1835) to work on /opt/airflow/dags/create_mart_dag.py
[2026-06-09T16:26:30.092+0000] {processor.py:914} INFO - Processing file /opt/airflow/dags/create_mart_dag.py for tasks to queue
[2026-06-09T16:26:30.094+0000] {logging_mixin.py:190} INFO - [2026-06-09T16:26:30.094+0000] {dagbag.py:588} INFO - Filling up the DagBag from /opt/airflow/dags/create_mart_dag.py
[2026-06-09T16:26:30.117+0000] {processor.py:925} INFO - DAG(s) 'create_analytics_mart' retrieved from /opt/airflow/dags/create_mart_dag.py
[2026-06-09T16:26:30.142+0000] {logging_mixin.py:190} INFO - [2026-06-09T16:26:30.142+0000] {dag.py:3239} INFO - Sync 1 DAGs
[2026-06-09T16:26:30.163+0000] {logging_mixin.py:190} INFO - [2026-06-09T16:26:30.163+0000] {dag.py:4180} INFO - Setting next_dagrun for create_analytics_mart to 2026-06-09 02:00:00+00:00, run_after=2026-06-10 02:00:00+00:00
[2026-06-09T16:26:30.184+0000] {processor.py:208} INFO - Processing /opt/airflow/dags/create_mart_dag.py took 0.098 seconds
[2026-06-09T16:27:00.355+0000] {processor.py:186} INFO - Started process (PID=1850) to work on /opt/airflow/dags/create_mart_dag.py
[2026-06-09T16:27:00.356+0000] {processor.py:914} INFO - Processing file /opt/airflow/dags/create_mart_dag.py for tasks to queue
[2026-06-09T16:27:00.358+0000] {logging_mixin.py:190} INFO - [2026-06-09T16:27:00.358+0000] {dagbag.py:588} INFO - Filling up the DagBag from /opt/airflow/dags/create_mart_dag.py
[2026-06-09T16:27:00.379+0000] {processor.py:925} INFO - DAG(s) 'create_analytics_mart' retrieved from /opt/airflow/dags/create_mart_dag.py
[2026-06-09T16:27:00.400+0000] {logging_mixin.py:190} INFO - [2026-06-09T16:27:00.400+0000] {dag.py:3239} INFO - Sync 1 DAGs
[2026-06-09T16:27:00.420+0000] {logging_mixin.py:190} INFO - [2026-06-09T16:27:00.420+0000] {dag.py:4180} INFO - Setting next_dagrun for create_analytics_mart to 2026-06-09 02:00:00+00:00, run_after=2026-06-10 02:00:00+00:00
[2026-06-09T16:27:00.437+0000] {processor.py:208} INFO - Processing /opt/airflow/dags/create_mart_dag.py took 0.087 seconds
[2026-06-09T16:27:30.626+0000] {processor.py:186} INFO - Started process (PID=1866) to work on /opt/airflow/dags/create_mart_dag.py
[2026-06-09T16:27:30.627+0000] {processor.py:914} INFO - Processing file /opt/airflow/dags/create_mart_dag.py for tasks to queue
[2026-06-09T16:27:30.629+0000] {logging_mixin.py:190} INFO - [2026-06-09T16:27:30.629+0000] {dagbag.py:588} INFO - Filling up the DagBag from /opt/airflow/dags/create_mart_dag.py
[2026-06-09T16:27:30.666+0000] {processor.py:925} INFO - DAG(s) 'create_analytics_mart' retrieved from /opt/airflow/dags/create_mart_dag.py
[2026-06-09T16:27:30.693+0000] {logging_mixin.py:190} INFO - [2026-06-09T16:27:30.693+0000] {dag.py:3239} INFO - Sync 1 DAGs
[2026-06-09T16:27:30.722+0000] {logging_mixin.py:190} INFO - [2026-06-09T16:27:30.722+0000] {dag.py:4180} INFO - Setting next_dagrun for create_analytics_mart to 2026-06-09 02:00:00+00:00, run_after=2026-06-10 02:00:00+00:00
[2026-06-09T16:27:30.751+0000] {processor.py:208} INFO - Processing /opt/airflow/dags/create_mart_dag.py took 0.129 seconds
[2026-06-09T16:28:00.861+0000] {processor.py:186} INFO - Started process (PID=1882) to work on /opt/airflow/dags/create_mart_dag.py
[2026-06-09T16:28:00.862+0000] {processor.py:914} INFO - Processing file /opt/airflow/dags/create_mart_dag.py for tasks to queue
[2026-06-09T16:28:00.865+0000] {logging_mixin.py:190} INFO - [2026-06-09T16:28:00.865+0000] {dagbag.py:588} INFO - Filling up the DagBag from /opt/airflow/dags/create_mart_dag.py
[2026-06-09T16:28:00.887+0000] {processor.py:925} INFO - DAG(s) 'create_analytics_mart' retrieved from /opt/airflow/dags/create_mart_dag.py
[2026-06-09T16:28:00.908+0000] {logging_mixin.py:190} INFO - [2026-06-09T16:28:00.907+0000] {dag.py:3239} INFO - Sync 1 DAGs
[2026-06-09T16:28:00.927+0000] {logging_mixin.py:190} INFO - [2026-06-09T16:28:00.927+0000] {dag.py:4180} INFO - Setting next_dagrun for create_analytics_mart to 2026-06-09 02:00:00+00:00, run_after=2026-06-10 02:00:00+00:00
[2026-06-09T16:28:00.946+0000] {processor.py:208} INFO - Processing /opt/airflow/dags/create_mart_dag.py took 0.089 seconds
[2026-06-09T16:28:31.062+0000] {processor.py:186} INFO - Started process (PID=1898) to work on /opt/airflow/dags/create_mart_dag.py
[2026-06-09T16:28:31.063+0000] {processor.py:914} INFO - Processing file /opt/airflow/dags/create_mart_dag.py for tasks to queue
[2026-06-09T16:28:31.065+0000] {logging_mixin.py:190} INFO - [2026-06-09T16:28:31.064+0000] {dagbag.py:588} INFO - Filling up the DagBag from /opt/airflow/dags/create_mart_dag.py
[2026-06-09T16:28:31.088+0000] {processor.py:925} INFO - DAG(s) 'create_analytics_mart' retrieved from /opt/airflow/dags/create_mart_dag.py
[2026-06-09T16:28:31.108+0000] {logging_mixin.py:190} INFO - [2026-06-09T16:28:31.108+0000] {dag.py:3239} INFO - Sync 1 DAGs
[2026-06-09T16:28:31.128+0000] {logging_mixin.py:190} INFO - [2026-06-09T16:28:31.128+0000] {dag.py:4180} INFO - Setting next_dagrun for create_analytics_mart to 2026-06-09 02:00:00+00:00, run_after=2026-06-10 02:00:00+00:00
[2026-06-09T16:28:31.147+0000] {processor.py:208} INFO - Processing /opt/airflow/dags/create_mart_dag.py took 0.090 seconds
[2026-06-09T16:29:01.379+0000] {processor.py:186} INFO - Started process (PID=1914) to work on /opt/airflow/dags/create_mart_dag.py
[2026-06-09T16:29:01.380+0000] {processor.py:914} INFO - Processing file /opt/airflow/dags/create_mart_dag.py for tasks to queue
[2026-06-09T16:29:01.383+0000] {logging_mixin.py:190} INFO - [2026-06-09T16:29:01.383+0000] {dagbag.py:588} INFO - Filling up the DagBag from /opt/airflow/dags/create_mart_dag.py
[2026-06-09T16:29:01.405+0000] {processor.py:925} INFO - DAG(s) 'create_analytics_mart' retrieved from /opt/airflow/dags/create_mart_dag.py
[2026-06-09T16:29:01.427+0000] {logging_mixin.py:190} INFO - [2026-06-09T16:29:01.426+0000] {dag.py:3239} INFO - Sync 1 DAGs
[2026-06-09T16:29:01.446+0000] {logging_mixin.py:190} INFO - [2026-06-09T16:29:01.446+0000] {dag.py:4180} INFO - Setting next_dagrun for create_analytics_mart to 2026-06-09 02:00:00+00:00, run_after=2026-06-10 02:00:00+00:00
[2026-06-09T16:29:01.466+0000] {processor.py:208} INFO - Processing /opt/airflow/dags/create_mart_dag.py took 0.091 seconds
[2026-06-09T16:29:31.605+0000] {processor.py:186} INFO - Started process (PID=1930) to work on /opt/airflow/dags/create_mart_dag.py
[2026-06-09T16:29:31.606+0000] {processor.py:914} INFO - Processing file /opt/airflow/dags/create_mart_dag.py for tasks to queue
[2026-06-09T16:29:31.608+0000] {logging_mixin.py:190} INFO - [2026-06-09T16:29:31.607+0000] {dagbag.py:588} INFO - Filling up the DagBag from /opt/airflow/dags/create_mart_dag.py
[2026-06-09T16:29:31.635+0000] {processor.py:925} INFO - DAG(s) 'create_analytics_mart' retrieved from /opt/airflow/dags/create_mart_dag.py
[2026-06-09T16:29:31.655+0000] {logging_mixin.py:190} INFO - [2026-06-09T16:29:31.655+0000] {dag.py:3239} INFO - Sync 1 DAGs
[2026-06-09T16:29:31.673+0000] {logging_mixin.py:190} INFO - [2026-06-09T16:29:31.673+0000] {dag.py:4180} INFO - Setting next_dagrun for create_analytics_mart to 2026-06-09 02:00:00+00:00, run_after=2026-06-10 02:00:00+00:00
[2026-06-09T16:29:31.689+0000] {processor.py:208} INFO - Processing /opt/airflow/dags/create_mart_dag.py took 0.089 seconds
[2026-06-09T16:30:01.851+0000] {processor.py:186} INFO - Started process (PID=1946) to work on /opt/airflow/dags/create_mart_dag.py
[2026-06-09T16:30:01.852+0000] {processor.py:914} INFO - Processing file /opt/airflow/dags/create_mart_dag.py for tasks to queue
[2026-06-09T16:30:01.853+0000] {logging_mixin.py:190} INFO - [2026-06-09T16:30:01.853+0000] {dagbag.py:588} INFO - Filling up the DagBag from /opt/airflow/dags/create_mart_dag.py
[2026-06-09T16:30:01.878+0000] {processor.py:925} INFO - DAG(s) 'create_analytics_mart' retrieved from /opt/airflow/dags/create_mart_dag.py
[2026-06-09T16:30:01.901+0000] {logging_mixin.py:190} INFO - [2026-06-09T16:30:01.901+0000] {dag.py:3239} INFO - Sync 1 DAGs
[2026-06-09T16:30:01.921+0000] {logging_mixin.py:190} INFO - [2026-06-09T16:30:01.921+0000] {dag.py:4180} INFO - Setting next_dagrun for create_analytics_mart to 2026-06-09 02:00:00+00:00, run_after=2026-06-10 02:00:00+00:00
[2026-06-09T16:30:01.937+0000] {processor.py:208} INFO - Processing /opt/airflow/dags/create_mart_dag.py took 0.091 seconds
[2026-06-09T16:30:32.114+0000] {processor.py:186} INFO - Started process (PID=1962) to work on /opt/airflow/dags/create_mart_dag.py
[2026-06-09T16:30:32.115+0000] {processor.py:914} INFO - Processing file /opt/airflow/dags/create_mart_dag.py for tasks to queue
[2026-06-09T16:30:32.117+0000] {logging_mixin.py:190} INFO - [2026-06-09T16:30:32.117+0000] {dagbag.py:588} INFO - Filling up the DagBag from /opt/airflow/dags/create_mart_dag.py
[2026-06-09T16:30:32.142+0000] {processor.py:925} INFO - DAG(s) 'create_analytics_mart' retrieved from /opt/airflow/dags/create_mart_dag.py
[2026-06-09T16:30:32.163+0000] {logging_mixin.py:190} INFO - [2026-06-09T16:30:32.163+0000] {dag.py:3239} INFO - Sync 1 DAGs
[2026-06-09T16:30:32.183+0000] {logging_mixin.py:190} INFO - [2026-06-09T16:30:32.183+0000] {dag.py:4180} INFO - Setting next_dagrun for create_analytics_mart to 2026-06-09 02:00:00+00:00, run_after=2026-06-10 02:00:00+00:00
[2026-06-09T16:30:32.200+0000] {processor.py:208} INFO - Processing /opt/airflow/dags/create_mart_dag.py took 0.091 seconds
[2026-06-09T16:31:02.404+0000] {processor.py:186} INFO - Started process (PID=1978) to work on /opt/airflow/dags/create_mart_dag.py
[2026-06-09T16:31:02.405+0000] {processor.py:914} INFO - Processing file /opt/airflow/dags/create_mart_dag.py for tasks to queue
[2026-06-09T16:31:02.407+0000] {logging_mixin.py:190} INFO - [2026-06-09T16:31:02.407+0000] {dagbag.py:588} INFO - Filling up the DagBag from /opt/airflow/dags/create_mart_dag.py
[2026-06-09T16:31:02.430+0000] {processor.py:925} INFO - DAG(s) 'create_analytics_mart' retrieved from /opt/airflow/dags/create_mart_dag.py
[2026-06-09T16:31:02.464+0000] {logging_mixin.py:190} INFO - [2026-06-09T16:31:02.464+0000] {dag.py:3239} INFO - Sync 1 DAGs
[2026-06-09T16:31:02.483+0000] {logging_mixin.py:190} INFO - [2026-06-09T16:31:02.483+0000] {dag.py:4180} INFO - Setting next_dagrun for create_analytics_mart to 2026-06-09 02:00:00+00:00, run_after=2026-06-10 02:00:00+00:00
[2026-06-09T16:31:02.501+0000] {processor.py:208} INFO - Processing /opt/airflow/dags/create_mart_dag.py took 0.101 seconds
[2026-06-09T16:31:32.708+0000] {processor.py:186} INFO - Started process (PID=1994) to work on /opt/airflow/dags/create_mart_dag.py
[2026-06-09T16:31:32.709+0000] {processor.py:914} INFO - Processing file /opt/airflow/dags/create_mart_dag.py for tasks to queue
[2026-06-09T16:31:32.712+0000] {logging_mixin.py:190} INFO - [2026-06-09T16:31:32.711+0000] {dagbag.py:588} INFO - Filling up the DagBag from /opt/airflow/dags/create_mart_dag.py
[2026-06-09T16:31:32.734+0000] {processor.py:925} INFO - DAG(s) 'create_analytics_mart' retrieved from /opt/airflow/dags/create_mart_dag.py
[2026-06-09T16:31:32.753+0000] {logging_mixin.py:190} INFO - [2026-06-09T16:31:32.752+0000] {dag.py:3239} INFO - Sync 1 DAGs
[2026-06-09T16:31:32.773+0000] {logging_mixin.py:190} INFO - [2026-06-09T16:31:32.772+0000] {dag.py:4180} INFO - Setting next_dagrun for create_analytics_mart to 2026-06-09 02:00:00+00:00, run_after=2026-06-10 02:00:00+00:00
[2026-06-09T16:31:32.789+0000] {processor.py:208} INFO - Processing /opt/airflow/dags/create_mart_dag.py took 0.085 seconds
[2026-06-09T16:32:02.966+0000] {processor.py:186} INFO - Started process (PID=2010) to work on /opt/airflow/dags/create_mart_dag.py
[2026-06-09T16:32:02.967+0000] {processor.py:914} INFO - Processing file /opt/airflow/dags/create_mart_dag.py for tasks to queue
[2026-06-09T16:32:02.968+0000] {logging_mixin.py:190} INFO - [2026-06-09T16:32:02.968+0000] {dagbag.py:588} INFO - Filling up the DagBag from /opt/airflow/dags/create_mart_dag.py
[2026-06-09T16:32:02.990+0000] {processor.py:925} INFO - DAG(s) 'create_analytics_mart' retrieved from /opt/airflow/dags/create_mart_dag.py
[2026-06-09T16:32:03.009+0000] {logging_mixin.py:190} INFO - [2026-06-09T16:32:03.009+0000] {dag.py:3239} INFO - Sync 1 DAGs
[2026-06-09T16:32:03.028+0000] {logging_mixin.py:190} INFO - [2026-06-09T16:32:03.028+0000] {dag.py:4180} INFO - Setting next_dagrun for create_analytics_mart to 2026-06-09 02:00:00+00:00, run_after=2026-06-10 02:00:00+00:00
[2026-06-09T16:32:03.044+0000] {processor.py:208} INFO - Processing /opt/airflow/dags/create_mart_dag.py took 0.083 seconds
[2026-06-09T16:32:33.155+0000] {processor.py:186} INFO - Started process (PID=2026) to work on /opt/airflow/dags/create_mart_dag.py
[2026-06-09T16:32:33.157+0000] {processor.py:914} INFO - Processing file /opt/airflow/dags/create_mart_dag.py for tasks to queue
[2026-06-09T16:32:33.158+0000] {logging_mixin.py:190} INFO - [2026-06-09T16:32:33.158+0000] {dagbag.py:588} INFO - Filling up the DagBag from /opt/airflow/dags/create_mart_dag.py
[2026-06-09T16:32:33.183+0000] {processor.py:925} INFO - DAG(s) 'create_analytics_mart' retrieved from /opt/airflow/dags/create_mart_dag.py
[2026-06-09T16:32:33.205+0000] {logging_mixin.py:190} INFO - [2026-06-09T16:32:33.205+0000] {dag.py:3239} INFO - Sync 1 DAGs
[2026-06-09T16:32:33.224+0000] {logging_mixin.py:190} INFO - [2026-06-09T16:32:33.224+0000] {dag.py:4180} INFO - Setting next_dagrun for create_analytics_mart to 2026-06-09 02:00:00+00:00, run_after=2026-06-10 02:00:00+00:00
[2026-06-09T16:32:33.241+0000] {processor.py:208} INFO - Processing /opt/airflow/dags/create_mart_dag.py took 0.091 seconds
[2026-06-09T16:33:03.397+0000] {processor.py:186} INFO - Started process (PID=2042) to work on /opt/airflow/dags/create_mart_dag.py
[2026-06-09T16:33:03.398+0000] {processor.py:914} INFO - Processing file /opt/airflow/dags/create_mart_dag.py for tasks to queue
[2026-06-09T16:33:03.400+0000] {logging_mixin.py:190} INFO - [2026-06-09T16:33:03.399+0000] {dagbag.py:588} INFO - Filling up the DagBag from /opt/airflow/dags/create_mart_dag.py
[2026-06-09T16:33:03.425+0000] {processor.py:925} INFO - DAG(s) 'create_analytics_mart' retrieved from /opt/airflow/dags/create_mart_dag.py
[2026-06-09T16:33:03.445+0000] {logging_mixin.py:190} INFO - [2026-06-09T16:33:03.445+0000] {dag.py:3239} INFO - Sync 1 DAGs
[2026-06-09T16:33:03.464+0000] {logging_mixin.py:190} INFO - [2026-06-09T16:33:03.463+0000] {dag.py:4180} INFO - Setting next_dagrun for create_analytics_mart to 2026-06-09 02:00:00+00:00, run_after=2026-06-10 02:00:00+00:00
[2026-06-09T16:33:03.483+0000] {processor.py:208} INFO - Processing /opt/airflow/dags/create_mart_dag.py took 0.091 seconds
[2026-06-09T16:33:33.627+0000] {processor.py:186} INFO - Started process (PID=2058) to work on /opt/airflow/dags/create_mart_dag.py
[2026-06-09T16:33:33.628+0000] {processor.py:914} INFO - Processing file /opt/airflow/dags/create_mart_dag.py for tasks to queue
[2026-06-09T16:33:33.630+0000] {logging_mixin.py:190} INFO - [2026-06-09T16:33:33.629+0000] {dagbag.py:588} INFO - Filling up the DagBag from /opt/airflow/dags/create_mart_dag.py
[2026-06-09T16:33:33.652+0000] {processor.py:925} INFO - DAG(s) 'create_analytics_mart' retrieved from /opt/airflow/dags/create_mart_dag.py
[2026-06-09T16:33:33.675+0000] {logging_mixin.py:190} INFO - [2026-06-09T16:33:33.674+0000] {dag.py:3239} INFO - Sync 1 DAGs
[2026-06-09T16:33:33.694+0000] {logging_mixin.py:190} INFO - [2026-06-09T16:33:33.694+0000] {dag.py:4180} INFO - Setting next_dagrun for create_analytics_mart to 2026-06-09 02:00:00+00:00, run_after=2026-06-10 02:00:00+00:00
[2026-06-09T16:33:33.831+0000] {processor.py:208} INFO - Processing /opt/airflow/dags/create_mart_dag.py took 0.208 seconds
[2026-06-09T16:34:04.071+0000] {processor.py:186} INFO - Started process (PID=2074) to work on /opt/airflow/dags/create_mart_dag.py
[2026-06-09T16:34:04.072+0000] {processor.py:914} INFO - Processing file /opt/airflow/dags/create_mart_dag.py for tasks to queue
[2026-06-09T16:34:04.075+0000] {logging_mixin.py:190} INFO - [2026-06-09T16:34:04.074+0000] {dagbag.py:588} INFO - Filling up the DagBag from /opt/airflow/dags/create_mart_dag.py
[2026-06-09T16:34:04.098+0000] {processor.py:925} INFO - DAG(s) 'create_analytics_mart' retrieved from /opt/airflow/dags/create_mart_dag.py
[2026-06-09T16:34:04.117+0000] {logging_mixin.py:190} INFO - [2026-06-09T16:34:04.116+0000] {dag.py:3239} INFO - Sync 1 DAGs
[2026-06-09T16:34:04.136+0000] {logging_mixin.py:190} INFO - [2026-06-09T16:34:04.136+0000] {dag.py:4180} INFO - Setting next_dagrun for create_analytics_mart to 2026-06-09 02:00:00+00:00, run_after=2026-06-10 02:00:00+00:00
[2026-06-09T16:34:04.156+0000] {processor.py:208} INFO - Processing /opt/airflow/dags/create_mart_dag.py took 0.088 seconds
[2026-06-09T16:34:34.274+0000] {processor.py:186} INFO - Started process (PID=2090) to work on /opt/airflow/dags/create_mart_dag.py
[2026-06-09T16:34:34.275+0000] {processor.py:914} INFO - Processing file /opt/airflow/dags/create_mart_dag.py for tasks to queue
[2026-06-09T16:34:34.277+0000] {logging_mixin.py:190} INFO - [2026-06-09T16:34:34.277+0000] {dagbag.py:588} INFO - Filling up the DagBag from /opt/airflow/dags/create_mart_dag.py
[2026-06-09T16:34:34.299+0000] {processor.py:925} INFO - DAG(s) 'create_analytics_mart' retrieved from /opt/airflow/dags/create_mart_dag.py
[2026-06-09T16:34:34.323+0000] {logging_mixin.py:190} INFO - [2026-06-09T16:34:34.323+0000] {dag.py:3239} INFO - Sync 1 DAGs
[2026-06-09T16:34:34.340+0000] {logging_mixin.py:190} INFO - [2026-06-09T16:34:34.340+0000] {dag.py:4180} INFO - Setting next_dagrun for create_analytics_mart to 2026-06-09 02:00:00+00:00, run_after=2026-06-10 02:00:00+00:00
[2026-06-09T16:34:34.357+0000] {processor.py:208} INFO - Processing /opt/airflow/dags/create_mart_dag.py took 0.088 seconds
[2026-06-09T16:35:04.525+0000] {processor.py:186} INFO - Started process (PID=2106) to work on /opt/airflow/dags/create_mart_dag.py
[2026-06-09T16:35:04.525+0000] {processor.py:914} INFO - Processing file /opt/airflow/dags/create_mart_dag.py for tasks to queue
[2026-06-09T16:35:04.527+0000] {logging_mixin.py:190} INFO - [2026-06-09T16:35:04.527+0000] {dagbag.py:588} INFO - Filling up the DagBag from /opt/airflow/dags/create_mart_dag.py
[2026-06-09T16:35:04.556+0000] {processor.py:925} INFO - DAG(s) 'create_analytics_mart' retrieved from /opt/airflow/dags/create_mart_dag.py
[2026-06-09T16:35:04.584+0000] {logging_mixin.py:190} INFO - [2026-06-09T16:35:04.583+0000] {dag.py:3239} INFO - Sync 1 DAGs
[2026-06-09T16:35:04.602+0000] {logging_mixin.py:190} INFO - [2026-06-09T16:35:04.602+0000] {dag.py:4180} INFO - Setting next_dagrun for create_analytics_mart to 2026-06-09 02:00:00+00:00, run_after=2026-06-10 02:00:00+00:00
[2026-06-09T16:35:04.618+0000] {processor.py:208} INFO - Processing /opt/airflow/dags/create_mart_dag.py took 0.098 seconds
[2026-06-09T16:35:34.889+0000] {processor.py:186} INFO - Started process (PID=2122) to work on /opt/airflow/dags/create_mart_dag.py
[2026-06-09T16:35:34.890+0000] {processor.py:914} INFO - Processing file /opt/airflow/dags/create_mart_dag.py for tasks to queue
[2026-06-09T16:35:34.892+0000] {logging_mixin.py:190} INFO - [2026-06-09T16:35:34.892+0000] {dagbag.py:588} INFO - Filling up the DagBag from /opt/airflow/dags/create_mart_dag.py
[2026-06-09T16:35:34.913+0000] {processor.py:925} INFO - DAG(s) 'create_analytics_mart' retrieved from /opt/airflow/dags/create_mart_dag.py
[2026-06-09T16:35:34.940+0000] {logging_mixin.py:190} INFO - [2026-06-09T16:35:34.940+0000] {dag.py:3239} INFO - Sync 1 DAGs
[2026-06-09T16:35:34.959+0000] {logging_mixin.py:190} INFO - [2026-06-09T16:35:34.959+0000] {dag.py:4180} INFO - Setting next_dagrun for create_analytics_mart to 2026-06-09 02:00:00+00:00, run_after=2026-06-10 02:00:00+00:00
[2026-06-09T16:35:34.979+0000] {processor.py:208} INFO - Processing /opt/airflow/dags/create_mart_dag.py took 0.094 seconds
[2026-06-09T16:36:05.146+0000] {processor.py:186} INFO - Started process (PID=2138) to work on /opt/airflow/dags/create_mart_dag.py
[2026-06-09T16:36:05.147+0000] {processor.py:914} INFO - Processing file /opt/airflow/dags/create_mart_dag.py for tasks to queue
[2026-06-09T16:36:05.149+0000] {logging_mixin.py:190} INFO - [2026-06-09T16:36:05.149+0000] {dagbag.py:588} INFO - Filling up the DagBag from /opt/airflow/dags/create_mart_dag.py
[2026-06-09T16:36:05.174+0000] {processor.py:925} INFO - DAG(s) 'create_analytics_mart' retrieved from /opt/airflow/dags/create_mart_dag.py
[2026-06-09T16:36:05.202+0000] {logging_mixin.py:190} INFO - [2026-06-09T16:36:05.202+0000] {dag.py:3239} INFO - Sync 1 DAGs
[2026-06-09T16:36:05.221+0000] {logging_mixin.py:190} INFO - [2026-06-09T16:36:05.221+0000] {dag.py:4180} INFO - Setting next_dagrun for create_analytics_mart to 2026-06-09 02:00:00+00:00, run_after=2026-06-10 02:00:00+00:00
[2026-06-09T16:36:05.238+0000] {processor.py:208} INFO - Processing /opt/airflow/dags/create_mart_dag.py took 0.096 seconds
[2026-06-09T16:36:35.409+0000] {processor.py:186} INFO - Started process (PID=2154) to work on /opt/airflow/dags/create_mart_dag.py
[2026-06-09T16:36:35.410+0000] {processor.py:914} INFO - Processing file /opt/airflow/dags/create_mart_dag.py for tasks to queue
[2026-06-09T16:36:35.411+0000] {logging_mixin.py:190} INFO - [2026-06-09T16:36:35.411+0000] {dagbag.py:588} INFO - Filling up the DagBag from /opt/airflow/dags/create_mart_dag.py
[2026-06-09T16:36:35.431+0000] {processor.py:925} INFO - DAG(s) 'create_analytics_mart' retrieved from /opt/airflow/dags/create_mart_dag.py
[2026-06-09T16:36:35.456+0000] {logging_mixin.py:190} INFO - [2026-06-09T16:36:35.455+0000] {dag.py:3239} INFO - Sync 1 DAGs
[2026-06-09T16:36:35.476+0000] {logging_mixin.py:190} INFO - [2026-06-09T16:36:35.475+0000] {dag.py:4180} INFO - Setting next_dagrun for create_analytics_mart to 2026-06-09 02:00:00+00:00, run_after=2026-06-10 02:00:00+00:00
[2026-06-09T16:36:35.618+0000] {processor.py:208} INFO - Processing /opt/airflow/dags/create_mart_dag.py took 0.214 seconds
[2026-06-09T16:37:05.679+0000] {processor.py:186} INFO - Started process (PID=2170) to work on /opt/airflow/dags/create_mart_dag.py
[2026-06-09T16:37:05.680+0000] {processor.py:914} INFO - Processing file /opt/airflow/dags/create_mart_dag.py for tasks to queue
[2026-06-09T16:37:05.682+0000] {logging_mixin.py:190} INFO - [2026-06-09T16:37:05.682+0000] {dagbag.py:588} INFO - Filling up the DagBag from /opt/airflow/dags/create_mart_dag.py
[2026-06-09T16:37:05.706+0000] {processor.py:925} INFO - DAG(s) 'create_analytics_mart' retrieved from /opt/airflow/dags/create_mart_dag.py
[2026-06-09T16:37:05.731+0000] {logging_mixin.py:190} INFO - [2026-06-09T16:37:05.731+0000] {dag.py:3239} INFO - Sync 1 DAGs
[2026-06-09T16:37:05.750+0000] {logging_mixin.py:190} INFO - [2026-06-09T16:37:05.750+0000] {dag.py:4180} INFO - Setting next_dagrun for create_analytics_mart to 2026-06-09 02:00:00+00:00, run_after=2026-06-10 02:00:00+00:00
[2026-06-09T16:37:05.769+0000] {processor.py:208} INFO - Processing /opt/airflow/dags/create_mart_dag.py took 0.094 seconds
[2026-06-09T16:37:35.933+0000] {processor.py:186} INFO - Started process (PID=2186) to work on /opt/airflow/dags/create_mart_dag.py
[2026-06-09T16:37:35.934+0000] {processor.py:914} INFO - Processing file /opt/airflow/dags/create_mart_dag.py for tasks to queue
[2026-06-09T16:37:35.937+0000] {logging_mixin.py:190} INFO - [2026-06-09T16:37:35.936+0000] {dagbag.py:588} INFO - Filling up the DagBag from /opt/airflow/dags/create_mart_dag.py
[2026-06-09T16:37:35.962+0000] {processor.py:925} INFO - DAG(s) 'create_analytics_mart' retrieved from /opt/airflow/dags/create_mart_dag.py
[2026-06-09T16:37:36.002+0000] {logging_mixin.py:190} INFO - [2026-06-09T16:37:36.001+0000] {dag.py:3239} INFO - Sync 1 DAGs
[2026-06-09T16:37:36.038+0000] {logging_mixin.py:190} INFO - [2026-06-09T16:37:36.038+0000] {dag.py:4180} INFO - Setting next_dagrun for create_analytics_mart to 2026-06-09 02:00:00+00:00, run_after=2026-06-10 02:00:00+00:00
[2026-06-09T16:37:36.057+0000] {processor.py:208} INFO - Processing /opt/airflow/dags/create_mart_dag.py took 0.128 seconds
[2026-06-09T16:38:06.245+0000] {processor.py:186} INFO - Started process (PID=2202) to work on /opt/airflow/dags/create_mart_dag.py
[2026-06-09T16:38:06.246+0000] {processor.py:914} INFO - Processing file /opt/airflow/dags/create_mart_dag.py for tasks to queue
[2026-06-09T16:38:06.249+0000] {logging_mixin.py:190} INFO - [2026-06-09T16:38:06.248+0000] {dagbag.py:588} INFO - Filling up the DagBag from /opt/airflow/dags/create_mart_dag.py
[2026-06-09T16:38:06.275+0000] {processor.py:925} INFO - DAG(s) 'create_analytics_mart' retrieved from /opt/airflow/dags/create_mart_dag.py
[2026-06-09T16:38:06.302+0000] {logging_mixin.py:190} INFO - [2026-06-09T16:38:06.302+0000] {dag.py:3239} INFO - Sync 1 DAGs
[2026-06-09T16:38:06.322+0000] {logging_mixin.py:190} INFO - [2026-06-09T16:38:06.322+0000] {dag.py:4180} INFO - Setting next_dagrun for create_analytics_mart to 2026-06-09 02:00:00+00:00, run_after=2026-06-10 02:00:00+00:00
[2026-06-09T16:38:06.341+0000] {processor.py:208} INFO - Processing /opt/airflow/dags/create_mart_dag.py took 0.101 seconds
[2026-06-09T16:38:36.606+0000] {processor.py:186} INFO - Started process (PID=2218) to work on /opt/airflow/dags/create_mart_dag.py
[2026-06-09T16:38:36.607+0000] {processor.py:914} INFO - Processing file /opt/airflow/dags/create_mart_dag.py for tasks to queue
[2026-06-09T16:38:36.609+0000] {logging_mixin.py:190} INFO - [2026-06-09T16:38:36.609+0000] {dagbag.py:588} INFO - Filling up the DagBag from /opt/airflow/dags/create_mart_dag.py
[2026-06-09T16:38:36.631+0000] {processor.py:925} INFO - DAG(s) 'create_analytics_mart' retrieved from /opt/airflow/dags/create_mart_dag.py
[2026-06-09T16:38:36.659+0000] {logging_mixin.py:190} INFO - [2026-06-09T16:38:36.658+0000] {dag.py:3239} INFO - Sync 1 DAGs
[2026-06-09T16:38:36.679+0000] {logging_mixin.py:190} INFO - [2026-06-09T16:38:36.679+0000] {dag.py:4180} INFO - Setting next_dagrun for create_analytics_mart to 2026-06-09 02:00:00+00:00, run_after=2026-06-10 02:00:00+00:00
[2026-06-09T16:38:36.696+0000] {processor.py:208} INFO - Processing /opt/airflow/dags/create_mart_dag.py took 0.096 seconds
[2026-06-09T16:39:06.886+0000] {processor.py:186} INFO - Started process (PID=2234) to work on /opt/airflow/dags/create_mart_dag.py
[2026-06-09T16:39:06.887+0000] {processor.py:914} INFO - Processing file /opt/airflow/dags/create_mart_dag.py for tasks to queue
[2026-06-09T16:39:06.889+0000] {logging_mixin.py:190} INFO - [2026-06-09T16:39:06.889+0000] {dagbag.py:588} INFO - Filling up the DagBag from /opt/airflow/dags/create_mart_dag.py
[2026-06-09T16:39:06.911+0000] {processor.py:925} INFO - DAG(s) 'create_analytics_mart' retrieved from /opt/airflow/dags/create_mart_dag.py
[2026-06-09T16:39:06.938+0000] {logging_mixin.py:190} INFO - [2026-06-09T16:39:06.937+0000] {dag.py:3239} INFO - Sync 1 DAGs
[2026-06-09T16:39:06.960+0000] {logging_mixin.py:190} INFO - [2026-06-09T16:39:06.959+0000] {dag.py:4180} INFO - Setting next_dagrun for create_analytics_mart to 2026-06-09 02:00:00+00:00, run_after=2026-06-10 02:00:00+00:00
[2026-06-09T16:39:06.978+0000] {processor.py:208} INFO - Processing /opt/airflow/dags/create_mart_dag.py took 0.098 seconds
[2026-06-09T16:39:37.108+0000] {processor.py:186} INFO - Started process (PID=2250) to work on /opt/airflow/dags/create_mart_dag.py
[2026-06-09T16:39:37.109+0000] {processor.py:914} INFO - Processing file /opt/airflow/dags/create_mart_dag.py for tasks to queue
[2026-06-09T16:39:37.111+0000] {logging_mixin.py:190} INFO - [2026-06-09T16:39:37.111+0000] {dagbag.py:588} INFO - Filling up the DagBag from /opt/airflow/dags/create_mart_dag.py
[2026-06-09T16:39:37.135+0000] {processor.py:925} INFO - DAG(s) 'create_analytics_mart' retrieved from /opt/airflow/dags/create_mart_dag.py
[2026-06-09T16:39:37.161+0000] {logging_mixin.py:190} INFO - [2026-06-09T16:39:37.161+0000] {dag.py:3239} INFO - Sync 1 DAGs
[2026-06-09T16:39:37.180+0000] {logging_mixin.py:190} INFO - [2026-06-09T16:39:37.180+0000] {dag.py:4180} INFO - Setting next_dagrun for create_analytics_mart to 2026-06-09 02:00:00+00:00, run_after=2026-06-10 02:00:00+00:00
[2026-06-09T16:39:37.197+0000] {processor.py:208} INFO - Processing /opt/airflow/dags/create_mart_dag.py took 0.096 seconds
[2026-06-09T16:40:07.399+0000] {processor.py:186} INFO - Started process (PID=2266) to work on /opt/airflow/dags/create_mart_dag.py
[2026-06-09T16:40:07.400+0000] {processor.py:914} INFO - Processing file /opt/airflow/dags/create_mart_dag.py for tasks to queue
[2026-06-09T16:40:07.402+0000] {logging_mixin.py:190} INFO - [2026-06-09T16:40:07.401+0000] {dagbag.py:588} INFO - Filling up the DagBag from /opt/airflow/dags/create_mart_dag.py
[2026-06-09T16:40:07.430+0000] {processor.py:925} INFO - DAG(s) 'create_analytics_mart' retrieved from /opt/airflow/dags/create_mart_dag.py
[2026-06-09T16:40:07.456+0000] {logging_mixin.py:190} INFO - [2026-06-09T16:40:07.455+0000] {dag.py:3239} INFO - Sync 1 DAGs
[2026-06-09T16:40:07.475+0000] {logging_mixin.py:190} INFO - [2026-06-09T16:40:07.475+0000] {dag.py:4180} INFO - Setting next_dagrun for create_analytics_mart to 2026-06-09 02:00:00+00:00, run_after=2026-06-10 02:00:00+00:00
[2026-06-09T16:40:07.493+0000] {processor.py:208} INFO - Processing /opt/airflow/dags/create_mart_dag.py took 0.098 seconds
[2026-06-09T16:40:37.770+0000] {processor.py:186} INFO - Started process (PID=2282) to work on /opt/airflow/dags/create_mart_dag.py
[2026-06-09T16:40:37.771+0000] {processor.py:914} INFO - Processing file /opt/airflow/dags/create_mart_dag.py for tasks to queue
[2026-06-09T16:40:37.773+0000] {logging_mixin.py:190} INFO - [2026-06-09T16:40:37.773+0000] {dagbag.py:588} INFO - Filling up the DagBag from /opt/airflow/dags/create_mart_dag.py
[2026-06-09T16:40:37.797+0000] {processor.py:925} INFO - DAG(s) 'create_analytics_mart' retrieved from /opt/airflow/dags/create_mart_dag.py
[2026-06-09T16:40:37.822+0000] {logging_mixin.py:190} INFO - [2026-06-09T16:40:37.822+0000] {dag.py:3239} INFO - Sync 1 DAGs
[2026-06-09T16:40:37.841+0000] {logging_mixin.py:190} INFO - [2026-06-09T16:40:37.841+0000] {dag.py:4180} INFO - Setting next_dagrun for create_analytics_mart to 2026-06-09 02:00:00+00:00, run_after=2026-06-10 02:00:00+00:00
[2026-06-09T16:40:37.859+0000] {processor.py:208} INFO - Processing /opt/airflow/dags/create_mart_dag.py took 0.093 seconds
[2026-06-09T16:41:08.058+0000] {processor.py:186} INFO - Started process (PID=2298) to work on /opt/airflow/dags/create_mart_dag.py
[2026-06-09T16:41:08.059+0000] {processor.py:914} INFO - Processing file /opt/airflow/dags/create_mart_dag.py for tasks to queue
[2026-06-09T16:41:08.061+0000] {logging_mixin.py:190} INFO - [2026-06-09T16:41:08.061+0000] {dagbag.py:588} INFO - Filling up the DagBag from /opt/airflow/dags/create_mart_dag.py
[2026-06-09T16:41:08.097+0000] {processor.py:925} INFO - DAG(s) 'create_analytics_mart' retrieved from /opt/airflow/dags/create_mart_dag.py
[2026-06-09T16:41:08.126+0000] {logging_mixin.py:190} INFO - [2026-06-09T16:41:08.126+0000] {dag.py:3239} INFO - Sync 1 DAGs
[2026-06-09T16:41:08.150+0000] {logging_mixin.py:190} INFO - [2026-06-09T16:41:08.150+0000] {dag.py:4180} INFO - Setting next_dagrun for create_analytics_mart to 2026-06-09 02:00:00+00:00, run_after=2026-06-10 02:00:00+00:00
[2026-06-09T16:41:08.172+0000] {processor.py:208} INFO - Processing /opt/airflow/dags/create_mart_dag.py took 0.119 seconds
[2026-06-09T16:41:38.487+0000] {processor.py:186} INFO - Started process (PID=2313) to work on /opt/airflow/dags/create_mart_dag.py
[2026-06-09T16:41:38.488+0000] {processor.py:914} INFO - Processing file /opt/airflow/dags/create_mart_dag.py for tasks to queue
[2026-06-09T16:41:38.490+0000] {logging_mixin.py:190} INFO - [2026-06-09T16:41:38.490+0000] {dagbag.py:588} INFO - Filling up the DagBag from /opt/airflow/dags/create_mart_dag.py
[2026-06-09T16:41:38.519+0000] {processor.py:925} INFO - DAG(s) 'create_analytics_mart' retrieved from /opt/airflow/dags/create_mart_dag.py
[2026-06-09T16:41:38.541+0000] {logging_mixin.py:190} INFO - [2026-06-09T16:41:38.541+0000] {dag.py:3239} INFO - Sync 1 DAGs
[2026-06-09T16:41:38.560+0000] {logging_mixin.py:190} INFO - [2026-06-09T16:41:38.560+0000] {dag.py:4180} INFO - Setting next_dagrun for create_analytics_mart to 2026-06-09 02:00:00+00:00, run_after=2026-06-10 02:00:00+00:00
[2026-06-09T16:41:38.577+0000] {processor.py:208} INFO - Processing /opt/airflow/dags/create_mart_dag.py took 0.094 seconds
[2026-06-09T16:42:08.907+0000] {processor.py:186} INFO - Started process (PID=2329) to work on /opt/airflow/dags/create_mart_dag.py
[2026-06-09T16:42:08.908+0000] {processor.py:914} INFO - Processing file /opt/airflow/dags/create_mart_dag.py for tasks to queue
[2026-06-09T16:42:08.910+0000] {logging_mixin.py:190} INFO - [2026-06-09T16:42:08.909+0000] {dagbag.py:588} INFO - Filling up the DagBag from /opt/airflow/dags/create_mart_dag.py
[2026-06-09T16:42:08.943+0000] {processor.py:925} INFO - DAG(s) 'create_analytics_mart' retrieved from /opt/airflow/dags/create_mart_dag.py
[2026-06-09T16:42:08.972+0000] {logging_mixin.py:190} INFO - [2026-06-09T16:42:08.971+0000] {dag.py:3239} INFO - Sync 1 DAGs
[2026-06-09T16:42:09.002+0000] {logging_mixin.py:190} INFO - [2026-06-09T16:42:09.002+0000] {dag.py:4180} INFO - Setting next_dagrun for create_analytics_mart to 2026-06-09 02:00:00+00:00, run_after=2026-06-10 02:00:00+00:00
[2026-06-09T16:42:09.169+0000] {processor.py:208} INFO - Processing /opt/airflow/dags/create_mart_dag.py took 0.267 seconds
[2026-06-09T16:42:39.468+0000] {processor.py:186} INFO - Started process (PID=2345) to work on /opt/airflow/dags/create_mart_dag.py
[2026-06-09T16:42:39.469+0000] {processor.py:914} INFO - Processing file /opt/airflow/dags/create_mart_dag.py for tasks to queue
[2026-06-09T16:42:39.472+0000] {logging_mixin.py:190} INFO - [2026-06-09T16:42:39.472+0000] {dagbag.py:588} INFO - Filling up the DagBag from /opt/airflow/dags/create_mart_dag.py
[2026-06-09T16:42:39.549+0000] {processor.py:925} INFO - DAG(s) 'create_analytics_mart' retrieved from /opt/airflow/dags/create_mart_dag.py
[2026-06-09T16:42:39.618+0000] {logging_mixin.py:190} INFO - [2026-06-09T16:42:39.618+0000] {dag.py:3239} INFO - Sync 1 DAGs
[2026-06-09T16:42:39.651+0000] {logging_mixin.py:190} INFO - [2026-06-09T16:42:39.651+0000] {dag.py:4180} INFO - Setting next_dagrun for create_analytics_mart to 2026-06-09 02:00:00+00:00, run_after=2026-06-10 02:00:00+00:00
[2026-06-09T16:42:39.684+0000] {processor.py:208} INFO - Processing /opt/airflow/dags/create_mart_dag.py took 0.223 seconds
[2026-06-09T16:43:09.931+0000] {processor.py:186} INFO - Started process (PID=2361) to work on /opt/airflow/dags/create_mart_dag.py
[2026-06-09T16:43:09.931+0000] {processor.py:914} INFO - Processing file /opt/airflow/dags/create_mart_dag.py for tasks to queue
[2026-06-09T16:43:09.933+0000] {logging_mixin.py:190} INFO - [2026-06-09T16:43:09.933+0000] {dagbag.py:588} INFO - Filling up the DagBag from /opt/airflow/dags/create_mart_dag.py
[2026-06-09T16:43:09.960+0000] {processor.py:925} INFO - DAG(s) 'create_analytics_mart' retrieved from /opt/airflow/dags/create_mart_dag.py
[2026-06-09T16:43:09.988+0000] {logging_mixin.py:190} INFO - [2026-06-09T16:43:09.988+0000] {dag.py:3239} INFO - Sync 1 DAGs
[2026-06-09T16:43:10.018+0000] {logging_mixin.py:190} INFO - [2026-06-09T16:43:10.017+0000] {dag.py:4180} INFO - Setting next_dagrun for create_analytics_mart to 2026-06-09 02:00:00+00:00, run_after=2026-06-10 02:00:00+00:00
[2026-06-09T16:43:10.042+0000] {processor.py:208} INFO - Processing /opt/airflow/dags/create_mart_dag.py took 0.117 seconds
[2026-06-09T16:43:40.173+0000] {processor.py:186} INFO - Started process (PID=2377) to work on /opt/airflow/dags/create_mart_dag.py
[2026-06-09T16:43:40.174+0000] {processor.py:914} INFO - Processing file /opt/airflow/dags/create_mart_dag.py for tasks to queue
[2026-06-09T16:43:40.176+0000] {logging_mixin.py:190} INFO - [2026-06-09T16:43:40.175+0000] {dagbag.py:588} INFO - Filling up the DagBag from /opt/airflow/dags/create_mart_dag.py
[2026-06-09T16:43:40.205+0000] {processor.py:925} INFO - DAG(s) 'create_analytics_mart' retrieved from /opt/airflow/dags/create_mart_dag.py
[2026-06-09T16:43:40.226+0000] {logging_mixin.py:190} INFO - [2026-06-09T16:43:40.226+0000] {dag.py:3239} INFO - Sync 1 DAGs
[2026-06-09T16:43:40.246+0000] {logging_mixin.py:190} INFO - [2026-06-09T16:43:40.245+0000] {dag.py:4180} INFO - Setting next_dagrun for create_analytics_mart to 2026-06-09 02:00:00+00:00, run_after=2026-06-10 02:00:00+00:00
[2026-06-09T16:43:40.263+0000] {processor.py:208} INFO - Processing /opt/airflow/dags/create_mart_dag.py took 0.095 seconds
[2026-06-09T16:44:10.419+0000] {processor.py:186} INFO - Started process (PID=2394) to work on /opt/airflow/dags/create_mart_dag.py
[2026-06-09T16:44:10.420+0000] {processor.py:914} INFO - Processing file /opt/airflow/dags/create_mart_dag.py for tasks to queue
[2026-06-09T16:44:10.423+0000] {logging_mixin.py:190} INFO - [2026-06-09T16:44:10.423+0000] {dagbag.py:588} INFO - Filling up the DagBag from /opt/airflow/dags/create_mart_dag.py
[2026-06-09T16:44:10.455+0000] {processor.py:925} INFO - DAG(s) 'create_analytics_mart' retrieved from /opt/airflow/dags/create_mart_dag.py
[2026-06-09T16:44:10.480+0000] {logging_mixin.py:190} INFO - [2026-06-09T16:44:10.480+0000] {dag.py:3239} INFO - Sync 1 DAGs
[2026-06-09T16:44:10.501+0000] {logging_mixin.py:190} INFO - [2026-06-09T16:44:10.501+0000] {dag.py:4180} INFO - Setting next_dagrun for create_analytics_mart to 2026-06-09 02:00:00+00:00, run_after=2026-06-10 02:00:00+00:00
[2026-06-09T16:44:10.520+0000] {processor.py:208} INFO - Processing /opt/airflow/dags/create_mart_dag.py took 0.106 seconds
[2026-06-09T16:44:40.776+0000] {processor.py:186} INFO - Started process (PID=2410) to work on /opt/airflow/dags/create_mart_dag.py
[2026-06-09T16:44:40.777+0000] {processor.py:914} INFO - Processing file /opt/airflow/dags/create_mart_dag.py for tasks to queue
[2026-06-09T16:44:40.779+0000] {logging_mixin.py:190} INFO - [2026-06-09T16:44:40.778+0000] {dagbag.py:588} INFO - Filling up the DagBag from /opt/airflow/dags/create_mart_dag.py
[2026-06-09T16:44:40.804+0000] {processor.py:925} INFO - DAG(s) 'create_analytics_mart' retrieved from /opt/airflow/dags/create_mart_dag.py
[2026-06-09T16:44:40.826+0000] {logging_mixin.py:190} INFO - [2026-06-09T16:44:40.825+0000] {dag.py:3239} INFO - Sync 1 DAGs
[2026-06-09T16:44:40.845+0000] {logging_mixin.py:190} INFO - [2026-06-09T16:44:40.845+0000] {dag.py:4180} INFO - Setting next_dagrun for create_analytics_mart to 2026-06-09 02:00:00+00:00, run_after=2026-06-10 02:00:00+00:00
[2026-06-09T16:44:40.864+0000] {processor.py:208} INFO - Processing /opt/airflow/dags/create_mart_dag.py took 0.093 seconds
[2026-06-09T16:45:11.040+0000] {processor.py:186} INFO - Started process (PID=2426) to work on /opt/airflow/dags/create_mart_dag.py
[2026-06-09T16:45:11.041+0000] {processor.py:914} INFO - Processing file /opt/airflow/dags/create_mart_dag.py for tasks to queue
[2026-06-09T16:45:11.044+0000] {logging_mixin.py:190} INFO - [2026-06-09T16:45:11.044+0000] {dagbag.py:588} INFO - Filling up the DagBag from /opt/airflow/dags/create_mart_dag.py
[2026-06-09T16:45:11.076+0000] {processor.py:925} INFO - DAG(s) 'create_analytics_mart' retrieved from /opt/airflow/dags/create_mart_dag.py
[2026-06-09T16:45:11.099+0000] {logging_mixin.py:190} INFO - [2026-06-09T16:45:11.099+0000] {dag.py:3239} INFO - Sync 1 DAGs
[2026-06-09T16:45:11.294+0000] {logging_mixin.py:190} INFO - [2026-06-09T16:45:11.294+0000] {dag.py:4180} INFO - Setting next_dagrun for create_analytics_mart to 2026-06-09 02:00:00+00:00, run_after=2026-06-10 02:00:00+00:00
[2026-06-09T16:45:11.312+0000] {processor.py:208} INFO - Processing /opt/airflow/dags/create_mart_dag.py took 0.276 seconds
[2026-06-09T16:45:41.364+0000] {processor.py:186} INFO - Started process (PID=2442) to work on /opt/airflow/dags/create_mart_dag.py
[2026-06-09T16:45:41.365+0000] {processor.py:914} INFO - Processing file /opt/airflow/dags/create_mart_dag.py for tasks to queue
[2026-06-09T16:45:41.368+0000] {logging_mixin.py:190} INFO - [2026-06-09T16:45:41.367+0000] {dagbag.py:588} INFO - Filling up the DagBag from /opt/airflow/dags/create_mart_dag.py
[2026-06-09T16:45:41.402+0000] {processor.py:925} INFO - DAG(s) 'create_analytics_mart' retrieved from /opt/airflow/dags/create_mart_dag.py
[2026-06-09T16:45:41.427+0000] {logging_mixin.py:190} INFO - [2026-06-09T16:45:41.427+0000] {dag.py:3239} INFO - Sync 1 DAGs
[2026-06-09T16:45:41.449+0000] {logging_mixin.py:190} INFO - [2026-06-09T16:45:41.448+0000] {dag.py:4180} INFO - Setting next_dagrun for create_analytics_mart to 2026-06-09 02:00:00+00:00, run_after=2026-06-10 02:00:00+00:00
[2026-06-09T16:45:41.466+0000] {processor.py:208} INFO - Processing /opt/airflow/dags/create_mart_dag.py took 0.108 seconds
[2026-06-09T16:46:11.721+0000] {processor.py:186} INFO - Started process (PID=2458) to work on /opt/airflow/dags/create_mart_dag.py
[2026-06-09T16:46:11.722+0000] {processor.py:914} INFO - Processing file /opt/airflow/dags/create_mart_dag.py for tasks to queue
[2026-06-09T16:46:11.725+0000] {logging_mixin.py:190} INFO - [2026-06-09T16:46:11.725+0000] {dagbag.py:588} INFO - Filling up the DagBag from /opt/airflow/dags/create_mart_dag.py
[2026-06-09T16:46:11.758+0000] {processor.py:925} INFO - DAG(s) 'create_analytics_mart' retrieved from /opt/airflow/dags/create_mart_dag.py
[2026-06-09T16:46:11.780+0000] {logging_mixin.py:190} INFO - [2026-06-09T16:46:11.779+0000] {dag.py:3239} INFO - Sync 1 DAGs
[2026-06-09T16:46:11.800+0000] {logging_mixin.py:190} INFO - [2026-06-09T16:46:11.799+0000] {dag.py:4180} INFO - Setting next_dagrun for create_analytics_mart to 2026-06-09 02:00:00+00:00, run_after=2026-06-10 02:00:00+00:00
[2026-06-09T16:46:11.815+0000] {processor.py:208} INFO - Processing /opt/airflow/dags/create_mart_dag.py took 0.098 seconds
[2026-06-09T16:46:41.990+0000] {processor.py:186} INFO - Started process (PID=2474) to work on /opt/airflow/dags/create_mart_dag.py
[2026-06-09T16:46:41.990+0000] {processor.py:914} INFO - Processing file /opt/airflow/dags/create_mart_dag.py for tasks to queue
[2026-06-09T16:46:41.993+0000] {logging_mixin.py:190} INFO - [2026-06-09T16:46:41.992+0000] {dagbag.py:588} INFO - Filling up the DagBag from /opt/airflow/dags/create_mart_dag.py
[2026-06-09T16:46:42.015+0000] {processor.py:925} INFO - DAG(s) 'create_analytics_mart' retrieved from /opt/airflow/dags/create_mart_dag.py
[2026-06-09T16:46:42.038+0000] {logging_mixin.py:190} INFO - [2026-06-09T16:46:42.038+0000] {dag.py:3239} INFO - Sync 1 DAGs
[2026-06-09T16:46:42.058+0000] {logging_mixin.py:190} INFO - [2026-06-09T16:46:42.058+0000] {dag.py:4180} INFO - Setting next_dagrun for create_analytics_mart to 2026-06-09 02:00:00+00:00, run_after=2026-06-10 02:00:00+00:00
[2026-06-09T16:46:42.076+0000] {processor.py:208} INFO - Processing /opt/airflow/dags/create_mart_dag.py took 0.092 seconds
[2026-06-09T16:47:12.399+0000] {processor.py:186} INFO - Started process (PID=2490) to work on /opt/airflow/dags/create_mart_dag.py
[2026-06-09T16:47:12.400+0000] {processor.py:914} INFO - Processing file /opt/airflow/dags/create_mart_dag.py for tasks to queue
[2026-06-09T16:47:12.402+0000] {logging_mixin.py:190} INFO - [2026-06-09T16:47:12.402+0000] {dagbag.py:588} INFO - Filling up the DagBag from /opt/airflow/dags/create_mart_dag.py
[2026-06-09T16:47:12.429+0000] {processor.py:925} INFO - DAG(s) 'create_analytics_mart' retrieved from /opt/airflow/dags/create_mart_dag.py
[2026-06-09T16:47:12.451+0000] {logging_mixin.py:190} INFO - [2026-06-09T16:47:12.451+0000] {dag.py:3239} INFO - Sync 1 DAGs
[2026-06-09T16:47:12.470+0000] {logging_mixin.py:190} INFO - [2026-06-09T16:47:12.470+0000] {dag.py:4180} INFO - Setting next_dagrun for create_analytics_mart to 2026-06-09 02:00:00+00:00, run_after=2026-06-10 02:00:00+00:00
[2026-06-09T16:47:12.489+0000] {processor.py:208} INFO - Processing /opt/airflow/dags/create_mart_dag.py took 0.096 seconds
[2026-06-09T16:47:42.761+0000] {processor.py:186} INFO - Started process (PID=2506) to work on /opt/airflow/dags/create_mart_dag.py
[2026-06-09T16:47:42.761+0000] {processor.py:914} INFO - Processing file /opt/airflow/dags/create_mart_dag.py for tasks to queue
[2026-06-09T16:47:42.763+0000] {logging_mixin.py:190} INFO - [2026-06-09T16:47:42.763+0000] {dagbag.py:588} INFO - Filling up the DagBag from /opt/airflow/dags/create_mart_dag.py
[2026-06-09T16:47:42.789+0000] {processor.py:925} INFO - DAG(s) 'create_analytics_mart' retrieved from /opt/airflow/dags/create_mart_dag.py
[2026-06-09T16:47:42.815+0000] {logging_mixin.py:190} INFO - [2026-06-09T16:47:42.815+0000] {dag.py:3239} INFO - Sync 1 DAGs
[2026-06-09T16:47:42.840+0000] {logging_mixin.py:190} INFO - [2026-06-09T16:47:42.839+0000] {dag.py:4180} INFO - Setting next_dagrun for create_analytics_mart to 2026-06-09 02:00:00+00:00, run_after=2026-06-10 02:00:00+00:00
[2026-06-09T16:47:42.990+0000] {processor.py:208} INFO - Processing /opt/airflow/dags/create_mart_dag.py took 0.235 seconds
[2026-06-09T16:48:13.245+0000] {processor.py:186} INFO - Started process (PID=2523) to work on /opt/airflow/dags/create_mart_dag.py
[2026-06-09T16:48:13.245+0000] {processor.py:914} INFO - Processing file /opt/airflow/dags/create_mart_dag.py for tasks to queue
[2026-06-09T16:48:13.247+0000] {logging_mixin.py:190} INFO - [2026-06-09T16:48:13.247+0000] {dagbag.py:588} INFO - Filling up the DagBag from /opt/airflow/dags/create_mart_dag.py
[2026-06-09T16:48:13.269+0000] {processor.py:925} INFO - DAG(s) 'create_analytics_mart' retrieved from /opt/airflow/dags/create_mart_dag.py
[2026-06-09T16:48:13.288+0000] {logging_mixin.py:190} INFO - [2026-06-09T16:48:13.288+0000] {dag.py:3239} INFO - Sync 1 DAGs
[2026-06-09T16:48:13.427+0000] {logging_mixin.py:190} INFO - [2026-06-09T16:48:13.427+0000] {dag.py:4180} INFO - Setting next_dagrun for create_analytics_mart to 2026-06-09 02:00:00+00:00, run_after=2026-06-10 02:00:00+00:00
[2026-06-09T16:48:13.440+0000] {processor.py:208} INFO - Processing /opt/airflow/dags/create_mart_dag.py took 0.200 seconds
[2026-06-09T16:48:43.568+0000] {processor.py:186} INFO - Started process (PID=2539) to work on /opt/airflow/dags/create_mart_dag.py
[2026-06-09T16:48:43.569+0000] {processor.py:914} INFO - Processing file /opt/airflow/dags/create_mart_dag.py for tasks to queue
[2026-06-09T16:48:43.571+0000] {logging_mixin.py:190} INFO - [2026-06-09T16:48:43.571+0000] {dagbag.py:588} INFO - Filling up the DagBag from /opt/airflow/dags/create_mart_dag.py
[2026-06-09T16:48:43.591+0000] {processor.py:925} INFO - DAG(s) 'create_analytics_mart' retrieved from /opt/airflow/dags/create_mart_dag.py
[2026-06-09T16:48:43.611+0000] {logging_mixin.py:190} INFO - [2026-06-09T16:48:43.611+0000] {dag.py:3239} INFO - Sync 1 DAGs
[2026-06-09T16:48:43.628+0000] {logging_mixin.py:190} INFO - [2026-06-09T16:48:43.628+0000] {dag.py:4180} INFO - Setting next_dagrun for create_analytics_mart to 2026-06-09 02:00:00+00:00, run_after=2026-06-10 02:00:00+00:00
[2026-06-09T16:48:43.643+0000] {processor.py:208} INFO - Processing /opt/airflow/dags/create_mart_dag.py took 0.080 seconds
[2026-06-09T16:49:13.777+0000] {processor.py:186} INFO - Started process (PID=2553) to work on /opt/airflow/dags/create_mart_dag.py
[2026-06-09T16:49:13.778+0000] {processor.py:914} INFO - Processing file /opt/airflow/dags/create_mart_dag.py for tasks to queue
[2026-06-09T16:49:13.780+0000] {logging_mixin.py:190} INFO - [2026-06-09T16:49:13.780+0000] {dagbag.py:588} INFO - Filling up the DagBag from /opt/airflow/dags/create_mart_dag.py
[2026-06-09T16:49:13.800+0000] {processor.py:925} INFO - DAG(s) 'create_analytics_mart' retrieved from /opt/airflow/dags/create_mart_dag.py
[2026-06-09T16:49:13.823+0000] {logging_mixin.py:190} INFO - [2026-06-09T16:49:13.823+0000] {dag.py:3239} INFO - Sync 1 DAGs
[2026-06-09T16:49:13.843+0000] {logging_mixin.py:190} INFO - [2026-06-09T16:49:13.842+0000] {dag.py:4180} INFO - Setting next_dagrun for create_analytics_mart to 2026-06-09 02:00:00+00:00, run_after=2026-06-10 02:00:00+00:00
[2026-06-09T16:49:13.860+0000] {processor.py:208} INFO - Processing /opt/airflow/dags/create_mart_dag.py took 0.088 seconds
[2026-06-09T16:49:44.113+0000] {processor.py:186} INFO - Started process (PID=2569) to work on /opt/airflow/dags/create_mart_dag.py
[2026-06-09T16:49:44.114+0000] {processor.py:914} INFO - Processing file /opt/airflow/dags/create_mart_dag.py for tasks to queue
[2026-06-09T16:49:44.117+0000] {logging_mixin.py:190} INFO - [2026-06-09T16:49:44.116+0000] {dagbag.py:588} INFO - Filling up the DagBag from /opt/airflow/dags/create_mart_dag.py
[2026-06-09T16:49:44.138+0000] {processor.py:925} INFO - DAG(s) 'create_analytics_mart' retrieved from /opt/airflow/dags/create_mart_dag.py
[2026-06-09T16:49:44.162+0000] {logging_mixin.py:190} INFO - [2026-06-09T16:49:44.162+0000] {dag.py:3239} INFO - Sync 1 DAGs
[2026-06-09T16:49:44.182+0000] {logging_mixin.py:190} INFO - [2026-06-09T16:49:44.182+0000] {dag.py:4180} INFO - Setting next_dagrun for create_analytics_mart to 2026-06-09 02:00:00+00:00, run_after=2026-06-10 02:00:00+00:00
[2026-06-09T16:49:44.201+0000] {processor.py:208} INFO - Processing /opt/airflow/dags/create_mart_dag.py took 0.092 seconds
[2026-06-09T16:50:14.349+0000] {processor.py:186} INFO - Started process (PID=2585) to work on /opt/airflow/dags/create_mart_dag.py
[2026-06-09T16:50:14.350+0000] {processor.py:914} INFO - Processing file /opt/airflow/dags/create_mart_dag.py for tasks to queue
[2026-06-09T16:50:14.353+0000] {logging_mixin.py:190} INFO - [2026-06-09T16:50:14.352+0000] {dagbag.py:588} INFO - Filling up the DagBag from /opt/airflow/dags/create_mart_dag.py
[2026-06-09T16:50:14.375+0000] {processor.py:925} INFO - DAG(s) 'create_analytics_mart' retrieved from /opt/airflow/dags/create_mart_dag.py
[2026-06-09T16:50:14.396+0000] {logging_mixin.py:190} INFO - [2026-06-09T16:50:14.396+0000] {dag.py:3239} INFO - Sync 1 DAGs
[2026-06-09T16:50:14.416+0000] {logging_mixin.py:190} INFO - [2026-06-09T16:50:14.416+0000] {dag.py:4180} INFO - Setting next_dagrun for create_analytics_mart to 2026-06-09 02:00:00+00:00, run_after=2026-06-10 02:00:00+00:00
[2026-06-09T16:50:14.434+0000] {processor.py:208} INFO - Processing /opt/airflow/dags/create_mart_dag.py took 0.090 seconds
[2026-06-09T16:50:44.717+0000] {processor.py:186} INFO - Started process (PID=2601) to work on /opt/airflow/dags/create_mart_dag.py
[2026-06-09T16:50:44.718+0000] {processor.py:914} INFO - Processing file /opt/airflow/dags/create_mart_dag.py for tasks to queue
[2026-06-09T16:50:44.720+0000] {logging_mixin.py:190} INFO - [2026-06-09T16:50:44.720+0000] {dagbag.py:588} INFO - Filling up the DagBag from /opt/airflow/dags/create_mart_dag.py
[2026-06-09T16:50:44.765+0000] {processor.py:925} INFO - DAG(s) 'create_analytics_mart' retrieved from /opt/airflow/dags/create_mart_dag.py
[2026-06-09T16:50:44.795+0000] {logging_mixin.py:190} INFO - [2026-06-09T16:50:44.795+0000] {dag.py:3239} INFO - Sync 1 DAGs
[2026-06-09T16:50:44.820+0000] {logging_mixin.py:190} INFO - [2026-06-09T16:50:44.820+0000] {dag.py:4180} INFO - Setting next_dagrun for create_analytics_mart to 2026-06-09 02:00:00+00:00, run_after=2026-06-10 02:00:00+00:00
[2026-06-09T16:50:44.960+0000] {processor.py:208} INFO - Processing /opt/airflow/dags/create_mart_dag.py took 0.250 seconds
[2026-06-09T16:51:15.218+0000] {processor.py:186} INFO - Started process (PID=2617) to work on /opt/airflow/dags/create_mart_dag.py
[2026-06-09T16:51:15.219+0000] {processor.py:914} INFO - Processing file /opt/airflow/dags/create_mart_dag.py for tasks to queue
[2026-06-09T16:51:15.220+0000] {logging_mixin.py:190} INFO - [2026-06-09T16:51:15.220+0000] {dagbag.py:588} INFO - Filling up the DagBag from /opt/airflow/dags/create_mart_dag.py
[2026-06-09T16:51:15.249+0000] {processor.py:925} INFO - DAG(s) 'create_analytics_mart' retrieved from /opt/airflow/dags/create_mart_dag.py
[2026-06-09T16:51:15.270+0000] {logging_mixin.py:190} INFO - [2026-06-09T16:51:15.269+0000] {dag.py:3239} INFO - Sync 1 DAGs
[2026-06-09T16:51:15.289+0000] {logging_mixin.py:190} INFO - [2026-06-09T16:51:15.289+0000] {dag.py:4180} INFO - Setting next_dagrun for create_analytics_mart to 2026-06-09 02:00:00+00:00, run_after=2026-06-10 02:00:00+00:00
[2026-06-09T16:51:15.305+0000] {processor.py:208} INFO - Processing /opt/airflow/dags/create_mart_dag.py took 0.092 seconds
[2026-06-09T16:51:45.426+0000] {processor.py:186} INFO - Started process (PID=2633) to work on /opt/airflow/dags/create_mart_dag.py
[2026-06-09T16:51:45.427+0000] {processor.py:914} INFO - Processing file /opt/airflow/dags/create_mart_dag.py for tasks to queue
[2026-06-09T16:51:45.429+0000] {logging_mixin.py:190} INFO - [2026-06-09T16:51:45.429+0000] {dagbag.py:588} INFO - Filling up the DagBag from /opt/airflow/dags/create_mart_dag.py
[2026-06-09T16:51:45.453+0000] {processor.py:925} INFO - DAG(s) 'create_analytics_mart' retrieved from /opt/airflow/dags/create_mart_dag.py
[2026-06-09T16:51:45.479+0000] {logging_mixin.py:190} INFO - [2026-06-09T16:51:45.478+0000] {dag.py:3239} INFO - Sync 1 DAGs
[2026-06-09T16:51:45.498+0000] {logging_mixin.py:190} INFO - [2026-06-09T16:51:45.497+0000] {dag.py:4180} INFO - Setting next_dagrun for create_analytics_mart to 2026-06-09 02:00:00+00:00, run_after=2026-06-10 02:00:00+00:00
[2026-06-09T16:51:45.513+0000] {processor.py:208} INFO - Processing /opt/airflow/dags/create_mart_dag.py took 0.092 seconds
[2026-06-09T16:52:15.775+0000] {processor.py:186} INFO - Started process (PID=2649) to work on /opt/airflow/dags/create_mart_dag.py
[2026-06-09T16:52:15.776+0000] {processor.py:914} INFO - Processing file /opt/airflow/dags/create_mart_dag.py for tasks to queue
[2026-06-09T16:52:15.778+0000] {logging_mixin.py:190} INFO - [2026-06-09T16:52:15.778+0000] {dagbag.py:588} INFO - Filling up the DagBag from /opt/airflow/dags/create_mart_dag.py
[2026-06-09T16:52:15.798+0000] {processor.py:925} INFO - DAG(s) 'create_analytics_mart' retrieved from /opt/airflow/dags/create_mart_dag.py
[2026-06-09T16:52:15.820+0000] {logging_mixin.py:190} INFO - [2026-06-09T16:52:15.820+0000] {dag.py:3239} INFO - Sync 1 DAGs
[2026-06-09T16:52:15.839+0000] {logging_mixin.py:190} INFO - [2026-06-09T16:52:15.839+0000] {dag.py:4180} INFO - Setting next_dagrun for create_analytics_mart to 2026-06-09 02:00:00+00:00, run_after=2026-06-10 02:00:00+00:00
[2026-06-09T16:52:15.858+0000] {processor.py:208} INFO - Processing /opt/airflow/dags/create_mart_dag.py took 0.087 seconds
[2026-06-09T16:52:45.950+0000] {processor.py:186} INFO - Started process (PID=2665) to work on /opt/airflow/dags/create_mart_dag.py
[2026-06-09T16:52:45.951+0000] {processor.py:914} INFO - Processing file /opt/airflow/dags/create_mart_dag.py for tasks to queue
[2026-06-09T16:52:45.953+0000] {logging_mixin.py:190} INFO - [2026-06-09T16:52:45.953+0000] {dagbag.py:588} INFO - Filling up the DagBag from /opt/airflow/dags/create_mart_dag.py
[2026-06-09T16:52:45.979+0000] {processor.py:925} INFO - DAG(s) 'create_analytics_mart' retrieved from /opt/airflow/dags/create_mart_dag.py
[2026-06-09T16:52:46.007+0000] {logging_mixin.py:190} INFO - [2026-06-09T16:52:46.007+0000] {dag.py:3239} INFO - Sync 1 DAGs
[2026-06-09T16:52:46.027+0000] {logging_mixin.py:190} INFO - [2026-06-09T16:52:46.027+0000] {dag.py:4180} INFO - Setting next_dagrun for create_analytics_mart to 2026-06-09 02:00:00+00:00, run_after=2026-06-10 02:00:00+00:00
[2026-06-09T16:52:46.046+0000] {processor.py:208} INFO - Processing /opt/airflow/dags/create_mart_dag.py took 0.100 seconds
[2026-06-09T16:53:16.242+0000] {processor.py:186} INFO - Started process (PID=2681) to work on /opt/airflow/dags/create_mart_dag.py
[2026-06-09T16:53:16.243+0000] {processor.py:914} INFO - Processing file /opt/airflow/dags/create_mart_dag.py for tasks to queue
[2026-06-09T16:53:16.245+0000] {logging_mixin.py:190} INFO - [2026-06-09T16:53:16.245+0000] {dagbag.py:588} INFO - Filling up the DagBag from /opt/airflow/dags/create_mart_dag.py
[2026-06-09T16:53:16.268+0000] {processor.py:925} INFO - DAG(s) 'create_analytics_mart' retrieved from /opt/airflow/dags/create_mart_dag.py
[2026-06-09T16:53:16.288+0000] {logging_mixin.py:190} INFO - [2026-06-09T16:53:16.288+0000] {dag.py:3239} INFO - Sync 1 DAGs
[2026-06-09T16:53:16.308+0000] {logging_mixin.py:190} INFO - [2026-06-09T16:53:16.308+0000] {dag.py:4180} INFO - Setting next_dagrun for create_analytics_mart to 2026-06-09 02:00:00+00:00, run_after=2026-06-10 02:00:00+00:00
[2026-06-09T16:53:16.327+0000] {processor.py:208} INFO - Processing /opt/airflow/dags/create_mart_dag.py took 0.089 seconds
[2026-06-09T16:53:46.470+0000] {processor.py:186} INFO - Started process (PID=2697) to work on /opt/airflow/dags/create_mart_dag.py
[2026-06-09T16:53:46.471+0000] {processor.py:914} INFO - Processing file /opt/airflow/dags/create_mart_dag.py for tasks to queue
[2026-06-09T16:53:46.473+0000] {logging_mixin.py:190} INFO - [2026-06-09T16:53:46.473+0000] {dagbag.py:588} INFO - Filling up the DagBag from /opt/airflow/dags/create_mart_dag.py
[2026-06-09T16:53:46.496+0000] {processor.py:925} INFO - DAG(s) 'create_analytics_mart' retrieved from /opt/airflow/dags/create_mart_dag.py
[2026-06-09T16:53:46.518+0000] {logging_mixin.py:190} INFO - [2026-06-09T16:53:46.518+0000] {dag.py:3239} INFO - Sync 1 DAGs
[2026-06-09T16:53:46.659+0000] {logging_mixin.py:190} INFO - [2026-06-09T16:53:46.659+0000] {dag.py:4180} INFO - Setting next_dagrun for create_analytics_mart to 2026-06-09 02:00:00+00:00, run_after=2026-06-10 02:00:00+00:00
[2026-06-09T16:53:46.678+0000] {processor.py:208} INFO - Processing /opt/airflow/dags/create_mart_dag.py took 0.212 seconds
[2026-06-09T16:54:16.765+0000] {processor.py:186} INFO - Started process (PID=2712) to work on /opt/airflow/dags/create_mart_dag.py
[2026-06-09T16:54:16.766+0000] {processor.py:914} INFO - Processing file /opt/airflow/dags/create_mart_dag.py for tasks to queue
[2026-06-09T16:54:16.768+0000] {logging_mixin.py:190} INFO - [2026-06-09T16:54:16.768+0000] {dagbag.py:588} INFO - Filling up the DagBag from /opt/airflow/dags/create_mart_dag.py
[2026-06-09T16:54:16.793+0000] {processor.py:925} INFO - DAG(s) 'create_analytics_mart' retrieved from /opt/airflow/dags/create_mart_dag.py
[2026-06-09T16:54:16.816+0000] {logging_mixin.py:190} INFO - [2026-06-09T16:54:16.816+0000] {dag.py:3239} INFO - Sync 1 DAGs
[2026-06-09T16:54:16.837+0000] {logging_mixin.py:190} INFO - [2026-06-09T16:54:16.837+0000] {dag.py:4180} INFO - Setting next_dagrun for create_analytics_mart to 2026-06-09 02:00:00+00:00, run_after=2026-06-10 02:00:00+00:00
[2026-06-09T16:54:16.856+0000] {processor.py:208} INFO - Processing /opt/airflow/dags/create_mart_dag.py took 0.096 seconds
[2026-06-09T16:54:47.001+0000] {processor.py:186} INFO - Started process (PID=2728) to work on /opt/airflow/dags/create_mart_dag.py
[2026-06-09T16:54:47.002+0000] {processor.py:914} INFO - Processing file /opt/airflow/dags/create_mart_dag.py for tasks to queue
[2026-06-09T16:54:47.005+0000] {logging_mixin.py:190} INFO - [2026-06-09T16:54:47.005+0000] {dagbag.py:588} INFO - Filling up the DagBag from /opt/airflow/dags/create_mart_dag.py
[2026-06-09T16:54:47.026+0000] {processor.py:925} INFO - DAG(s) 'create_analytics_mart' retrieved from /opt/airflow/dags/create_mart_dag.py
[2026-06-09T16:54:47.051+0000] {logging_mixin.py:190} INFO - [2026-06-09T16:54:47.051+0000] {dag.py:3239} INFO - Sync 1 DAGs
[2026-06-09T16:54:47.073+0000] {logging_mixin.py:190} INFO - [2026-06-09T16:54:47.073+0000] {dag.py:4180} INFO - Setting next_dagrun for create_analytics_mart to 2026-06-09 02:00:00+00:00, run_after=2026-06-10 02:00:00+00:00
[2026-06-09T16:54:47.091+0000] {processor.py:208} INFO - Processing /opt/airflow/dags/create_mart_dag.py took 0.095 seconds
[2026-06-09T16:55:17.294+0000] {processor.py:186} INFO - Started process (PID=2744) to work on /opt/airflow/dags/create_mart_dag.py
[2026-06-09T16:55:17.295+0000] {processor.py:914} INFO - Processing file /opt/airflow/dags/create_mart_dag.py for tasks to queue
[2026-06-09T16:55:17.297+0000] {logging_mixin.py:190} INFO - [2026-06-09T16:55:17.297+0000] {dagbag.py:588} INFO - Filling up the DagBag from /opt/airflow/dags/create_mart_dag.py
[2026-06-09T16:55:17.323+0000] {processor.py:925} INFO - DAG(s) 'create_analytics_mart' retrieved from /opt/airflow/dags/create_mart_dag.py
[2026-06-09T16:55:17.344+0000] {logging_mixin.py:190} INFO - [2026-06-09T16:55:17.344+0000] {dag.py:3239} INFO - Sync 1 DAGs
[2026-06-09T16:55:17.363+0000] {logging_mixin.py:190} INFO - [2026-06-09T16:55:17.363+0000] {dag.py:4180} INFO - Setting next_dagrun for create_analytics_mart to 2026-06-09 02:00:00+00:00, run_after=2026-06-10 02:00:00+00:00
[2026-06-09T16:55:17.380+0000] {processor.py:208} INFO - Processing /opt/airflow/dags/create_mart_dag.py took 0.090 seconds
[2026-06-09T16:55:47.623+0000] {processor.py:186} INFO - Started process (PID=2760) to work on /opt/airflow/dags/create_mart_dag.py
[2026-06-09T16:55:47.624+0000] {processor.py:914} INFO - Processing file /opt/airflow/dags/create_mart_dag.py for tasks to queue
[2026-06-09T16:55:47.625+0000] {logging_mixin.py:190} INFO - [2026-06-09T16:55:47.625+0000] {dagbag.py:588} INFO - Filling up the DagBag from /opt/airflow/dags/create_mart_dag.py
[2026-06-09T16:55:47.651+0000] {processor.py:925} INFO - DAG(s) 'create_analytics_mart' retrieved from /opt/airflow/dags/create_mart_dag.py
[2026-06-09T16:55:47.674+0000] {logging_mixin.py:190} INFO - [2026-06-09T16:55:47.673+0000] {dag.py:3239} INFO - Sync 1 DAGs
[2026-06-09T16:55:47.693+0000] {logging_mixin.py:190} INFO - [2026-06-09T16:55:47.693+0000] {dag.py:4180} INFO - Setting next_dagrun for create_analytics_mart to 2026-06-09 02:00:00+00:00, run_after=2026-06-10 02:00:00+00:00
[2026-06-09T16:55:47.711+0000] {processor.py:208} INFO - Processing /opt/airflow/dags/create_mart_dag.py took 0.092 seconds
[2026-06-09T16:56:17.876+0000] {processor.py:186} INFO - Started process (PID=2776) to work on /opt/airflow/dags/create_mart_dag.py
[2026-06-09T16:56:17.877+0000] {processor.py:914} INFO - Processing file /opt/airflow/dags/create_mart_dag.py for tasks to queue
[2026-06-09T16:56:17.878+0000] {logging_mixin.py:190} INFO - [2026-06-09T16:56:17.878+0000] {dagbag.py:588} INFO - Filling up the DagBag from /opt/airflow/dags/create_mart_dag.py
[2026-06-09T16:56:17.902+0000] {processor.py:925} INFO - DAG(s) 'create_analytics_mart' retrieved from /opt/airflow/dags/create_mart_dag.py
[2026-06-09T16:56:17.923+0000] {logging_mixin.py:190} INFO - [2026-06-09T16:56:17.922+0000] {dag.py:3239} INFO - Sync 1 DAGs
[2026-06-09T16:56:17.941+0000] {logging_mixin.py:190} INFO - [2026-06-09T16:56:17.941+0000] {dag.py:4180} INFO - Setting next_dagrun for create_analytics_mart to 2026-06-09 02:00:00+00:00, run_after=2026-06-10 02:00:00+00:00
[2026-06-09T16:56:18.083+0000] {processor.py:208} INFO - Processing /opt/airflow/dags/create_mart_dag.py took 0.211 seconds
[2026-06-09T16:56:48.167+0000] {processor.py:186} INFO - Started process (PID=2792) to work on /opt/airflow/dags/create_mart_dag.py
[2026-06-09T16:56:48.168+0000] {processor.py:914} INFO - Processing file /opt/airflow/dags/create_mart_dag.py for tasks to queue
[2026-06-09T16:56:48.170+0000] {logging_mixin.py:190} INFO - [2026-06-09T16:56:48.169+0000] {dagbag.py:588} INFO - Filling up the DagBag from /opt/airflow/dags/create_mart_dag.py
[2026-06-09T16:56:48.197+0000] {processor.py:925} INFO - DAG(s) 'create_analytics_mart' retrieved from /opt/airflow/dags/create_mart_dag.py
[2026-06-09T16:56:48.219+0000] {logging_mixin.py:190} INFO - [2026-06-09T16:56:48.218+0000] {dag.py:3239} INFO - Sync 1 DAGs
[2026-06-09T16:56:48.359+0000] {logging_mixin.py:190} INFO - [2026-06-09T16:56:48.359+0000] {dag.py:4180} INFO - Setting next_dagrun for create_analytics_mart to 2026-06-09 02:00:00+00:00, run_after=2026-06-10 02:00:00+00:00
[2026-06-09T16:56:48.375+0000] {processor.py:208} INFO - Processing /opt/airflow/dags/create_mart_dag.py took 0.212 seconds
[2026-06-09T16:57:18.607+0000] {processor.py:186} INFO - Started process (PID=2808) to work on /opt/airflow/dags/create_mart_dag.py
[2026-06-09T16:57:18.609+0000] {processor.py:914} INFO - Processing file /opt/airflow/dags/create_mart_dag.py for tasks to queue
[2026-06-09T16:57:18.611+0000] {logging_mixin.py:190} INFO - [2026-06-09T16:57:18.611+0000] {dagbag.py:588} INFO - Filling up the DagBag from /opt/airflow/dags/create_mart_dag.py
[2026-06-09T16:57:18.635+0000] {processor.py:925} INFO - DAG(s) 'create_analytics_mart' retrieved from /opt/airflow/dags/create_mart_dag.py
[2026-06-09T16:57:18.657+0000] {logging_mixin.py:190} INFO - [2026-06-09T16:57:18.657+0000] {dag.py:3239} INFO - Sync 1 DAGs
[2026-06-09T16:57:18.678+0000] {logging_mixin.py:190} INFO - [2026-06-09T16:57:18.677+0000] {dag.py:4180} INFO - Setting next_dagrun for create_analytics_mart to 2026-06-09 02:00:00+00:00, run_after=2026-06-10 02:00:00+00:00
[2026-06-09T16:57:18.696+0000] {processor.py:208} INFO - Processing /opt/airflow/dags/create_mart_dag.py took 0.093 seconds
[2026-06-09T16:57:48.855+0000] {processor.py:186} INFO - Started process (PID=2824) to work on /opt/airflow/dags/create_mart_dag.py
[2026-06-09T16:57:48.856+0000] {processor.py:914} INFO - Processing file /opt/airflow/dags/create_mart_dag.py for tasks to queue
[2026-06-09T16:57:48.858+0000] {logging_mixin.py:190} INFO - [2026-06-09T16:57:48.858+0000] {dagbag.py:588} INFO - Filling up the DagBag from /opt/airflow/dags/create_mart_dag.py
[2026-06-09T16:57:48.881+0000] {processor.py:925} INFO - DAG(s) 'create_analytics_mart' retrieved from /opt/airflow/dags/create_mart_dag.py
[2026-06-09T16:57:48.902+0000] {logging_mixin.py:190} INFO - [2026-06-09T16:57:48.902+0000] {dag.py:3239} INFO - Sync 1 DAGs
[2026-06-09T16:57:48.922+0000] {logging_mixin.py:190} INFO - [2026-06-09T16:57:48.921+0000] {dag.py:4180} INFO - Setting next_dagrun for create_analytics_mart to 2026-06-09 02:00:00+00:00, run_after=2026-06-10 02:00:00+00:00
[2026-06-09T16:57:48.937+0000] {processor.py:208} INFO - Processing /opt/airflow/dags/create_mart_dag.py took 0.087 seconds
[2026-06-09T16:58:19.064+0000] {processor.py:186} INFO - Started process (PID=2840) to work on /opt/airflow/dags/create_mart_dag.py
[2026-06-09T16:58:19.064+0000] {processor.py:914} INFO - Processing file /opt/airflow/dags/create_mart_dag.py for tasks to queue
[2026-06-09T16:58:19.067+0000] {logging_mixin.py:190} INFO - [2026-06-09T16:58:19.067+0000] {dagbag.py:588} INFO - Filling up the DagBag from /opt/airflow/dags/create_mart_dag.py
[2026-06-09T16:58:19.089+0000] {processor.py:925} INFO - DAG(s) 'create_analytics_mart' retrieved from /opt/airflow/dags/create_mart_dag.py
[2026-06-09T16:58:19.110+0000] {logging_mixin.py:190} INFO - [2026-06-09T16:58:19.109+0000] {dag.py:3239} INFO - Sync 1 DAGs
[2026-06-09T16:58:19.129+0000] {logging_mixin.py:190} INFO - [2026-06-09T16:58:19.128+0000] {dag.py:4180} INFO - Setting next_dagrun for create_analytics_mart to 2026-06-09 02:00:00+00:00, run_after=2026-06-10 02:00:00+00:00
[2026-06-09T16:58:19.162+0000] {processor.py:208} INFO - Processing /opt/airflow/dags/create_mart_dag.py took 0.104 seconds
[2026-06-09T16:58:49.378+0000] {processor.py:186} INFO - Started process (PID=2856) to work on /opt/airflow/dags/create_mart_dag.py
[2026-06-09T16:58:49.379+0000] {processor.py:914} INFO - Processing file /opt/airflow/dags/create_mart_dag.py for tasks to queue
[2026-06-09T16:58:49.381+0000] {logging_mixin.py:190} INFO - [2026-06-09T16:58:49.381+0000] {dagbag.py:588} INFO - Filling up the DagBag from /opt/airflow/dags/create_mart_dag.py
[2026-06-09T16:58:49.408+0000] {processor.py:925} INFO - DAG(s) 'create_analytics_mart' retrieved from /opt/airflow/dags/create_mart_dag.py
[2026-06-09T16:58:49.429+0000] {logging_mixin.py:190} INFO - [2026-06-09T16:58:49.429+0000] {dag.py:3239} INFO - Sync 1 DAGs
[2026-06-09T16:58:49.447+0000] {logging_mixin.py:190} INFO - [2026-06-09T16:58:49.447+0000] {dag.py:4180} INFO - Setting next_dagrun for create_analytics_mart to 2026-06-09 02:00:00+00:00, run_after=2026-06-10 02:00:00+00:00
[2026-06-09T16:58:49.468+0000] {processor.py:208} INFO - Processing /opt/airflow/dags/create_mart_dag.py took 0.094 seconds
[2026-06-09T16:59:19.607+0000] {processor.py:186} INFO - Started process (PID=2872) to work on /opt/airflow/dags/create_mart_dag.py
[2026-06-09T16:59:19.608+0000] {processor.py:914} INFO - Processing file /opt/airflow/dags/create_mart_dag.py for tasks to queue
[2026-06-09T16:59:19.610+0000] {logging_mixin.py:190} INFO - [2026-06-09T16:59:19.610+0000] {dagbag.py:588} INFO - Filling up the DagBag from /opt/airflow/dags/create_mart_dag.py
[2026-06-09T16:59:19.633+0000] {processor.py:925} INFO - DAG(s) 'create_analytics_mart' retrieved from /opt/airflow/dags/create_mart_dag.py
[2026-06-09T16:59:19.659+0000] {logging_mixin.py:190} INFO - [2026-06-09T16:59:19.659+0000] {dag.py:3239} INFO - Sync 1 DAGs
[2026-06-09T16:59:19.685+0000] {logging_mixin.py:190} INFO - [2026-06-09T16:59:19.684+0000] {dag.py:4180} INFO - Setting next_dagrun for create_analytics_mart to 2026-06-09 02:00:00+00:00, run_after=2026-06-10 02:00:00+00:00
[2026-06-09T16:59:19.846+0000] {processor.py:208} INFO - Processing /opt/airflow/dags/create_mart_dag.py took 0.244 seconds
[2026-06-09T16:59:50.110+0000] {processor.py:186} INFO - Started process (PID=2888) to work on /opt/airflow/dags/create_mart_dag.py
[2026-06-09T16:59:50.111+0000] {processor.py:914} INFO - Processing file /opt/airflow/dags/create_mart_dag.py for tasks to queue
[2026-06-09T16:59:50.114+0000] {logging_mixin.py:190} INFO - [2026-06-09T16:59:50.114+0000] {dagbag.py:588} INFO - Filling up the DagBag from /opt/airflow/dags/create_mart_dag.py
[2026-06-09T16:59:50.142+0000] {processor.py:925} INFO - DAG(s) 'create_analytics_mart' retrieved from /opt/airflow/dags/create_mart_dag.py
[2026-06-09T16:59:50.175+0000] {logging_mixin.py:190} INFO - [2026-06-09T16:59:50.175+0000] {dag.py:3239} INFO - Sync 1 DAGs
[2026-06-09T16:59:50.347+0000] {logging_mixin.py:190} INFO - [2026-06-09T16:59:50.347+0000] {dag.py:4180} INFO - Setting next_dagrun for create_analytics_mart to 2026-06-09 02:00:00+00:00, run_after=2026-06-10 02:00:00+00:00
[2026-06-09T16:59:50.402+0000] {processor.py:208} INFO - Processing /opt/airflow/dags/create_mart_dag.py took 0.298 seconds
[2026-06-09T17:00:20.727+0000] {processor.py:186} INFO - Started process (PID=2909) to work on /opt/airflow/dags/create_mart_dag.py
[2026-06-09T17:00:20.730+0000] {processor.py:914} INFO - Processing file /opt/airflow/dags/create_mart_dag.py for tasks to queue
[2026-06-09T17:00:20.735+0000] {logging_mixin.py:190} INFO - [2026-06-09T17:00:20.734+0000] {dagbag.py:588} INFO - Filling up the DagBag from /opt/airflow/dags/create_mart_dag.py
[2026-06-09T17:00:20.764+0000] {processor.py:925} INFO - DAG(s) 'create_analytics_mart' retrieved from /opt/airflow/dags/create_mart_dag.py
[2026-06-09T17:00:20.787+0000] {logging_mixin.py:190} INFO - [2026-06-09T17:00:20.787+0000] {dag.py:3239} INFO - Sync 1 DAGs
[2026-06-09T17:00:20.810+0000] {logging_mixin.py:190} INFO - [2026-06-09T17:00:20.810+0000] {dag.py:4180} INFO - Setting next_dagrun for create_analytics_mart to 2026-06-09 02:00:00+00:00, run_after=2026-06-10 02:00:00+00:00
[2026-06-09T17:00:20.829+0000] {processor.py:208} INFO - Processing /opt/airflow/dags/create_mart_dag.py took 0.108 seconds
[2026-06-09T17:00:50.945+0000] {processor.py:186} INFO - Started process (PID=2924) to work on /opt/airflow/dags/create_mart_dag.py
[2026-06-09T17:00:50.946+0000] {processor.py:914} INFO - Processing file /opt/airflow/dags/create_mart_dag.py for tasks to queue
[2026-06-09T17:00:50.949+0000] {logging_mixin.py:190} INFO - [2026-06-09T17:00:50.948+0000] {dagbag.py:588} INFO - Filling up the DagBag from /opt/airflow/dags/create_mart_dag.py
[2026-06-09T17:00:50.978+0000] {processor.py:925} INFO - DAG(s) 'create_analytics_mart' retrieved from /opt/airflow/dags/create_mart_dag.py
[2026-06-09T17:00:51.022+0000] {logging_mixin.py:190} INFO - [2026-06-09T17:00:51.022+0000] {dag.py:3239} INFO - Sync 1 DAGs
[2026-06-09T17:00:51.043+0000] {logging_mixin.py:190} INFO - [2026-06-09T17:00:51.043+0000] {dag.py:4180} INFO - Setting next_dagrun for create_analytics_mart to 2026-06-09 02:00:00+00:00, run_after=2026-06-10 02:00:00+00:00
[2026-06-09T17:00:51.063+0000] {processor.py:208} INFO - Processing /opt/airflow/dags/create_mart_dag.py took 0.123 seconds
[2026-06-09T17:01:21.327+0000] {processor.py:186} INFO - Started process (PID=2940) to work on /opt/airflow/dags/create_mart_dag.py
[2026-06-09T17:01:21.328+0000] {processor.py:914} INFO - Processing file /opt/airflow/dags/create_mart_dag.py for tasks to queue
[2026-06-09T17:01:21.330+0000] {logging_mixin.py:190} INFO - [2026-06-09T17:01:21.330+0000] {dagbag.py:588} INFO - Filling up the DagBag from /opt/airflow/dags/create_mart_dag.py
[2026-06-09T17:01:21.353+0000] {processor.py:925} INFO - DAG(s) 'create_analytics_mart' retrieved from /opt/airflow/dags/create_mart_dag.py
[2026-06-09T17:01:21.373+0000] {logging_mixin.py:190} INFO - [2026-06-09T17:01:21.373+0000] {dag.py:3239} INFO - Sync 1 DAGs
[2026-06-09T17:01:21.392+0000] {logging_mixin.py:190} INFO - [2026-06-09T17:01:21.392+0000] {dag.py:4180} INFO - Setting next_dagrun for create_analytics_mart to 2026-06-09 02:00:00+00:00, run_after=2026-06-10 02:00:00+00:00
[2026-06-09T17:01:21.410+0000] {processor.py:208} INFO - Processing /opt/airflow/dags/create_mart_dag.py took 0.087 seconds
[2026-06-09T17:01:51.563+0000] {processor.py:186} INFO - Started process (PID=2956) to work on /opt/airflow/dags/create_mart_dag.py
[2026-06-09T17:01:51.563+0000] {processor.py:914} INFO - Processing file /opt/airflow/dags/create_mart_dag.py for tasks to queue
[2026-06-09T17:01:51.566+0000] {logging_mixin.py:190} INFO - [2026-06-09T17:01:51.565+0000] {dagbag.py:588} INFO - Filling up the DagBag from /opt/airflow/dags/create_mart_dag.py
[2026-06-09T17:01:51.589+0000] {processor.py:925} INFO - DAG(s) 'create_analytics_mart' retrieved from /opt/airflow/dags/create_mart_dag.py
[2026-06-09T17:01:51.610+0000] {logging_mixin.py:190} INFO - [2026-06-09T17:01:51.610+0000] {dag.py:3239} INFO - Sync 1 DAGs
[2026-06-09T17:01:51.630+0000] {logging_mixin.py:190} INFO - [2026-06-09T17:01:51.630+0000] {dag.py:4180} INFO - Setting next_dagrun for create_analytics_mart to 2026-06-09 02:00:00+00:00, run_after=2026-06-10 02:00:00+00:00
[2026-06-09T17:01:51.647+0000] {processor.py:208} INFO - Processing /opt/airflow/dags/create_mart_dag.py took 0.090 seconds
[2026-06-09T17:02:21.894+0000] {processor.py:186} INFO - Started process (PID=2972) to work on /opt/airflow/dags/create_mart_dag.py
[2026-06-09T17:02:21.896+0000] {processor.py:914} INFO - Processing file /opt/airflow/dags/create_mart_dag.py for tasks to queue
[2026-06-09T17:02:21.898+0000] {logging_mixin.py:190} INFO - [2026-06-09T17:02:21.897+0000] {dagbag.py:588} INFO - Filling up the DagBag from /opt/airflow/dags/create_mart_dag.py
[2026-06-09T17:02:21.918+0000] {processor.py:925} INFO - DAG(s) 'create_analytics_mart' retrieved from /opt/airflow/dags/create_mart_dag.py
[2026-06-09T17:02:21.941+0000] {logging_mixin.py:190} INFO - [2026-06-09T17:02:21.941+0000] {dag.py:3239} INFO - Sync 1 DAGs
[2026-06-09T17:02:22.082+0000] {logging_mixin.py:190} INFO - [2026-06-09T17:02:22.082+0000] {dag.py:4180} INFO - Setting next_dagrun for create_analytics_mart to 2026-06-09 02:00:00+00:00, run_after=2026-06-10 02:00:00+00:00
[2026-06-09T17:02:22.099+0000] {processor.py:208} INFO - Processing /opt/airflow/dags/create_mart_dag.py took 0.208 seconds
[2026-06-09T17:02:52.320+0000] {processor.py:186} INFO - Started process (PID=2988) to work on /opt/airflow/dags/create_mart_dag.py
[2026-06-09T17:02:52.321+0000] {processor.py:914} INFO - Processing file /opt/airflow/dags/create_mart_dag.py for tasks to queue
[2026-06-09T17:02:52.324+0000] {logging_mixin.py:190} INFO - [2026-06-09T17:02:52.323+0000] {dagbag.py:588} INFO - Filling up the DagBag from /opt/airflow/dags/create_mart_dag.py
[2026-06-09T17:02:52.348+0000] {processor.py:925} INFO - DAG(s) 'create_analytics_mart' retrieved from /opt/airflow/dags/create_mart_dag.py
[2026-06-09T17:02:52.367+0000] {logging_mixin.py:190} INFO - [2026-06-09T17:02:52.367+0000] {dag.py:3239} INFO - Sync 1 DAGs
[2026-06-09T17:02:52.386+0000] {logging_mixin.py:190} INFO - [2026-06-09T17:02:52.386+0000] {dag.py:4180} INFO - Setting next_dagrun for create_analytics_mart to 2026-06-09 02:00:00+00:00, run_after=2026-06-10 02:00:00+00:00
[2026-06-09T17:02:52.405+0000] {processor.py:208} INFO - Processing /opt/airflow/dags/create_mart_dag.py took 0.090 seconds
[2026-06-09T17:03:22.528+0000] {processor.py:186} INFO - Started process (PID=3004) to work on /opt/airflow/dags/create_mart_dag.py
[2026-06-09T17:03:22.529+0000] {processor.py:914} INFO - Processing file /opt/airflow/dags/create_mart_dag.py for tasks to queue
[2026-06-09T17:03:22.532+0000] {logging_mixin.py:190} INFO - [2026-06-09T17:03:22.532+0000] {dagbag.py:588} INFO - Filling up the DagBag from /opt/airflow/dags/create_mart_dag.py
[2026-06-09T17:03:22.557+0000] {processor.py:925} INFO - DAG(s) 'create_analytics_mart' retrieved from /opt/airflow/dags/create_mart_dag.py
[2026-06-09T17:03:22.576+0000] {logging_mixin.py:190} INFO - [2026-06-09T17:03:22.576+0000] {dag.py:3239} INFO - Sync 1 DAGs
[2026-06-09T17:03:22.595+0000] {logging_mixin.py:190} INFO - [2026-06-09T17:03:22.595+0000] {dag.py:4180} INFO - Setting next_dagrun for create_analytics_mart to 2026-06-09 02:00:00+00:00, run_after=2026-06-10 02:00:00+00:00
[2026-06-09T17:03:22.612+0000] {processor.py:208} INFO - Processing /opt/airflow/dags/create_mart_dag.py took 0.089 seconds
[2026-06-09T17:03:52.849+0000] {processor.py:186} INFO - Started process (PID=3020) to work on /opt/airflow/dags/create_mart_dag.py
[2026-06-09T17:03:52.850+0000] {processor.py:914} INFO - Processing file /opt/airflow/dags/create_mart_dag.py for tasks to queue
[2026-06-09T17:03:52.853+0000] {logging_mixin.py:190} INFO - [2026-06-09T17:03:52.852+0000] {dagbag.py:588} INFO - Filling up the DagBag from /opt/airflow/dags/create_mart_dag.py
[2026-06-09T17:03:52.874+0000] {processor.py:925} INFO - DAG(s) 'create_analytics_mart' retrieved from /opt/airflow/dags/create_mart_dag.py
[2026-06-09T17:03:52.895+0000] {logging_mixin.py:190} INFO - [2026-06-09T17:03:52.895+0000] {dag.py:3239} INFO - Sync 1 DAGs
[2026-06-09T17:03:52.914+0000] {logging_mixin.py:190} INFO - [2026-06-09T17:03:52.914+0000] {dag.py:4180} INFO - Setting next_dagrun for create_analytics_mart to 2026-06-09 02:00:00+00:00, run_after=2026-06-10 02:00:00+00:00
[2026-06-09T17:03:52.931+0000] {processor.py:208} INFO - Processing /opt/airflow/dags/create_mart_dag.py took 0.086 seconds
[2026-06-09T17:04:23.113+0000] {processor.py:186} INFO - Started process (PID=3036) to work on /opt/airflow/dags/create_mart_dag.py
[2026-06-09T17:04:23.114+0000] {processor.py:914} INFO - Processing file /opt/airflow/dags/create_mart_dag.py for tasks to queue
[2026-06-09T17:04:23.116+0000] {logging_mixin.py:190} INFO - [2026-06-09T17:04:23.116+0000] {dagbag.py:588} INFO - Filling up the DagBag from /opt/airflow/dags/create_mart_dag.py
[2026-06-09T17:04:23.140+0000] {processor.py:925} INFO - DAG(s) 'create_analytics_mart' retrieved from /opt/airflow/dags/create_mart_dag.py
[2026-06-09T17:04:23.163+0000] {logging_mixin.py:190} INFO - [2026-06-09T17:04:23.163+0000] {dag.py:3239} INFO - Sync 1 DAGs
[2026-06-09T17:04:23.186+0000] {logging_mixin.py:190} INFO - [2026-06-09T17:04:23.186+0000] {dag.py:4180} INFO - Setting next_dagrun for create_analytics_mart to 2026-06-09 02:00:00+00:00, run_after=2026-06-10 02:00:00+00:00
[2026-06-09T17:04:23.204+0000] {processor.py:208} INFO - Processing /opt/airflow/dags/create_mart_dag.py took 0.095 seconds
[2026-06-09T17:04:53.401+0000] {processor.py:186} INFO - Started process (PID=3052) to work on /opt/airflow/dags/create_mart_dag.py
[2026-06-09T17:04:53.402+0000] {processor.py:914} INFO - Processing file /opt/airflow/dags/create_mart_dag.py for tasks to queue
[2026-06-09T17:04:53.404+0000] {logging_mixin.py:190} INFO - [2026-06-09T17:04:53.404+0000] {dagbag.py:588} INFO - Filling up the DagBag from /opt/airflow/dags/create_mart_dag.py
[2026-06-09T17:04:53.429+0000] {processor.py:925} INFO - DAG(s) 'create_analytics_mart' retrieved from /opt/airflow/dags/create_mart_dag.py
[2026-06-09T17:04:53.449+0000] {logging_mixin.py:190} INFO - [2026-06-09T17:04:53.449+0000] {dag.py:3239} INFO - Sync 1 DAGs
[2026-06-09T17:04:53.471+0000] {logging_mixin.py:190} INFO - [2026-06-09T17:04:53.470+0000] {dag.py:4180} INFO - Setting next_dagrun for create_analytics_mart to 2026-06-09 02:00:00+00:00, run_after=2026-06-10 02:00:00+00:00
[2026-06-09T17:04:53.608+0000] {processor.py:208} INFO - Processing /opt/airflow/dags/create_mart_dag.py took 0.211 seconds
[2026-06-09T17:05:23.696+0000] {processor.py:186} INFO - Started process (PID=3068) to work on /opt/airflow/dags/create_mart_dag.py
[2026-06-09T17:05:23.697+0000] {processor.py:914} INFO - Processing file /opt/airflow/dags/create_mart_dag.py for tasks to queue
[2026-06-09T17:05:23.699+0000] {logging_mixin.py:190} INFO - [2026-06-09T17:05:23.699+0000] {dagbag.py:588} INFO - Filling up the DagBag from /opt/airflow/dags/create_mart_dag.py
[2026-06-09T17:05:23.723+0000] {processor.py:925} INFO - DAG(s) 'create_analytics_mart' retrieved from /opt/airflow/dags/create_mart_dag.py
[2026-06-09T17:05:23.750+0000] {logging_mixin.py:190} INFO - [2026-06-09T17:05:23.750+0000] {dag.py:3239} INFO - Sync 1 DAGs
[2026-06-09T17:05:23.898+0000] {logging_mixin.py:190} INFO - [2026-06-09T17:05:23.897+0000] {dag.py:4180} INFO - Setting next_dagrun for create_analytics_mart to 2026-06-09 02:00:00+00:00, run_after=2026-06-10 02:00:00+00:00
[2026-06-09T17:05:23.915+0000] {processor.py:208} INFO - Processing /opt/airflow/dags/create_mart_dag.py took 0.224 seconds
[2026-06-09T17:05:54.099+0000] {processor.py:186} INFO - Started process (PID=3084) to work on /opt/airflow/dags/create_mart_dag.py
[2026-06-09T17:05:54.100+0000] {processor.py:914} INFO - Processing file /opt/airflow/dags/create_mart_dag.py for tasks to queue
[2026-06-09T17:05:54.104+0000] {logging_mixin.py:190} INFO - [2026-06-09T17:05:54.104+0000] {dagbag.py:588} INFO - Filling up the DagBag from /opt/airflow/dags/create_mart_dag.py
[2026-06-09T17:05:54.135+0000] {processor.py:925} INFO - DAG(s) 'create_analytics_mart' retrieved from /opt/airflow/dags/create_mart_dag.py
[2026-06-09T17:05:54.158+0000] {logging_mixin.py:190} INFO - [2026-06-09T17:05:54.158+0000] {dag.py:3239} INFO - Sync 1 DAGs
[2026-06-09T17:05:54.178+0000] {logging_mixin.py:190} INFO - [2026-06-09T17:05:54.178+0000] {dag.py:4180} INFO - Setting next_dagrun for create_analytics_mart to 2026-06-09 02:00:00+00:00, run_after=2026-06-10 02:00:00+00:00
[2026-06-09T17:05:54.195+0000] {processor.py:208} INFO - Processing /opt/airflow/dags/create_mart_dag.py took 0.106 seconds
[2026-06-09T17:06:24.425+0000] {processor.py:186} INFO - Started process (PID=3100) to work on /opt/airflow/dags/create_mart_dag.py
[2026-06-09T17:06:24.426+0000] {processor.py:914} INFO - Processing file /opt/airflow/dags/create_mart_dag.py for tasks to queue
[2026-06-09T17:06:24.429+0000] {logging_mixin.py:190} INFO - [2026-06-09T17:06:24.428+0000] {dagbag.py:588} INFO - Filling up the DagBag from /opt/airflow/dags/create_mart_dag.py
[2026-06-09T17:06:24.453+0000] {processor.py:925} INFO - DAG(s) 'create_analytics_mart' retrieved from /opt/airflow/dags/create_mart_dag.py
[2026-06-09T17:06:24.474+0000] {logging_mixin.py:190} INFO - [2026-06-09T17:06:24.474+0000] {dag.py:3239} INFO - Sync 1 DAGs
[2026-06-09T17:06:24.497+0000] {logging_mixin.py:190} INFO - [2026-06-09T17:06:24.497+0000] {dag.py:4180} INFO - Setting next_dagrun for create_analytics_mart to 2026-06-09 02:00:00+00:00, run_after=2026-06-10 02:00:00+00:00
[2026-06-09T17:06:24.518+0000] {processor.py:208} INFO - Processing /opt/airflow/dags/create_mart_dag.py took 0.097 seconds
[2026-06-09T17:06:54.651+0000] {processor.py:186} INFO - Started process (PID=3116) to work on /opt/airflow/dags/create_mart_dag.py
[2026-06-09T17:06:54.652+0000] {processor.py:914} INFO - Processing file /opt/airflow/dags/create_mart_dag.py for tasks to queue
[2026-06-09T17:06:54.654+0000] {logging_mixin.py:190} INFO - [2026-06-09T17:06:54.654+0000] {dagbag.py:588} INFO - Filling up the DagBag from /opt/airflow/dags/create_mart_dag.py
[2026-06-09T17:06:54.679+0000] {processor.py:925} INFO - DAG(s) 'create_analytics_mart' retrieved from /opt/airflow/dags/create_mart_dag.py
[2026-06-09T17:06:54.702+0000] {logging_mixin.py:190} INFO - [2026-06-09T17:06:54.701+0000] {dag.py:3239} INFO - Sync 1 DAGs
[2026-06-09T17:06:54.727+0000] {logging_mixin.py:190} INFO - [2026-06-09T17:06:54.726+0000] {dag.py:4180} INFO - Setting next_dagrun for create_analytics_mart to 2026-06-09 02:00:00+00:00, run_after=2026-06-10 02:00:00+00:00
[2026-06-09T17:06:54.750+0000] {processor.py:208} INFO - Processing /opt/airflow/dags/create_mart_dag.py took 0.105 seconds
[2026-06-09T17:07:24.982+0000] {processor.py:186} INFO - Started process (PID=3133) to work on /opt/airflow/dags/create_mart_dag.py
[2026-06-09T17:07:24.983+0000] {processor.py:914} INFO - Processing file /opt/airflow/dags/create_mart_dag.py for tasks to queue
[2026-06-09T17:07:24.985+0000] {logging_mixin.py:190} INFO - [2026-06-09T17:07:24.985+0000] {dagbag.py:588} INFO - Filling up the DagBag from /opt/airflow/dags/create_mart_dag.py
[2026-06-09T17:07:25.007+0000] {processor.py:925} INFO - DAG(s) 'create_analytics_mart' retrieved from /opt/airflow/dags/create_mart_dag.py
[2026-06-09T17:07:25.028+0000] {logging_mixin.py:190} INFO - [2026-06-09T17:07:25.028+0000] {dag.py:3239} INFO - Sync 1 DAGs
[2026-06-09T17:07:25.049+0000] {logging_mixin.py:190} INFO - [2026-06-09T17:07:25.049+0000] {dag.py:4180} INFO - Setting next_dagrun for create_analytics_mart to 2026-06-09 02:00:00+00:00, run_after=2026-06-10 02:00:00+00:00
[2026-06-09T17:07:25.068+0000] {processor.py:208} INFO - Processing /opt/airflow/dags/create_mart_dag.py took 0.091 seconds
[2026-06-09T17:07:55.248+0000] {processor.py:186} INFO - Started process (PID=3149) to work on /opt/airflow/dags/create_mart_dag.py
[2026-06-09T17:07:55.248+0000] {processor.py:914} INFO - Processing file /opt/airflow/dags/create_mart_dag.py for tasks to queue
[2026-06-09T17:07:55.250+0000] {logging_mixin.py:190} INFO - [2026-06-09T17:07:55.250+0000] {dagbag.py:588} INFO - Filling up the DagBag from /opt/airflow/dags/create_mart_dag.py
[2026-06-09T17:07:55.276+0000] {processor.py:925} INFO - DAG(s) 'create_analytics_mart' retrieved from /opt/airflow/dags/create_mart_dag.py
[2026-06-09T17:07:55.302+0000] {logging_mixin.py:190} INFO - [2026-06-09T17:07:55.302+0000] {dag.py:3239} INFO - Sync 1 DAGs
[2026-06-09T17:07:55.323+0000] {logging_mixin.py:190} INFO - [2026-06-09T17:07:55.322+0000] {dag.py:4180} INFO - Setting next_dagrun for create_analytics_mart to 2026-06-09 02:00:00+00:00, run_after=2026-06-10 02:00:00+00:00
[2026-06-09T17:07:55.470+0000] {processor.py:208} INFO - Processing /opt/airflow/dags/create_mart_dag.py took 0.227 seconds
[2026-06-09T17:08:25.528+0000] {processor.py:186} INFO - Started process (PID=3165) to work on /opt/airflow/dags/create_mart_dag.py
[2026-06-09T17:08:25.530+0000] {processor.py:914} INFO - Processing file /opt/airflow/dags/create_mart_dag.py for tasks to queue
[2026-06-09T17:08:25.532+0000] {logging_mixin.py:190} INFO - [2026-06-09T17:08:25.532+0000] {dagbag.py:588} INFO - Filling up the DagBag from /opt/airflow/dags/create_mart_dag.py
[2026-06-09T17:08:25.554+0000] {processor.py:925} INFO - DAG(s) 'create_analytics_mart' retrieved from /opt/airflow/dags/create_mart_dag.py
[2026-06-09T17:08:25.577+0000] {logging_mixin.py:190} INFO - [2026-06-09T17:08:25.577+0000] {dag.py:3239} INFO - Sync 1 DAGs
[2026-06-09T17:08:25.720+0000] {logging_mixin.py:190} INFO - [2026-06-09T17:08:25.720+0000] {dag.py:4180} INFO - Setting next_dagrun for create_analytics_mart to 2026-06-09 02:00:00+00:00, run_after=2026-06-10 02:00:00+00:00
[2026-06-09T17:08:25.738+0000] {processor.py:208} INFO - Processing /opt/airflow/dags/create_mart_dag.py took 0.214 seconds
[2026-06-09T17:08:55.949+0000] {processor.py:186} INFO - Started process (PID=3181) to work on /opt/airflow/dags/create_mart_dag.py
[2026-06-09T17:08:55.950+0000] {processor.py:914} INFO - Processing file /opt/airflow/dags/create_mart_dag.py for tasks to queue
[2026-06-09T17:08:55.953+0000] {logging_mixin.py:190} INFO - [2026-06-09T17:08:55.952+0000] {dagbag.py:588} INFO - Filling up the DagBag from /opt/airflow/dags/create_mart_dag.py
[2026-06-09T17:08:55.983+0000] {processor.py:925} INFO - DAG(s) 'create_analytics_mart' retrieved from /opt/airflow/dags/create_mart_dag.py
[2026-06-09T17:08:56.010+0000] {logging_mixin.py:190} INFO - [2026-06-09T17:08:56.010+0000] {dag.py:3239} INFO - Sync 1 DAGs
[2026-06-09T17:08:56.035+0000] {logging_mixin.py:190} INFO - [2026-06-09T17:08:56.035+0000] {dag.py:4180} INFO - Setting next_dagrun for create_analytics_mart to 2026-06-09 02:00:00+00:00, run_after=2026-06-10 02:00:00+00:00
[2026-06-09T17:08:56.058+0000] {processor.py:208} INFO - Processing /opt/airflow/dags/create_mart_dag.py took 0.114 seconds
[2026-06-09T17:09:26.172+0000] {processor.py:186} INFO - Started process (PID=3197) to work on /opt/airflow/dags/create_mart_dag.py
[2026-06-09T17:09:26.173+0000] {processor.py:914} INFO - Processing file /opt/airflow/dags/create_mart_dag.py for tasks to queue
[2026-06-09T17:09:26.175+0000] {logging_mixin.py:190} INFO - [2026-06-09T17:09:26.175+0000] {dagbag.py:588} INFO - Filling up the DagBag from /opt/airflow/dags/create_mart_dag.py
[2026-06-09T17:09:26.196+0000] {processor.py:925} INFO - DAG(s) 'create_analytics_mart' retrieved from /opt/airflow/dags/create_mart_dag.py
[2026-06-09T17:09:26.216+0000] {logging_mixin.py:190} INFO - [2026-06-09T17:09:26.216+0000] {dag.py:3239} INFO - Sync 1 DAGs
[2026-06-09T17:09:26.234+0000] {logging_mixin.py:190} INFO - [2026-06-09T17:09:26.234+0000] {dag.py:4180} INFO - Setting next_dagrun for create_analytics_mart to 2026-06-09 02:00:00+00:00, run_after=2026-06-10 02:00:00+00:00
[2026-06-09T17:09:26.252+0000] {processor.py:208} INFO - Processing /opt/airflow/dags/create_mart_dag.py took 0.084 seconds
[2026-06-09T17:09:56.410+0000] {processor.py:186} INFO - Started process (PID=3213) to work on /opt/airflow/dags/create_mart_dag.py
[2026-06-09T17:09:56.411+0000] {processor.py:914} INFO - Processing file /opt/airflow/dags/create_mart_dag.py for tasks to queue
[2026-06-09T17:09:56.413+0000] {logging_mixin.py:190} INFO - [2026-06-09T17:09:56.413+0000] {dagbag.py:588} INFO - Filling up the DagBag from /opt/airflow/dags/create_mart_dag.py
[2026-06-09T17:09:56.433+0000] {processor.py:925} INFO - DAG(s) 'create_analytics_mart' retrieved from /opt/airflow/dags/create_mart_dag.py
[2026-06-09T17:09:56.456+0000] {logging_mixin.py:190} INFO - [2026-06-09T17:09:56.456+0000] {dag.py:3239} INFO - Sync 1 DAGs
[2026-06-09T17:09:56.476+0000] {logging_mixin.py:190} INFO - [2026-06-09T17:09:56.476+0000] {dag.py:4180} INFO - Setting next_dagrun for create_analytics_mart to 2026-06-09 02:00:00+00:00, run_after=2026-06-10 02:00:00+00:00
[2026-06-09T17:09:56.495+0000] {processor.py:208} INFO - Processing /opt/airflow/dags/create_mart_dag.py took 0.089 seconds
[2026-06-09T17:10:26.678+0000] {processor.py:186} INFO - Started process (PID=3229) to work on /opt/airflow/dags/create_mart_dag.py
[2026-06-09T17:10:26.679+0000] {processor.py:914} INFO - Processing file /opt/airflow/dags/create_mart_dag.py for tasks to queue
[2026-06-09T17:10:26.681+0000] {logging_mixin.py:190} INFO - [2026-06-09T17:10:26.681+0000] {dagbag.py:588} INFO - Filling up the DagBag from /opt/airflow/dags/create_mart_dag.py
[2026-06-09T17:10:26.711+0000] {processor.py:925} INFO - DAG(s) 'create_analytics_mart' retrieved from /opt/airflow/dags/create_mart_dag.py
[2026-06-09T17:10:26.733+0000] {logging_mixin.py:190} INFO - [2026-06-09T17:10:26.733+0000] {dag.py:3239} INFO - Sync 1 DAGs
[2026-06-09T17:10:26.752+0000] {logging_mixin.py:190} INFO - [2026-06-09T17:10:26.751+0000] {dag.py:4180} INFO - Setting next_dagrun for create_analytics_mart to 2026-06-09 02:00:00+00:00, run_after=2026-06-10 02:00:00+00:00
[2026-06-09T17:10:26.772+0000] {processor.py:208} INFO - Processing /opt/airflow/dags/create_mart_dag.py took 0.099 seconds
[2026-06-09T17:10:56.921+0000] {processor.py:186} INFO - Started process (PID=3245) to work on /opt/airflow/dags/create_mart_dag.py
[2026-06-09T17:10:56.922+0000] {processor.py:914} INFO - Processing file /opt/airflow/dags/create_mart_dag.py for tasks to queue
[2026-06-09T17:10:56.924+0000] {logging_mixin.py:190} INFO - [2026-06-09T17:10:56.923+0000] {dagbag.py:588} INFO - Filling up the DagBag from /opt/airflow/dags/create_mart_dag.py
[2026-06-09T17:10:56.947+0000] {processor.py:925} INFO - DAG(s) 'create_analytics_mart' retrieved from /opt/airflow/dags/create_mart_dag.py
[2026-06-09T17:10:56.970+0000] {logging_mixin.py:190} INFO - [2026-06-09T17:10:56.970+0000] {dag.py:3239} INFO - Sync 1 DAGs
[2026-06-09T17:10:57.110+0000] {logging_mixin.py:190} INFO - [2026-06-09T17:10:57.110+0000] {dag.py:4180} INFO - Setting next_dagrun for create_analytics_mart to 2026-06-09 02:00:00+00:00, run_after=2026-06-10 02:00:00+00:00
[2026-06-09T17:10:57.128+0000] {processor.py:208} INFO - Processing /opt/airflow/dags/create_mart_dag.py took 0.211 seconds
[2026-06-09T17:11:27.235+0000] {processor.py:186} INFO - Started process (PID=3261) to work on /opt/airflow/dags/create_mart_dag.py
[2026-06-09T17:11:27.236+0000] {processor.py:914} INFO - Processing file /opt/airflow/dags/create_mart_dag.py for tasks to queue
[2026-06-09T17:11:27.238+0000] {logging_mixin.py:190} INFO - [2026-06-09T17:11:27.238+0000] {dagbag.py:588} INFO - Filling up the DagBag from /opt/airflow/dags/create_mart_dag.py
[2026-06-09T17:11:27.265+0000] {processor.py:925} INFO - DAG(s) 'create_analytics_mart' retrieved from /opt/airflow/dags/create_mart_dag.py
[2026-06-09T17:11:27.290+0000] {logging_mixin.py:190} INFO - [2026-06-09T17:11:27.290+0000] {dag.py:3239} INFO - Sync 1 DAGs
[2026-06-09T17:11:27.313+0000] {logging_mixin.py:190} INFO - [2026-06-09T17:11:27.313+0000] {dag.py:4180} INFO - Setting next_dagrun for create_analytics_mart to 2026-06-09 02:00:00+00:00, run_after=2026-06-10 02:00:00+00:00
[2026-06-09T17:11:27.346+0000] {processor.py:208} INFO - Processing /opt/airflow/dags/create_mart_dag.py took 0.116 seconds
[2026-06-09T17:11:57.627+0000] {processor.py:186} INFO - Started process (PID=3277) to work on /opt/airflow/dags/create_mart_dag.py
[2026-06-09T17:11:57.628+0000] {processor.py:914} INFO - Processing file /opt/airflow/dags/create_mart_dag.py for tasks to queue
[2026-06-09T17:11:57.630+0000] {logging_mixin.py:190} INFO - [2026-06-09T17:11:57.630+0000] {dagbag.py:588} INFO - Filling up the DagBag from /opt/airflow/dags/create_mart_dag.py
[2026-06-09T17:11:57.656+0000] {processor.py:925} INFO - DAG(s) 'create_analytics_mart' retrieved from /opt/airflow/dags/create_mart_dag.py
[2026-06-09T17:11:57.683+0000] {logging_mixin.py:190} INFO - [2026-06-09T17:11:57.682+0000] {dag.py:3239} INFO - Sync 1 DAGs
[2026-06-09T17:11:57.703+0000] {logging_mixin.py:190} INFO - [2026-06-09T17:11:57.703+0000] {dag.py:4180} INFO - Setting next_dagrun for create_analytics_mart to 2026-06-09 02:00:00+00:00, run_after=2026-06-10 02:00:00+00:00
[2026-06-09T17:11:57.719+0000] {processor.py:208} INFO - Processing /opt/airflow/dags/create_mart_dag.py took 0.096 seconds
[2026-06-09T17:12:27.968+0000] {processor.py:186} INFO - Started process (PID=3293) to work on /opt/airflow/dags/create_mart_dag.py
[2026-06-09T17:12:27.970+0000] {processor.py:914} INFO - Processing file /opt/airflow/dags/create_mart_dag.py for tasks to queue
[2026-06-09T17:12:27.972+0000] {logging_mixin.py:190} INFO - [2026-06-09T17:12:27.972+0000] {dagbag.py:588} INFO - Filling up the DagBag from /opt/airflow/dags/create_mart_dag.py
[2026-06-09T17:12:27.993+0000] {processor.py:925} INFO - DAG(s) 'create_analytics_mart' retrieved from /opt/airflow/dags/create_mart_dag.py
[2026-06-09T17:12:28.017+0000] {logging_mixin.py:190} INFO - [2026-06-09T17:12:28.017+0000] {dag.py:3239} INFO - Sync 1 DAGs
[2026-06-09T17:12:28.038+0000] {logging_mixin.py:190} INFO - [2026-06-09T17:12:28.038+0000] {dag.py:4180} INFO - Setting next_dagrun for create_analytics_mart to 2026-06-09 02:00:00+00:00, run_after=2026-06-10 02:00:00+00:00
[2026-06-09T17:12:28.056+0000] {processor.py:208} INFO - Processing /opt/airflow/dags/create_mart_dag.py took 0.091 seconds
[2026-06-09T17:12:58.275+0000] {processor.py:186} INFO - Started process (PID=3309) to work on /opt/airflow/dags/create_mart_dag.py
[2026-06-09T17:12:58.276+0000] {processor.py:914} INFO - Processing file /opt/airflow/dags/create_mart_dag.py for tasks to queue
[2026-06-09T17:12:58.279+0000] {logging_mixin.py:190} INFO - [2026-06-09T17:12:58.278+0000] {dagbag.py:588} INFO - Filling up the DagBag from /opt/airflow/dags/create_mart_dag.py
[2026-06-09T17:12:58.303+0000] {processor.py:925} INFO - DAG(s) 'create_analytics_mart' retrieved from /opt/airflow/dags/create_mart_dag.py
[2026-06-09T17:12:58.329+0000] {logging_mixin.py:190} INFO - [2026-06-09T17:12:58.329+0000] {dag.py:3239} INFO - Sync 1 DAGs
[2026-06-09T17:12:58.350+0000] {logging_mixin.py:190} INFO - [2026-06-09T17:12:58.350+0000] {dag.py:4180} INFO - Setting next_dagrun for create_analytics_mart to 2026-06-09 02:00:00+00:00, run_after=2026-06-10 02:00:00+00:00
[2026-06-09T17:12:58.368+0000] {processor.py:208} INFO - Processing /opt/airflow/dags/create_mart_dag.py took 0.097 seconds
[2026-06-09T17:13:28.538+0000] {processor.py:186} INFO - Started process (PID=3325) to work on /opt/airflow/dags/create_mart_dag.py
[2026-06-09T17:13:28.539+0000] {processor.py:914} INFO - Processing file /opt/airflow/dags/create_mart_dag.py for tasks to queue
[2026-06-09T17:13:28.542+0000] {logging_mixin.py:190} INFO - [2026-06-09T17:13:28.542+0000] {dagbag.py:588} INFO - Filling up the DagBag from /opt/airflow/dags/create_mart_dag.py
[2026-06-09T17:13:28.569+0000] {processor.py:925} INFO - DAG(s) 'create_analytics_mart' retrieved from /opt/airflow/dags/create_mart_dag.py
[2026-06-09T17:13:28.595+0000] {logging_mixin.py:190} INFO - [2026-06-09T17:13:28.595+0000] {dag.py:3239} INFO - Sync 1 DAGs
[2026-06-09T17:13:28.615+0000] {logging_mixin.py:190} INFO - [2026-06-09T17:13:28.615+0000] {dag.py:4180} INFO - Setting next_dagrun for create_analytics_mart to 2026-06-09 02:00:00+00:00, run_after=2026-06-10 02:00:00+00:00
[2026-06-09T17:13:28.763+0000] {processor.py:208} INFO - Processing /opt/airflow/dags/create_mart_dag.py took 0.230 seconds
[2026-06-09T17:13:58.838+0000] {processor.py:186} INFO - Started process (PID=3341) to work on /opt/airflow/dags/create_mart_dag.py
[2026-06-09T17:13:58.838+0000] {processor.py:914} INFO - Processing file /opt/airflow/dags/create_mart_dag.py for tasks to queue
[2026-06-09T17:13:58.841+0000] {logging_mixin.py:190} INFO - [2026-06-09T17:13:58.840+0000] {dagbag.py:588} INFO - Filling up the DagBag from /opt/airflow/dags/create_mart_dag.py
[2026-06-09T17:13:58.868+0000] {processor.py:925} INFO - DAG(s) 'create_analytics_mart' retrieved from /opt/airflow/dags/create_mart_dag.py
[2026-06-09T17:13:58.891+0000] {logging_mixin.py:190} INFO - [2026-06-09T17:13:58.891+0000] {dag.py:3239} INFO - Sync 1 DAGs
[2026-06-09T17:13:59.030+0000] {logging_mixin.py:190} INFO - [2026-06-09T17:13:59.030+0000] {dag.py:4180} INFO - Setting next_dagrun for create_analytics_mart to 2026-06-09 02:00:00+00:00, run_after=2026-06-10 02:00:00+00:00
[2026-06-09T17:13:59.044+0000] {processor.py:208} INFO - Processing /opt/airflow/dags/create_mart_dag.py took 0.212 seconds
[2026-06-09T17:14:29.284+0000] {processor.py:186} INFO - Started process (PID=3357) to work on /opt/airflow/dags/create_mart_dag.py
[2026-06-09T17:14:29.285+0000] {processor.py:914} INFO - Processing file /opt/airflow/dags/create_mart_dag.py for tasks to queue
[2026-06-09T17:14:29.287+0000] {logging_mixin.py:190} INFO - [2026-06-09T17:14:29.287+0000] {dagbag.py:588} INFO - Filling up the DagBag from /opt/airflow/dags/create_mart_dag.py
[2026-06-09T17:14:29.312+0000] {processor.py:925} INFO - DAG(s) 'create_analytics_mart' retrieved from /opt/airflow/dags/create_mart_dag.py
[2026-06-09T17:14:29.334+0000] {logging_mixin.py:190} INFO - [2026-06-09T17:14:29.334+0000] {dag.py:3239} INFO - Sync 1 DAGs
[2026-06-09T17:14:29.357+0000] {logging_mixin.py:190} INFO - [2026-06-09T17:14:29.357+0000] {dag.py:4180} INFO - Setting next_dagrun for create_analytics_mart to 2026-06-09 02:00:00+00:00, run_after=2026-06-10 02:00:00+00:00
[2026-06-09T17:14:29.377+0000] {processor.py:208} INFO - Processing /opt/airflow/dags/create_mart_dag.py took 0.098 seconds
[2026-06-09T17:14:59.547+0000] {processor.py:186} INFO - Started process (PID=3373) to work on /opt/airflow/dags/create_mart_dag.py
[2026-06-09T17:14:59.548+0000] {processor.py:914} INFO - Processing file /opt/airflow/dags/create_mart_dag.py for tasks to queue
[2026-06-09T17:14:59.550+0000] {logging_mixin.py:190} INFO - [2026-06-09T17:14:59.550+0000] {dagbag.py:588} INFO - Filling up the DagBag from /opt/airflow/dags/create_mart_dag.py
[2026-06-09T17:14:59.577+0000] {processor.py:925} INFO - DAG(s) 'create_analytics_mart' retrieved from /opt/airflow/dags/create_mart_dag.py
[2026-06-09T17:14:59.598+0000] {logging_mixin.py:190} INFO - [2026-06-09T17:14:59.598+0000] {dag.py:3239} INFO - Sync 1 DAGs
[2026-06-09T17:14:59.620+0000] {logging_mixin.py:190} INFO - [2026-06-09T17:14:59.619+0000] {dag.py:4180} INFO - Setting next_dagrun for create_analytics_mart to 2026-06-09 02:00:00+00:00, run_after=2026-06-10 02:00:00+00:00
[2026-06-09T17:14:59.648+0000] {processor.py:208} INFO - Processing /opt/airflow/dags/create_mart_dag.py took 0.107 seconds
[2026-06-09T17:15:29.996+0000] {processor.py:186} INFO - Started process (PID=3389) to work on /opt/airflow/dags/create_mart_dag.py
[2026-06-09T17:15:29.997+0000] {processor.py:914} INFO - Processing file /opt/airflow/dags/create_mart_dag.py for tasks to queue
[2026-06-09T17:15:29.999+0000] {logging_mixin.py:190} INFO - [2026-06-09T17:15:29.999+0000] {dagbag.py:588} INFO - Filling up the DagBag from /opt/airflow/dags/create_mart_dag.py
[2026-06-09T17:15:30.024+0000] {processor.py:925} INFO - DAG(s) 'create_analytics_mart' retrieved from /opt/airflow/dags/create_mart_dag.py
[2026-06-09T17:15:30.047+0000] {logging_mixin.py:190} INFO - [2026-06-09T17:15:30.047+0000] {dag.py:3239} INFO - Sync 1 DAGs
[2026-06-09T17:15:30.066+0000] {logging_mixin.py:190} INFO - [2026-06-09T17:15:30.066+0000] {dag.py:4180} INFO - Setting next_dagrun for create_analytics_mart to 2026-06-09 02:00:00+00:00, run_after=2026-06-10 02:00:00+00:00
[2026-06-09T17:15:30.085+0000] {processor.py:208} INFO - Processing /opt/airflow/dags/create_mart_dag.py took 0.095 seconds
[2026-06-09T17:16:00.332+0000] {processor.py:186} INFO - Started process (PID=3405) to work on /opt/airflow/dags/create_mart_dag.py
[2026-06-09T17:16:00.333+0000] {processor.py:914} INFO - Processing file /opt/airflow/dags/create_mart_dag.py for tasks to queue
[2026-06-09T17:16:00.336+0000] {logging_mixin.py:190} INFO - [2026-06-09T17:16:00.335+0000] {dagbag.py:588} INFO - Filling up the DagBag from /opt/airflow/dags/create_mart_dag.py
[2026-06-09T17:16:00.372+0000] {processor.py:925} INFO - DAG(s) 'create_analytics_mart' retrieved from /opt/airflow/dags/create_mart_dag.py
[2026-06-09T17:16:00.404+0000] {logging_mixin.py:190} INFO - [2026-06-09T17:16:00.404+0000] {dag.py:3239} INFO - Sync 1 DAGs
[2026-06-09T17:16:00.426+0000] {logging_mixin.py:190} INFO - [2026-06-09T17:16:00.426+0000] {dag.py:4180} INFO - Setting next_dagrun for create_analytics_mart to 2026-06-09 02:00:00+00:00, run_after=2026-06-10 02:00:00+00:00
[2026-06-09T17:16:00.448+0000] {processor.py:208} INFO - Processing /opt/airflow/dags/create_mart_dag.py took 0.121 seconds
[2026-06-09T17:16:30.579+0000] {processor.py:186} INFO - Started process (PID=3422) to work on /opt/airflow/dags/create_mart_dag.py
[2026-06-09T17:16:30.579+0000] {processor.py:914} INFO - Processing file /opt/airflow/dags/create_mart_dag.py for tasks to queue
[2026-06-09T17:16:30.582+0000] {logging_mixin.py:190} INFO - [2026-06-09T17:16:30.581+0000] {dagbag.py:588} INFO - Filling up the DagBag from /opt/airflow/dags/create_mart_dag.py
[2026-06-09T17:16:30.609+0000] {processor.py:925} INFO - DAG(s) 'create_analytics_mart' retrieved from /opt/airflow/dags/create_mart_dag.py
[2026-06-09T17:16:30.631+0000] {logging_mixin.py:190} INFO - [2026-06-09T17:16:30.630+0000] {dag.py:3239} INFO - Sync 1 DAGs
[2026-06-09T17:16:30.773+0000] {logging_mixin.py:190} INFO - [2026-06-09T17:16:30.773+0000] {dag.py:4180} INFO - Setting next_dagrun for create_analytics_mart to 2026-06-09 02:00:00+00:00, run_after=2026-06-10 02:00:00+00:00
[2026-06-09T17:16:30.788+0000] {processor.py:208} INFO - Processing /opt/airflow/dags/create_mart_dag.py took 0.214 seconds
[2026-06-09T17:17:01.090+0000] {processor.py:186} INFO - Started process (PID=3438) to work on /opt/airflow/dags/create_mart_dag.py
[2026-06-09T17:17:01.091+0000] {processor.py:914} INFO - Processing file /opt/airflow/dags/create_mart_dag.py for tasks to queue
[2026-06-09T17:17:01.094+0000] {logging_mixin.py:190} INFO - [2026-06-09T17:17:01.093+0000] {dagbag.py:588} INFO - Filling up the DagBag from /opt/airflow/dags/create_mart_dag.py
[2026-06-09T17:17:01.114+0000] {processor.py:925} INFO - DAG(s) 'create_analytics_mart' retrieved from /opt/airflow/dags/create_mart_dag.py
[2026-06-09T17:17:01.135+0000] {logging_mixin.py:190} INFO - [2026-06-09T17:17:01.134+0000] {dag.py:3239} INFO - Sync 1 DAGs
[2026-06-09T17:17:01.287+0000] {logging_mixin.py:190} INFO - [2026-06-09T17:17:01.287+0000] {dag.py:4180} INFO - Setting next_dagrun for create_analytics_mart to 2026-06-09 02:00:00+00:00, run_after=2026-06-10 02:00:00+00:00
[2026-06-09T17:17:01.303+0000] {processor.py:208} INFO - Processing /opt/airflow/dags/create_mart_dag.py took 0.217 seconds
[2026-06-09T17:17:31.548+0000] {processor.py:186} INFO - Started process (PID=3454) to work on /opt/airflow/dags/create_mart_dag.py
[2026-06-09T17:17:31.548+0000] {processor.py:914} INFO - Processing file /opt/airflow/dags/create_mart_dag.py for tasks to queue
[2026-06-09T17:17:31.551+0000] {logging_mixin.py:190} INFO - [2026-06-09T17:17:31.550+0000] {dagbag.py:588} INFO - Filling up the DagBag from /opt/airflow/dags/create_mart_dag.py
[2026-06-09T17:17:31.578+0000] {processor.py:925} INFO - DAG(s) 'create_analytics_mart' retrieved from /opt/airflow/dags/create_mart_dag.py
[2026-06-09T17:17:31.613+0000] {logging_mixin.py:190} INFO - [2026-06-09T17:17:31.612+0000] {dag.py:3239} INFO - Sync 1 DAGs
[2026-06-09T17:17:31.633+0000] {logging_mixin.py:190} INFO - [2026-06-09T17:17:31.633+0000] {dag.py:4180} INFO - Setting next_dagrun for create_analytics_mart to 2026-06-09 02:00:00+00:00, run_after=2026-06-10 02:00:00+00:00
[2026-06-09T17:17:31.651+0000] {processor.py:208} INFO - Processing /opt/airflow/dags/create_mart_dag.py took 0.108 seconds
[2026-06-09T17:18:01.892+0000] {processor.py:186} INFO - Started process (PID=3469) to work on /opt/airflow/dags/create_mart_dag.py
[2026-06-09T17:18:01.892+0000] {processor.py:914} INFO - Processing file /opt/airflow/dags/create_mart_dag.py for tasks to queue
[2026-06-09T17:18:01.894+0000] {logging_mixin.py:190} INFO - [2026-06-09T17:18:01.894+0000] {dagbag.py:588} INFO - Filling up the DagBag from /opt/airflow/dags/create_mart_dag.py
[2026-06-09T17:18:01.920+0000] {processor.py:925} INFO - DAG(s) 'create_analytics_mart' retrieved from /opt/airflow/dags/create_mart_dag.py
[2026-06-09T17:18:01.942+0000] {logging_mixin.py:190} INFO - [2026-06-09T17:18:01.942+0000] {dag.py:3239} INFO - Sync 1 DAGs
[2026-06-09T17:18:01.962+0000] {logging_mixin.py:190} INFO - [2026-06-09T17:18:01.962+0000] {dag.py:4180} INFO - Setting next_dagrun for create_analytics_mart to 2026-06-09 02:00:00+00:00, run_after=2026-06-10 02:00:00+00:00
[2026-06-09T17:18:01.980+0000] {processor.py:208} INFO - Processing /opt/airflow/dags/create_mart_dag.py took 0.092 seconds
[2026-06-09T17:18:32.093+0000] {processor.py:186} INFO - Started process (PID=3485) to work on /opt/airflow/dags/create_mart_dag.py
[2026-06-09T17:18:32.094+0000] {processor.py:914} INFO - Processing file /opt/airflow/dags/create_mart_dag.py for tasks to queue
[2026-06-09T17:18:32.096+0000] {logging_mixin.py:190} INFO - [2026-06-09T17:18:32.095+0000] {dagbag.py:588} INFO - Filling up the DagBag from /opt/airflow/dags/create_mart_dag.py
[2026-06-09T17:18:32.121+0000] {processor.py:925} INFO - DAG(s) 'create_analytics_mart' retrieved from /opt/airflow/dags/create_mart_dag.py
[2026-06-09T17:18:32.142+0000] {logging_mixin.py:190} INFO - [2026-06-09T17:18:32.141+0000] {dag.py:3239} INFO - Sync 1 DAGs
[2026-06-09T17:18:32.160+0000] {logging_mixin.py:190} INFO - [2026-06-09T17:18:32.160+0000] {dag.py:4180} INFO - Setting next_dagrun for create_analytics_mart to 2026-06-09 02:00:00+00:00, run_after=2026-06-10 02:00:00+00:00
[2026-06-09T17:18:32.176+0000] {processor.py:208} INFO - Processing /opt/airflow/dags/create_mart_dag.py took 0.088 seconds
[2026-06-09T17:19:02.362+0000] {processor.py:186} INFO - Started process (PID=3501) to work on /opt/airflow/dags/create_mart_dag.py
[2026-06-09T17:19:02.363+0000] {processor.py:914} INFO - Processing file /opt/airflow/dags/create_mart_dag.py for tasks to queue
[2026-06-09T17:19:02.365+0000] {logging_mixin.py:190} INFO - [2026-06-09T17:19:02.365+0000] {dagbag.py:588} INFO - Filling up the DagBag from /opt/airflow/dags/create_mart_dag.py
[2026-06-09T17:19:02.386+0000] {processor.py:925} INFO - DAG(s) 'create_analytics_mart' retrieved from /opt/airflow/dags/create_mart_dag.py
[2026-06-09T17:19:02.407+0000] {logging_mixin.py:190} INFO - [2026-06-09T17:19:02.407+0000] {dag.py:3239} INFO - Sync 1 DAGs
[2026-06-09T17:19:02.426+0000] {logging_mixin.py:190} INFO - [2026-06-09T17:19:02.425+0000] {dag.py:4180} INFO - Setting next_dagrun for create_analytics_mart to 2026-06-09 02:00:00+00:00, run_after=2026-06-10 02:00:00+00:00
[2026-06-09T17:19:02.563+0000] {processor.py:208} INFO - Processing /opt/airflow/dags/create_mart_dag.py took 0.206 seconds
[2026-06-09T17:19:32.774+0000] {processor.py:186} INFO - Started process (PID=3517) to work on /opt/airflow/dags/create_mart_dag.py
[2026-06-09T17:19:32.775+0000] {processor.py:914} INFO - Processing file /opt/airflow/dags/create_mart_dag.py for tasks to queue
[2026-06-09T17:19:32.778+0000] {logging_mixin.py:190} INFO - [2026-06-09T17:19:32.778+0000] {dagbag.py:588} INFO - Filling up the DagBag from /opt/airflow/dags/create_mart_dag.py
[2026-06-09T17:19:32.800+0000] {processor.py:925} INFO - DAG(s) 'create_analytics_mart' retrieved from /opt/airflow/dags/create_mart_dag.py
[2026-06-09T17:19:32.824+0000] {logging_mixin.py:190} INFO - [2026-06-09T17:19:32.823+0000] {dag.py:3239} INFO - Sync 1 DAGs
[2026-06-09T17:19:32.977+0000] {logging_mixin.py:190} INFO - [2026-06-09T17:19:32.976+0000] {dag.py:4180} INFO - Setting next_dagrun for create_analytics_mart to 2026-06-09 02:00:00+00:00, run_after=2026-06-10 02:00:00+00:00
[2026-06-09T17:19:32.994+0000] {processor.py:208} INFO - Processing /opt/airflow/dags/create_mart_dag.py took 0.225 seconds
[2026-06-09T17:20:03.258+0000] {processor.py:186} INFO - Started process (PID=3533) to work on /opt/airflow/dags/create_mart_dag.py
[2026-06-09T17:20:03.259+0000] {processor.py:914} INFO - Processing file /opt/airflow/dags/create_mart_dag.py for tasks to queue
[2026-06-09T17:20:03.261+0000] {logging_mixin.py:190} INFO - [2026-06-09T17:20:03.261+0000] {dagbag.py:588} INFO - Filling up the DagBag from /opt/airflow/dags/create_mart_dag.py
[2026-06-09T17:20:03.286+0000] {processor.py:925} INFO - DAG(s) 'create_analytics_mart' retrieved from /opt/airflow/dags/create_mart_dag.py
[2026-06-09T17:20:03.309+0000] {logging_mixin.py:190} INFO - [2026-06-09T17:20:03.309+0000] {dag.py:3239} INFO - Sync 1 DAGs
[2026-06-09T17:20:03.451+0000] {logging_mixin.py:190} INFO - [2026-06-09T17:20:03.451+0000] {dag.py:4180} INFO - Setting next_dagrun for create_analytics_mart to 2026-06-09 02:00:00+00:00, run_after=2026-06-10 02:00:00+00:00
[2026-06-09T17:20:03.466+0000] {processor.py:208} INFO - Processing /opt/airflow/dags/create_mart_dag.py took 0.212 seconds
[2026-06-09T17:20:33.764+0000] {processor.py:186} INFO - Started process (PID=3549) to work on /opt/airflow/dags/create_mart_dag.py
[2026-06-09T17:20:33.765+0000] {processor.py:914} INFO - Processing file /opt/airflow/dags/create_mart_dag.py for tasks to queue
[2026-06-09T17:20:33.767+0000] {logging_mixin.py:190} INFO - [2026-06-09T17:20:33.767+0000] {dagbag.py:588} INFO - Filling up the DagBag from /opt/airflow/dags/create_mart_dag.py
[2026-06-09T17:20:33.806+0000] {processor.py:925} INFO - DAG(s) 'create_analytics_mart' retrieved from /opt/airflow/dags/create_mart_dag.py
[2026-06-09T17:20:33.829+0000] {logging_mixin.py:190} INFO - [2026-06-09T17:20:33.829+0000] {dag.py:3239} INFO - Sync 1 DAGs
[2026-06-09T17:20:33.850+0000] {logging_mixin.py:190} INFO - [2026-06-09T17:20:33.849+0000] {dag.py:4180} INFO - Setting next_dagrun for create_analytics_mart to 2026-06-09 02:00:00+00:00, run_after=2026-06-10 02:00:00+00:00
[2026-06-09T17:20:33.868+0000] {processor.py:208} INFO - Processing /opt/airflow/dags/create_mart_dag.py took 0.109 seconds
[2026-06-09T17:21:03.964+0000] {processor.py:186} INFO - Started process (PID=3565) to work on /opt/airflow/dags/create_mart_dag.py
[2026-06-09T17:21:03.965+0000] {processor.py:914} INFO - Processing file /opt/airflow/dags/create_mart_dag.py for tasks to queue
[2026-06-09T17:21:03.967+0000] {logging_mixin.py:190} INFO - [2026-06-09T17:21:03.967+0000] {dagbag.py:588} INFO - Filling up the DagBag from /opt/airflow/dags/create_mart_dag.py
[2026-06-09T17:21:03.990+0000] {processor.py:925} INFO - DAG(s) 'create_analytics_mart' retrieved from /opt/airflow/dags/create_mart_dag.py
[2026-06-09T17:21:04.012+0000] {logging_mixin.py:190} INFO - [2026-06-09T17:21:04.011+0000] {dag.py:3239} INFO - Sync 1 DAGs
[2026-06-09T17:21:04.034+0000] {logging_mixin.py:190} INFO - [2026-06-09T17:21:04.033+0000] {dag.py:4180} INFO - Setting next_dagrun for create_analytics_mart to 2026-06-09 02:00:00+00:00, run_after=2026-06-10 02:00:00+00:00
[2026-06-09T17:21:04.052+0000] {processor.py:208} INFO - Processing /opt/airflow/dags/create_mart_dag.py took 0.093 seconds
[2026-06-09T17:21:34.205+0000] {processor.py:186} INFO - Started process (PID=3581) to work on /opt/airflow/dags/create_mart_dag.py
[2026-06-09T17:21:34.206+0000] {processor.py:914} INFO - Processing file /opt/airflow/dags/create_mart_dag.py for tasks to queue
[2026-06-09T17:21:34.209+0000] {logging_mixin.py:190} INFO - [2026-06-09T17:21:34.208+0000] {dagbag.py:588} INFO - Filling up the DagBag from /opt/airflow/dags/create_mart_dag.py
[2026-06-09T17:21:34.232+0000] {processor.py:925} INFO - DAG(s) 'create_analytics_mart' retrieved from /opt/airflow/dags/create_mart_dag.py
[2026-06-09T17:21:34.253+0000] {logging_mixin.py:190} INFO - [2026-06-09T17:21:34.253+0000] {dag.py:3239} INFO - Sync 1 DAGs
[2026-06-09T17:21:34.273+0000] {logging_mixin.py:190} INFO - [2026-06-09T17:21:34.272+0000] {dag.py:4180} INFO - Setting next_dagrun for create_analytics_mart to 2026-06-09 02:00:00+00:00, run_after=2026-06-10 02:00:00+00:00
[2026-06-09T17:21:34.293+0000] {processor.py:208} INFO - Processing /opt/airflow/dags/create_mart_dag.py took 0.092 seconds
[2026-06-09T17:22:04.511+0000] {processor.py:186} INFO - Started process (PID=3597) to work on /opt/airflow/dags/create_mart_dag.py
[2026-06-09T17:22:04.512+0000] {processor.py:914} INFO - Processing file /opt/airflow/dags/create_mart_dag.py for tasks to queue
[2026-06-09T17:22:04.514+0000] {logging_mixin.py:190} INFO - [2026-06-09T17:22:04.514+0000] {dagbag.py:588} INFO - Filling up the DagBag from /opt/airflow/dags/create_mart_dag.py
[2026-06-09T17:22:04.540+0000] {processor.py:925} INFO - DAG(s) 'create_analytics_mart' retrieved from /opt/airflow/dags/create_mart_dag.py
[2026-06-09T17:22:04.562+0000] {logging_mixin.py:190} INFO - [2026-06-09T17:22:04.562+0000] {dag.py:3239} INFO - Sync 1 DAGs
[2026-06-09T17:22:04.582+0000] {logging_mixin.py:190} INFO - [2026-06-09T17:22:04.582+0000] {dag.py:4180} INFO - Setting next_dagrun for create_analytics_mart to 2026-06-09 02:00:00+00:00, run_after=2026-06-10 02:00:00+00:00
[2026-06-09T17:22:04.716+0000] {processor.py:208} INFO - Processing /opt/airflow/dags/create_mart_dag.py took 0.210 seconds
[2026-06-09T17:22:34.911+0000] {processor.py:186} INFO - Started process (PID=3613) to work on /opt/airflow/dags/create_mart_dag.py
[2026-06-09T17:22:34.912+0000] {processor.py:914} INFO - Processing file /opt/airflow/dags/create_mart_dag.py for tasks to queue
[2026-06-09T17:22:34.914+0000] {logging_mixin.py:190} INFO - [2026-06-09T17:22:34.913+0000] {dagbag.py:588} INFO - Filling up the DagBag from /opt/airflow/dags/create_mart_dag.py
[2026-06-09T17:22:34.938+0000] {processor.py:925} INFO - DAG(s) 'create_analytics_mart' retrieved from /opt/airflow/dags/create_mart_dag.py
[2026-06-09T17:22:34.959+0000] {logging_mixin.py:190} INFO - [2026-06-09T17:22:34.958+0000] {dag.py:3239} INFO - Sync 1 DAGs
[2026-06-09T17:22:35.098+0000] {logging_mixin.py:190} INFO - [2026-06-09T17:22:35.098+0000] {dag.py:4180} INFO - Setting next_dagrun for create_analytics_mart to 2026-06-09 02:00:00+00:00, run_after=2026-06-10 02:00:00+00:00
[2026-06-09T17:22:35.113+0000] {processor.py:208} INFO - Processing /opt/airflow/dags/create_mart_dag.py took 0.207 seconds
[2026-06-09T17:23:05.393+0000] {processor.py:186} INFO - Started process (PID=3629) to work on /opt/airflow/dags/create_mart_dag.py
[2026-06-09T17:23:05.394+0000] {processor.py:914} INFO - Processing file /opt/airflow/dags/create_mart_dag.py for tasks to queue
[2026-06-09T17:23:05.397+0000] {logging_mixin.py:190} INFO - [2026-06-09T17:23:05.397+0000] {dagbag.py:588} INFO - Filling up the DagBag from /opt/airflow/dags/create_mart_dag.py
[2026-06-09T17:23:05.419+0000] {processor.py:925} INFO - DAG(s) 'create_analytics_mart' retrieved from /opt/airflow/dags/create_mart_dag.py
[2026-06-09T17:23:05.442+0000] {logging_mixin.py:190} INFO - [2026-06-09T17:23:05.442+0000] {dag.py:3239} INFO - Sync 1 DAGs
[2026-06-09T17:23:05.462+0000] {logging_mixin.py:190} INFO - [2026-06-09T17:23:05.462+0000] {dag.py:4180} INFO - Setting next_dagrun for create_analytics_mart to 2026-06-09 02:00:00+00:00, run_after=2026-06-10 02:00:00+00:00
[2026-06-09T17:23:05.481+0000] {processor.py:208} INFO - Processing /opt/airflow/dags/create_mart_dag.py took 0.092 seconds
[2026-06-09T17:23:35.591+0000] {processor.py:186} INFO - Started process (PID=3645) to work on /opt/airflow/dags/create_mart_dag.py
[2026-06-09T17:23:35.591+0000] {processor.py:914} INFO - Processing file /opt/airflow/dags/create_mart_dag.py for tasks to queue
[2026-06-09T17:23:35.594+0000] {logging_mixin.py:190} INFO - [2026-06-09T17:23:35.594+0000] {dagbag.py:588} INFO - Filling up the DagBag from /opt/airflow/dags/create_mart_dag.py
[2026-06-09T17:23:35.615+0000] {processor.py:925} INFO - DAG(s) 'create_analytics_mart' retrieved from /opt/airflow/dags/create_mart_dag.py
[2026-06-09T17:23:35.637+0000] {logging_mixin.py:190} INFO - [2026-06-09T17:23:35.637+0000] {dag.py:3239} INFO - Sync 1 DAGs
[2026-06-09T17:23:35.659+0000] {logging_mixin.py:190} INFO - [2026-06-09T17:23:35.659+0000] {dag.py:4180} INFO - Setting next_dagrun for create_analytics_mart to 2026-06-09 02:00:00+00:00, run_after=2026-06-10 02:00:00+00:00
[2026-06-09T17:23:35.678+0000] {processor.py:208} INFO - Processing /opt/airflow/dags/create_mart_dag.py took 0.092 seconds
[2026-06-09T17:24:05.889+0000] {processor.py:186} INFO - Started process (PID=3661) to work on /opt/airflow/dags/create_mart_dag.py
[2026-06-09T17:24:05.890+0000] {processor.py:914} INFO - Processing file /opt/airflow/dags/create_mart_dag.py for tasks to queue
[2026-06-09T17:24:05.892+0000] {logging_mixin.py:190} INFO - [2026-06-09T17:24:05.892+0000] {dagbag.py:588} INFO - Filling up the DagBag from /opt/airflow/dags/create_mart_dag.py
[2026-06-09T17:24:05.918+0000] {processor.py:925} INFO - DAG(s) 'create_analytics_mart' retrieved from /opt/airflow/dags/create_mart_dag.py
[2026-06-09T17:24:05.939+0000] {logging_mixin.py:190} INFO - [2026-06-09T17:24:05.939+0000] {dag.py:3239} INFO - Sync 1 DAGs
[2026-06-09T17:24:05.958+0000] {logging_mixin.py:190} INFO - [2026-06-09T17:24:05.958+0000] {dag.py:4180} INFO - Setting next_dagrun for create_analytics_mart to 2026-06-09 02:00:00+00:00, run_after=2026-06-10 02:00:00+00:00
[2026-06-09T17:24:05.974+0000] {processor.py:208} INFO - Processing /opt/airflow/dags/create_mart_dag.py took 0.089 seconds
[2026-06-09T17:24:36.202+0000] {processor.py:186} INFO - Started process (PID=3677) to work on /opt/airflow/dags/create_mart_dag.py
[2026-06-09T17:24:36.203+0000] {processor.py:914} INFO - Processing file /opt/airflow/dags/create_mart_dag.py for tasks to queue
[2026-06-09T17:24:36.206+0000] {logging_mixin.py:190} INFO - [2026-06-09T17:24:36.205+0000] {dagbag.py:588} INFO - Filling up the DagBag from /opt/airflow/dags/create_mart_dag.py
[2026-06-09T17:24:36.228+0000] {processor.py:925} INFO - DAG(s) 'create_analytics_mart' retrieved from /opt/airflow/dags/create_mart_dag.py
[2026-06-09T17:24:36.249+0000] {logging_mixin.py:190} INFO - [2026-06-09T17:24:36.249+0000] {dag.py:3239} INFO - Sync 1 DAGs
[2026-06-09T17:24:36.268+0000] {logging_mixin.py:190} INFO - [2026-06-09T17:24:36.268+0000] {dag.py:4180} INFO - Setting next_dagrun for create_analytics_mart to 2026-06-09 02:00:00+00:00, run_after=2026-06-10 02:00:00+00:00
[2026-06-09T17:24:36.286+0000] {processor.py:208} INFO - Processing /opt/airflow/dags/create_mart_dag.py took 0.088 seconds
[2026-06-09T17:25:06.417+0000] {processor.py:186} INFO - Started process (PID=3693) to work on /opt/airflow/dags/create_mart_dag.py
[2026-06-09T17:25:06.418+0000] {processor.py:914} INFO - Processing file /opt/airflow/dags/create_mart_dag.py for tasks to queue
[2026-06-09T17:25:06.421+0000] {logging_mixin.py:190} INFO - [2026-06-09T17:25:06.420+0000] {dagbag.py:588} INFO - Filling up the DagBag from /opt/airflow/dags/create_mart_dag.py
[2026-06-09T17:25:06.443+0000] {processor.py:925} INFO - DAG(s) 'create_analytics_mart' retrieved from /opt/airflow/dags/create_mart_dag.py
[2026-06-09T17:25:06.464+0000] {logging_mixin.py:190} INFO - [2026-06-09T17:25:06.464+0000] {dag.py:3239} INFO - Sync 1 DAGs
[2026-06-09T17:25:06.618+0000] {logging_mixin.py:190} INFO - [2026-06-09T17:25:06.617+0000] {dag.py:4180} INFO - Setting next_dagrun for create_analytics_mart to 2026-06-09 02:00:00+00:00, run_after=2026-06-10 02:00:00+00:00
[2026-06-09T17:25:06.636+0000] {processor.py:208} INFO - Processing /opt/airflow/dags/create_mart_dag.py took 0.223 seconds
[2026-06-09T17:25:36.776+0000] {processor.py:186} INFO - Started process (PID=3709) to work on /opt/airflow/dags/create_mart_dag.py
[2026-06-09T17:25:36.777+0000] {processor.py:914} INFO - Processing file /opt/airflow/dags/create_mart_dag.py for tasks to queue
[2026-06-09T17:25:36.779+0000] {logging_mixin.py:190} INFO - [2026-06-09T17:25:36.779+0000] {dagbag.py:588} INFO - Filling up the DagBag from /opt/airflow/dags/create_mart_dag.py
[2026-06-09T17:25:36.800+0000] {processor.py:925} INFO - DAG(s) 'create_analytics_mart' retrieved from /opt/airflow/dags/create_mart_dag.py
[2026-06-09T17:25:36.824+0000] {logging_mixin.py:190} INFO - [2026-06-09T17:25:36.824+0000] {dag.py:3239} INFO - Sync 1 DAGs
[2026-06-09T17:25:36.963+0000] {logging_mixin.py:190} INFO - [2026-06-09T17:25:36.962+0000] {dag.py:4180} INFO - Setting next_dagrun for create_analytics_mart to 2026-06-09 02:00:00+00:00, run_after=2026-06-10 02:00:00+00:00
[2026-06-09T17:25:36.978+0000] {processor.py:208} INFO - Processing /opt/airflow/dags/create_mart_dag.py took 0.207 seconds
[2026-06-09T17:26:07.057+0000] {processor.py:186} INFO - Started process (PID=3725) to work on /opt/airflow/dags/create_mart_dag.py
[2026-06-09T17:26:07.058+0000] {processor.py:914} INFO - Processing file /opt/airflow/dags/create_mart_dag.py for tasks to queue
[2026-06-09T17:26:07.059+0000] {logging_mixin.py:190} INFO - [2026-06-09T17:26:07.059+0000] {dagbag.py:588} INFO - Filling up the DagBag from /opt/airflow/dags/create_mart_dag.py
[2026-06-09T17:26:07.082+0000] {processor.py:925} INFO - DAG(s) 'create_analytics_mart' retrieved from /opt/airflow/dags/create_mart_dag.py
[2026-06-09T17:26:07.102+0000] {logging_mixin.py:190} INFO - [2026-06-09T17:26:07.102+0000] {dag.py:3239} INFO - Sync 1 DAGs
[2026-06-09T17:26:07.128+0000] {logging_mixin.py:190} INFO - [2026-06-09T17:26:07.128+0000] {dag.py:4180} INFO - Setting next_dagrun for create_analytics_mart to 2026-06-09 02:00:00+00:00, run_after=2026-06-10 02:00:00+00:00
[2026-06-09T17:26:07.147+0000] {processor.py:208} INFO - Processing /opt/airflow/dags/create_mart_dag.py took 0.095 seconds
[2026-06-09T17:26:37.273+0000] {processor.py:186} INFO - Started process (PID=3741) to work on /opt/airflow/dags/create_mart_dag.py
[2026-06-09T17:26:37.274+0000] {processor.py:914} INFO - Processing file /opt/airflow/dags/create_mart_dag.py for tasks to queue
[2026-06-09T17:26:37.276+0000] {logging_mixin.py:190} INFO - [2026-06-09T17:26:37.275+0000] {dagbag.py:588} INFO - Filling up the DagBag from /opt/airflow/dags/create_mart_dag.py
[2026-06-09T17:26:37.296+0000] {processor.py:925} INFO - DAG(s) 'create_analytics_mart' retrieved from /opt/airflow/dags/create_mart_dag.py
[2026-06-09T17:26:37.318+0000] {logging_mixin.py:190} INFO - [2026-06-09T17:26:37.318+0000] {dag.py:3239} INFO - Sync 1 DAGs
[2026-06-09T17:26:37.337+0000] {logging_mixin.py:190} INFO - [2026-06-09T17:26:37.337+0000] {dag.py:4180} INFO - Setting next_dagrun for create_analytics_mart to 2026-06-09 02:00:00+00:00, run_after=2026-06-10 02:00:00+00:00
[2026-06-09T17:26:37.355+0000] {processor.py:208} INFO - Processing /opt/airflow/dags/create_mart_dag.py took 0.086 seconds
[2026-06-09T17:27:07.531+0000] {processor.py:186} INFO - Started process (PID=3757) to work on /opt/airflow/dags/create_mart_dag.py
[2026-06-09T17:27:07.532+0000] {processor.py:914} INFO - Processing file /opt/airflow/dags/create_mart_dag.py for tasks to queue
[2026-06-09T17:27:07.534+0000] {logging_mixin.py:190} INFO - [2026-06-09T17:27:07.533+0000] {dagbag.py:588} INFO - Filling up the DagBag from /opt/airflow/dags/create_mart_dag.py
[2026-06-09T17:27:07.559+0000] {processor.py:925} INFO - DAG(s) 'create_analytics_mart' retrieved from /opt/airflow/dags/create_mart_dag.py
[2026-06-09T17:27:07.580+0000] {logging_mixin.py:190} INFO - [2026-06-09T17:27:07.580+0000] {dag.py:3239} INFO - Sync 1 DAGs
[2026-06-09T17:27:07.600+0000] {logging_mixin.py:190} INFO - [2026-06-09T17:27:07.600+0000] {dag.py:4180} INFO - Setting next_dagrun for create_analytics_mart to 2026-06-09 02:00:00+00:00, run_after=2026-06-10 02:00:00+00:00
[2026-06-09T17:27:07.617+0000] {processor.py:208} INFO - Processing /opt/airflow/dags/create_mart_dag.py took 0.090 seconds
[2026-06-09T17:27:37.845+0000] {processor.py:186} INFO - Started process (PID=3773) to work on /opt/airflow/dags/create_mart_dag.py
[2026-06-09T17:27:37.846+0000] {processor.py:914} INFO - Processing file /opt/airflow/dags/create_mart_dag.py for tasks to queue
[2026-06-09T17:27:37.848+0000] {logging_mixin.py:190} INFO - [2026-06-09T17:27:37.848+0000] {dagbag.py:588} INFO - Filling up the DagBag from /opt/airflow/dags/create_mart_dag.py
[2026-06-09T17:27:37.872+0000] {processor.py:925} INFO - DAG(s) 'create_analytics_mart' retrieved from /opt/airflow/dags/create_mart_dag.py
[2026-06-09T17:27:37.893+0000] {logging_mixin.py:190} INFO - [2026-06-09T17:27:37.893+0000] {dag.py:3239} INFO - Sync 1 DAGs
[2026-06-09T17:27:37.914+0000] {logging_mixin.py:190} INFO - [2026-06-09T17:27:37.914+0000] {dag.py:4180} INFO - Setting next_dagrun for create_analytics_mart to 2026-06-09 02:00:00+00:00, run_after=2026-06-10 02:00:00+00:00
[2026-06-09T17:27:38.059+0000] {processor.py:208} INFO - Processing /opt/airflow/dags/create_mart_dag.py took 0.219 seconds
[2026-06-09T17:28:08.318+0000] {processor.py:186} INFO - Started process (PID=3789) to work on /opt/airflow/dags/create_mart_dag.py
[2026-06-09T17:28:08.319+0000] {processor.py:914} INFO - Processing file /opt/airflow/dags/create_mart_dag.py for tasks to queue
[2026-06-09T17:28:08.321+0000] {logging_mixin.py:190} INFO - [2026-06-09T17:28:08.321+0000] {dagbag.py:588} INFO - Filling up the DagBag from /opt/airflow/dags/create_mart_dag.py
[2026-06-09T17:28:08.343+0000] {processor.py:925} INFO - DAG(s) 'create_analytics_mart' retrieved from /opt/airflow/dags/create_mart_dag.py
[2026-06-09T17:28:08.370+0000] {logging_mixin.py:190} INFO - [2026-06-09T17:28:08.370+0000] {dag.py:3239} INFO - Sync 1 DAGs
[2026-06-09T17:28:08.520+0000] {logging_mixin.py:190} INFO - [2026-06-09T17:28:08.519+0000] {dag.py:4180} INFO - Setting next_dagrun for create_analytics_mart to 2026-06-09 02:00:00+00:00, run_after=2026-06-10 02:00:00+00:00
[2026-06-09T17:28:08.535+0000] {processor.py:208} INFO - Processing /opt/airflow/dags/create_mart_dag.py took 0.222 seconds
[2026-06-09T17:28:38.725+0000] {processor.py:186} INFO - Started process (PID=3805) to work on /opt/airflow/dags/create_mart_dag.py
[2026-06-09T17:28:38.726+0000] {processor.py:914} INFO - Processing file /opt/airflow/dags/create_mart_dag.py for tasks to queue
[2026-06-09T17:28:38.728+0000] {logging_mixin.py:190} INFO - [2026-06-09T17:28:38.728+0000] {dagbag.py:588} INFO - Filling up the DagBag from /opt/airflow/dags/create_mart_dag.py
[2026-06-09T17:28:38.751+0000] {processor.py:925} INFO - DAG(s) 'create_analytics_mart' retrieved from /opt/airflow/dags/create_mart_dag.py
[2026-06-09T17:28:38.774+0000] {logging_mixin.py:190} INFO - [2026-06-09T17:28:38.773+0000] {dag.py:3239} INFO - Sync 1 DAGs
[2026-06-09T17:28:38.920+0000] {logging_mixin.py:190} INFO - [2026-06-09T17:28:38.920+0000] {dag.py:4180} INFO - Setting next_dagrun for create_analytics_mart to 2026-06-09 02:00:00+00:00, run_after=2026-06-10 02:00:00+00:00
[2026-06-09T17:28:38.938+0000] {processor.py:208} INFO - Processing /opt/airflow/dags/create_mart_dag.py took 0.218 seconds
[2026-06-09T17:29:09.211+0000] {processor.py:186} INFO - Started process (PID=3821) to work on /opt/airflow/dags/create_mart_dag.py
[2026-06-09T17:29:09.212+0000] {processor.py:914} INFO - Processing file /opt/airflow/dags/create_mart_dag.py for tasks to queue
[2026-06-09T17:29:09.213+0000] {logging_mixin.py:190} INFO - [2026-06-09T17:29:09.213+0000] {dagbag.py:588} INFO - Filling up the DagBag from /opt/airflow/dags/create_mart_dag.py
[2026-06-09T17:29:09.237+0000] {processor.py:925} INFO - DAG(s) 'create_analytics_mart' retrieved from /opt/airflow/dags/create_mart_dag.py
[2026-06-09T17:29:09.261+0000] {logging_mixin.py:190} INFO - [2026-06-09T17:29:09.261+0000] {dag.py:3239} INFO - Sync 1 DAGs
[2026-06-09T17:29:09.281+0000] {logging_mixin.py:190} INFO - [2026-06-09T17:29:09.280+0000] {dag.py:4180} INFO - Setting next_dagrun for create_analytics_mart to 2026-06-09 02:00:00+00:00, run_after=2026-06-10 02:00:00+00:00
[2026-06-09T17:29:09.299+0000] {processor.py:208} INFO - Processing /opt/airflow/dags/create_mart_dag.py took 0.093 seconds
[2026-06-09T17:29:39.544+0000] {processor.py:186} INFO - Started process (PID=3837) to work on /opt/airflow/dags/create_mart_dag.py
[2026-06-09T17:29:39.545+0000] {processor.py:914} INFO - Processing file /opt/airflow/dags/create_mart_dag.py for tasks to queue
[2026-06-09T17:29:39.547+0000] {logging_mixin.py:190} INFO - [2026-06-09T17:29:39.546+0000] {dagbag.py:588} INFO - Filling up the DagBag from /opt/airflow/dags/create_mart_dag.py
[2026-06-09T17:29:39.571+0000] {processor.py:925} INFO - DAG(s) 'create_analytics_mart' retrieved from /opt/airflow/dags/create_mart_dag.py
[2026-06-09T17:29:39.592+0000] {logging_mixin.py:190} INFO - [2026-06-09T17:29:39.592+0000] {dag.py:3239} INFO - Sync 1 DAGs
[2026-06-09T17:29:39.611+0000] {logging_mixin.py:190} INFO - [2026-06-09T17:29:39.611+0000] {dag.py:4180} INFO - Setting next_dagrun for create_analytics_mart to 2026-06-09 02:00:00+00:00, run_after=2026-06-10 02:00:00+00:00
[2026-06-09T17:29:39.628+0000] {processor.py:208} INFO - Processing /opt/airflow/dags/create_mart_dag.py took 0.088 seconds
[2026-06-09T17:30:09.913+0000] {processor.py:186} INFO - Started process (PID=3853) to work on /opt/airflow/dags/create_mart_dag.py
[2026-06-09T17:30:09.914+0000] {processor.py:914} INFO - Processing file /opt/airflow/dags/create_mart_dag.py for tasks to queue
[2026-06-09T17:30:09.916+0000] {logging_mixin.py:190} INFO - [2026-06-09T17:30:09.916+0000] {dagbag.py:588} INFO - Filling up the DagBag from /opt/airflow/dags/create_mart_dag.py
[2026-06-09T17:30:09.940+0000] {processor.py:925} INFO - DAG(s) 'create_analytics_mart' retrieved from /opt/airflow/dags/create_mart_dag.py
[2026-06-09T17:30:09.969+0000] {logging_mixin.py:190} INFO - [2026-06-09T17:30:09.968+0000] {dag.py:3239} INFO - Sync 1 DAGs
[2026-06-09T17:30:09.990+0000] {logging_mixin.py:190} INFO - [2026-06-09T17:30:09.990+0000] {dag.py:4180} INFO - Setting next_dagrun for create_analytics_mart to 2026-06-09 02:00:00+00:00, run_after=2026-06-10 02:00:00+00:00
[2026-06-09T17:30:10.012+0000] {processor.py:208} INFO - Processing /opt/airflow/dags/create_mart_dag.py took 0.103 seconds
[2026-06-09T17:30:40.165+0000] {processor.py:186} INFO - Started process (PID=3869) to work on /opt/airflow/dags/create_mart_dag.py
[2026-06-09T17:30:40.165+0000] {processor.py:914} INFO - Processing file /opt/airflow/dags/create_mart_dag.py for tasks to queue
[2026-06-09T17:30:40.167+0000] {logging_mixin.py:190} INFO - [2026-06-09T17:30:40.167+0000] {dagbag.py:588} INFO - Filling up the DagBag from /opt/airflow/dags/create_mart_dag.py
[2026-06-09T17:30:40.193+0000] {processor.py:925} INFO - DAG(s) 'create_analytics_mart' retrieved from /opt/airflow/dags/create_mart_dag.py
[2026-06-09T17:30:40.217+0000] {logging_mixin.py:190} INFO - [2026-06-09T17:30:40.216+0000] {dag.py:3239} INFO - Sync 1 DAGs
[2026-06-09T17:30:40.239+0000] {logging_mixin.py:190} INFO - [2026-06-09T17:30:40.239+0000] {dag.py:4180} INFO - Setting next_dagrun for create_analytics_mart to 2026-06-09 02:00:00+00:00, run_after=2026-06-10 02:00:00+00:00
[2026-06-09T17:30:40.405+0000] {processor.py:208} INFO - Processing /opt/airflow/dags/create_mart_dag.py took 0.246 seconds
[2026-06-09T17:31:10.479+0000] {processor.py:186} INFO - Started process (PID=3886) to work on /opt/airflow/dags/create_mart_dag.py
[2026-06-09T17:31:10.480+0000] {processor.py:914} INFO - Processing file /opt/airflow/dags/create_mart_dag.py for tasks to queue
[2026-06-09T17:31:10.482+0000] {logging_mixin.py:190} INFO - [2026-06-09T17:31:10.481+0000] {dagbag.py:588} INFO - Filling up the DagBag from /opt/airflow/dags/create_mart_dag.py
[2026-06-09T17:31:10.506+0000] {processor.py:925} INFO - DAG(s) 'create_analytics_mart' retrieved from /opt/airflow/dags/create_mart_dag.py
[2026-06-09T17:31:10.529+0000] {logging_mixin.py:190} INFO - [2026-06-09T17:31:10.529+0000] {dag.py:3239} INFO - Sync 1 DAGs
[2026-06-09T17:31:10.681+0000] {logging_mixin.py:190} INFO - [2026-06-09T17:31:10.681+0000] {dag.py:4180} INFO - Setting next_dagrun for create_analytics_mart to 2026-06-09 02:00:00+00:00, run_after=2026-06-10 02:00:00+00:00
[2026-06-09T17:31:10.698+0000] {processor.py:208} INFO - Processing /opt/airflow/dags/create_mart_dag.py took 0.226 seconds
[2026-06-09T17:31:40.847+0000] {processor.py:186} INFO - Started process (PID=3902) to work on /opt/airflow/dags/create_mart_dag.py
[2026-06-09T17:31:40.849+0000] {processor.py:914} INFO - Processing file /opt/airflow/dags/create_mart_dag.py for tasks to queue
[2026-06-09T17:31:40.852+0000] {logging_mixin.py:190} INFO - [2026-06-09T17:31:40.851+0000] {dagbag.py:588} INFO - Filling up the DagBag from /opt/airflow/dags/create_mart_dag.py
[2026-06-09T17:31:40.876+0000] {processor.py:925} INFO - DAG(s) 'create_analytics_mart' retrieved from /opt/airflow/dags/create_mart_dag.py
[2026-06-09T17:31:41.032+0000] {logging_mixin.py:190} INFO - [2026-06-09T17:31:41.032+0000] {dag.py:3239} INFO - Sync 1 DAGs
[2026-06-09T17:31:41.052+0000] {logging_mixin.py:190} INFO - [2026-06-09T17:31:41.051+0000] {dag.py:4180} INFO - Setting next_dagrun for create_analytics_mart to 2026-06-09 02:00:00+00:00, run_after=2026-06-10 02:00:00+00:00
[2026-06-09T17:31:41.070+0000] {processor.py:208} INFO - Processing /opt/airflow/dags/create_mart_dag.py took 0.228 seconds
[2026-06-09T17:32:11.221+0000] {processor.py:186} INFO - Started process (PID=3918) to work on /opt/airflow/dags/create_mart_dag.py
[2026-06-09T17:32:11.222+0000] {processor.py:914} INFO - Processing file /opt/airflow/dags/create_mart_dag.py for tasks to queue
[2026-06-09T17:32:11.225+0000] {logging_mixin.py:190} INFO - [2026-06-09T17:32:11.224+0000] {dagbag.py:588} INFO - Filling up the DagBag from /opt/airflow/dags/create_mart_dag.py
[2026-06-09T17:32:11.246+0000] {processor.py:925} INFO - DAG(s) 'create_analytics_mart' retrieved from /opt/airflow/dags/create_mart_dag.py
[2026-06-09T17:32:11.267+0000] {logging_mixin.py:190} INFO - [2026-06-09T17:32:11.267+0000] {dag.py:3239} INFO - Sync 1 DAGs
[2026-06-09T17:32:11.286+0000] {logging_mixin.py:190} INFO - [2026-06-09T17:32:11.286+0000] {dag.py:4180} INFO - Setting next_dagrun for create_analytics_mart to 2026-06-09 02:00:00+00:00, run_after=2026-06-10 02:00:00+00:00
[2026-06-09T17:32:11.304+0000] {processor.py:208} INFO - Processing /opt/airflow/dags/create_mart_dag.py took 0.087 seconds
[2026-06-09T17:32:41.492+0000] {processor.py:186} INFO - Started process (PID=3934) to work on /opt/airflow/dags/create_mart_dag.py
[2026-06-09T17:32:41.493+0000] {processor.py:914} INFO - Processing file /opt/airflow/dags/create_mart_dag.py for tasks to queue
[2026-06-09T17:32:41.495+0000] {logging_mixin.py:190} INFO - [2026-06-09T17:32:41.495+0000] {dagbag.py:588} INFO - Filling up the DagBag from /opt/airflow/dags/create_mart_dag.py
[2026-06-09T17:32:41.525+0000] {processor.py:925} INFO - DAG(s) 'create_analytics_mart' retrieved from /opt/airflow/dags/create_mart_dag.py
[2026-06-09T17:32:41.551+0000] {logging_mixin.py:190} INFO - [2026-06-09T17:32:41.550+0000] {dag.py:3239} INFO - Sync 1 DAGs
[2026-06-09T17:32:41.574+0000] {logging_mixin.py:190} INFO - [2026-06-09T17:32:41.573+0000] {dag.py:4180} INFO - Setting next_dagrun for create_analytics_mart to 2026-06-09 02:00:00+00:00, run_after=2026-06-10 02:00:00+00:00
[2026-06-09T17:32:41.592+0000] {processor.py:208} INFO - Processing /opt/airflow/dags/create_mart_dag.py took 0.106 seconds
[2026-06-09T17:33:11.738+0000] {processor.py:186} INFO - Started process (PID=3950) to work on /opt/airflow/dags/create_mart_dag.py
[2026-06-09T17:33:11.739+0000] {processor.py:914} INFO - Processing file /opt/airflow/dags/create_mart_dag.py for tasks to queue
[2026-06-09T17:33:11.741+0000] {logging_mixin.py:190} INFO - [2026-06-09T17:33:11.741+0000] {dagbag.py:588} INFO - Filling up the DagBag from /opt/airflow/dags/create_mart_dag.py
[2026-06-09T17:33:11.766+0000] {processor.py:925} INFO - DAG(s) 'create_analytics_mart' retrieved from /opt/airflow/dags/create_mart_dag.py
[2026-06-09T17:33:11.785+0000] {logging_mixin.py:190} INFO - [2026-06-09T17:33:11.785+0000] {dag.py:3239} INFO - Sync 1 DAGs
[2026-06-09T17:33:11.803+0000] {logging_mixin.py:190} INFO - [2026-06-09T17:33:11.803+0000] {dag.py:4180} INFO - Setting next_dagrun for create_analytics_mart to 2026-06-09 02:00:00+00:00, run_after=2026-06-10 02:00:00+00:00
[2026-06-09T17:33:11.940+0000] {processor.py:208} INFO - Processing /opt/airflow/dags/create_mart_dag.py took 0.207 seconds
[2026-06-09T17:33:42.164+0000] {processor.py:186} INFO - Started process (PID=3967) to work on /opt/airflow/dags/create_mart_dag.py
[2026-06-09T17:33:42.165+0000] {processor.py:914} INFO - Processing file /opt/airflow/dags/create_mart_dag.py for tasks to queue
[2026-06-09T17:33:42.167+0000] {logging_mixin.py:190} INFO - [2026-06-09T17:33:42.167+0000] {dagbag.py:588} INFO - Filling up the DagBag from /opt/airflow/dags/create_mart_dag.py
[2026-06-09T17:33:42.189+0000] {processor.py:925} INFO - DAG(s) 'create_analytics_mart' retrieved from /opt/airflow/dags/create_mart_dag.py
[2026-06-09T17:33:42.215+0000] {logging_mixin.py:190} INFO - [2026-06-09T17:33:42.215+0000] {dag.py:3239} INFO - Sync 1 DAGs
[2026-06-09T17:33:42.369+0000] {logging_mixin.py:190} INFO - [2026-06-09T17:33:42.369+0000] {dag.py:4180} INFO - Setting next_dagrun for create_analytics_mart to 2026-06-09 02:00:00+00:00, run_after=2026-06-10 02:00:00+00:00
[2026-06-09T17:33:42.387+0000] {processor.py:208} INFO - Processing /opt/airflow/dags/create_mart_dag.py took 0.228 seconds
[2026-06-09T17:34:12.635+0000] {processor.py:186} INFO - Started process (PID=3983) to work on /opt/airflow/dags/create_mart_dag.py
[2026-06-09T17:34:12.636+0000] {processor.py:914} INFO - Processing file /opt/airflow/dags/create_mart_dag.py for tasks to queue
[2026-06-09T17:34:12.638+0000] {logging_mixin.py:190} INFO - [2026-06-09T17:34:12.637+0000] {dagbag.py:588} INFO - Filling up the DagBag from /opt/airflow/dags/create_mart_dag.py
[2026-06-09T17:34:12.662+0000] {processor.py:925} INFO - DAG(s) 'create_analytics_mart' retrieved from /opt/airflow/dags/create_mart_dag.py
[2026-06-09T17:34:12.682+0000] {logging_mixin.py:190} INFO - [2026-06-09T17:34:12.682+0000] {dag.py:3239} INFO - Sync 1 DAGs
[2026-06-09T17:34:12.832+0000] {logging_mixin.py:190} INFO - [2026-06-09T17:34:12.832+0000] {dag.py:4180} INFO - Setting next_dagrun for create_analytics_mart to 2026-06-09 02:00:00+00:00, run_after=2026-06-10 02:00:00+00:00
[2026-06-09T17:34:12.848+0000] {processor.py:208} INFO - Processing /opt/airflow/dags/create_mart_dag.py took 0.219 seconds
[2026-06-09T17:34:43.067+0000] {processor.py:186} INFO - Started process (PID=3999) to work on /opt/airflow/dags/create_mart_dag.py
[2026-06-09T17:34:43.068+0000] {processor.py:914} INFO - Processing file /opt/airflow/dags/create_mart_dag.py for tasks to queue
[2026-06-09T17:34:43.070+0000] {logging_mixin.py:190} INFO - [2026-06-09T17:34:43.069+0000] {dagbag.py:588} INFO - Filling up the DagBag from /opt/airflow/dags/create_mart_dag.py
[2026-06-09T17:34:43.092+0000] {processor.py:925} INFO - DAG(s) 'create_analytics_mart' retrieved from /opt/airflow/dags/create_mart_dag.py
[2026-06-09T17:34:43.114+0000] {logging_mixin.py:190} INFO - [2026-06-09T17:34:43.114+0000] {dag.py:3239} INFO - Sync 1 DAGs
[2026-06-09T17:34:43.134+0000] {logging_mixin.py:190} INFO - [2026-06-09T17:34:43.134+0000] {dag.py:4180} INFO - Setting next_dagrun for create_analytics_mart to 2026-06-09 02:00:00+00:00, run_after=2026-06-10 02:00:00+00:00
[2026-06-09T17:34:43.156+0000] {processor.py:208} INFO - Processing /opt/airflow/dags/create_mart_dag.py took 0.095 seconds
[2026-06-09T17:35:13.361+0000] {processor.py:186} INFO - Started process (PID=4015) to work on /opt/airflow/dags/create_mart_dag.py
[2026-06-09T17:35:13.361+0000] {processor.py:914} INFO - Processing file /opt/airflow/dags/create_mart_dag.py for tasks to queue
[2026-06-09T17:35:13.363+0000] {logging_mixin.py:190} INFO - [2026-06-09T17:35:13.363+0000] {dagbag.py:588} INFO - Filling up the DagBag from /opt/airflow/dags/create_mart_dag.py
[2026-06-09T17:35:13.386+0000] {processor.py:925} INFO - DAG(s) 'create_analytics_mart' retrieved from /opt/airflow/dags/create_mart_dag.py
[2026-06-09T17:35:13.407+0000] {logging_mixin.py:190} INFO - [2026-06-09T17:35:13.407+0000] {dag.py:3239} INFO - Sync 1 DAGs
[2026-06-09T17:35:13.427+0000] {logging_mixin.py:190} INFO - [2026-06-09T17:35:13.427+0000] {dag.py:4180} INFO - Setting next_dagrun for create_analytics_mart to 2026-06-09 02:00:00+00:00, run_after=2026-06-10 02:00:00+00:00
[2026-06-09T17:35:13.446+0000] {processor.py:208} INFO - Processing /opt/airflow/dags/create_mart_dag.py took 0.089 seconds
[2026-06-09T17:35:43.595+0000] {processor.py:186} INFO - Started process (PID=4031) to work on /opt/airflow/dags/create_mart_dag.py
[2026-06-09T17:35:43.596+0000] {processor.py:914} INFO - Processing file /opt/airflow/dags/create_mart_dag.py for tasks to queue
[2026-06-09T17:35:43.599+0000] {logging_mixin.py:190} INFO - [2026-06-09T17:35:43.598+0000] {dagbag.py:588} INFO - Filling up the DagBag from /opt/airflow/dags/create_mart_dag.py
[2026-06-09T17:35:43.626+0000] {processor.py:925} INFO - DAG(s) 'create_analytics_mart' retrieved from /opt/airflow/dags/create_mart_dag.py
[2026-06-09T17:35:43.651+0000] {logging_mixin.py:190} INFO - [2026-06-09T17:35:43.651+0000] {dag.py:3239} INFO - Sync 1 DAGs
[2026-06-09T17:35:43.669+0000] {logging_mixin.py:190} INFO - [2026-06-09T17:35:43.669+0000] {dag.py:4180} INFO - Setting next_dagrun for create_analytics_mart to 2026-06-09 02:00:00+00:00, run_after=2026-06-10 02:00:00+00:00
[2026-06-09T17:35:43.687+0000] {processor.py:208} INFO - Processing /opt/airflow/dags/create_mart_dag.py took 0.096 seconds
[2026-06-09T17:36:13.915+0000] {processor.py:186} INFO - Started process (PID=4047) to work on /opt/airflow/dags/create_mart_dag.py
[2026-06-09T17:36:13.916+0000] {processor.py:914} INFO - Processing file /opt/airflow/dags/create_mart_dag.py for tasks to queue
[2026-06-09T17:36:13.918+0000] {logging_mixin.py:190} INFO - [2026-06-09T17:36:13.918+0000] {dagbag.py:588} INFO - Filling up the DagBag from /opt/airflow/dags/create_mart_dag.py
[2026-06-09T17:36:13.940+0000] {processor.py:925} INFO - DAG(s) 'create_analytics_mart' retrieved from /opt/airflow/dags/create_mart_dag.py
[2026-06-09T17:36:13.990+0000] {logging_mixin.py:190} INFO - [2026-06-09T17:36:13.990+0000] {dag.py:3239} INFO - Sync 1 DAGs
[2026-06-09T17:36:14.064+0000] {logging_mixin.py:190} INFO - [2026-06-09T17:36:14.064+0000] {dag.py:4180} INFO - Setting next_dagrun for create_analytics_mart to 2026-06-09 02:00:00+00:00, run_after=2026-06-10 02:00:00+00:00
[2026-06-09T17:36:14.204+0000] {processor.py:208} INFO - Processing /opt/airflow/dags/create_mart_dag.py took 0.293 seconds
[2026-06-09T17:36:44.447+0000] {processor.py:186} INFO - Started process (PID=4063) to work on /opt/airflow/dags/create_mart_dag.py
[2026-06-09T17:36:44.447+0000] {processor.py:914} INFO - Processing file /opt/airflow/dags/create_mart_dag.py for tasks to queue
[2026-06-09T17:36:44.450+0000] {logging_mixin.py:190} INFO - [2026-06-09T17:36:44.449+0000] {dagbag.py:588} INFO - Filling up the DagBag from /opt/airflow/dags/create_mart_dag.py
[2026-06-09T17:36:44.476+0000] {processor.py:925} INFO - DAG(s) 'create_analytics_mart' retrieved from /opt/airflow/dags/create_mart_dag.py
[2026-06-09T17:36:44.504+0000] {logging_mixin.py:190} INFO - [2026-06-09T17:36:44.504+0000] {dag.py:3239} INFO - Sync 1 DAGs
[2026-06-09T17:36:44.679+0000] {logging_mixin.py:190} INFO - [2026-06-09T17:36:44.679+0000] {dag.py:4180} INFO - Setting next_dagrun for create_analytics_mart to 2026-06-09 02:00:00+00:00, run_after=2026-06-10 02:00:00+00:00
[2026-06-09T17:36:44.700+0000] {processor.py:208} INFO - Processing /opt/airflow/dags/create_mart_dag.py took 0.259 seconds
[2026-06-09T17:37:15.138+0000] {processor.py:186} INFO - Started process (PID=4079) to work on /opt/airflow/dags/create_mart_dag.py
[2026-06-09T17:37:15.139+0000] {processor.py:914} INFO - Processing file /opt/airflow/dags/create_mart_dag.py for tasks to queue
[2026-06-09T17:37:15.141+0000] {logging_mixin.py:190} INFO - [2026-06-09T17:37:15.141+0000] {dagbag.py:588} INFO - Filling up the DagBag from /opt/airflow/dags/create_mart_dag.py
[2026-06-09T17:37:15.165+0000] {processor.py:925} INFO - DAG(s) 'create_analytics_mart' retrieved from /opt/airflow/dags/create_mart_dag.py
[2026-06-09T17:37:15.199+0000] {logging_mixin.py:190} INFO - [2026-06-09T17:37:15.199+0000] {dag.py:3239} INFO - Sync 1 DAGs
[2026-06-09T17:37:15.391+0000] {logging_mixin.py:190} INFO - [2026-06-09T17:37:15.391+0000] {dag.py:4180} INFO - Setting next_dagrun for create_analytics_mart to 2026-06-09 02:00:00+00:00, run_after=2026-06-10 02:00:00+00:00
[2026-06-09T17:37:15.408+0000] {processor.py:208} INFO - Processing /opt/airflow/dags/create_mart_dag.py took 0.274 seconds
[2026-06-09T17:37:45.665+0000] {processor.py:186} INFO - Started process (PID=4095) to work on /opt/airflow/dags/create_mart_dag.py
[2026-06-09T17:37:45.666+0000] {processor.py:914} INFO - Processing file /opt/airflow/dags/create_mart_dag.py for tasks to queue
[2026-06-09T17:37:45.668+0000] {logging_mixin.py:190} INFO - [2026-06-09T17:37:45.668+0000] {dagbag.py:588} INFO - Filling up the DagBag from /opt/airflow/dags/create_mart_dag.py
[2026-06-09T17:37:45.692+0000] {processor.py:925} INFO - DAG(s) 'create_analytics_mart' retrieved from /opt/airflow/dags/create_mart_dag.py
[2026-06-09T17:37:45.715+0000] {logging_mixin.py:190} INFO - [2026-06-09T17:37:45.714+0000] {dag.py:3239} INFO - Sync 1 DAGs
[2026-06-09T17:37:45.735+0000] {logging_mixin.py:190} INFO - [2026-06-09T17:37:45.735+0000] {dag.py:4180} INFO - Setting next_dagrun for create_analytics_mart to 2026-06-09 02:00:00+00:00, run_after=2026-06-10 02:00:00+00:00
[2026-06-09T17:37:45.754+0000] {processor.py:208} INFO - Processing /opt/airflow/dags/create_mart_dag.py took 0.093 seconds
[2026-06-09T17:38:15.909+0000] {processor.py:186} INFO - Started process (PID=4111) to work on /opt/airflow/dags/create_mart_dag.py
[2026-06-09T17:38:15.910+0000] {processor.py:914} INFO - Processing file /opt/airflow/dags/create_mart_dag.py for tasks to queue
[2026-06-09T17:38:15.912+0000] {logging_mixin.py:190} INFO - [2026-06-09T17:38:15.912+0000] {dagbag.py:588} INFO - Filling up the DagBag from /opt/airflow/dags/create_mart_dag.py
[2026-06-09T17:38:15.947+0000] {processor.py:925} INFO - DAG(s) 'create_analytics_mart' retrieved from /opt/airflow/dags/create_mart_dag.py
[2026-06-09T17:38:15.978+0000] {logging_mixin.py:190} INFO - [2026-06-09T17:38:15.978+0000] {dag.py:3239} INFO - Sync 1 DAGs
[2026-06-09T17:38:15.998+0000] {logging_mixin.py:190} INFO - [2026-06-09T17:38:15.998+0000] {dag.py:4180} INFO - Setting next_dagrun for create_analytics_mart to 2026-06-09 02:00:00+00:00, run_after=2026-06-10 02:00:00+00:00
[2026-06-09T17:38:16.018+0000] {processor.py:208} INFO - Processing /opt/airflow/dags/create_mart_dag.py took 0.114 seconds
[2026-06-09T17:38:46.203+0000] {processor.py:186} INFO - Started process (PID=4127) to work on /opt/airflow/dags/create_mart_dag.py
[2026-06-09T17:38:46.204+0000] {processor.py:914} INFO - Processing file /opt/airflow/dags/create_mart_dag.py for tasks to queue
[2026-06-09T17:38:46.206+0000] {logging_mixin.py:190} INFO - [2026-06-09T17:38:46.206+0000] {dagbag.py:588} INFO - Filling up the DagBag from /opt/airflow/dags/create_mart_dag.py
[2026-06-09T17:38:46.231+0000] {processor.py:925} INFO - DAG(s) 'create_analytics_mart' retrieved from /opt/airflow/dags/create_mart_dag.py
[2026-06-09T17:38:46.255+0000] {logging_mixin.py:190} INFO - [2026-06-09T17:38:46.255+0000] {dag.py:3239} INFO - Sync 1 DAGs
[2026-06-09T17:38:46.274+0000] {logging_mixin.py:190} INFO - [2026-06-09T17:38:46.274+0000] {dag.py:4180} INFO - Setting next_dagrun for create_analytics_mart to 2026-06-09 02:00:00+00:00, run_after=2026-06-10 02:00:00+00:00
[2026-06-09T17:38:46.292+0000] {processor.py:208} INFO - Processing /opt/airflow/dags/create_mart_dag.py took 0.094 seconds
[2026-06-09T17:39:16.492+0000] {processor.py:186} INFO - Started process (PID=4143) to work on /opt/airflow/dags/create_mart_dag.py
[2026-06-09T17:39:16.493+0000] {processor.py:914} INFO - Processing file /opt/airflow/dags/create_mart_dag.py for tasks to queue
[2026-06-09T17:39:16.495+0000] {logging_mixin.py:190} INFO - [2026-06-09T17:39:16.495+0000] {dagbag.py:588} INFO - Filling up the DagBag from /opt/airflow/dags/create_mart_dag.py
[2026-06-09T17:39:16.518+0000] {processor.py:925} INFO - DAG(s) 'create_analytics_mart' retrieved from /opt/airflow/dags/create_mart_dag.py
[2026-06-09T17:39:16.538+0000] {logging_mixin.py:190} INFO - [2026-06-09T17:39:16.538+0000] {dag.py:3239} INFO - Sync 1 DAGs
[2026-06-09T17:39:16.559+0000] {logging_mixin.py:190} INFO - [2026-06-09T17:39:16.558+0000] {dag.py:4180} INFO - Setting next_dagrun for create_analytics_mart to 2026-06-09 02:00:00+00:00, run_after=2026-06-10 02:00:00+00:00
[2026-06-09T17:39:16.696+0000] {processor.py:208} INFO - Processing /opt/airflow/dags/create_mart_dag.py took 0.208 seconds
[2026-06-09T17:39:46.753+0000] {processor.py:186} INFO - Started process (PID=4159) to work on /opt/airflow/dags/create_mart_dag.py
[2026-06-09T17:39:46.754+0000] {processor.py:914} INFO - Processing file /opt/airflow/dags/create_mart_dag.py for tasks to queue
[2026-06-09T17:39:46.757+0000] {logging_mixin.py:190} INFO - [2026-06-09T17:39:46.757+0000] {dagbag.py:588} INFO - Filling up the DagBag from /opt/airflow/dags/create_mart_dag.py
[2026-06-09T17:39:46.778+0000] {processor.py:925} INFO - DAG(s) 'create_analytics_mart' retrieved from /opt/airflow/dags/create_mart_dag.py
[2026-06-09T17:39:46.798+0000] {logging_mixin.py:190} INFO - [2026-06-09T17:39:46.797+0000] {dag.py:3239} INFO - Sync 1 DAGs
[2026-06-09T17:39:46.959+0000] {logging_mixin.py:190} INFO - [2026-06-09T17:39:46.959+0000] {dag.py:4180} INFO - Setting next_dagrun for create_analytics_mart to 2026-06-09 02:00:00+00:00, run_after=2026-06-10 02:00:00+00:00
[2026-06-09T17:39:46.974+0000] {processor.py:208} INFO - Processing /opt/airflow/dags/create_mart_dag.py took 0.226 seconds
[2026-06-09T17:40:17.143+0000] {processor.py:186} INFO - Started process (PID=4175) to work on /opt/airflow/dags/create_mart_dag.py
[2026-06-09T17:40:17.144+0000] {processor.py:914} INFO - Processing file /opt/airflow/dags/create_mart_dag.py for tasks to queue
[2026-06-09T17:40:17.147+0000] {logging_mixin.py:190} INFO - [2026-06-09T17:40:17.146+0000] {dagbag.py:588} INFO - Filling up the DagBag from /opt/airflow/dags/create_mart_dag.py
[2026-06-09T17:40:17.177+0000] {processor.py:925} INFO - DAG(s) 'create_analytics_mart' retrieved from /opt/airflow/dags/create_mart_dag.py
[2026-06-09T17:40:17.317+0000] {logging_mixin.py:190} INFO - [2026-06-09T17:40:17.317+0000] {dag.py:3239} INFO - Sync 1 DAGs
[2026-06-09T17:40:17.333+0000] {logging_mixin.py:190} INFO - [2026-06-09T17:40:17.333+0000] {dag.py:4180} INFO - Setting next_dagrun for create_analytics_mart to 2026-06-09 02:00:00+00:00, run_after=2026-06-10 02:00:00+00:00
[2026-06-09T17:40:17.348+0000] {processor.py:208} INFO - Processing /opt/airflow/dags/create_mart_dag.py took 0.211 seconds
[2026-06-09T17:40:47.603+0000] {processor.py:186} INFO - Started process (PID=4191) to work on /opt/airflow/dags/create_mart_dag.py
[2026-06-09T17:40:47.604+0000] {processor.py:914} INFO - Processing file /opt/airflow/dags/create_mart_dag.py for tasks to queue
[2026-06-09T17:40:47.607+0000] {logging_mixin.py:190} INFO - [2026-06-09T17:40:47.606+0000] {dagbag.py:588} INFO - Filling up the DagBag from /opt/airflow/dags/create_mart_dag.py
[2026-06-09T17:40:47.633+0000] {processor.py:925} INFO - DAG(s) 'create_analytics_mart' retrieved from /opt/airflow/dags/create_mart_dag.py
[2026-06-09T17:40:47.662+0000] {logging_mixin.py:190} INFO - [2026-06-09T17:40:47.661+0000] {dag.py:3239} INFO - Sync 1 DAGs
[2026-06-09T17:40:47.683+0000] {logging_mixin.py:190} INFO - [2026-06-09T17:40:47.683+0000] {dag.py:4180} INFO - Setting next_dagrun for create_analytics_mart to 2026-06-09 02:00:00+00:00, run_after=2026-06-10 02:00:00+00:00
[2026-06-09T17:40:47.702+0000] {processor.py:208} INFO - Processing /opt/airflow/dags/create_mart_dag.py took 0.104 seconds
[2026-06-09T17:41:17.867+0000] {processor.py:186} INFO - Started process (PID=4207) to work on /opt/airflow/dags/create_mart_dag.py
[2026-06-09T17:41:17.868+0000] {processor.py:914} INFO - Processing file /opt/airflow/dags/create_mart_dag.py for tasks to queue
[2026-06-09T17:41:17.871+0000] {logging_mixin.py:190} INFO - [2026-06-09T17:41:17.870+0000] {dagbag.py:588} INFO - Filling up the DagBag from /opt/airflow/dags/create_mart_dag.py
[2026-06-09T17:41:17.896+0000] {processor.py:925} INFO - DAG(s) 'create_analytics_mart' retrieved from /opt/airflow/dags/create_mart_dag.py
[2026-06-09T17:41:17.919+0000] {logging_mixin.py:190} INFO - [2026-06-09T17:41:17.919+0000] {dag.py:3239} INFO - Sync 1 DAGs
[2026-06-09T17:41:17.941+0000] {logging_mixin.py:190} INFO - [2026-06-09T17:41:17.940+0000] {dag.py:4180} INFO - Setting next_dagrun for create_analytics_mart to 2026-06-09 02:00:00+00:00, run_after=2026-06-10 02:00:00+00:00
[2026-06-09T17:41:17.961+0000] {processor.py:208} INFO - Processing /opt/airflow/dags/create_mart_dag.py took 0.099 seconds
[2026-06-09T17:41:48.207+0000] {processor.py:186} INFO - Started process (PID=4223) to work on /opt/airflow/dags/create_mart_dag.py
[2026-06-09T17:41:48.209+0000] {processor.py:914} INFO - Processing file /opt/airflow/dags/create_mart_dag.py for tasks to queue
[2026-06-09T17:41:48.211+0000] {logging_mixin.py:190} INFO - [2026-06-09T17:41:48.210+0000] {dagbag.py:588} INFO - Filling up the DagBag from /opt/airflow/dags/create_mart_dag.py
[2026-06-09T17:41:48.232+0000] {processor.py:925} INFO - DAG(s) 'create_analytics_mart' retrieved from /opt/airflow/dags/create_mart_dag.py
[2026-06-09T17:41:48.254+0000] {logging_mixin.py:190} INFO - [2026-06-09T17:41:48.254+0000] {dag.py:3239} INFO - Sync 1 DAGs
[2026-06-09T17:41:48.273+0000] {logging_mixin.py:190} INFO - [2026-06-09T17:41:48.273+0000] {dag.py:4180} INFO - Setting next_dagrun for create_analytics_mart to 2026-06-09 02:00:00+00:00, run_after=2026-06-10 02:00:00+00:00
[2026-06-09T17:41:48.415+0000] {processor.py:208} INFO - Processing /opt/airflow/dags/create_mart_dag.py took 0.211 seconds
[2026-06-09T17:42:18.536+0000] {processor.py:186} INFO - Started process (PID=4239) to work on /opt/airflow/dags/create_mart_dag.py
[2026-06-09T17:42:18.537+0000] {processor.py:914} INFO - Processing file /opt/airflow/dags/create_mart_dag.py for tasks to queue
[2026-06-09T17:42:18.540+0000] {logging_mixin.py:190} INFO - [2026-06-09T17:42:18.539+0000] {dagbag.py:588} INFO - Filling up the DagBag from /opt/airflow/dags/create_mart_dag.py
[2026-06-09T17:42:18.566+0000] {processor.py:925} INFO - DAG(s) 'create_analytics_mart' retrieved from /opt/airflow/dags/create_mart_dag.py
[2026-06-09T17:42:18.589+0000] {logging_mixin.py:190} INFO - [2026-06-09T17:42:18.589+0000] {dag.py:3239} INFO - Sync 1 DAGs
[2026-06-09T17:42:18.731+0000] {logging_mixin.py:190} INFO - [2026-06-09T17:42:18.731+0000] {dag.py:4180} INFO - Setting next_dagrun for create_analytics_mart to 2026-06-09 02:00:00+00:00, run_after=2026-06-10 02:00:00+00:00
[2026-06-09T17:42:18.745+0000] {processor.py:208} INFO - Processing /opt/airflow/dags/create_mart_dag.py took 0.214 seconds
[2026-06-09T17:42:48.795+0000] {processor.py:186} INFO - Started process (PID=4255) to work on /opt/airflow/dags/create_mart_dag.py
[2026-06-09T17:42:48.796+0000] {processor.py:914} INFO - Processing file /opt/airflow/dags/create_mart_dag.py for tasks to queue
[2026-06-09T17:42:48.798+0000] {logging_mixin.py:190} INFO - [2026-06-09T17:42:48.798+0000] {dagbag.py:588} INFO - Filling up the DagBag from /opt/airflow/dags/create_mart_dag.py
[2026-06-09T17:42:48.821+0000] {processor.py:925} INFO - DAG(s) 'create_analytics_mart' retrieved from /opt/airflow/dags/create_mart_dag.py
[2026-06-09T17:42:48.844+0000] {logging_mixin.py:190} INFO - [2026-06-09T17:42:48.844+0000] {dag.py:3239} INFO - Sync 1 DAGs
[2026-06-09T17:42:48.984+0000] {logging_mixin.py:190} INFO - [2026-06-09T17:42:48.983+0000] {dag.py:4180} INFO - Setting next_dagrun for create_analytics_mart to 2026-06-09 02:00:00+00:00, run_after=2026-06-10 02:00:00+00:00
[2026-06-09T17:42:49.000+0000] {processor.py:208} INFO - Processing /opt/airflow/dags/create_mart_dag.py took 0.210 seconds
[2026-06-09T17:43:19.220+0000] {processor.py:186} INFO - Started process (PID=4271) to work on /opt/airflow/dags/create_mart_dag.py
[2026-06-09T17:43:19.221+0000] {processor.py:914} INFO - Processing file /opt/airflow/dags/create_mart_dag.py for tasks to queue
[2026-06-09T17:43:19.224+0000] {logging_mixin.py:190} INFO - [2026-06-09T17:43:19.223+0000] {dagbag.py:588} INFO - Filling up the DagBag from /opt/airflow/dags/create_mart_dag.py
[2026-06-09T17:43:19.257+0000] {processor.py:925} INFO - DAG(s) 'create_analytics_mart' retrieved from /opt/airflow/dags/create_mart_dag.py
[2026-06-09T17:43:19.280+0000] {logging_mixin.py:190} INFO - [2026-06-09T17:43:19.279+0000] {dag.py:3239} INFO - Sync 1 DAGs
[2026-06-09T17:43:19.297+0000] {logging_mixin.py:190} INFO - [2026-06-09T17:43:19.297+0000] {dag.py:4180} INFO - Setting next_dagrun for create_analytics_mart to 2026-06-09 02:00:00+00:00, run_after=2026-06-10 02:00:00+00:00
[2026-06-09T17:43:19.315+0000] {processor.py:208} INFO - Processing /opt/airflow/dags/create_mart_dag.py took 0.101 seconds
[2026-06-09T17:43:49.465+0000] {processor.py:186} INFO - Started process (PID=4286) to work on /opt/airflow/dags/create_mart_dag.py
[2026-06-09T17:43:49.466+0000] {processor.py:914} INFO - Processing file /opt/airflow/dags/create_mart_dag.py for tasks to queue
[2026-06-09T17:43:49.468+0000] {logging_mixin.py:190} INFO - [2026-06-09T17:43:49.468+0000] {dagbag.py:588} INFO - Filling up the DagBag from /opt/airflow/dags/create_mart_dag.py
[2026-06-09T17:43:49.490+0000] {processor.py:925} INFO - DAG(s) 'create_analytics_mart' retrieved from /opt/airflow/dags/create_mart_dag.py
[2026-06-09T17:43:49.511+0000] {logging_mixin.py:190} INFO - [2026-06-09T17:43:49.511+0000] {dag.py:3239} INFO - Sync 1 DAGs
[2026-06-09T17:43:49.531+0000] {logging_mixin.py:190} INFO - [2026-06-09T17:43:49.531+0000] {dag.py:4180} INFO - Setting next_dagrun for create_analytics_mart to 2026-06-09 02:00:00+00:00, run_after=2026-06-10 02:00:00+00:00
[2026-06-09T17:43:49.551+0000] {processor.py:208} INFO - Processing /opt/airflow/dags/create_mart_dag.py took 0.091 seconds
[2026-06-09T17:44:19.778+0000] {processor.py:186} INFO - Started process (PID=4302) to work on /opt/airflow/dags/create_mart_dag.py
[2026-06-09T17:44:19.779+0000] {processor.py:914} INFO - Processing file /opt/airflow/dags/create_mart_dag.py for tasks to queue
[2026-06-09T17:44:19.781+0000] {logging_mixin.py:190} INFO - [2026-06-09T17:44:19.780+0000] {dagbag.py:588} INFO - Filling up the DagBag from /opt/airflow/dags/create_mart_dag.py
[2026-06-09T17:44:19.803+0000] {processor.py:925} INFO - DAG(s) 'create_analytics_mart' retrieved from /opt/airflow/dags/create_mart_dag.py
[2026-06-09T17:44:19.823+0000] {logging_mixin.py:190} INFO - [2026-06-09T17:44:19.823+0000] {dag.py:3239} INFO - Sync 1 DAGs
[2026-06-09T17:44:19.843+0000] {logging_mixin.py:190} INFO - [2026-06-09T17:44:19.843+0000] {dag.py:4180} INFO - Setting next_dagrun for create_analytics_mart to 2026-06-09 02:00:00+00:00, run_after=2026-06-10 02:00:00+00:00
[2026-06-09T17:44:19.862+0000] {processor.py:208} INFO - Processing /opt/airflow/dags/create_mart_dag.py took 0.089 seconds
[2026-06-09T17:44:49.963+0000] {processor.py:186} INFO - Started process (PID=4318) to work on /opt/airflow/dags/create_mart_dag.py
[2026-06-09T17:44:49.964+0000] {processor.py:914} INFO - Processing file /opt/airflow/dags/create_mart_dag.py for tasks to queue
[2026-06-09T17:44:49.966+0000] {logging_mixin.py:190} INFO - [2026-06-09T17:44:49.966+0000] {dagbag.py:588} INFO - Filling up the DagBag from /opt/airflow/dags/create_mart_dag.py
[2026-06-09T17:44:49.990+0000] {processor.py:925} INFO - DAG(s) 'create_analytics_mart' retrieved from /opt/airflow/dags/create_mart_dag.py
[2026-06-09T17:44:50.011+0000] {logging_mixin.py:190} INFO - [2026-06-09T17:44:50.011+0000] {dag.py:3239} INFO - Sync 1 DAGs
[2026-06-09T17:44:50.031+0000] {logging_mixin.py:190} INFO - [2026-06-09T17:44:50.031+0000] {dag.py:4180} INFO - Setting next_dagrun for create_analytics_mart to 2026-06-09 02:00:00+00:00, run_after=2026-06-10 02:00:00+00:00
[2026-06-09T17:44:50.166+0000] {processor.py:208} INFO - Processing /opt/airflow/dags/create_mart_dag.py took 0.208 seconds
[2026-06-09T17:45:20.482+0000] {processor.py:186} INFO - Started process (PID=4334) to work on /opt/airflow/dags/create_mart_dag.py
[2026-06-09T17:45:20.484+0000] {processor.py:914} INFO - Processing file /opt/airflow/dags/create_mart_dag.py for tasks to queue
[2026-06-09T17:45:20.486+0000] {logging_mixin.py:190} INFO - [2026-06-09T17:45:20.486+0000] {dagbag.py:588} INFO - Filling up the DagBag from /opt/airflow/dags/create_mart_dag.py
[2026-06-09T17:45:20.509+0000] {processor.py:925} INFO - DAG(s) 'create_analytics_mart' retrieved from /opt/airflow/dags/create_mart_dag.py
[2026-06-09T17:45:20.537+0000] {logging_mixin.py:190} INFO - [2026-06-09T17:45:20.536+0000] {dag.py:3239} INFO - Sync 1 DAGs
[2026-06-09T17:45:20.695+0000] {logging_mixin.py:190} INFO - [2026-06-09T17:45:20.695+0000] {dag.py:4180} INFO - Setting next_dagrun for create_analytics_mart to 2026-06-09 02:00:00+00:00, run_after=2026-06-10 02:00:00+00:00
[2026-06-09T17:45:20.709+0000] {processor.py:208} INFO - Processing /opt/airflow/dags/create_mart_dag.py took 0.231 seconds
[2026-06-09T17:45:50.910+0000] {processor.py:186} INFO - Started process (PID=4350) to work on /opt/airflow/dags/create_mart_dag.py
[2026-06-09T17:45:50.911+0000] {processor.py:914} INFO - Processing file /opt/airflow/dags/create_mart_dag.py for tasks to queue
[2026-06-09T17:45:50.913+0000] {logging_mixin.py:190} INFO - [2026-06-09T17:45:50.913+0000] {dagbag.py:588} INFO - Filling up the DagBag from /opt/airflow/dags/create_mart_dag.py
[2026-06-09T17:45:50.936+0000] {processor.py:925} INFO - DAG(s) 'create_analytics_mart' retrieved from /opt/airflow/dags/create_mart_dag.py
[2026-06-09T17:45:50.956+0000] {logging_mixin.py:190} INFO - [2026-06-09T17:45:50.956+0000] {dag.py:3239} INFO - Sync 1 DAGs
[2026-06-09T17:45:51.092+0000] {logging_mixin.py:190} INFO - [2026-06-09T17:45:51.092+0000] {dag.py:4180} INFO - Setting next_dagrun for create_analytics_mart to 2026-06-09 02:00:00+00:00, run_after=2026-06-10 02:00:00+00:00
[2026-06-09T17:45:51.108+0000] {processor.py:208} INFO - Processing /opt/airflow/dags/create_mart_dag.py took 0.202 seconds
[2026-06-09T17:46:21.316+0000] {processor.py:186} INFO - Started process (PID=4365) to work on /opt/airflow/dags/create_mart_dag.py
[2026-06-09T17:46:21.317+0000] {processor.py:914} INFO - Processing file /opt/airflow/dags/create_mart_dag.py for tasks to queue
[2026-06-09T17:46:21.319+0000] {logging_mixin.py:190} INFO - [2026-06-09T17:46:21.318+0000] {dagbag.py:588} INFO - Filling up the DagBag from /opt/airflow/dags/create_mart_dag.py
[2026-06-09T17:46:21.345+0000] {processor.py:925} INFO - DAG(s) 'create_analytics_mart' retrieved from /opt/airflow/dags/create_mart_dag.py
[2026-06-09T17:46:21.367+0000] {logging_mixin.py:190} INFO - [2026-06-09T17:46:21.367+0000] {dag.py:3239} INFO - Sync 1 DAGs
[2026-06-09T17:46:21.390+0000] {logging_mixin.py:190} INFO - [2026-06-09T17:46:21.389+0000] {dag.py:4180} INFO - Setting next_dagrun for create_analytics_mart to 2026-06-09 02:00:00+00:00, run_after=2026-06-10 02:00:00+00:00
[2026-06-09T17:46:21.408+0000] {processor.py:208} INFO - Processing /opt/airflow/dags/create_mart_dag.py took 0.097 seconds
[2026-06-09T17:46:51.631+0000] {processor.py:186} INFO - Started process (PID=4381) to work on /opt/airflow/dags/create_mart_dag.py
[2026-06-09T17:46:51.632+0000] {processor.py:914} INFO - Processing file /opt/airflow/dags/create_mart_dag.py for tasks to queue
[2026-06-09T17:46:51.634+0000] {logging_mixin.py:190} INFO - [2026-06-09T17:46:51.634+0000] {dagbag.py:588} INFO - Filling up the DagBag from /opt/airflow/dags/create_mart_dag.py
[2026-06-09T17:46:51.657+0000] {processor.py:925} INFO - DAG(s) 'create_analytics_mart' retrieved from /opt/airflow/dags/create_mart_dag.py
[2026-06-09T17:46:51.680+0000] {logging_mixin.py:190} INFO - [2026-06-09T17:46:51.679+0000] {dag.py:3239} INFO - Sync 1 DAGs
[2026-06-09T17:46:51.699+0000] {logging_mixin.py:190} INFO - [2026-06-09T17:46:51.699+0000] {dag.py:4180} INFO - Setting next_dagrun for create_analytics_mart to 2026-06-09 02:00:00+00:00, run_after=2026-06-10 02:00:00+00:00
[2026-06-09T17:46:51.717+0000] {processor.py:208} INFO - Processing /opt/airflow/dags/create_mart_dag.py took 0.090 seconds
[2026-06-09T17:47:21.872+0000] {processor.py:186} INFO - Started process (PID=4397) to work on /opt/airflow/dags/create_mart_dag.py
[2026-06-09T17:47:21.873+0000] {processor.py:914} INFO - Processing file /opt/airflow/dags/create_mart_dag.py for tasks to queue
[2026-06-09T17:47:21.875+0000] {logging_mixin.py:190} INFO - [2026-06-09T17:47:21.875+0000] {dagbag.py:588} INFO - Filling up the DagBag from /opt/airflow/dags/create_mart_dag.py
[2026-06-09T17:47:21.900+0000] {processor.py:925} INFO - DAG(s) 'create_analytics_mart' retrieved from /opt/airflow/dags/create_mart_dag.py
[2026-06-09T17:47:21.920+0000] {logging_mixin.py:190} INFO - [2026-06-09T17:47:21.920+0000] {dag.py:3239} INFO - Sync 1 DAGs
[2026-06-09T17:47:21.940+0000] {logging_mixin.py:190} INFO - [2026-06-09T17:47:21.940+0000] {dag.py:4180} INFO - Setting next_dagrun for create_analytics_mart to 2026-06-09 02:00:00+00:00, run_after=2026-06-10 02:00:00+00:00
[2026-06-09T17:47:21.958+0000] {processor.py:208} INFO - Processing /opt/airflow/dags/create_mart_dag.py took 0.091 seconds
[2026-06-09T17:47:52.097+0000] {processor.py:186} INFO - Started process (PID=4413) to work on /opt/airflow/dags/create_mart_dag.py
[2026-06-09T17:47:52.098+0000] {processor.py:914} INFO - Processing file /opt/airflow/dags/create_mart_dag.py for tasks to queue
[2026-06-09T17:47:52.101+0000] {logging_mixin.py:190} INFO - [2026-06-09T17:47:52.100+0000] {dagbag.py:588} INFO - Filling up the DagBag from /opt/airflow/dags/create_mart_dag.py
[2026-06-09T17:47:52.122+0000] {processor.py:925} INFO - DAG(s) 'create_analytics_mart' retrieved from /opt/airflow/dags/create_mart_dag.py
[2026-06-09T17:47:52.145+0000] {logging_mixin.py:190} INFO - [2026-06-09T17:47:52.145+0000] {dag.py:3239} INFO - Sync 1 DAGs
[2026-06-09T17:47:52.285+0000] {logging_mixin.py:190} INFO - [2026-06-09T17:47:52.285+0000] {dag.py:4180} INFO - Setting next_dagrun for create_analytics_mart to 2026-06-09 02:00:00+00:00, run_after=2026-06-10 02:00:00+00:00
[2026-06-09T17:47:52.301+0000] {processor.py:208} INFO - Processing /opt/airflow/dags/create_mart_dag.py took 0.208 seconds
[2026-06-09T17:48:22.349+0000] {processor.py:186} INFO - Started process (PID=4430) to work on /opt/airflow/dags/create_mart_dag.py
[2026-06-09T17:48:22.350+0000] {processor.py:914} INFO - Processing file /opt/airflow/dags/create_mart_dag.py for tasks to queue
[2026-06-09T17:48:22.352+0000] {logging_mixin.py:190} INFO - [2026-06-09T17:48:22.352+0000] {dagbag.py:588} INFO - Filling up the DagBag from /opt/airflow/dags/create_mart_dag.py
[2026-06-09T17:48:22.376+0000] {processor.py:925} INFO - DAG(s) 'create_analytics_mart' retrieved from /opt/airflow/dags/create_mart_dag.py
[2026-06-09T17:48:22.398+0000] {logging_mixin.py:190} INFO - [2026-06-09T17:48:22.397+0000] {dag.py:3239} INFO - Sync 1 DAGs
[2026-06-09T17:48:22.536+0000] {logging_mixin.py:190} INFO - [2026-06-09T17:48:22.536+0000] {dag.py:4180} INFO - Setting next_dagrun for create_analytics_mart to 2026-06-09 02:00:00+00:00, run_after=2026-06-10 02:00:00+00:00
[2026-06-09T17:48:22.551+0000] {processor.py:208} INFO - Processing /opt/airflow/dags/create_mart_dag.py took 0.206 seconds
[2026-06-09T17:48:52.706+0000] {processor.py:186} INFO - Started process (PID=4445) to work on /opt/airflow/dags/create_mart_dag.py
[2026-06-09T17:48:52.707+0000] {processor.py:914} INFO - Processing file /opt/airflow/dags/create_mart_dag.py for tasks to queue
[2026-06-09T17:48:52.709+0000] {logging_mixin.py:190} INFO - [2026-06-09T17:48:52.709+0000] {dagbag.py:588} INFO - Filling up the DagBag from /opt/airflow/dags/create_mart_dag.py
[2026-06-09T17:48:52.738+0000] {processor.py:925} INFO - DAG(s) 'create_analytics_mart' retrieved from /opt/airflow/dags/create_mart_dag.py
[2026-06-09T17:48:52.880+0000] {logging_mixin.py:190} INFO - [2026-06-09T17:48:52.880+0000] {dag.py:3239} INFO - Sync 1 DAGs
[2026-06-09T17:48:52.897+0000] {logging_mixin.py:190} INFO - [2026-06-09T17:48:52.897+0000] {dag.py:4180} INFO - Setting next_dagrun for create_analytics_mart to 2026-06-09 02:00:00+00:00, run_after=2026-06-10 02:00:00+00:00
[2026-06-09T17:48:52.913+0000] {processor.py:208} INFO - Processing /opt/airflow/dags/create_mart_dag.py took 0.211 seconds
[2026-06-09T17:49:23.124+0000] {processor.py:186} INFO - Started process (PID=4461) to work on /opt/airflow/dags/create_mart_dag.py
[2026-06-09T17:49:23.125+0000] {processor.py:914} INFO - Processing file /opt/airflow/dags/create_mart_dag.py for tasks to queue
[2026-06-09T17:49:23.127+0000] {logging_mixin.py:190} INFO - [2026-06-09T17:49:23.127+0000] {dagbag.py:588} INFO - Filling up the DagBag from /opt/airflow/dags/create_mart_dag.py
[2026-06-09T17:49:23.151+0000] {processor.py:925} INFO - DAG(s) 'create_analytics_mart' retrieved from /opt/airflow/dags/create_mart_dag.py
[2026-06-09T17:49:23.173+0000] {logging_mixin.py:190} INFO - [2026-06-09T17:49:23.172+0000] {dag.py:3239} INFO - Sync 1 DAGs
[2026-06-09T17:49:23.197+0000] {logging_mixin.py:190} INFO - [2026-06-09T17:49:23.197+0000] {dag.py:4180} INFO - Setting next_dagrun for create_analytics_mart to 2026-06-09 02:00:00+00:00, run_after=2026-06-10 02:00:00+00:00
[2026-06-09T17:49:23.217+0000] {processor.py:208} INFO - Processing /opt/airflow/dags/create_mart_dag.py took 0.098 seconds
[2026-06-09T17:49:53.325+0000] {processor.py:186} INFO - Started process (PID=4477) to work on /opt/airflow/dags/create_mart_dag.py
[2026-06-09T17:49:53.326+0000] {processor.py:914} INFO - Processing file /opt/airflow/dags/create_mart_dag.py for tasks to queue
[2026-06-09T17:49:53.329+0000] {logging_mixin.py:190} INFO - [2026-06-09T17:49:53.329+0000] {dagbag.py:588} INFO - Filling up the DagBag from /opt/airflow/dags/create_mart_dag.py
[2026-06-09T17:49:53.351+0000] {processor.py:925} INFO - DAG(s) 'create_analytics_mart' retrieved from /opt/airflow/dags/create_mart_dag.py
[2026-06-09T17:49:53.375+0000] {logging_mixin.py:190} INFO - [2026-06-09T17:49:53.374+0000] {dag.py:3239} INFO - Sync 1 DAGs
[2026-06-09T17:49:53.393+0000] {logging_mixin.py:190} INFO - [2026-06-09T17:49:53.393+0000] {dag.py:4180} INFO - Setting next_dagrun for create_analytics_mart to 2026-06-09 02:00:00+00:00, run_after=2026-06-10 02:00:00+00:00
[2026-06-09T17:49:53.411+0000] {processor.py:208} INFO - Processing /opt/airflow/dags/create_mart_dag.py took 0.091 seconds
[2026-06-09T17:50:23.633+0000] {processor.py:186} INFO - Started process (PID=4493) to work on /opt/airflow/dags/create_mart_dag.py
[2026-06-09T17:50:23.634+0000] {processor.py:914} INFO - Processing file /opt/airflow/dags/create_mart_dag.py for tasks to queue
[2026-06-09T17:50:23.637+0000] {logging_mixin.py:190} INFO - [2026-06-09T17:50:23.637+0000] {dagbag.py:588} INFO - Filling up the DagBag from /opt/airflow/dags/create_mart_dag.py
[2026-06-09T17:50:23.663+0000] {processor.py:925} INFO - DAG(s) 'create_analytics_mart' retrieved from /opt/airflow/dags/create_mart_dag.py
[2026-06-09T17:50:23.687+0000] {logging_mixin.py:190} INFO - [2026-06-09T17:50:23.686+0000] {dag.py:3239} INFO - Sync 1 DAGs
[2026-06-09T17:50:23.706+0000] {logging_mixin.py:190} INFO - [2026-06-09T17:50:23.706+0000] {dag.py:4180} INFO - Setting next_dagrun for create_analytics_mart to 2026-06-09 02:00:00+00:00, run_after=2026-06-10 02:00:00+00:00
[2026-06-09T17:50:23.842+0000] {processor.py:208} INFO - Processing /opt/airflow/dags/create_mart_dag.py took 0.213 seconds
[2026-06-09T17:50:54.067+0000] {processor.py:186} INFO - Started process (PID=4509) to work on /opt/airflow/dags/create_mart_dag.py
[2026-06-09T17:50:54.068+0000] {processor.py:914} INFO - Processing file /opt/airflow/dags/create_mart_dag.py for tasks to queue
[2026-06-09T17:50:54.070+0000] {logging_mixin.py:190} INFO - [2026-06-09T17:50:54.069+0000] {dagbag.py:588} INFO - Filling up the DagBag from /opt/airflow/dags/create_mart_dag.py
[2026-06-09T17:50:54.093+0000] {processor.py:925} INFO - DAG(s) 'create_analytics_mart' retrieved from /opt/airflow/dags/create_mart_dag.py
[2026-06-09T17:50:54.114+0000] {logging_mixin.py:190} INFO - [2026-06-09T17:50:54.113+0000] {dag.py:3239} INFO - Sync 1 DAGs
[2026-06-09T17:50:54.252+0000] {logging_mixin.py:190} INFO - [2026-06-09T17:50:54.252+0000] {dag.py:4180} INFO - Setting next_dagrun for create_analytics_mart to 2026-06-09 02:00:00+00:00, run_after=2026-06-10 02:00:00+00:00
[2026-06-09T17:50:54.268+0000] {processor.py:208} INFO - Processing /opt/airflow/dags/create_mart_dag.py took 0.205 seconds
[2026-06-09T17:51:24.466+0000] {processor.py:186} INFO - Started process (PID=4525) to work on /opt/airflow/dags/create_mart_dag.py
[2026-06-09T17:51:24.467+0000] {processor.py:914} INFO - Processing file /opt/airflow/dags/create_mart_dag.py for tasks to queue
[2026-06-09T17:51:24.470+0000] {logging_mixin.py:190} INFO - [2026-06-09T17:51:24.470+0000] {dagbag.py:588} INFO - Filling up the DagBag from /opt/airflow/dags/create_mart_dag.py
[2026-06-09T17:51:24.492+0000] {processor.py:925} INFO - DAG(s) 'create_analytics_mart' retrieved from /opt/airflow/dags/create_mart_dag.py
[2026-06-09T17:51:24.512+0000] {logging_mixin.py:190} INFO - [2026-06-09T17:51:24.512+0000] {dag.py:3239} INFO - Sync 1 DAGs
[2026-06-09T17:51:24.651+0000] {logging_mixin.py:190} INFO - [2026-06-09T17:51:24.650+0000] {dag.py:4180} INFO - Setting next_dagrun for create_analytics_mart to 2026-06-09 02:00:00+00:00, run_after=2026-06-10 02:00:00+00:00
[2026-06-09T17:51:24.664+0000] {processor.py:208} INFO - Processing /opt/airflow/dags/create_mart_dag.py took 0.203 seconds
[2026-06-09T17:51:54.890+0000] {processor.py:186} INFO - Started process (PID=4541) to work on /opt/airflow/dags/create_mart_dag.py
[2026-06-09T17:51:54.891+0000] {processor.py:914} INFO - Processing file /opt/airflow/dags/create_mart_dag.py for tasks to queue
[2026-06-09T17:51:54.892+0000] {logging_mixin.py:190} INFO - [2026-06-09T17:51:54.892+0000] {dagbag.py:588} INFO - Filling up the DagBag from /opt/airflow/dags/create_mart_dag.py
[2026-06-09T17:51:54.916+0000] {processor.py:925} INFO - DAG(s) 'create_analytics_mart' retrieved from /opt/airflow/dags/create_mart_dag.py
[2026-06-09T17:51:55.065+0000] {logging_mixin.py:190} INFO - [2026-06-09T17:51:55.065+0000] {dag.py:3239} INFO - Sync 1 DAGs
[2026-06-09T17:51:55.081+0000] {logging_mixin.py:190} INFO - [2026-06-09T17:51:55.081+0000] {dag.py:4180} INFO - Setting next_dagrun for create_analytics_mart to 2026-06-09 02:00:00+00:00, run_after=2026-06-10 02:00:00+00:00
[2026-06-09T17:51:55.096+0000] {processor.py:208} INFO - Processing /opt/airflow/dags/create_mart_dag.py took 0.212 seconds
[2026-06-09T17:52:25.330+0000] {processor.py:186} INFO - Started process (PID=4557) to work on /opt/airflow/dags/create_mart_dag.py
[2026-06-09T17:52:25.331+0000] {processor.py:914} INFO - Processing file /opt/airflow/dags/create_mart_dag.py for tasks to queue
[2026-06-09T17:52:25.334+0000] {logging_mixin.py:190} INFO - [2026-06-09T17:52:25.333+0000] {dagbag.py:588} INFO - Filling up the DagBag from /opt/airflow/dags/create_mart_dag.py
[2026-06-09T17:52:25.356+0000] {processor.py:925} INFO - DAG(s) 'create_analytics_mart' retrieved from /opt/airflow/dags/create_mart_dag.py
[2026-06-09T17:52:25.376+0000] {logging_mixin.py:190} INFO - [2026-06-09T17:52:25.375+0000] {dag.py:3239} INFO - Sync 1 DAGs
[2026-06-09T17:52:25.395+0000] {logging_mixin.py:190} INFO - [2026-06-09T17:52:25.395+0000] {dag.py:4180} INFO - Setting next_dagrun for create_analytics_mart to 2026-06-09 02:00:00+00:00, run_after=2026-06-10 02:00:00+00:00
[2026-06-09T17:52:25.412+0000] {processor.py:208} INFO - Processing /opt/airflow/dags/create_mart_dag.py took 0.086 seconds
[2026-06-09T17:52:55.530+0000] {processor.py:186} INFO - Started process (PID=4574) to work on /opt/airflow/dags/create_mart_dag.py
[2026-06-09T17:52:55.531+0000] {processor.py:914} INFO - Processing file /opt/airflow/dags/create_mart_dag.py for tasks to queue
[2026-06-09T17:52:55.533+0000] {logging_mixin.py:190} INFO - [2026-06-09T17:52:55.533+0000] {dagbag.py:588} INFO - Filling up the DagBag from /opt/airflow/dags/create_mart_dag.py
[2026-06-09T17:52:55.558+0000] {processor.py:925} INFO - DAG(s) 'create_analytics_mart' retrieved from /opt/airflow/dags/create_mart_dag.py
[2026-06-09T17:52:55.579+0000] {logging_mixin.py:190} INFO - [2026-06-09T17:52:55.579+0000] {dag.py:3239} INFO - Sync 1 DAGs
[2026-06-09T17:52:55.598+0000] {logging_mixin.py:190} INFO - [2026-06-09T17:52:55.598+0000] {dag.py:4180} INFO - Setting next_dagrun for create_analytics_mart to 2026-06-09 02:00:00+00:00, run_after=2026-06-10 02:00:00+00:00
[2026-06-09T17:52:55.616+0000] {processor.py:208} INFO - Processing /opt/airflow/dags/create_mart_dag.py took 0.090 seconds
[2026-06-09T17:53:25.844+0000] {processor.py:186} INFO - Started process (PID=4590) to work on /opt/airflow/dags/create_mart_dag.py
[2026-06-09T17:53:25.845+0000] {processor.py:914} INFO - Processing file /opt/airflow/dags/create_mart_dag.py for tasks to queue
[2026-06-09T17:53:25.847+0000] {logging_mixin.py:190} INFO - [2026-06-09T17:53:25.847+0000] {dagbag.py:588} INFO - Filling up the DagBag from /opt/airflow/dags/create_mart_dag.py
[2026-06-09T17:53:25.868+0000] {processor.py:925} INFO - DAG(s) 'create_analytics_mart' retrieved from /opt/airflow/dags/create_mart_dag.py
[2026-06-09T17:53:25.890+0000] {logging_mixin.py:190} INFO - [2026-06-09T17:53:25.890+0000] {dag.py:3239} INFO - Sync 1 DAGs
[2026-06-09T17:53:26.033+0000] {logging_mixin.py:190} INFO - [2026-06-09T17:53:26.032+0000] {dag.py:4180} INFO - Setting next_dagrun for create_analytics_mart to 2026-06-09 02:00:00+00:00, run_after=2026-06-10 02:00:00+00:00
[2026-06-09T17:53:26.049+0000] {processor.py:208} INFO - Processing /opt/airflow/dags/create_mart_dag.py took 0.210 seconds
[2026-06-09T17:53:56.252+0000] {processor.py:186} INFO - Started process (PID=4606) to work on /opt/airflow/dags/create_mart_dag.py
[2026-06-09T17:53:56.255+0000] {processor.py:914} INFO - Processing file /opt/airflow/dags/create_mart_dag.py for tasks to queue
[2026-06-09T17:53:56.257+0000] {logging_mixin.py:190} INFO - [2026-06-09T17:53:56.257+0000] {dagbag.py:588} INFO - Filling up the DagBag from /opt/airflow/dags/create_mart_dag.py
[2026-06-09T17:53:56.278+0000] {processor.py:925} INFO - DAG(s) 'create_analytics_mart' retrieved from /opt/airflow/dags/create_mart_dag.py
[2026-06-09T17:53:56.299+0000] {logging_mixin.py:190} INFO - [2026-06-09T17:53:56.298+0000] {dag.py:3239} INFO - Sync 1 DAGs
[2026-06-09T17:53:56.442+0000] {logging_mixin.py:190} INFO - [2026-06-09T17:53:56.441+0000] {dag.py:4180} INFO - Setting next_dagrun for create_analytics_mart to 2026-06-09 02:00:00+00:00, run_after=2026-06-10 02:00:00+00:00
[2026-06-09T17:53:56.457+0000] {processor.py:208} INFO - Processing /opt/airflow/dags/create_mart_dag.py took 0.209 seconds
[2026-06-09T17:54:26.686+0000] {processor.py:186} INFO - Started process (PID=4622) to work on /opt/airflow/dags/create_mart_dag.py
[2026-06-09T17:54:26.687+0000] {processor.py:914} INFO - Processing file /opt/airflow/dags/create_mart_dag.py for tasks to queue
[2026-06-09T17:54:26.689+0000] {logging_mixin.py:190} INFO - [2026-06-09T17:54:26.689+0000] {dagbag.py:588} INFO - Filling up the DagBag from /opt/airflow/dags/create_mart_dag.py
[2026-06-09T17:54:26.719+0000] {processor.py:925} INFO - DAG(s) 'create_analytics_mart' retrieved from /opt/airflow/dags/create_mart_dag.py
[2026-06-09T17:54:26.902+0000] {logging_mixin.py:190} INFO - [2026-06-09T17:54:26.902+0000] {dag.py:3239} INFO - Sync 1 DAGs
[2026-06-09T17:54:26.919+0000] {logging_mixin.py:190} INFO - [2026-06-09T17:54:26.918+0000] {dag.py:4180} INFO - Setting next_dagrun for create_analytics_mart to 2026-06-09 02:00:00+00:00, run_after=2026-06-10 02:00:00+00:00
[2026-06-09T17:54:26.932+0000] {processor.py:208} INFO - Processing /opt/airflow/dags/create_mart_dag.py took 0.252 seconds
[2026-06-09T17:54:57.103+0000] {processor.py:186} INFO - Started process (PID=4644) to work on /opt/airflow/dags/create_mart_dag.py
[2026-06-09T17:54:57.104+0000] {processor.py:914} INFO - Processing file /opt/airflow/dags/create_mart_dag.py for tasks to queue
[2026-06-09T17:54:57.106+0000] {logging_mixin.py:190} INFO - [2026-06-09T17:54:57.106+0000] {dagbag.py:588} INFO - Filling up the DagBag from /opt/airflow/dags/create_mart_dag.py
[2026-06-09T17:54:57.132+0000] {processor.py:925} INFO - DAG(s) 'create_analytics_mart' retrieved from /opt/airflow/dags/create_mart_dag.py
[2026-06-09T17:54:57.153+0000] {logging_mixin.py:190} INFO - [2026-06-09T17:54:57.153+0000] {dag.py:3239} INFO - Sync 1 DAGs
[2026-06-09T17:54:57.171+0000] {logging_mixin.py:190} INFO - [2026-06-09T17:54:57.171+0000] {dag.py:4180} INFO - Setting next_dagrun for create_analytics_mart to 2026-06-09 02:00:00+00:00, run_after=2026-06-10 02:00:00+00:00
[2026-06-09T17:54:57.188+0000] {processor.py:208} INFO - Processing /opt/airflow/dags/create_mart_dag.py took 0.090 seconds
[2026-06-09T17:55:27.316+0000] {processor.py:186} INFO - Started process (PID=4660) to work on /opt/airflow/dags/create_mart_dag.py
[2026-06-09T17:55:27.318+0000] {processor.py:914} INFO - Processing file /opt/airflow/dags/create_mart_dag.py for tasks to queue
[2026-06-09T17:55:27.320+0000] {logging_mixin.py:190} INFO - [2026-06-09T17:55:27.320+0000] {dagbag.py:588} INFO - Filling up the DagBag from /opt/airflow/dags/create_mart_dag.py
[2026-06-09T17:55:27.346+0000] {processor.py:925} INFO - DAG(s) 'create_analytics_mart' retrieved from /opt/airflow/dags/create_mart_dag.py
[2026-06-09T17:55:27.366+0000] {logging_mixin.py:190} INFO - [2026-06-09T17:55:27.366+0000] {dag.py:3239} INFO - Sync 1 DAGs
[2026-06-09T17:55:27.386+0000] {logging_mixin.py:190} INFO - [2026-06-09T17:55:27.386+0000] {dag.py:4180} INFO - Setting next_dagrun for create_analytics_mart to 2026-06-09 02:00:00+00:00, run_after=2026-06-10 02:00:00+00:00
[2026-06-09T17:55:27.402+0000] {processor.py:208} INFO - Processing /opt/airflow/dags/create_mart_dag.py took 0.091 seconds
[2026-06-09T17:55:57.607+0000] {processor.py:186} INFO - Started process (PID=4676) to work on /opt/airflow/dags/create_mart_dag.py
[2026-06-09T17:55:57.608+0000] {processor.py:914} INFO - Processing file /opt/airflow/dags/create_mart_dag.py for tasks to queue
[2026-06-09T17:55:57.609+0000] {logging_mixin.py:190} INFO - [2026-06-09T17:55:57.609+0000] {dagbag.py:588} INFO - Filling up the DagBag from /opt/airflow/dags/create_mart_dag.py
[2026-06-09T17:55:57.636+0000] {processor.py:925} INFO - DAG(s) 'create_analytics_mart' retrieved from /opt/airflow/dags/create_mart_dag.py
[2026-06-09T17:55:57.659+0000] {logging_mixin.py:190} INFO - [2026-06-09T17:55:57.659+0000] {dag.py:3239} INFO - Sync 1 DAGs
[2026-06-09T17:55:57.679+0000] {logging_mixin.py:190} INFO - [2026-06-09T17:55:57.679+0000] {dag.py:4180} INFO - Setting next_dagrun for create_analytics_mart to 2026-06-09 02:00:00+00:00, run_after=2026-06-10 02:00:00+00:00
[2026-06-09T17:55:57.815+0000] {processor.py:208} INFO - Processing /opt/airflow/dags/create_mart_dag.py took 0.213 seconds
[2026-06-09T17:56:28.066+0000] {processor.py:186} INFO - Started process (PID=4692) to work on /opt/airflow/dags/create_mart_dag.py
[2026-06-09T17:56:28.068+0000] {processor.py:914} INFO - Processing file /opt/airflow/dags/create_mart_dag.py for tasks to queue
[2026-06-09T17:56:28.070+0000] {logging_mixin.py:190} INFO - [2026-06-09T17:56:28.070+0000] {dagbag.py:588} INFO - Filling up the DagBag from /opt/airflow/dags/create_mart_dag.py
[2026-06-09T17:56:28.091+0000] {processor.py:925} INFO - DAG(s) 'create_analytics_mart' retrieved from /opt/airflow/dags/create_mart_dag.py
[2026-06-09T17:56:28.114+0000] {logging_mixin.py:190} INFO - [2026-06-09T17:56:28.114+0000] {dag.py:3239} INFO - Sync 1 DAGs
[2026-06-09T17:56:28.253+0000] {logging_mixin.py:190} INFO - [2026-06-09T17:56:28.253+0000] {dag.py:4180} INFO - Setting next_dagrun for create_analytics_mart to 2026-06-09 02:00:00+00:00, run_after=2026-06-10 02:00:00+00:00
[2026-06-09T17:56:28.270+0000] {processor.py:208} INFO - Processing /opt/airflow/dags/create_mart_dag.py took 0.208 seconds
[2026-06-09T17:56:58.515+0000] {processor.py:186} INFO - Started process (PID=4708) to work on /opt/airflow/dags/create_mart_dag.py
[2026-06-09T17:56:58.516+0000] {processor.py:914} INFO - Processing file /opt/airflow/dags/create_mart_dag.py for tasks to queue
[2026-06-09T17:56:58.518+0000] {logging_mixin.py:190} INFO - [2026-06-09T17:56:58.517+0000] {dagbag.py:588} INFO - Filling up the DagBag from /opt/airflow/dags/create_mart_dag.py
[2026-06-09T17:56:58.539+0000] {processor.py:925} INFO - DAG(s) 'create_analytics_mart' retrieved from /opt/airflow/dags/create_mart_dag.py
[2026-06-09T17:56:58.559+0000] {logging_mixin.py:190} INFO - [2026-06-09T17:56:58.559+0000] {dag.py:3239} INFO - Sync 1 DAGs
[2026-06-09T17:56:58.697+0000] {logging_mixin.py:190} INFO - [2026-06-09T17:56:58.697+0000] {dag.py:4180} INFO - Setting next_dagrun for create_analytics_mart to 2026-06-09 02:00:00+00:00, run_after=2026-06-10 02:00:00+00:00
[2026-06-09T17:56:58.711+0000] {processor.py:208} INFO - Processing /opt/airflow/dags/create_mart_dag.py took 0.201 seconds
[2026-06-09T17:57:28.888+0000] {processor.py:186} INFO - Started process (PID=4724) to work on /opt/airflow/dags/create_mart_dag.py
[2026-06-09T17:57:28.889+0000] {processor.py:914} INFO - Processing file /opt/airflow/dags/create_mart_dag.py for tasks to queue
[2026-06-09T17:57:28.891+0000] {logging_mixin.py:190} INFO - [2026-06-09T17:57:28.891+0000] {dagbag.py:588} INFO - Filling up the DagBag from /opt/airflow/dags/create_mart_dag.py
[2026-06-09T17:57:28.913+0000] {processor.py:925} INFO - DAG(s) 'create_analytics_mart' retrieved from /opt/airflow/dags/create_mart_dag.py
[2026-06-09T17:57:29.056+0000] {logging_mixin.py:190} INFO - [2026-06-09T17:57:29.056+0000] {dag.py:3239} INFO - Sync 1 DAGs
[2026-06-09T17:57:29.071+0000] {logging_mixin.py:190} INFO - [2026-06-09T17:57:29.071+0000] {dag.py:4180} INFO - Setting next_dagrun for create_analytics_mart to 2026-06-09 02:00:00+00:00, run_after=2026-06-10 02:00:00+00:00
[2026-06-09T17:57:29.085+0000] {processor.py:208} INFO - Processing /opt/airflow/dags/create_mart_dag.py took 0.202 seconds
[2026-06-09T17:57:59.310+0000] {processor.py:186} INFO - Started process (PID=4740) to work on /opt/airflow/dags/create_mart_dag.py
[2026-06-09T17:57:59.311+0000] {processor.py:914} INFO - Processing file /opt/airflow/dags/create_mart_dag.py for tasks to queue
[2026-06-09T17:57:59.314+0000] {logging_mixin.py:190} INFO - [2026-06-09T17:57:59.314+0000] {dagbag.py:588} INFO - Filling up the DagBag from /opt/airflow/dags/create_mart_dag.py
[2026-06-09T17:57:59.336+0000] {processor.py:925} INFO - DAG(s) 'create_analytics_mart' retrieved from /opt/airflow/dags/create_mart_dag.py
[2026-06-09T17:57:59.355+0000] {logging_mixin.py:190} INFO - [2026-06-09T17:57:59.355+0000] {dag.py:3239} INFO - Sync 1 DAGs
[2026-06-09T17:57:59.374+0000] {logging_mixin.py:190} INFO - [2026-06-09T17:57:59.374+0000] {dag.py:4180} INFO - Setting next_dagrun for create_analytics_mart to 2026-06-09 02:00:00+00:00, run_after=2026-06-10 02:00:00+00:00
[2026-06-09T17:57:59.394+0000] {processor.py:208} INFO - Processing /opt/airflow/dags/create_mart_dag.py took 0.088 seconds
[2026-06-09T17:58:29.490+0000] {processor.py:186} INFO - Started process (PID=4756) to work on /opt/airflow/dags/create_mart_dag.py
[2026-06-09T17:58:29.492+0000] {processor.py:914} INFO - Processing file /opt/airflow/dags/create_mart_dag.py for tasks to queue
[2026-06-09T17:58:29.494+0000] {logging_mixin.py:190} INFO - [2026-06-09T17:58:29.494+0000] {dagbag.py:588} INFO - Filling up the DagBag from /opt/airflow/dags/create_mart_dag.py
[2026-06-09T17:58:29.517+0000] {processor.py:925} INFO - DAG(s) 'create_analytics_mart' retrieved from /opt/airflow/dags/create_mart_dag.py
[2026-06-09T17:58:29.539+0000] {logging_mixin.py:190} INFO - [2026-06-09T17:58:29.539+0000] {dag.py:3239} INFO - Sync 1 DAGs
[2026-06-09T17:58:29.557+0000] {logging_mixin.py:190} INFO - [2026-06-09T17:58:29.557+0000] {dag.py:4180} INFO - Setting next_dagrun for create_analytics_mart to 2026-06-09 02:00:00+00:00, run_after=2026-06-10 02:00:00+00:00
[2026-06-09T17:58:29.573+0000] {processor.py:208} INFO - Processing /opt/airflow/dags/create_mart_dag.py took 0.087 seconds
[2026-06-09T17:58:59.805+0000] {processor.py:186} INFO - Started process (PID=4772) to work on /opt/airflow/dags/create_mart_dag.py
[2026-06-09T17:58:59.806+0000] {processor.py:914} INFO - Processing file /opt/airflow/dags/create_mart_dag.py for tasks to queue
[2026-06-09T17:58:59.807+0000] {logging_mixin.py:190} INFO - [2026-06-09T17:58:59.807+0000] {dagbag.py:588} INFO - Filling up the DagBag from /opt/airflow/dags/create_mart_dag.py
[2026-06-09T17:58:59.841+0000] {processor.py:925} INFO - DAG(s) 'create_analytics_mart' retrieved from /opt/airflow/dags/create_mart_dag.py
[2026-06-09T17:58:59.863+0000] {logging_mixin.py:190} INFO - [2026-06-09T17:58:59.862+0000] {dag.py:3239} INFO - Sync 1 DAGs
[2026-06-09T17:58:59.882+0000] {logging_mixin.py:190} INFO - [2026-06-09T17:58:59.882+0000] {dag.py:4180} INFO - Setting next_dagrun for create_analytics_mart to 2026-06-09 02:00:00+00:00, run_after=2026-06-10 02:00:00+00:00
[2026-06-09T17:59:00.026+0000] {processor.py:208} INFO - Processing /opt/airflow/dags/create_mart_dag.py took 0.226 seconds
[2026-06-09T17:59:30.264+0000] {processor.py:186} INFO - Started process (PID=4788) to work on /opt/airflow/dags/create_mart_dag.py
[2026-06-09T17:59:30.265+0000] {processor.py:914} INFO - Processing file /opt/airflow/dags/create_mart_dag.py for tasks to queue
[2026-06-09T17:59:30.268+0000] {logging_mixin.py:190} INFO - [2026-06-09T17:59:30.267+0000] {dagbag.py:588} INFO - Filling up the DagBag from /opt/airflow/dags/create_mart_dag.py
[2026-06-09T17:59:30.291+0000] {processor.py:925} INFO - DAG(s) 'create_analytics_mart' retrieved from /opt/airflow/dags/create_mart_dag.py
[2026-06-09T17:59:30.312+0000] {logging_mixin.py:190} INFO - [2026-06-09T17:59:30.312+0000] {dag.py:3239} INFO - Sync 1 DAGs
[2026-06-09T17:59:30.448+0000] {logging_mixin.py:190} INFO - [2026-06-09T17:59:30.447+0000] {dag.py:4180} INFO - Setting next_dagrun for create_analytics_mart to 2026-06-09 02:00:00+00:00, run_after=2026-06-10 02:00:00+00:00
[2026-06-09T17:59:30.464+0000] {processor.py:208} INFO - Processing /opt/airflow/dags/create_mart_dag.py took 0.204 seconds
[2026-06-09T18:04:15.965+0000] {processor.py:186} INFO - Started process (PID=4798) to work on /opt/airflow/dags/create_mart_dag.py
[2026-06-09T18:04:15.969+0000] {processor.py:914} INFO - Processing file /opt/airflow/dags/create_mart_dag.py for tasks to queue
[2026-06-09T18:04:15.980+0000] {logging_mixin.py:190} INFO - [2026-06-09T18:04:15.979+0000] {dagbag.py:588} INFO - Filling up the DagBag from /opt/airflow/dags/create_mart_dag.py
[2026-06-09T18:04:16.163+0000] {processor.py:925} INFO - DAG(s) 'create_analytics_mart' retrieved from /opt/airflow/dags/create_mart_dag.py
[2026-06-09T18:04:16.227+0000] {logging_mixin.py:190} INFO - [2026-06-09T18:04:16.226+0000] {dag.py:3239} INFO - Sync 1 DAGs
[2026-06-09T18:04:16.493+0000] {logging_mixin.py:190} INFO - [2026-06-09T18:04:16.493+0000] {dag.py:4180} INFO - Setting next_dagrun for create_analytics_mart to 2026-06-09 02:00:00+00:00, run_after=2026-06-10 02:00:00+00:00
[2026-06-09T18:04:16.515+0000] {processor.py:208} INFO - Processing /opt/airflow/dags/create_mart_dag.py took 0.564 seconds
[2026-06-09T18:04:47.002+0000] {processor.py:186} INFO - Started process (PID=4813) to work on /opt/airflow/dags/create_mart_dag.py
[2026-06-09T18:04:47.003+0000] {processor.py:914} INFO - Processing file /opt/airflow/dags/create_mart_dag.py for tasks to queue
[2026-06-09T18:04:47.005+0000] {logging_mixin.py:190} INFO - [2026-06-09T18:04:47.004+0000] {dagbag.py:588} INFO - Filling up the DagBag from /opt/airflow/dags/create_mart_dag.py
[2026-06-09T18:04:47.030+0000] {processor.py:925} INFO - DAG(s) 'create_analytics_mart' retrieved from /opt/airflow/dags/create_mart_dag.py
[2026-06-09T18:04:47.052+0000] {logging_mixin.py:190} INFO - [2026-06-09T18:04:47.051+0000] {dag.py:3239} INFO - Sync 1 DAGs
[2026-06-09T18:04:47.191+0000] {logging_mixin.py:190} INFO - [2026-06-09T18:04:47.191+0000] {dag.py:4180} INFO - Setting next_dagrun for create_analytics_mart to 2026-06-09 02:00:00+00:00, run_after=2026-06-10 02:00:00+00:00
[2026-06-09T18:04:47.209+0000] {processor.py:208} INFO - Processing /opt/airflow/dags/create_mart_dag.py took 0.213 seconds
[2026-06-09T18:05:17.447+0000] {processor.py:186} INFO - Started process (PID=4829) to work on /opt/airflow/dags/create_mart_dag.py
[2026-06-09T18:05:17.449+0000] {processor.py:914} INFO - Processing file /opt/airflow/dags/create_mart_dag.py for tasks to queue
[2026-06-09T18:05:17.453+0000] {logging_mixin.py:190} INFO - [2026-06-09T18:05:17.452+0000] {dagbag.py:588} INFO - Filling up the DagBag from /opt/airflow/dags/create_mart_dag.py
[2026-06-09T18:05:17.499+0000] {processor.py:925} INFO - DAG(s) 'create_analytics_mart' retrieved from /opt/airflow/dags/create_mart_dag.py
[2026-06-09T18:05:17.739+0000] {logging_mixin.py:190} INFO - [2026-06-09T18:05:17.739+0000] {dag.py:3239} INFO - Sync 1 DAGs
[2026-06-09T18:05:17.765+0000] {logging_mixin.py:190} INFO - [2026-06-09T18:05:17.764+0000] {dag.py:4180} INFO - Setting next_dagrun for create_analytics_mart to 2026-06-09 02:00:00+00:00, run_after=2026-06-10 02:00:00+00:00
[2026-06-09T18:05:17.793+0000] {processor.py:208} INFO - Processing /opt/airflow/dags/create_mart_dag.py took 0.351 seconds
[2026-06-09T18:05:48.094+0000] {processor.py:186} INFO - Started process (PID=4845) to work on /opt/airflow/dags/create_mart_dag.py
[2026-06-09T18:05:48.096+0000] {processor.py:914} INFO - Processing file /opt/airflow/dags/create_mart_dag.py for tasks to queue
[2026-06-09T18:05:48.103+0000] {logging_mixin.py:190} INFO - [2026-06-09T18:05:48.102+0000] {dagbag.py:588} INFO - Filling up the DagBag from /opt/airflow/dags/create_mart_dag.py
[2026-06-09T18:05:48.159+0000] {processor.py:925} INFO - DAG(s) 'create_analytics_mart' retrieved from /opt/airflow/dags/create_mart_dag.py
[2026-06-09T18:05:48.206+0000] {logging_mixin.py:190} INFO - [2026-06-09T18:05:48.206+0000] {dag.py:3239} INFO - Sync 1 DAGs
[2026-06-09T18:05:48.227+0000] {logging_mixin.py:190} INFO - [2026-06-09T18:05:48.227+0000] {dag.py:4180} INFO - Setting next_dagrun for create_analytics_mart to 2026-06-09 02:00:00+00:00, run_after=2026-06-10 02:00:00+00:00
[2026-06-09T18:05:48.245+0000] {processor.py:208} INFO - Processing /opt/airflow/dags/create_mart_dag.py took 0.160 seconds
[2026-06-09T18:06:18.306+0000] {processor.py:186} INFO - Started process (PID=4861) to work on /opt/airflow/dags/create_mart_dag.py
[2026-06-09T18:06:18.307+0000] {processor.py:914} INFO - Processing file /opt/airflow/dags/create_mart_dag.py for tasks to queue
[2026-06-09T18:06:18.310+0000] {logging_mixin.py:190} INFO - [2026-06-09T18:06:18.310+0000] {dagbag.py:588} INFO - Filling up the DagBag from /opt/airflow/dags/create_mart_dag.py
[2026-06-09T18:06:18.332+0000] {processor.py:925} INFO - DAG(s) 'create_analytics_mart' retrieved from /opt/airflow/dags/create_mart_dag.py
[2026-06-09T18:06:18.354+0000] {logging_mixin.py:190} INFO - [2026-06-09T18:06:18.354+0000] {dag.py:3239} INFO - Sync 1 DAGs
[2026-06-09T18:06:18.373+0000] {logging_mixin.py:190} INFO - [2026-06-09T18:06:18.373+0000] {dag.py:4180} INFO - Setting next_dagrun for create_analytics_mart to 2026-06-09 02:00:00+00:00, run_after=2026-06-10 02:00:00+00:00
[2026-06-09T18:06:18.392+0000] {processor.py:208} INFO - Processing /opt/airflow/dags/create_mart_dag.py took 0.090 seconds
[2026-06-09T18:06:48.488+0000] {processor.py:186} INFO - Started process (PID=4877) to work on /opt/airflow/dags/create_mart_dag.py
[2026-06-09T18:06:48.489+0000] {processor.py:914} INFO - Processing file /opt/airflow/dags/create_mart_dag.py for tasks to queue
[2026-06-09T18:06:48.491+0000] {logging_mixin.py:190} INFO - [2026-06-09T18:06:48.490+0000] {dagbag.py:588} INFO - Filling up the DagBag from /opt/airflow/dags/create_mart_dag.py
[2026-06-09T18:06:48.512+0000] {processor.py:925} INFO - DAG(s) 'create_analytics_mart' retrieved from /opt/airflow/dags/create_mart_dag.py
[2026-06-09T18:06:48.534+0000] {logging_mixin.py:190} INFO - [2026-06-09T18:06:48.533+0000] {dag.py:3239} INFO - Sync 1 DAGs
[2026-06-09T18:06:48.676+0000] {logging_mixin.py:190} INFO - [2026-06-09T18:06:48.676+0000] {dag.py:4180} INFO - Setting next_dagrun for create_analytics_mart to 2026-06-09 02:00:00+00:00, run_after=2026-06-10 02:00:00+00:00
[2026-06-09T18:06:48.689+0000] {processor.py:208} INFO - Processing /opt/airflow/dags/create_mart_dag.py took 0.206 seconds
[2026-06-09T18:07:18.815+0000] {processor.py:186} INFO - Started process (PID=4893) to work on /opt/airflow/dags/create_mart_dag.py
[2026-06-09T18:07:18.816+0000] {processor.py:914} INFO - Processing file /opt/airflow/dags/create_mart_dag.py for tasks to queue
[2026-06-09T18:07:18.818+0000] {logging_mixin.py:190} INFO - [2026-06-09T18:07:18.818+0000] {dagbag.py:588} INFO - Filling up the DagBag from /opt/airflow/dags/create_mart_dag.py
[2026-06-09T18:07:18.843+0000] {processor.py:925} INFO - DAG(s) 'create_analytics_mart' retrieved from /opt/airflow/dags/create_mart_dag.py
[2026-06-09T18:07:18.866+0000] {logging_mixin.py:190} INFO - [2026-06-09T18:07:18.866+0000] {dag.py:3239} INFO - Sync 1 DAGs
[2026-06-09T18:07:19.004+0000] {logging_mixin.py:190} INFO - [2026-06-09T18:07:19.004+0000] {dag.py:4180} INFO - Setting next_dagrun for create_analytics_mart to 2026-06-09 02:00:00+00:00, run_after=2026-06-10 02:00:00+00:00
[2026-06-09T18:07:19.020+0000] {processor.py:208} INFO - Processing /opt/airflow/dags/create_mart_dag.py took 0.210 seconds
[2026-06-09T18:07:49.249+0000] {processor.py:186} INFO - Started process (PID=4909) to work on /opt/airflow/dags/create_mart_dag.py
[2026-06-09T18:07:49.250+0000] {processor.py:914} INFO - Processing file /opt/airflow/dags/create_mart_dag.py for tasks to queue
[2026-06-09T18:07:49.253+0000] {logging_mixin.py:190} INFO - [2026-06-09T18:07:49.253+0000] {dagbag.py:588} INFO - Filling up the DagBag from /opt/airflow/dags/create_mart_dag.py
[2026-06-09T18:07:49.274+0000] {processor.py:925} INFO - DAG(s) 'create_analytics_mart' retrieved from /opt/airflow/dags/create_mart_dag.py
[2026-06-09T18:07:49.438+0000] {logging_mixin.py:190} INFO - [2026-06-09T18:07:49.438+0000] {dag.py:3239} INFO - Sync 1 DAGs
[2026-06-09T18:07:49.458+0000] {logging_mixin.py:190} INFO - [2026-06-09T18:07:49.458+0000] {dag.py:4180} INFO - Setting next_dagrun for create_analytics_mart to 2026-06-09 02:00:00+00:00, run_after=2026-06-10 02:00:00+00:00
[2026-06-09T18:07:49.476+0000] {processor.py:208} INFO - Processing /opt/airflow/dags/create_mart_dag.py took 0.231 seconds
[2026-06-09T18:08:19.537+0000] {processor.py:186} INFO - Started process (PID=4926) to work on /opt/airflow/dags/create_mart_dag.py
[2026-06-09T18:08:19.538+0000] {processor.py:914} INFO - Processing file /opt/airflow/dags/create_mart_dag.py for tasks to queue
[2026-06-09T18:08:19.540+0000] {logging_mixin.py:190} INFO - [2026-06-09T18:08:19.539+0000] {dagbag.py:588} INFO - Filling up the DagBag from /opt/airflow/dags/create_mart_dag.py
[2026-06-09T18:08:19.686+0000] {processor.py:925} INFO - DAG(s) 'create_analytics_mart' retrieved from /opt/airflow/dags/create_mart_dag.py
[2026-06-09T18:08:19.704+0000] {logging_mixin.py:190} INFO - [2026-06-09T18:08:19.703+0000] {dag.py:3239} INFO - Sync 1 DAGs
[2026-06-09T18:08:19.721+0000] {logging_mixin.py:190} INFO - [2026-06-09T18:08:19.721+0000] {dag.py:4180} INFO - Setting next_dagrun for create_analytics_mart to 2026-06-09 02:00:00+00:00, run_after=2026-06-10 02:00:00+00:00
[2026-06-09T18:08:19.736+0000] {processor.py:208} INFO - Processing /opt/airflow/dags/create_mart_dag.py took 0.205 seconds
[2026-06-09T18:08:49.978+0000] {processor.py:186} INFO - Started process (PID=4942) to work on /opt/airflow/dags/create_mart_dag.py
[2026-06-09T18:08:49.979+0000] {processor.py:914} INFO - Processing file /opt/airflow/dags/create_mart_dag.py for tasks to queue
[2026-06-09T18:08:49.981+0000] {logging_mixin.py:190} INFO - [2026-06-09T18:08:49.980+0000] {dagbag.py:588} INFO - Filling up the DagBag from /opt/airflow/dags/create_mart_dag.py
[2026-06-09T18:08:50.001+0000] {processor.py:925} INFO - DAG(s) 'create_analytics_mart' retrieved from /opt/airflow/dags/create_mart_dag.py
[2026-06-09T18:08:50.023+0000] {logging_mixin.py:190} INFO - [2026-06-09T18:08:50.023+0000] {dag.py:3239} INFO - Sync 1 DAGs
[2026-06-09T18:08:50.044+0000] {logging_mixin.py:190} INFO - [2026-06-09T18:08:50.044+0000] {dag.py:4180} INFO - Setting next_dagrun for create_analytics_mart to 2026-06-09 02:00:00+00:00, run_after=2026-06-10 02:00:00+00:00
[2026-06-09T18:08:50.063+0000] {processor.py:208} INFO - Processing /opt/airflow/dags/create_mart_dag.py took 0.091 seconds
[2026-06-09T18:09:20.276+0000] {processor.py:186} INFO - Started process (PID=4958) to work on /opt/airflow/dags/create_mart_dag.py
[2026-06-09T18:09:20.277+0000] {processor.py:914} INFO - Processing file /opt/airflow/dags/create_mart_dag.py for tasks to queue
[2026-06-09T18:09:20.279+0000] {logging_mixin.py:190} INFO - [2026-06-09T18:09:20.278+0000] {dagbag.py:588} INFO - Filling up the DagBag from /opt/airflow/dags/create_mart_dag.py
[2026-06-09T18:09:20.302+0000] {processor.py:925} INFO - DAG(s) 'create_analytics_mart' retrieved from /opt/airflow/dags/create_mart_dag.py
[2026-06-09T18:09:20.336+0000] {logging_mixin.py:190} INFO - [2026-06-09T18:09:20.336+0000] {dag.py:3239} INFO - Sync 1 DAGs
[2026-06-09T18:09:20.359+0000] {logging_mixin.py:190} INFO - [2026-06-09T18:09:20.358+0000] {dag.py:4180} INFO - Setting next_dagrun for create_analytics_mart to 2026-06-09 02:00:00+00:00, run_after=2026-06-10 02:00:00+00:00
[2026-06-09T18:09:20.377+0000] {processor.py:208} INFO - Processing /opt/airflow/dags/create_mart_dag.py took 0.106 seconds
[2026-06-09T18:09:50.645+0000] {processor.py:186} INFO - Started process (PID=4974) to work on /opt/airflow/dags/create_mart_dag.py
[2026-06-09T18:09:50.646+0000] {processor.py:914} INFO - Processing file /opt/airflow/dags/create_mart_dag.py for tasks to queue
[2026-06-09T18:09:50.648+0000] {logging_mixin.py:190} INFO - [2026-06-09T18:09:50.648+0000] {dagbag.py:588} INFO - Filling up the DagBag from /opt/airflow/dags/create_mart_dag.py
[2026-06-09T18:09:50.671+0000] {processor.py:925} INFO - DAG(s) 'create_analytics_mart' retrieved from /opt/airflow/dags/create_mart_dag.py
[2026-06-09T18:09:50.694+0000] {logging_mixin.py:190} INFO - [2026-06-09T18:09:50.693+0000] {dag.py:3239} INFO - Sync 1 DAGs
[2026-06-09T18:09:50.715+0000] {logging_mixin.py:190} INFO - [2026-06-09T18:09:50.715+0000] {dag.py:4180} INFO - Setting next_dagrun for create_analytics_mart to 2026-06-09 02:00:00+00:00, run_after=2026-06-10 02:00:00+00:00
[2026-06-09T18:09:50.735+0000] {processor.py:208} INFO - Processing /opt/airflow/dags/create_mart_dag.py took 0.094 seconds
[2026-06-09T18:10:20.920+0000] {processor.py:186} INFO - Started process (PID=4990) to work on /opt/airflow/dags/create_mart_dag.py
[2026-06-09T18:10:20.921+0000] {processor.py:914} INFO - Processing file /opt/airflow/dags/create_mart_dag.py for tasks to queue
[2026-06-09T18:10:20.925+0000] {logging_mixin.py:190} INFO - [2026-06-09T18:10:20.924+0000] {dagbag.py:588} INFO - Filling up the DagBag from /opt/airflow/dags/create_mart_dag.py
[2026-06-09T18:10:20.964+0000] {processor.py:925} INFO - DAG(s) 'create_analytics_mart' retrieved from /opt/airflow/dags/create_mart_dag.py
[2026-06-09T18:10:20.987+0000] {logging_mixin.py:190} INFO - [2026-06-09T18:10:20.986+0000] {dag.py:3239} INFO - Sync 1 DAGs
[2026-06-09T18:10:21.005+0000] {logging_mixin.py:190} INFO - [2026-06-09T18:10:21.005+0000] {dag.py:4180} INFO - Setting next_dagrun for create_analytics_mart to 2026-06-09 02:00:00+00:00, run_after=2026-06-10 02:00:00+00:00
[2026-06-09T18:10:21.022+0000] {processor.py:208} INFO - Processing /opt/airflow/dags/create_mart_dag.py took 0.112 seconds
[2026-06-09T18:10:51.149+0000] {processor.py:186} INFO - Started process (PID=5006) to work on /opt/airflow/dags/create_mart_dag.py
[2026-06-09T18:10:51.150+0000] {processor.py:914} INFO - Processing file /opt/airflow/dags/create_mart_dag.py for tasks to queue
[2026-06-09T18:10:51.152+0000] {logging_mixin.py:190} INFO - [2026-06-09T18:10:51.152+0000] {dagbag.py:588} INFO - Filling up the DagBag from /opt/airflow/dags/create_mart_dag.py
[2026-06-09T18:10:51.176+0000] {processor.py:925} INFO - DAG(s) 'create_analytics_mart' retrieved from /opt/airflow/dags/create_mart_dag.py
[2026-06-09T18:10:51.198+0000] {logging_mixin.py:190} INFO - [2026-06-09T18:10:51.198+0000] {dag.py:3239} INFO - Sync 1 DAGs
[2026-06-09T18:10:51.217+0000] {logging_mixin.py:190} INFO - [2026-06-09T18:10:51.216+0000] {dag.py:4180} INFO - Setting next_dagrun for create_analytics_mart to 2026-06-09 02:00:00+00:00, run_after=2026-06-10 02:00:00+00:00
[2026-06-09T18:10:51.235+0000] {processor.py:208} INFO - Processing /opt/airflow/dags/create_mart_dag.py took 0.091 seconds
[2026-06-09T18:11:21.382+0000] {processor.py:186} INFO - Started process (PID=5022) to work on /opt/airflow/dags/create_mart_dag.py
[2026-06-09T18:11:21.383+0000] {processor.py:914} INFO - Processing file /opt/airflow/dags/create_mart_dag.py for tasks to queue
[2026-06-09T18:11:21.385+0000] {logging_mixin.py:190} INFO - [2026-06-09T18:11:21.385+0000] {dagbag.py:588} INFO - Filling up the DagBag from /opt/airflow/dags/create_mart_dag.py
[2026-06-09T18:11:21.412+0000] {processor.py:925} INFO - DAG(s) 'create_analytics_mart' retrieved from /opt/airflow/dags/create_mart_dag.py
[2026-06-09T18:11:21.436+0000] {logging_mixin.py:190} INFO - [2026-06-09T18:11:21.436+0000] {dag.py:3239} INFO - Sync 1 DAGs
[2026-06-09T18:11:21.456+0000] {logging_mixin.py:190} INFO - [2026-06-09T18:11:21.456+0000] {dag.py:4180} INFO - Setting next_dagrun for create_analytics_mart to 2026-06-09 02:00:00+00:00, run_after=2026-06-10 02:00:00+00:00
[2026-06-09T18:11:21.474+0000] {processor.py:208} INFO - Processing /opt/airflow/dags/create_mart_dag.py took 0.097 seconds
[2026-06-09T18:11:51.708+0000] {processor.py:186} INFO - Started process (PID=5038) to work on /opt/airflow/dags/create_mart_dag.py
[2026-06-09T18:11:51.709+0000] {processor.py:914} INFO - Processing file /opt/airflow/dags/create_mart_dag.py for tasks to queue
[2026-06-09T18:11:51.711+0000] {logging_mixin.py:190} INFO - [2026-06-09T18:11:51.711+0000] {dagbag.py:588} INFO - Filling up the DagBag from /opt/airflow/dags/create_mart_dag.py
[2026-06-09T18:11:51.738+0000] {processor.py:925} INFO - DAG(s) 'create_analytics_mart' retrieved from /opt/airflow/dags/create_mart_dag.py
[2026-06-09T18:11:51.758+0000] {logging_mixin.py:190} INFO - [2026-06-09T18:11:51.758+0000] {dag.py:3239} INFO - Sync 1 DAGs
[2026-06-09T18:11:51.778+0000] {logging_mixin.py:190} INFO - [2026-06-09T18:11:51.778+0000] {dag.py:4180} INFO - Setting next_dagrun for create_analytics_mart to 2026-06-09 02:00:00+00:00, run_after=2026-06-10 02:00:00+00:00
[2026-06-09T18:11:51.797+0000] {processor.py:208} INFO - Processing /opt/airflow/dags/create_mart_dag.py took 0.094 seconds
[2026-06-09T18:12:21.961+0000] {processor.py:186} INFO - Started process (PID=5054) to work on /opt/airflow/dags/create_mart_dag.py
[2026-06-09T18:12:21.962+0000] {processor.py:914} INFO - Processing file /opt/airflow/dags/create_mart_dag.py for tasks to queue
[2026-06-09T18:12:21.963+0000] {logging_mixin.py:190} INFO - [2026-06-09T18:12:21.963+0000] {dagbag.py:588} INFO - Filling up the DagBag from /opt/airflow/dags/create_mart_dag.py
[2026-06-09T18:12:21.989+0000] {processor.py:925} INFO - DAG(s) 'create_analytics_mart' retrieved from /opt/airflow/dags/create_mart_dag.py
[2026-06-09T18:12:22.013+0000] {logging_mixin.py:190} INFO - [2026-06-09T18:12:22.013+0000] {dag.py:3239} INFO - Sync 1 DAGs
[2026-06-09T18:12:22.034+0000] {logging_mixin.py:190} INFO - [2026-06-09T18:12:22.033+0000] {dag.py:4180} INFO - Setting next_dagrun for create_analytics_mart to 2026-06-09 02:00:00+00:00, run_after=2026-06-10 02:00:00+00:00
[2026-06-09T18:12:22.055+0000] {processor.py:208} INFO - Processing /opt/airflow/dags/create_mart_dag.py took 0.099 seconds
[2026-06-09T18:12:52.238+0000] {processor.py:186} INFO - Started process (PID=5070) to work on /opt/airflow/dags/create_mart_dag.py
[2026-06-09T18:12:52.239+0000] {processor.py:914} INFO - Processing file /opt/airflow/dags/create_mart_dag.py for tasks to queue
[2026-06-09T18:12:52.241+0000] {logging_mixin.py:190} INFO - [2026-06-09T18:12:52.241+0000] {dagbag.py:588} INFO - Filling up the DagBag from /opt/airflow/dags/create_mart_dag.py
[2026-06-09T18:12:52.267+0000] {processor.py:925} INFO - DAG(s) 'create_analytics_mart' retrieved from /opt/airflow/dags/create_mart_dag.py
[2026-06-09T18:12:52.289+0000] {logging_mixin.py:190} INFO - [2026-06-09T18:12:52.289+0000] {dag.py:3239} INFO - Sync 1 DAGs
[2026-06-09T18:12:52.311+0000] {logging_mixin.py:190} INFO - [2026-06-09T18:12:52.311+0000] {dag.py:4180} INFO - Setting next_dagrun for create_analytics_mart to 2026-06-09 02:00:00+00:00, run_after=2026-06-10 02:00:00+00:00
[2026-06-09T18:12:52.328+0000] {processor.py:208} INFO - Processing /opt/airflow/dags/create_mart_dag.py took 0.096 seconds
[2026-06-09T18:13:22.462+0000] {processor.py:186} INFO - Started process (PID=5086) to work on /opt/airflow/dags/create_mart_dag.py
[2026-06-09T18:13:22.462+0000] {processor.py:914} INFO - Processing file /opt/airflow/dags/create_mart_dag.py for tasks to queue
[2026-06-09T18:13:22.465+0000] {logging_mixin.py:190} INFO - [2026-06-09T18:13:22.464+0000] {dagbag.py:588} INFO - Filling up the DagBag from /opt/airflow/dags/create_mart_dag.py
[2026-06-09T18:13:22.493+0000] {processor.py:925} INFO - DAG(s) 'create_analytics_mart' retrieved from /opt/airflow/dags/create_mart_dag.py
[2026-06-09T18:13:22.519+0000] {logging_mixin.py:190} INFO - [2026-06-09T18:13:22.518+0000] {dag.py:3239} INFO - Sync 1 DAGs
[2026-06-09T18:13:22.537+0000] {logging_mixin.py:190} INFO - [2026-06-09T18:13:22.537+0000] {dag.py:4180} INFO - Setting next_dagrun for create_analytics_mart to 2026-06-09 02:00:00+00:00, run_after=2026-06-10 02:00:00+00:00
[2026-06-09T18:13:22.555+0000] {processor.py:208} INFO - Processing /opt/airflow/dags/create_mart_dag.py took 0.099 seconds
[2026-06-09T18:13:52.817+0000] {processor.py:186} INFO - Started process (PID=5102) to work on /opt/airflow/dags/create_mart_dag.py
[2026-06-09T18:13:52.818+0000] {processor.py:914} INFO - Processing file /opt/airflow/dags/create_mart_dag.py for tasks to queue
[2026-06-09T18:13:52.820+0000] {logging_mixin.py:190} INFO - [2026-06-09T18:13:52.820+0000] {dagbag.py:588} INFO - Filling up the DagBag from /opt/airflow/dags/create_mart_dag.py
[2026-06-09T18:13:52.843+0000] {processor.py:925} INFO - DAG(s) 'create_analytics_mart' retrieved from /opt/airflow/dags/create_mart_dag.py
[2026-06-09T18:13:52.863+0000] {logging_mixin.py:190} INFO - [2026-06-09T18:13:52.863+0000] {dag.py:3239} INFO - Sync 1 DAGs
[2026-06-09T18:13:52.882+0000] {logging_mixin.py:190} INFO - [2026-06-09T18:13:52.882+0000] {dag.py:4180} INFO - Setting next_dagrun for create_analytics_mart to 2026-06-09 02:00:00+00:00, run_after=2026-06-10 02:00:00+00:00
[2026-06-09T18:13:52.900+0000] {processor.py:208} INFO - Processing /opt/airflow/dags/create_mart_dag.py took 0.088 seconds
[2026-06-09T18:14:23.223+0000] {processor.py:186} INFO - Started process (PID=5118) to work on /opt/airflow/dags/create_mart_dag.py
[2026-06-09T18:14:23.225+0000] {processor.py:914} INFO - Processing file /opt/airflow/dags/create_mart_dag.py for tasks to queue
[2026-06-09T18:14:23.227+0000] {logging_mixin.py:190} INFO - [2026-06-09T18:14:23.226+0000] {dagbag.py:588} INFO - Filling up the DagBag from /opt/airflow/dags/create_mart_dag.py
[2026-06-09T18:14:23.249+0000] {processor.py:925} INFO - DAG(s) 'create_analytics_mart' retrieved from /opt/airflow/dags/create_mart_dag.py
[2026-06-09T18:14:23.271+0000] {logging_mixin.py:190} INFO - [2026-06-09T18:14:23.271+0000] {dag.py:3239} INFO - Sync 1 DAGs
[2026-06-09T18:14:23.289+0000] {logging_mixin.py:190} INFO - [2026-06-09T18:14:23.289+0000] {dag.py:4180} INFO - Setting next_dagrun for create_analytics_mart to 2026-06-09 02:00:00+00:00, run_after=2026-06-10 02:00:00+00:00
[2026-06-09T18:14:23.308+0000] {processor.py:208} INFO - Processing /opt/airflow/dags/create_mart_dag.py took 0.089 seconds
[2026-06-09T18:14:53.489+0000] {processor.py:186} INFO - Started process (PID=5134) to work on /opt/airflow/dags/create_mart_dag.py
[2026-06-09T18:14:53.490+0000] {processor.py:914} INFO - Processing file /opt/airflow/dags/create_mart_dag.py for tasks to queue
[2026-06-09T18:14:53.491+0000] {logging_mixin.py:190} INFO - [2026-06-09T18:14:53.491+0000] {dagbag.py:588} INFO - Filling up the DagBag from /opt/airflow/dags/create_mart_dag.py
[2026-06-09T18:14:53.518+0000] {processor.py:925} INFO - DAG(s) 'create_analytics_mart' retrieved from /opt/airflow/dags/create_mart_dag.py
[2026-06-09T18:14:53.539+0000] {logging_mixin.py:190} INFO - [2026-06-09T18:14:53.539+0000] {dag.py:3239} INFO - Sync 1 DAGs
[2026-06-09T18:14:53.558+0000] {logging_mixin.py:190} INFO - [2026-06-09T18:14:53.558+0000] {dag.py:4180} INFO - Setting next_dagrun for create_analytics_mart to 2026-06-09 02:00:00+00:00, run_after=2026-06-10 02:00:00+00:00
[2026-06-09T18:14:53.575+0000] {processor.py:208} INFO - Processing /opt/airflow/dags/create_mart_dag.py took 0.092 seconds
[2026-06-09T18:15:23.808+0000] {processor.py:186} INFO - Started process (PID=5150) to work on /opt/airflow/dags/create_mart_dag.py
[2026-06-09T18:15:23.809+0000] {processor.py:914} INFO - Processing file /opt/airflow/dags/create_mart_dag.py for tasks to queue
[2026-06-09T18:15:23.812+0000] {logging_mixin.py:190} INFO - [2026-06-09T18:15:23.811+0000] {dagbag.py:588} INFO - Filling up the DagBag from /opt/airflow/dags/create_mart_dag.py
[2026-06-09T18:15:23.838+0000] {processor.py:925} INFO - DAG(s) 'create_analytics_mart' retrieved from /opt/airflow/dags/create_mart_dag.py
[2026-06-09T18:15:23.862+0000] {logging_mixin.py:190} INFO - [2026-06-09T18:15:23.862+0000] {dag.py:3239} INFO - Sync 1 DAGs
[2026-06-09T18:15:23.892+0000] {logging_mixin.py:190} INFO - [2026-06-09T18:15:23.891+0000] {dag.py:4180} INFO - Setting next_dagrun for create_analytics_mart to 2026-06-09 02:00:00+00:00, run_after=2026-06-10 02:00:00+00:00
[2026-06-09T18:15:23.912+0000] {processor.py:208} INFO - Processing /opt/airflow/dags/create_mart_dag.py took 0.110 seconds
[2026-06-09T18:15:54.046+0000] {processor.py:186} INFO - Started process (PID=5166) to work on /opt/airflow/dags/create_mart_dag.py
[2026-06-09T18:15:54.047+0000] {processor.py:914} INFO - Processing file /opt/airflow/dags/create_mart_dag.py for tasks to queue
[2026-06-09T18:15:54.049+0000] {logging_mixin.py:190} INFO - [2026-06-09T18:15:54.049+0000] {dagbag.py:588} INFO - Filling up the DagBag from /opt/airflow/dags/create_mart_dag.py
[2026-06-09T18:15:54.074+0000] {processor.py:925} INFO - DAG(s) 'create_analytics_mart' retrieved from /opt/airflow/dags/create_mart_dag.py
[2026-06-09T18:15:54.096+0000] {logging_mixin.py:190} INFO - [2026-06-09T18:15:54.096+0000] {dag.py:3239} INFO - Sync 1 DAGs
[2026-06-09T18:15:54.118+0000] {logging_mixin.py:190} INFO - [2026-06-09T18:15:54.118+0000] {dag.py:4180} INFO - Setting next_dagrun for create_analytics_mart to 2026-06-09 02:00:00+00:00, run_after=2026-06-10 02:00:00+00:00
[2026-06-09T18:15:54.135+0000] {processor.py:208} INFO - Processing /opt/airflow/dags/create_mart_dag.py took 0.094 seconds
[2026-06-09T18:16:24.366+0000] {processor.py:186} INFO - Started process (PID=5182) to work on /opt/airflow/dags/create_mart_dag.py
[2026-06-09T18:16:24.366+0000] {processor.py:914} INFO - Processing file /opt/airflow/dags/create_mart_dag.py for tasks to queue
[2026-06-09T18:16:24.368+0000] {logging_mixin.py:190} INFO - [2026-06-09T18:16:24.368+0000] {dagbag.py:588} INFO - Filling up the DagBag from /opt/airflow/dags/create_mart_dag.py
[2026-06-09T18:16:24.392+0000] {processor.py:925} INFO - DAG(s) 'create_analytics_mart' retrieved from /opt/airflow/dags/create_mart_dag.py
[2026-06-09T18:16:24.413+0000] {logging_mixin.py:190} INFO - [2026-06-09T18:16:24.413+0000] {dag.py:3239} INFO - Sync 1 DAGs
[2026-06-09T18:16:24.433+0000] {logging_mixin.py:190} INFO - [2026-06-09T18:16:24.432+0000] {dag.py:4180} INFO - Setting next_dagrun for create_analytics_mart to 2026-06-09 02:00:00+00:00, run_after=2026-06-10 02:00:00+00:00
[2026-06-09T18:16:24.451+0000] {processor.py:208} INFO - Processing /opt/airflow/dags/create_mart_dag.py took 0.090 seconds
[2026-06-09T18:16:54.558+0000] {processor.py:186} INFO - Started process (PID=5198) to work on /opt/airflow/dags/create_mart_dag.py
[2026-06-09T18:16:54.559+0000] {processor.py:914} INFO - Processing file /opt/airflow/dags/create_mart_dag.py for tasks to queue
[2026-06-09T18:16:54.561+0000] {logging_mixin.py:190} INFO - [2026-06-09T18:16:54.561+0000] {dagbag.py:588} INFO - Filling up the DagBag from /opt/airflow/dags/create_mart_dag.py
[2026-06-09T18:16:54.587+0000] {processor.py:925} INFO - DAG(s) 'create_analytics_mart' retrieved from /opt/airflow/dags/create_mart_dag.py
[2026-06-09T18:16:54.609+0000] {logging_mixin.py:190} INFO - [2026-06-09T18:16:54.609+0000] {dag.py:3239} INFO - Sync 1 DAGs
[2026-06-09T18:16:54.628+0000] {logging_mixin.py:190} INFO - [2026-06-09T18:16:54.628+0000] {dag.py:4180} INFO - Setting next_dagrun for create_analytics_mart to 2026-06-09 02:00:00+00:00, run_after=2026-06-10 02:00:00+00:00
[2026-06-09T18:16:54.644+0000] {processor.py:208} INFO - Processing /opt/airflow/dags/create_mart_dag.py took 0.091 seconds
[2026-06-09T18:17:24.792+0000] {processor.py:186} INFO - Started process (PID=5214) to work on /opt/airflow/dags/create_mart_dag.py
[2026-06-09T18:17:24.793+0000] {processor.py:914} INFO - Processing file /opt/airflow/dags/create_mart_dag.py for tasks to queue
[2026-06-09T18:17:24.795+0000] {logging_mixin.py:190} INFO - [2026-06-09T18:17:24.795+0000] {dagbag.py:588} INFO - Filling up the DagBag from /opt/airflow/dags/create_mart_dag.py
[2026-06-09T18:17:24.820+0000] {processor.py:925} INFO - DAG(s) 'create_analytics_mart' retrieved from /opt/airflow/dags/create_mart_dag.py
[2026-06-09T18:17:24.844+0000] {logging_mixin.py:190} INFO - [2026-06-09T18:17:24.844+0000] {dag.py:3239} INFO - Sync 1 DAGs
[2026-06-09T18:17:24.865+0000] {logging_mixin.py:190} INFO - [2026-06-09T18:17:24.865+0000] {dag.py:4180} INFO - Setting next_dagrun for create_analytics_mart to 2026-06-09 02:00:00+00:00, run_after=2026-06-10 02:00:00+00:00
[2026-06-09T18:17:24.885+0000] {processor.py:208} INFO - Processing /opt/airflow/dags/create_mart_dag.py took 0.098 seconds
[2026-06-09T18:17:55.123+0000] {processor.py:186} INFO - Started process (PID=5230) to work on /opt/airflow/dags/create_mart_dag.py
[2026-06-09T18:17:55.124+0000] {processor.py:914} INFO - Processing file /opt/airflow/dags/create_mart_dag.py for tasks to queue
[2026-06-09T18:17:55.126+0000] {logging_mixin.py:190} INFO - [2026-06-09T18:17:55.126+0000] {dagbag.py:588} INFO - Filling up the DagBag from /opt/airflow/dags/create_mart_dag.py
[2026-06-09T18:17:55.150+0000] {processor.py:925} INFO - DAG(s) 'create_analytics_mart' retrieved from /opt/airflow/dags/create_mart_dag.py
[2026-06-09T18:17:55.170+0000] {logging_mixin.py:190} INFO - [2026-06-09T18:17:55.170+0000] {dag.py:3239} INFO - Sync 1 DAGs
[2026-06-09T18:17:55.191+0000] {logging_mixin.py:190} INFO - [2026-06-09T18:17:55.191+0000] {dag.py:4180} INFO - Setting next_dagrun for create_analytics_mart to 2026-06-09 02:00:00+00:00, run_after=2026-06-10 02:00:00+00:00
[2026-06-09T18:17:55.208+0000] {processor.py:208} INFO - Processing /opt/airflow/dags/create_mart_dag.py took 0.090 seconds
[2026-06-09T18:18:25.383+0000] {processor.py:186} INFO - Started process (PID=5246) to work on /opt/airflow/dags/create_mart_dag.py
[2026-06-09T18:18:25.384+0000] {processor.py:914} INFO - Processing file /opt/airflow/dags/create_mart_dag.py for tasks to queue
[2026-06-09T18:18:25.386+0000] {logging_mixin.py:190} INFO - [2026-06-09T18:18:25.386+0000] {dagbag.py:588} INFO - Filling up the DagBag from /opt/airflow/dags/create_mart_dag.py
[2026-06-09T18:18:25.414+0000] {processor.py:925} INFO - DAG(s) 'create_analytics_mart' retrieved from /opt/airflow/dags/create_mart_dag.py
[2026-06-09T18:18:25.434+0000] {logging_mixin.py:190} INFO - [2026-06-09T18:18:25.434+0000] {dag.py:3239} INFO - Sync 1 DAGs
[2026-06-09T18:18:25.454+0000] {logging_mixin.py:190} INFO - [2026-06-09T18:18:25.453+0000] {dag.py:4180} INFO - Setting next_dagrun for create_analytics_mart to 2026-06-09 02:00:00+00:00, run_after=2026-06-10 02:00:00+00:00
[2026-06-09T18:18:25.469+0000] {processor.py:208} INFO - Processing /opt/airflow/dags/create_mart_dag.py took 0.091 seconds
[2026-06-09T18:18:55.637+0000] {processor.py:186} INFO - Started process (PID=5262) to work on /opt/airflow/dags/create_mart_dag.py
[2026-06-09T18:18:55.638+0000] {processor.py:914} INFO - Processing file /opt/airflow/dags/create_mart_dag.py for tasks to queue
[2026-06-09T18:18:55.641+0000] {logging_mixin.py:190} INFO - [2026-06-09T18:18:55.641+0000] {dagbag.py:588} INFO - Filling up the DagBag from /opt/airflow/dags/create_mart_dag.py
[2026-06-09T18:18:55.672+0000] {processor.py:925} INFO - DAG(s) 'create_analytics_mart' retrieved from /opt/airflow/dags/create_mart_dag.py
[2026-06-09T18:18:55.696+0000] {logging_mixin.py:190} INFO - [2026-06-09T18:18:55.696+0000] {dag.py:3239} INFO - Sync 1 DAGs
[2026-06-09T18:18:55.715+0000] {logging_mixin.py:190} INFO - [2026-06-09T18:18:55.715+0000] {dag.py:4180} INFO - Setting next_dagrun for create_analytics_mart to 2026-06-09 02:00:00+00:00, run_after=2026-06-10 02:00:00+00:00
[2026-06-09T18:18:55.734+0000] {processor.py:208} INFO - Processing /opt/airflow/dags/create_mart_dag.py took 0.103 seconds
[2026-06-09T18:19:25.883+0000] {processor.py:186} INFO - Started process (PID=5277) to work on /opt/airflow/dags/create_mart_dag.py
[2026-06-09T18:19:25.884+0000] {processor.py:914} INFO - Processing file /opt/airflow/dags/create_mart_dag.py for tasks to queue
[2026-06-09T18:19:25.886+0000] {logging_mixin.py:190} INFO - [2026-06-09T18:19:25.886+0000] {dagbag.py:588} INFO - Filling up the DagBag from /opt/airflow/dags/create_mart_dag.py
[2026-06-09T18:19:25.912+0000] {processor.py:925} INFO - DAG(s) 'create_analytics_mart' retrieved from /opt/airflow/dags/create_mart_dag.py
[2026-06-09T18:19:25.934+0000] {logging_mixin.py:190} INFO - [2026-06-09T18:19:25.934+0000] {dag.py:3239} INFO - Sync 1 DAGs
[2026-06-09T18:19:25.953+0000] {logging_mixin.py:190} INFO - [2026-06-09T18:19:25.953+0000] {dag.py:4180} INFO - Setting next_dagrun for create_analytics_mart to 2026-06-09 02:00:00+00:00, run_after=2026-06-10 02:00:00+00:00
[2026-06-09T18:19:25.970+0000] {processor.py:208} INFO - Processing /opt/airflow/dags/create_mart_dag.py took 0.092 seconds
[2026-06-09T18:19:56.178+0000] {processor.py:186} INFO - Started process (PID=5293) to work on /opt/airflow/dags/create_mart_dag.py
[2026-06-09T18:19:56.179+0000] {processor.py:914} INFO - Processing file /opt/airflow/dags/create_mart_dag.py for tasks to queue
[2026-06-09T18:19:56.181+0000] {logging_mixin.py:190} INFO - [2026-06-09T18:19:56.180+0000] {dagbag.py:588} INFO - Filling up the DagBag from /opt/airflow/dags/create_mart_dag.py
[2026-06-09T18:19:56.200+0000] {processor.py:925} INFO - DAG(s) 'create_analytics_mart' retrieved from /opt/airflow/dags/create_mart_dag.py
[2026-06-09T18:19:56.221+0000] {logging_mixin.py:190} INFO - [2026-06-09T18:19:56.221+0000] {dag.py:3239} INFO - Sync 1 DAGs
[2026-06-09T18:19:56.240+0000] {logging_mixin.py:190} INFO - [2026-06-09T18:19:56.240+0000] {dag.py:4180} INFO - Setting next_dagrun for create_analytics_mart to 2026-06-09 02:00:00+00:00, run_after=2026-06-10 02:00:00+00:00
[2026-06-09T18:19:56.259+0000] {processor.py:208} INFO - Processing /opt/airflow/dags/create_mart_dag.py took 0.087 seconds
[2026-06-09T18:20:26.412+0000] {processor.py:186} INFO - Started process (PID=5309) to work on /opt/airflow/dags/create_mart_dag.py
[2026-06-09T18:20:26.413+0000] {processor.py:914} INFO - Processing file /opt/airflow/dags/create_mart_dag.py for tasks to queue
[2026-06-09T18:20:26.416+0000] {logging_mixin.py:190} INFO - [2026-06-09T18:20:26.416+0000] {dagbag.py:588} INFO - Filling up the DagBag from /opt/airflow/dags/create_mart_dag.py
[2026-06-09T18:20:26.449+0000] {processor.py:925} INFO - DAG(s) 'create_analytics_mart' retrieved from /opt/airflow/dags/create_mart_dag.py
[2026-06-09T18:20:26.483+0000] {logging_mixin.py:190} INFO - [2026-06-09T18:20:26.482+0000] {dag.py:3239} INFO - Sync 1 DAGs
[2026-06-09T18:20:26.513+0000] {logging_mixin.py:190} INFO - [2026-06-09T18:20:26.513+0000] {dag.py:4180} INFO - Setting next_dagrun for create_analytics_mart to 2026-06-09 02:00:00+00:00, run_after=2026-06-10 02:00:00+00:00
[2026-06-09T18:20:26.544+0000] {processor.py:208} INFO - Processing /opt/airflow/dags/create_mart_dag.py took 0.138 seconds
[2026-06-09T18:20:56.806+0000] {processor.py:186} INFO - Started process (PID=5325) to work on /opt/airflow/dags/create_mart_dag.py
[2026-06-09T18:20:56.807+0000] {processor.py:914} INFO - Processing file /opt/airflow/dags/create_mart_dag.py for tasks to queue
[2026-06-09T18:20:56.810+0000] {logging_mixin.py:190} INFO - [2026-06-09T18:20:56.810+0000] {dagbag.py:588} INFO - Filling up the DagBag from /opt/airflow/dags/create_mart_dag.py
[2026-06-09T18:20:56.833+0000] {processor.py:925} INFO - DAG(s) 'create_analytics_mart' retrieved from /opt/airflow/dags/create_mart_dag.py
[2026-06-09T18:20:56.855+0000] {logging_mixin.py:190} INFO - [2026-06-09T18:20:56.855+0000] {dag.py:3239} INFO - Sync 1 DAGs
[2026-06-09T18:20:56.875+0000] {logging_mixin.py:190} INFO - [2026-06-09T18:20:56.875+0000] {dag.py:4180} INFO - Setting next_dagrun for create_analytics_mart to 2026-06-09 02:00:00+00:00, run_after=2026-06-10 02:00:00+00:00
[2026-06-09T18:20:56.894+0000] {processor.py:208} INFO - Processing /opt/airflow/dags/create_mart_dag.py took 0.091 seconds
[2026-06-09T18:21:27.052+0000] {processor.py:186} INFO - Started process (PID=5341) to work on /opt/airflow/dags/create_mart_dag.py
[2026-06-09T18:21:27.053+0000] {processor.py:914} INFO - Processing file /opt/airflow/dags/create_mart_dag.py for tasks to queue
[2026-06-09T18:21:27.056+0000] {logging_mixin.py:190} INFO - [2026-06-09T18:21:27.056+0000] {dagbag.py:588} INFO - Filling up the DagBag from /opt/airflow/dags/create_mart_dag.py
[2026-06-09T18:21:27.079+0000] {processor.py:925} INFO - DAG(s) 'create_analytics_mart' retrieved from /opt/airflow/dags/create_mart_dag.py
[2026-06-09T18:21:27.103+0000] {logging_mixin.py:190} INFO - [2026-06-09T18:21:27.102+0000] {dag.py:3239} INFO - Sync 1 DAGs
[2026-06-09T18:21:27.130+0000] {logging_mixin.py:190} INFO - [2026-06-09T18:21:27.129+0000] {dag.py:4180} INFO - Setting next_dagrun for create_analytics_mart to 2026-06-09 02:00:00+00:00, run_after=2026-06-10 02:00:00+00:00
[2026-06-09T18:21:27.154+0000] {processor.py:208} INFO - Processing /opt/airflow/dags/create_mart_dag.py took 0.106 seconds
[2026-06-09T18:21:57.507+0000] {processor.py:186} INFO - Started process (PID=5357) to work on /opt/airflow/dags/create_mart_dag.py
[2026-06-09T18:21:57.509+0000] {processor.py:914} INFO - Processing file /opt/airflow/dags/create_mart_dag.py for tasks to queue
[2026-06-09T18:21:57.514+0000] {logging_mixin.py:190} INFO - [2026-06-09T18:21:57.514+0000] {dagbag.py:588} INFO - Filling up the DagBag from /opt/airflow/dags/create_mart_dag.py
[2026-06-09T18:21:57.550+0000] {processor.py:925} INFO - DAG(s) 'create_analytics_mart' retrieved from /opt/airflow/dags/create_mart_dag.py
[2026-06-09T18:21:57.577+0000] {logging_mixin.py:190} INFO - [2026-06-09T18:21:57.577+0000] {dag.py:3239} INFO - Sync 1 DAGs
[2026-06-09T18:21:57.598+0000] {logging_mixin.py:190} INFO - [2026-06-09T18:21:57.598+0000] {dag.py:4180} INFO - Setting next_dagrun for create_analytics_mart to 2026-06-09 02:00:00+00:00, run_after=2026-06-10 02:00:00+00:00
[2026-06-09T18:21:57.624+0000] {processor.py:208} INFO - Processing /opt/airflow/dags/create_mart_dag.py took 0.122 seconds
[2026-06-09T18:22:27.887+0000] {processor.py:186} INFO - Started process (PID=5373) to work on /opt/airflow/dags/create_mart_dag.py
[2026-06-09T18:22:27.888+0000] {processor.py:914} INFO - Processing file /opt/airflow/dags/create_mart_dag.py for tasks to queue
[2026-06-09T18:22:27.890+0000] {logging_mixin.py:190} INFO - [2026-06-09T18:22:27.889+0000] {dagbag.py:588} INFO - Filling up the DagBag from /opt/airflow/dags/create_mart_dag.py
[2026-06-09T18:22:27.915+0000] {processor.py:925} INFO - DAG(s) 'create_analytics_mart' retrieved from /opt/airflow/dags/create_mart_dag.py
[2026-06-09T18:22:27.938+0000] {logging_mixin.py:190} INFO - [2026-06-09T18:22:27.938+0000] {dag.py:3239} INFO - Sync 1 DAGs
[2026-06-09T18:22:27.963+0000] {logging_mixin.py:190} INFO - [2026-06-09T18:22:27.963+0000] {dag.py:4180} INFO - Setting next_dagrun for create_analytics_mart to 2026-06-09 02:00:00+00:00, run_after=2026-06-10 02:00:00+00:00
[2026-06-09T18:22:27.985+0000] {processor.py:208} INFO - Processing /opt/airflow/dags/create_mart_dag.py took 0.104 seconds
[2026-06-09T18:22:58.132+0000] {processor.py:186} INFO - Started process (PID=5389) to work on /opt/airflow/dags/create_mart_dag.py
[2026-06-09T18:22:58.133+0000] {processor.py:914} INFO - Processing file /opt/airflow/dags/create_mart_dag.py for tasks to queue
[2026-06-09T18:22:58.135+0000] {logging_mixin.py:190} INFO - [2026-06-09T18:22:58.135+0000] {dagbag.py:588} INFO - Filling up the DagBag from /opt/airflow/dags/create_mart_dag.py
[2026-06-09T18:22:58.170+0000] {processor.py:925} INFO - DAG(s) 'create_analytics_mart' retrieved from /opt/airflow/dags/create_mart_dag.py
[2026-06-09T18:22:58.195+0000] {logging_mixin.py:190} INFO - [2026-06-09T18:22:58.195+0000] {dag.py:3239} INFO - Sync 1 DAGs
[2026-06-09T18:22:58.217+0000] {logging_mixin.py:190} INFO - [2026-06-09T18:22:58.217+0000] {dag.py:4180} INFO - Setting next_dagrun for create_analytics_mart to 2026-06-09 02:00:00+00:00, run_after=2026-06-10 02:00:00+00:00
[2026-06-09T18:22:58.234+0000] {processor.py:208} INFO - Processing /opt/airflow/dags/create_mart_dag.py took 0.108 seconds
[2026-06-09T18:23:28.478+0000] {processor.py:186} INFO - Started process (PID=5404) to work on /opt/airflow/dags/create_mart_dag.py
[2026-06-09T18:23:28.479+0000] {processor.py:914} INFO - Processing file /opt/airflow/dags/create_mart_dag.py for tasks to queue
[2026-06-09T18:23:28.481+0000] {logging_mixin.py:190} INFO - [2026-06-09T18:23:28.481+0000] {dagbag.py:588} INFO - Filling up the DagBag from /opt/airflow/dags/create_mart_dag.py
[2026-06-09T18:23:28.500+0000] {processor.py:925} INFO - DAG(s) 'create_analytics_mart' retrieved from /opt/airflow/dags/create_mart_dag.py
[2026-06-09T18:23:28.520+0000] {logging_mixin.py:190} INFO - [2026-06-09T18:23:28.520+0000] {dag.py:3239} INFO - Sync 1 DAGs
[2026-06-09T18:23:28.539+0000] {logging_mixin.py:190} INFO - [2026-06-09T18:23:28.538+0000] {dag.py:4180} INFO - Setting next_dagrun for create_analytics_mart to 2026-06-09 02:00:00+00:00, run_after=2026-06-10 02:00:00+00:00
[2026-06-09T18:23:28.556+0000] {processor.py:208} INFO - Processing /opt/airflow/dags/create_mart_dag.py took 0.083 seconds
[2026-06-09T18:23:58.757+0000] {processor.py:186} INFO - Started process (PID=5420) to work on /opt/airflow/dags/create_mart_dag.py
[2026-06-09T18:23:58.758+0000] {processor.py:914} INFO - Processing file /opt/airflow/dags/create_mart_dag.py for tasks to queue
[2026-06-09T18:23:58.760+0000] {logging_mixin.py:190} INFO - [2026-06-09T18:23:58.760+0000] {dagbag.py:588} INFO - Filling up the DagBag from /opt/airflow/dags/create_mart_dag.py
[2026-06-09T18:23:58.783+0000] {processor.py:925} INFO - DAG(s) 'create_analytics_mart' retrieved from /opt/airflow/dags/create_mart_dag.py
[2026-06-09T18:23:58.808+0000] {logging_mixin.py:190} INFO - [2026-06-09T18:23:58.807+0000] {dag.py:3239} INFO - Sync 1 DAGs
[2026-06-09T18:23:58.829+0000] {logging_mixin.py:190} INFO - [2026-06-09T18:23:58.829+0000] {dag.py:4180} INFO - Setting next_dagrun for create_analytics_mart to 2026-06-09 02:00:00+00:00, run_after=2026-06-10 02:00:00+00:00
[2026-06-09T18:23:58.858+0000] {processor.py:208} INFO - Processing /opt/airflow/dags/create_mart_dag.py took 0.107 seconds
[2026-06-09T18:24:29.119+0000] {processor.py:186} INFO - Started process (PID=5436) to work on /opt/airflow/dags/create_mart_dag.py
[2026-06-09T18:24:29.120+0000] {processor.py:914} INFO - Processing file /opt/airflow/dags/create_mart_dag.py for tasks to queue
[2026-06-09T18:24:29.122+0000] {logging_mixin.py:190} INFO - [2026-06-09T18:24:29.122+0000] {dagbag.py:588} INFO - Filling up the DagBag from /opt/airflow/dags/create_mart_dag.py
[2026-06-09T18:24:29.146+0000] {processor.py:925} INFO - DAG(s) 'create_analytics_mart' retrieved from /opt/airflow/dags/create_mart_dag.py
[2026-06-09T18:24:29.167+0000] {logging_mixin.py:190} INFO - [2026-06-09T18:24:29.166+0000] {dag.py:3239} INFO - Sync 1 DAGs
[2026-06-09T18:24:29.186+0000] {logging_mixin.py:190} INFO - [2026-06-09T18:24:29.186+0000] {dag.py:4180} INFO - Setting next_dagrun for create_analytics_mart to 2026-06-09 02:00:00+00:00, run_after=2026-06-10 02:00:00+00:00
[2026-06-09T18:24:29.204+0000] {processor.py:208} INFO - Processing /opt/airflow/dags/create_mart_dag.py took 0.089 seconds
[2026-06-09T18:24:59.341+0000] {processor.py:186} INFO - Started process (PID=5452) to work on /opt/airflow/dags/create_mart_dag.py
[2026-06-09T18:24:59.342+0000] {processor.py:914} INFO - Processing file /opt/airflow/dags/create_mart_dag.py for tasks to queue
[2026-06-09T18:24:59.344+0000] {logging_mixin.py:190} INFO - [2026-06-09T18:24:59.344+0000] {dagbag.py:588} INFO - Filling up the DagBag from /opt/airflow/dags/create_mart_dag.py
[2026-06-09T18:24:59.387+0000] {processor.py:925} INFO - DAG(s) 'create_analytics_mart' retrieved from /opt/airflow/dags/create_mart_dag.py
[2026-06-09T18:24:59.413+0000] {logging_mixin.py:190} INFO - [2026-06-09T18:24:59.413+0000] {dag.py:3239} INFO - Sync 1 DAGs
[2026-06-09T18:24:59.436+0000] {logging_mixin.py:190} INFO - [2026-06-09T18:24:59.436+0000] {dag.py:4180} INFO - Setting next_dagrun for create_analytics_mart to 2026-06-09 02:00:00+00:00, run_after=2026-06-10 02:00:00+00:00
[2026-06-09T18:24:59.455+0000] {processor.py:208} INFO - Processing /opt/airflow/dags/create_mart_dag.py took 0.118 seconds
[2026-06-09T18:25:29.707+0000] {processor.py:186} INFO - Started process (PID=5468) to work on /opt/airflow/dags/create_mart_dag.py
[2026-06-09T18:25:29.707+0000] {processor.py:914} INFO - Processing file /opt/airflow/dags/create_mart_dag.py for tasks to queue
[2026-06-09T18:25:29.710+0000] {logging_mixin.py:190} INFO - [2026-06-09T18:25:29.709+0000] {dagbag.py:588} INFO - Filling up the DagBag from /opt/airflow/dags/create_mart_dag.py
[2026-06-09T18:25:29.733+0000] {processor.py:925} INFO - DAG(s) 'create_analytics_mart' retrieved from /opt/airflow/dags/create_mart_dag.py
[2026-06-09T18:25:29.753+0000] {logging_mixin.py:190} INFO - [2026-06-09T18:25:29.753+0000] {dag.py:3239} INFO - Sync 1 DAGs
[2026-06-09T18:25:29.771+0000] {logging_mixin.py:190} INFO - [2026-06-09T18:25:29.771+0000] {dag.py:4180} INFO - Setting next_dagrun for create_analytics_mart to 2026-06-09 02:00:00+00:00, run_after=2026-06-10 02:00:00+00:00
[2026-06-09T18:25:29.789+0000] {processor.py:208} INFO - Processing /opt/airflow/dags/create_mart_dag.py took 0.087 seconds
[2026-06-09T18:26:00.042+0000] {processor.py:186} INFO - Started process (PID=5484) to work on /opt/airflow/dags/create_mart_dag.py
[2026-06-09T18:26:00.042+0000] {processor.py:914} INFO - Processing file /opt/airflow/dags/create_mart_dag.py for tasks to queue
[2026-06-09T18:26:00.044+0000] {logging_mixin.py:190} INFO - [2026-06-09T18:26:00.044+0000] {dagbag.py:588} INFO - Filling up the DagBag from /opt/airflow/dags/create_mart_dag.py
[2026-06-09T18:26:00.067+0000] {processor.py:925} INFO - DAG(s) 'create_analytics_mart' retrieved from /opt/airflow/dags/create_mart_dag.py
[2026-06-09T18:26:00.086+0000] {logging_mixin.py:190} INFO - [2026-06-09T18:26:00.086+0000] {dag.py:3239} INFO - Sync 1 DAGs
[2026-06-09T18:26:00.105+0000] {logging_mixin.py:190} INFO - [2026-06-09T18:26:00.105+0000] {dag.py:4180} INFO - Setting next_dagrun for create_analytics_mart to 2026-06-09 02:00:00+00:00, run_after=2026-06-10 02:00:00+00:00
[2026-06-09T18:26:00.122+0000] {processor.py:208} INFO - Processing /opt/airflow/dags/create_mart_dag.py took 0.086 seconds
[2026-06-09T18:26:30.283+0000] {processor.py:186} INFO - Started process (PID=5500) to work on /opt/airflow/dags/create_mart_dag.py
[2026-06-09T18:26:30.284+0000] {processor.py:914} INFO - Processing file /opt/airflow/dags/create_mart_dag.py for tasks to queue
[2026-06-09T18:26:30.287+0000] {logging_mixin.py:190} INFO - [2026-06-09T18:26:30.287+0000] {dagbag.py:588} INFO - Filling up the DagBag from /opt/airflow/dags/create_mart_dag.py
[2026-06-09T18:26:30.339+0000] {processor.py:925} INFO - DAG(s) 'create_analytics_mart' retrieved from /opt/airflow/dags/create_mart_dag.py
[2026-06-09T18:26:30.374+0000] {logging_mixin.py:190} INFO - [2026-06-09T18:26:30.374+0000] {dag.py:3239} INFO - Sync 1 DAGs
[2026-06-09T18:26:30.396+0000] {logging_mixin.py:190} INFO - [2026-06-09T18:26:30.396+0000] {dag.py:4180} INFO - Setting next_dagrun for create_analytics_mart to 2026-06-09 02:00:00+00:00, run_after=2026-06-10 02:00:00+00:00
[2026-06-09T18:26:30.419+0000] {processor.py:208} INFO - Processing /opt/airflow/dags/create_mart_dag.py took 0.143 seconds
[2026-06-09T18:27:00.551+0000] {processor.py:186} INFO - Started process (PID=5516) to work on /opt/airflow/dags/create_mart_dag.py
[2026-06-09T18:27:00.552+0000] {processor.py:914} INFO - Processing file /opt/airflow/dags/create_mart_dag.py for tasks to queue
[2026-06-09T18:27:00.554+0000] {logging_mixin.py:190} INFO - [2026-06-09T18:27:00.553+0000] {dagbag.py:588} INFO - Filling up the DagBag from /opt/airflow/dags/create_mart_dag.py
[2026-06-09T18:27:00.572+0000] {processor.py:925} INFO - DAG(s) 'create_analytics_mart' retrieved from /opt/airflow/dags/create_mart_dag.py
[2026-06-09T18:27:00.596+0000] {logging_mixin.py:190} INFO - [2026-06-09T18:27:00.595+0000] {dag.py:3239} INFO - Sync 1 DAGs
[2026-06-09T18:27:00.615+0000] {logging_mixin.py:190} INFO - [2026-06-09T18:27:00.615+0000] {dag.py:4180} INFO - Setting next_dagrun for create_analytics_mart to 2026-06-09 02:00:00+00:00, run_after=2026-06-10 02:00:00+00:00
[2026-06-09T18:27:00.633+0000] {processor.py:208} INFO - Processing /opt/airflow/dags/create_mart_dag.py took 0.087 seconds
[2026-06-09T18:27:30.887+0000] {processor.py:186} INFO - Started process (PID=5532) to work on /opt/airflow/dags/create_mart_dag.py
[2026-06-09T18:27:30.888+0000] {processor.py:914} INFO - Processing file /opt/airflow/dags/create_mart_dag.py for tasks to queue
[2026-06-09T18:27:30.889+0000] {logging_mixin.py:190} INFO - [2026-06-09T18:27:30.889+0000] {dagbag.py:588} INFO - Filling up the DagBag from /opt/airflow/dags/create_mart_dag.py
[2026-06-09T18:27:30.915+0000] {processor.py:925} INFO - DAG(s) 'create_analytics_mart' retrieved from /opt/airflow/dags/create_mart_dag.py
[2026-06-09T18:27:30.938+0000] {logging_mixin.py:190} INFO - [2026-06-09T18:27:30.938+0000] {dag.py:3239} INFO - Sync 1 DAGs
[2026-06-09T18:27:30.963+0000] {logging_mixin.py:190} INFO - [2026-06-09T18:27:30.963+0000] {dag.py:4180} INFO - Setting next_dagrun for create_analytics_mart to 2026-06-09 02:00:00+00:00, run_after=2026-06-10 02:00:00+00:00
[2026-06-09T18:27:30.983+0000] {processor.py:208} INFO - Processing /opt/airflow/dags/create_mart_dag.py took 0.101 seconds
[2026-06-09T18:28:01.107+0000] {processor.py:186} INFO - Started process (PID=5548) to work on /opt/airflow/dags/create_mart_dag.py
[2026-06-09T18:28:01.108+0000] {processor.py:914} INFO - Processing file /opt/airflow/dags/create_mart_dag.py for tasks to queue
[2026-06-09T18:28:01.111+0000] {logging_mixin.py:190} INFO - [2026-06-09T18:28:01.110+0000] {dagbag.py:588} INFO - Filling up the DagBag from /opt/airflow/dags/create_mart_dag.py
[2026-06-09T18:28:01.134+0000] {processor.py:925} INFO - DAG(s) 'create_analytics_mart' retrieved from /opt/airflow/dags/create_mart_dag.py
[2026-06-09T18:28:01.154+0000] {logging_mixin.py:190} INFO - [2026-06-09T18:28:01.154+0000] {dag.py:3239} INFO - Sync 1 DAGs
[2026-06-09T18:28:01.175+0000] {logging_mixin.py:190} INFO - [2026-06-09T18:28:01.175+0000] {dag.py:4180} INFO - Setting next_dagrun for create_analytics_mart to 2026-06-09 02:00:00+00:00, run_after=2026-06-10 02:00:00+00:00
[2026-06-09T18:28:01.193+0000] {processor.py:208} INFO - Processing /opt/airflow/dags/create_mart_dag.py took 0.091 seconds
[2026-06-09T18:28:31.433+0000] {processor.py:186} INFO - Started process (PID=5564) to work on /opt/airflow/dags/create_mart_dag.py
[2026-06-09T18:28:31.434+0000] {processor.py:914} INFO - Processing file /opt/airflow/dags/create_mart_dag.py for tasks to queue
[2026-06-09T18:28:31.436+0000] {logging_mixin.py:190} INFO - [2026-06-09T18:28:31.436+0000] {dagbag.py:588} INFO - Filling up the DagBag from /opt/airflow/dags/create_mart_dag.py
[2026-06-09T18:28:31.460+0000] {processor.py:925} INFO - DAG(s) 'create_analytics_mart' retrieved from /opt/airflow/dags/create_mart_dag.py
[2026-06-09T18:28:31.483+0000] {logging_mixin.py:190} INFO - [2026-06-09T18:28:31.482+0000] {dag.py:3239} INFO - Sync 1 DAGs
[2026-06-09T18:28:31.502+0000] {logging_mixin.py:190} INFO - [2026-06-09T18:28:31.502+0000] {dag.py:4180} INFO - Setting next_dagrun for create_analytics_mart to 2026-06-09 02:00:00+00:00, run_after=2026-06-10 02:00:00+00:00
[2026-06-09T18:28:31.520+0000] {processor.py:208} INFO - Processing /opt/airflow/dags/create_mart_dag.py took 0.091 seconds
[2026-06-09T18:29:01.677+0000] {processor.py:186} INFO - Started process (PID=5580) to work on /opt/airflow/dags/create_mart_dag.py
[2026-06-09T18:29:01.678+0000] {processor.py:914} INFO - Processing file /opt/airflow/dags/create_mart_dag.py for tasks to queue
[2026-06-09T18:29:01.680+0000] {logging_mixin.py:190} INFO - [2026-06-09T18:29:01.680+0000] {dagbag.py:588} INFO - Filling up the DagBag from /opt/airflow/dags/create_mart_dag.py
[2026-06-09T18:29:01.703+0000] {processor.py:925} INFO - DAG(s) 'create_analytics_mart' retrieved from /opt/airflow/dags/create_mart_dag.py
[2026-06-09T18:29:01.727+0000] {logging_mixin.py:190} INFO - [2026-06-09T18:29:01.727+0000] {dag.py:3239} INFO - Sync 1 DAGs
[2026-06-09T18:29:01.749+0000] {logging_mixin.py:190} INFO - [2026-06-09T18:29:01.749+0000] {dag.py:4180} INFO - Setting next_dagrun for create_analytics_mart to 2026-06-09 02:00:00+00:00, run_after=2026-06-10 02:00:00+00:00
[2026-06-09T18:29:01.769+0000] {processor.py:208} INFO - Processing /opt/airflow/dags/create_mart_dag.py took 0.097 seconds
[2026-06-09T18:29:32.064+0000] {processor.py:186} INFO - Started process (PID=5595) to work on /opt/airflow/dags/create_mart_dag.py
[2026-06-09T18:29:32.065+0000] {processor.py:914} INFO - Processing file /opt/airflow/dags/create_mart_dag.py for tasks to queue
[2026-06-09T18:29:32.067+0000] {logging_mixin.py:190} INFO - [2026-06-09T18:29:32.066+0000] {dagbag.py:588} INFO - Filling up the DagBag from /opt/airflow/dags/create_mart_dag.py
[2026-06-09T18:29:32.089+0000] {processor.py:925} INFO - DAG(s) 'create_analytics_mart' retrieved from /opt/airflow/dags/create_mart_dag.py
[2026-06-09T18:29:32.123+0000] {logging_mixin.py:190} INFO - [2026-06-09T18:29:32.123+0000] {dag.py:3239} INFO - Sync 1 DAGs
[2026-06-09T18:29:32.153+0000] {logging_mixin.py:190} INFO - [2026-06-09T18:29:32.153+0000] {dag.py:4180} INFO - Setting next_dagrun for create_analytics_mart to 2026-06-09 02:00:00+00:00, run_after=2026-06-10 02:00:00+00:00
[2026-06-09T18:29:32.178+0000] {processor.py:208} INFO - Processing /opt/airflow/dags/create_mart_dag.py took 0.119 seconds
[2026-06-09T18:30:02.281+0000] {processor.py:186} INFO - Started process (PID=5611) to work on /opt/airflow/dags/create_mart_dag.py
[2026-06-09T18:30:02.282+0000] {processor.py:914} INFO - Processing file /opt/airflow/dags/create_mart_dag.py for tasks to queue
[2026-06-09T18:30:02.284+0000] {logging_mixin.py:190} INFO - [2026-06-09T18:30:02.284+0000] {dagbag.py:588} INFO - Filling up the DagBag from /opt/airflow/dags/create_mart_dag.py
[2026-06-09T18:30:02.307+0000] {processor.py:925} INFO - DAG(s) 'create_analytics_mart' retrieved from /opt/airflow/dags/create_mart_dag.py
[2026-06-09T18:30:02.329+0000] {logging_mixin.py:190} INFO - [2026-06-09T18:30:02.329+0000] {dag.py:3239} INFO - Sync 1 DAGs
[2026-06-09T18:30:02.350+0000] {logging_mixin.py:190} INFO - [2026-06-09T18:30:02.350+0000] {dag.py:4180} INFO - Setting next_dagrun for create_analytics_mart to 2026-06-09 02:00:00+00:00, run_after=2026-06-10 02:00:00+00:00
[2026-06-09T18:30:02.369+0000] {processor.py:208} INFO - Processing /opt/airflow/dags/create_mart_dag.py took 0.093 seconds
[2026-06-09T18:30:32.536+0000] {processor.py:186} INFO - Started process (PID=5627) to work on /opt/airflow/dags/create_mart_dag.py
[2026-06-09T18:30:32.537+0000] {processor.py:914} INFO - Processing file /opt/airflow/dags/create_mart_dag.py for tasks to queue
[2026-06-09T18:30:32.540+0000] {logging_mixin.py:190} INFO - [2026-06-09T18:30:32.540+0000] {dagbag.py:588} INFO - Filling up the DagBag from /opt/airflow/dags/create_mart_dag.py
[2026-06-09T18:30:32.567+0000] {processor.py:925} INFO - DAG(s) 'create_analytics_mart' retrieved from /opt/airflow/dags/create_mart_dag.py
[2026-06-09T18:30:32.590+0000] {logging_mixin.py:190} INFO - [2026-06-09T18:30:32.590+0000] {dag.py:3239} INFO - Sync 1 DAGs
[2026-06-09T18:30:32.611+0000] {logging_mixin.py:190} INFO - [2026-06-09T18:30:32.610+0000] {dag.py:4180} INFO - Setting next_dagrun for create_analytics_mart to 2026-06-09 02:00:00+00:00, run_after=2026-06-10 02:00:00+00:00
[2026-06-09T18:30:32.629+0000] {processor.py:208} INFO - Processing /opt/airflow/dags/create_mart_dag.py took 0.099 seconds
[2026-06-09T18:31:02.837+0000] {processor.py:186} INFO - Started process (PID=5643) to work on /opt/airflow/dags/create_mart_dag.py
[2026-06-09T18:31:02.838+0000] {processor.py:914} INFO - Processing file /opt/airflow/dags/create_mart_dag.py for tasks to queue
[2026-06-09T18:31:02.839+0000] {logging_mixin.py:190} INFO - [2026-06-09T18:31:02.839+0000] {dagbag.py:588} INFO - Filling up the DagBag from /opt/airflow/dags/create_mart_dag.py
[2026-06-09T18:31:02.864+0000] {processor.py:925} INFO - DAG(s) 'create_analytics_mart' retrieved from /opt/airflow/dags/create_mart_dag.py
[2026-06-09T18:31:02.884+0000] {logging_mixin.py:190} INFO - [2026-06-09T18:31:02.884+0000] {dag.py:3239} INFO - Sync 1 DAGs
[2026-06-09T18:31:02.905+0000] {logging_mixin.py:190} INFO - [2026-06-09T18:31:02.904+0000] {dag.py:4180} INFO - Setting next_dagrun for create_analytics_mart to 2026-06-09 02:00:00+00:00, run_after=2026-06-10 02:00:00+00:00
[2026-06-09T18:31:02.922+0000] {processor.py:208} INFO - Processing /opt/airflow/dags/create_mart_dag.py took 0.090 seconds
[2026-06-09T18:31:33.167+0000] {processor.py:186} INFO - Started process (PID=5659) to work on /opt/airflow/dags/create_mart_dag.py
[2026-06-09T18:31:33.168+0000] {processor.py:914} INFO - Processing file /opt/airflow/dags/create_mart_dag.py for tasks to queue
[2026-06-09T18:31:33.170+0000] {logging_mixin.py:190} INFO - [2026-06-09T18:31:33.170+0000] {dagbag.py:588} INFO - Filling up the DagBag from /opt/airflow/dags/create_mart_dag.py
[2026-06-09T18:31:33.190+0000] {processor.py:925} INFO - DAG(s) 'create_analytics_mart' retrieved from /opt/airflow/dags/create_mart_dag.py
[2026-06-09T18:31:33.216+0000] {logging_mixin.py:190} INFO - [2026-06-09T18:31:33.216+0000] {dag.py:3239} INFO - Sync 1 DAGs
[2026-06-09T18:31:33.236+0000] {logging_mixin.py:190} INFO - [2026-06-09T18:31:33.236+0000] {dag.py:4180} INFO - Setting next_dagrun for create_analytics_mart to 2026-06-09 02:00:00+00:00, run_after=2026-06-10 02:00:00+00:00
[2026-06-09T18:31:33.253+0000] {processor.py:208} INFO - Processing /opt/airflow/dags/create_mart_dag.py took 0.092 seconds
[2026-06-09T18:32:03.395+0000] {processor.py:186} INFO - Started process (PID=5675) to work on /opt/airflow/dags/create_mart_dag.py
[2026-06-09T18:32:03.396+0000] {processor.py:914} INFO - Processing file /opt/airflow/dags/create_mart_dag.py for tasks to queue
[2026-06-09T18:32:03.398+0000] {logging_mixin.py:190} INFO - [2026-06-09T18:32:03.398+0000] {dagbag.py:588} INFO - Filling up the DagBag from /opt/airflow/dags/create_mart_dag.py
[2026-06-09T18:32:03.426+0000] {processor.py:925} INFO - DAG(s) 'create_analytics_mart' retrieved from /opt/airflow/dags/create_mart_dag.py
[2026-06-09T18:32:03.450+0000] {logging_mixin.py:190} INFO - [2026-06-09T18:32:03.450+0000] {dag.py:3239} INFO - Sync 1 DAGs
[2026-06-09T18:32:03.471+0000] {logging_mixin.py:190} INFO - [2026-06-09T18:32:03.471+0000] {dag.py:4180} INFO - Setting next_dagrun for create_analytics_mart to 2026-06-09 02:00:00+00:00, run_after=2026-06-10 02:00:00+00:00
[2026-06-09T18:32:03.493+0000] {processor.py:208} INFO - Processing /opt/airflow/dags/create_mart_dag.py took 0.103 seconds
[2026-06-09T18:32:33.712+0000] {processor.py:186} INFO - Started process (PID=5691) to work on /opt/airflow/dags/create_mart_dag.py
[2026-06-09T18:32:33.713+0000] {processor.py:914} INFO - Processing file /opt/airflow/dags/create_mart_dag.py for tasks to queue
[2026-06-09T18:32:33.717+0000] {logging_mixin.py:190} INFO - [2026-06-09T18:32:33.716+0000] {dagbag.py:588} INFO - Filling up the DagBag from /opt/airflow/dags/create_mart_dag.py
[2026-06-09T18:32:33.742+0000] {processor.py:925} INFO - DAG(s) 'create_analytics_mart' retrieved from /opt/airflow/dags/create_mart_dag.py
[2026-06-09T18:32:33.764+0000] {logging_mixin.py:190} INFO - [2026-06-09T18:32:33.764+0000] {dag.py:3239} INFO - Sync 1 DAGs
[2026-06-09T18:32:33.787+0000] {logging_mixin.py:190} INFO - [2026-06-09T18:32:33.787+0000] {dag.py:4180} INFO - Setting next_dagrun for create_analytics_mart to 2026-06-09 02:00:00+00:00, run_after=2026-06-10 02:00:00+00:00
[2026-06-09T18:32:33.803+0000] {processor.py:208} INFO - Processing /opt/airflow/dags/create_mart_dag.py took 0.096 seconds
[2026-06-09T18:33:03.949+0000] {processor.py:186} INFO - Started process (PID=5707) to work on /opt/airflow/dags/create_mart_dag.py
[2026-06-09T18:33:03.950+0000] {processor.py:914} INFO - Processing file /opt/airflow/dags/create_mart_dag.py for tasks to queue
[2026-06-09T18:33:03.953+0000] {logging_mixin.py:190} INFO - [2026-06-09T18:33:03.952+0000] {dagbag.py:588} INFO - Filling up the DagBag from /opt/airflow/dags/create_mart_dag.py
[2026-06-09T18:33:03.973+0000] {processor.py:925} INFO - DAG(s) 'create_analytics_mart' retrieved from /opt/airflow/dags/create_mart_dag.py
[2026-06-09T18:33:03.994+0000] {logging_mixin.py:190} INFO - [2026-06-09T18:33:03.994+0000] {dag.py:3239} INFO - Sync 1 DAGs
[2026-06-09T18:33:04.013+0000] {logging_mixin.py:190} INFO - [2026-06-09T18:33:04.013+0000] {dag.py:4180} INFO - Setting next_dagrun for create_analytics_mart to 2026-06-09 02:00:00+00:00, run_after=2026-06-10 02:00:00+00:00
[2026-06-09T18:33:04.033+0000] {processor.py:208} INFO - Processing /opt/airflow/dags/create_mart_dag.py took 0.088 seconds
[2026-06-09T18:33:34.289+0000] {processor.py:186} INFO - Started process (PID=5723) to work on /opt/airflow/dags/create_mart_dag.py
[2026-06-09T18:33:34.290+0000] {processor.py:914} INFO - Processing file /opt/airflow/dags/create_mart_dag.py for tasks to queue
[2026-06-09T18:33:34.294+0000] {logging_mixin.py:190} INFO - [2026-06-09T18:33:34.293+0000] {dagbag.py:588} INFO - Filling up the DagBag from /opt/airflow/dags/create_mart_dag.py
[2026-06-09T18:33:34.341+0000] {processor.py:925} INFO - DAG(s) 'create_analytics_mart' retrieved from /opt/airflow/dags/create_mart_dag.py
[2026-06-09T18:33:34.389+0000] {logging_mixin.py:190} INFO - [2026-06-09T18:33:34.389+0000] {dag.py:3239} INFO - Sync 1 DAGs
[2026-06-09T18:33:34.429+0000] {logging_mixin.py:190} INFO - [2026-06-09T18:33:34.428+0000] {dag.py:4180} INFO - Setting next_dagrun for create_analytics_mart to 2026-06-09 02:00:00+00:00, run_after=2026-06-10 02:00:00+00:00
[2026-06-09T18:33:34.455+0000] {processor.py:208} INFO - Processing /opt/airflow/dags/create_mart_dag.py took 0.172 seconds
[2026-06-09T18:34:04.518+0000] {processor.py:186} INFO - Started process (PID=5739) to work on /opt/airflow/dags/create_mart_dag.py
[2026-06-09T18:34:04.519+0000] {processor.py:914} INFO - Processing file /opt/airflow/dags/create_mart_dag.py for tasks to queue
[2026-06-09T18:34:04.521+0000] {logging_mixin.py:190} INFO - [2026-06-09T18:34:04.521+0000] {dagbag.py:588} INFO - Filling up the DagBag from /opt/airflow/dags/create_mart_dag.py
[2026-06-09T18:34:04.547+0000] {processor.py:925} INFO - DAG(s) 'create_analytics_mart' retrieved from /opt/airflow/dags/create_mart_dag.py
[2026-06-09T18:34:04.570+0000] {logging_mixin.py:190} INFO - [2026-06-09T18:34:04.570+0000] {dag.py:3239} INFO - Sync 1 DAGs
[2026-06-09T18:34:04.588+0000] {logging_mixin.py:190} INFO - [2026-06-09T18:34:04.587+0000] {dag.py:4180} INFO - Setting next_dagrun for create_analytics_mart to 2026-06-09 02:00:00+00:00, run_after=2026-06-10 02:00:00+00:00
[2026-06-09T18:34:04.605+0000] {processor.py:208} INFO - Processing /opt/airflow/dags/create_mart_dag.py took 0.092 seconds
[2026-06-09T18:34:34.901+0000] {processor.py:186} INFO - Started process (PID=5755) to work on /opt/airflow/dags/create_mart_dag.py
[2026-06-09T18:34:34.902+0000] {processor.py:914} INFO - Processing file /opt/airflow/dags/create_mart_dag.py for tasks to queue
[2026-06-09T18:34:34.904+0000] {logging_mixin.py:190} INFO - [2026-06-09T18:34:34.904+0000] {dagbag.py:588} INFO - Filling up the DagBag from /opt/airflow/dags/create_mart_dag.py
[2026-06-09T18:34:34.924+0000] {processor.py:925} INFO - DAG(s) 'create_analytics_mart' retrieved from /opt/airflow/dags/create_mart_dag.py
[2026-06-09T18:34:34.946+0000] {logging_mixin.py:190} INFO - [2026-06-09T18:34:34.946+0000] {dag.py:3239} INFO - Sync 1 DAGs
[2026-06-09T18:34:34.966+0000] {logging_mixin.py:190} INFO - [2026-06-09T18:34:34.966+0000] {dag.py:4180} INFO - Setting next_dagrun for create_analytics_mart to 2026-06-09 02:00:00+00:00, run_after=2026-06-10 02:00:00+00:00
[2026-06-09T18:34:34.985+0000] {processor.py:208} INFO - Processing /opt/airflow/dags/create_mart_dag.py took 0.089 seconds
[2026-06-09T18:35:05.112+0000] {processor.py:186} INFO - Started process (PID=5771) to work on /opt/airflow/dags/create_mart_dag.py
[2026-06-09T18:35:05.113+0000] {processor.py:914} INFO - Processing file /opt/airflow/dags/create_mart_dag.py for tasks to queue
[2026-06-09T18:35:05.115+0000] {logging_mixin.py:190} INFO - [2026-06-09T18:35:05.114+0000] {dagbag.py:588} INFO - Filling up the DagBag from /opt/airflow/dags/create_mart_dag.py
[2026-06-09T18:35:05.140+0000] {processor.py:925} INFO - DAG(s) 'create_analytics_mart' retrieved from /opt/airflow/dags/create_mart_dag.py
[2026-06-09T18:35:05.166+0000] {logging_mixin.py:190} INFO - [2026-06-09T18:35:05.166+0000] {dag.py:3239} INFO - Sync 1 DAGs
[2026-06-09T18:35:05.189+0000] {logging_mixin.py:190} INFO - [2026-06-09T18:35:05.188+0000] {dag.py:4180} INFO - Setting next_dagrun for create_analytics_mart to 2026-06-09 02:00:00+00:00, run_after=2026-06-10 02:00:00+00:00
[2026-06-09T18:35:05.207+0000] {processor.py:208} INFO - Processing /opt/airflow/dags/create_mart_dag.py took 0.101 seconds
[2026-06-09T18:35:35.431+0000] {processor.py:186} INFO - Started process (PID=5787) to work on /opt/airflow/dags/create_mart_dag.py
[2026-06-09T18:35:35.432+0000] {processor.py:914} INFO - Processing file /opt/airflow/dags/create_mart_dag.py for tasks to queue
[2026-06-09T18:35:35.435+0000] {logging_mixin.py:190} INFO - [2026-06-09T18:35:35.435+0000] {dagbag.py:588} INFO - Filling up the DagBag from /opt/airflow/dags/create_mart_dag.py
[2026-06-09T18:35:35.461+0000] {processor.py:925} INFO - DAG(s) 'create_analytics_mart' retrieved from /opt/airflow/dags/create_mart_dag.py
[2026-06-09T18:35:35.492+0000] {logging_mixin.py:190} INFO - [2026-06-09T18:35:35.492+0000] {dag.py:3239} INFO - Sync 1 DAGs
[2026-06-09T18:35:35.517+0000] {logging_mixin.py:190} INFO - [2026-06-09T18:35:35.517+0000] {dag.py:4180} INFO - Setting next_dagrun for create_analytics_mart to 2026-06-09 02:00:00+00:00, run_after=2026-06-10 02:00:00+00:00
[2026-06-09T18:35:35.537+0000] {processor.py:208} INFO - Processing /opt/airflow/dags/create_mart_dag.py took 0.111 seconds
[2026-06-09T18:36:05.670+0000] {processor.py:186} INFO - Started process (PID=5803) to work on /opt/airflow/dags/create_mart_dag.py
[2026-06-09T18:36:05.671+0000] {processor.py:914} INFO - Processing file /opt/airflow/dags/create_mart_dag.py for tasks to queue
[2026-06-09T18:36:05.674+0000] {logging_mixin.py:190} INFO - [2026-06-09T18:36:05.673+0000] {dagbag.py:588} INFO - Filling up the DagBag from /opt/airflow/dags/create_mart_dag.py
[2026-06-09T18:36:05.695+0000] {processor.py:925} INFO - DAG(s) 'create_analytics_mart' retrieved from /opt/airflow/dags/create_mart_dag.py
[2026-06-09T18:36:05.717+0000] {logging_mixin.py:190} INFO - [2026-06-09T18:36:05.717+0000] {dag.py:3239} INFO - Sync 1 DAGs
[2026-06-09T18:36:05.737+0000] {logging_mixin.py:190} INFO - [2026-06-09T18:36:05.737+0000] {dag.py:4180} INFO - Setting next_dagrun for create_analytics_mart to 2026-06-09 02:00:00+00:00, run_after=2026-06-10 02:00:00+00:00
[2026-06-09T18:36:05.754+0000] {processor.py:208} INFO - Processing /opt/airflow/dags/create_mart_dag.py took 0.090 seconds
[2026-06-09T18:36:35.883+0000] {processor.py:186} INFO - Started process (PID=5819) to work on /opt/airflow/dags/create_mart_dag.py
[2026-06-09T18:36:35.884+0000] {processor.py:914} INFO - Processing file /opt/airflow/dags/create_mart_dag.py for tasks to queue
[2026-06-09T18:36:35.888+0000] {logging_mixin.py:190} INFO - [2026-06-09T18:36:35.887+0000] {dagbag.py:588} INFO - Filling up the DagBag from /opt/airflow/dags/create_mart_dag.py
[2026-06-09T18:36:35.910+0000] {processor.py:925} INFO - DAG(s) 'create_analytics_mart' retrieved from /opt/airflow/dags/create_mart_dag.py
[2026-06-09T18:36:35.934+0000] {logging_mixin.py:190} INFO - [2026-06-09T18:36:35.934+0000] {dag.py:3239} INFO - Sync 1 DAGs
[2026-06-09T18:36:35.953+0000] {logging_mixin.py:190} INFO - [2026-06-09T18:36:35.953+0000] {dag.py:4180} INFO - Setting next_dagrun for create_analytics_mart to 2026-06-09 02:00:00+00:00, run_after=2026-06-10 02:00:00+00:00
[2026-06-09T18:36:35.972+0000] {processor.py:208} INFO - Processing /opt/airflow/dags/create_mart_dag.py took 0.093 seconds
[2026-06-09T18:37:06.138+0000] {processor.py:186} INFO - Started process (PID=5835) to work on /opt/airflow/dags/create_mart_dag.py
[2026-06-09T18:37:06.140+0000] {processor.py:914} INFO - Processing file /opt/airflow/dags/create_mart_dag.py for tasks to queue
[2026-06-09T18:37:06.143+0000] {logging_mixin.py:190} INFO - [2026-06-09T18:37:06.143+0000] {dagbag.py:588} INFO - Filling up the DagBag from /opt/airflow/dags/create_mart_dag.py
[2026-06-09T18:37:06.167+0000] {processor.py:925} INFO - DAG(s) 'create_analytics_mart' retrieved from /opt/airflow/dags/create_mart_dag.py
[2026-06-09T18:37:06.194+0000] {logging_mixin.py:190} INFO - [2026-06-09T18:37:06.193+0000] {dag.py:3239} INFO - Sync 1 DAGs
[2026-06-09T18:37:06.219+0000] {logging_mixin.py:190} INFO - [2026-06-09T18:37:06.219+0000] {dag.py:4180} INFO - Setting next_dagrun for create_analytics_mart to 2026-06-09 02:00:00+00:00, run_after=2026-06-10 02:00:00+00:00
[2026-06-09T18:37:06.239+0000] {processor.py:208} INFO - Processing /opt/airflow/dags/create_mart_dag.py took 0.105 seconds
[2026-06-09T18:37:36.482+0000] {processor.py:186} INFO - Started process (PID=5851) to work on /opt/airflow/dags/create_mart_dag.py
[2026-06-09T18:37:36.483+0000] {processor.py:914} INFO - Processing file /opt/airflow/dags/create_mart_dag.py for tasks to queue
[2026-06-09T18:37:36.485+0000] {logging_mixin.py:190} INFO - [2026-06-09T18:37:36.485+0000] {dagbag.py:588} INFO - Filling up the DagBag from /opt/airflow/dags/create_mart_dag.py
[2026-06-09T18:37:36.508+0000] {processor.py:925} INFO - DAG(s) 'create_analytics_mart' retrieved from /opt/airflow/dags/create_mart_dag.py
[2026-06-09T18:37:36.529+0000] {logging_mixin.py:190} INFO - [2026-06-09T18:37:36.529+0000] {dag.py:3239} INFO - Sync 1 DAGs
[2026-06-09T18:37:36.549+0000] {logging_mixin.py:190} INFO - [2026-06-09T18:37:36.549+0000] {dag.py:4180} INFO - Setting next_dagrun for create_analytics_mart to 2026-06-09 02:00:00+00:00, run_after=2026-06-10 02:00:00+00:00
[2026-06-09T18:37:36.566+0000] {processor.py:208} INFO - Processing /opt/airflow/dags/create_mart_dag.py took 0.089 seconds
[2026-06-09T18:38:06.718+0000] {processor.py:186} INFO - Started process (PID=5867) to work on /opt/airflow/dags/create_mart_dag.py
[2026-06-09T18:38:06.719+0000] {processor.py:914} INFO - Processing file /opt/airflow/dags/create_mart_dag.py for tasks to queue
[2026-06-09T18:38:06.721+0000] {logging_mixin.py:190} INFO - [2026-06-09T18:38:06.720+0000] {dagbag.py:588} INFO - Filling up the DagBag from /opt/airflow/dags/create_mart_dag.py
[2026-06-09T18:38:06.746+0000] {processor.py:925} INFO - DAG(s) 'create_analytics_mart' retrieved from /opt/airflow/dags/create_mart_dag.py
[2026-06-09T18:38:06.767+0000] {logging_mixin.py:190} INFO - [2026-06-09T18:38:06.767+0000] {dag.py:3239} INFO - Sync 1 DAGs
[2026-06-09T18:38:06.790+0000] {logging_mixin.py:190} INFO - [2026-06-09T18:38:06.790+0000] {dag.py:4180} INFO - Setting next_dagrun for create_analytics_mart to 2026-06-09 02:00:00+00:00, run_after=2026-06-10 02:00:00+00:00
[2026-06-09T18:38:06.806+0000] {processor.py:208} INFO - Processing /opt/airflow/dags/create_mart_dag.py took 0.094 seconds
[2026-06-09T18:38:37.026+0000] {processor.py:186} INFO - Started process (PID=5883) to work on /opt/airflow/dags/create_mart_dag.py
[2026-06-09T18:38:37.028+0000] {processor.py:914} INFO - Processing file /opt/airflow/dags/create_mart_dag.py for tasks to queue
[2026-06-09T18:38:37.031+0000] {logging_mixin.py:190} INFO - [2026-06-09T18:38:37.031+0000] {dagbag.py:588} INFO - Filling up the DagBag from /opt/airflow/dags/create_mart_dag.py
[2026-06-09T18:38:37.053+0000] {processor.py:925} INFO - DAG(s) 'create_analytics_mart' retrieved from /opt/airflow/dags/create_mart_dag.py
[2026-06-09T18:38:37.075+0000] {logging_mixin.py:190} INFO - [2026-06-09T18:38:37.075+0000] {dag.py:3239} INFO - Sync 1 DAGs
[2026-06-09T18:38:37.094+0000] {logging_mixin.py:190} INFO - [2026-06-09T18:38:37.094+0000] {dag.py:4180} INFO - Setting next_dagrun for create_analytics_mart to 2026-06-09 02:00:00+00:00, run_after=2026-06-10 02:00:00+00:00
[2026-06-09T18:38:37.112+0000] {processor.py:208} INFO - Processing /opt/airflow/dags/create_mart_dag.py took 0.094 seconds
[2026-06-09T18:39:07.248+0000] {processor.py:186} INFO - Started process (PID=5899) to work on /opt/airflow/dags/create_mart_dag.py
[2026-06-09T18:39:07.249+0000] {processor.py:914} INFO - Processing file /opt/airflow/dags/create_mart_dag.py for tasks to queue
[2026-06-09T18:39:07.251+0000] {logging_mixin.py:190} INFO - [2026-06-09T18:39:07.250+0000] {dagbag.py:588} INFO - Filling up the DagBag from /opt/airflow/dags/create_mart_dag.py
[2026-06-09T18:39:07.277+0000] {processor.py:925} INFO - DAG(s) 'create_analytics_mart' retrieved from /opt/airflow/dags/create_mart_dag.py
[2026-06-09T18:39:07.300+0000] {logging_mixin.py:190} INFO - [2026-06-09T18:39:07.300+0000] {dag.py:3239} INFO - Sync 1 DAGs
[2026-06-09T18:39:07.320+0000] {logging_mixin.py:190} INFO - [2026-06-09T18:39:07.320+0000] {dag.py:4180} INFO - Setting next_dagrun for create_analytics_mart to 2026-06-09 02:00:00+00:00, run_after=2026-06-10 02:00:00+00:00
[2026-06-09T18:39:07.338+0000] {processor.py:208} INFO - Processing /opt/airflow/dags/create_mart_dag.py took 0.096 seconds
[2026-06-09T18:39:37.579+0000] {processor.py:186} INFO - Started process (PID=5915) to work on /opt/airflow/dags/create_mart_dag.py
[2026-06-09T18:39:37.580+0000] {processor.py:914} INFO - Processing file /opt/airflow/dags/create_mart_dag.py for tasks to queue
[2026-06-09T18:39:37.582+0000] {logging_mixin.py:190} INFO - [2026-06-09T18:39:37.581+0000] {dagbag.py:588} INFO - Filling up the DagBag from /opt/airflow/dags/create_mart_dag.py
[2026-06-09T18:39:37.614+0000] {processor.py:925} INFO - DAG(s) 'create_analytics_mart' retrieved from /opt/airflow/dags/create_mart_dag.py
[2026-06-09T18:39:37.643+0000] {logging_mixin.py:190} INFO - [2026-06-09T18:39:37.642+0000] {dag.py:3239} INFO - Sync 1 DAGs
[2026-06-09T18:39:37.664+0000] {logging_mixin.py:190} INFO - [2026-06-09T18:39:37.663+0000] {dag.py:4180} INFO - Setting next_dagrun for create_analytics_mart to 2026-06-09 02:00:00+00:00, run_after=2026-06-10 02:00:00+00:00
[2026-06-09T18:39:37.681+0000] {processor.py:208} INFO - Processing /opt/airflow/dags/create_mart_dag.py took 0.108 seconds
[2026-06-09T18:40:07.941+0000] {processor.py:186} INFO - Started process (PID=5931) to work on /opt/airflow/dags/create_mart_dag.py
[2026-06-09T18:40:07.942+0000] {processor.py:914} INFO - Processing file /opt/airflow/dags/create_mart_dag.py for tasks to queue
[2026-06-09T18:40:07.944+0000] {logging_mixin.py:190} INFO - [2026-06-09T18:40:07.944+0000] {dagbag.py:588} INFO - Filling up the DagBag from /opt/airflow/dags/create_mart_dag.py
[2026-06-09T18:40:07.970+0000] {processor.py:925} INFO - DAG(s) 'create_analytics_mart' retrieved from /opt/airflow/dags/create_mart_dag.py
[2026-06-09T18:40:07.990+0000] {logging_mixin.py:190} INFO - [2026-06-09T18:40:07.990+0000] {dag.py:3239} INFO - Sync 1 DAGs
[2026-06-09T18:40:08.012+0000] {logging_mixin.py:190} INFO - [2026-06-09T18:40:08.012+0000] {dag.py:4180} INFO - Setting next_dagrun for create_analytics_mart to 2026-06-09 02:00:00+00:00, run_after=2026-06-10 02:00:00+00:00
[2026-06-09T18:40:08.029+0000] {processor.py:208} INFO - Processing /opt/airflow/dags/create_mart_dag.py took 0.093 seconds
[2026-06-09T18:40:38.224+0000] {processor.py:186} INFO - Started process (PID=5947) to work on /opt/airflow/dags/create_mart_dag.py
[2026-06-09T18:40:38.226+0000] {processor.py:914} INFO - Processing file /opt/airflow/dags/create_mart_dag.py for tasks to queue
[2026-06-09T18:40:38.229+0000] {logging_mixin.py:190} INFO - [2026-06-09T18:40:38.229+0000] {dagbag.py:588} INFO - Filling up the DagBag from /opt/airflow/dags/create_mart_dag.py
[2026-06-09T18:40:38.273+0000] {processor.py:925} INFO - DAG(s) 'create_analytics_mart' retrieved from /opt/airflow/dags/create_mart_dag.py
[2026-06-09T18:40:38.309+0000] {logging_mixin.py:190} INFO - [2026-06-09T18:40:38.309+0000] {dag.py:3239} INFO - Sync 1 DAGs
[2026-06-09T18:40:38.343+0000] {logging_mixin.py:190} INFO - [2026-06-09T18:40:38.342+0000] {dag.py:4180} INFO - Setting next_dagrun for create_analytics_mart to 2026-06-09 02:00:00+00:00, run_after=2026-06-10 02:00:00+00:00
[2026-06-09T18:40:38.371+0000] {processor.py:208} INFO - Processing /opt/airflow/dags/create_mart_dag.py took 0.156 seconds
[2026-06-09T18:41:08.491+0000] {processor.py:186} INFO - Started process (PID=5963) to work on /opt/airflow/dags/create_mart_dag.py
[2026-06-09T18:41:08.492+0000] {processor.py:914} INFO - Processing file /opt/airflow/dags/create_mart_dag.py for tasks to queue
[2026-06-09T18:41:08.495+0000] {logging_mixin.py:190} INFO - [2026-06-09T18:41:08.495+0000] {dagbag.py:588} INFO - Filling up the DagBag from /opt/airflow/dags/create_mart_dag.py
[2026-06-09T18:41:08.521+0000] {processor.py:925} INFO - DAG(s) 'create_analytics_mart' retrieved from /opt/airflow/dags/create_mart_dag.py
[2026-06-09T18:41:08.543+0000] {logging_mixin.py:190} INFO - [2026-06-09T18:41:08.543+0000] {dag.py:3239} INFO - Sync 1 DAGs
[2026-06-09T18:41:08.563+0000] {logging_mixin.py:190} INFO - [2026-06-09T18:41:08.563+0000] {dag.py:4180} INFO - Setting next_dagrun for create_analytics_mart to 2026-06-09 02:00:00+00:00, run_after=2026-06-10 02:00:00+00:00
[2026-06-09T18:41:08.581+0000] {processor.py:208} INFO - Processing /opt/airflow/dags/create_mart_dag.py took 0.094 seconds
[2026-06-09T18:41:38.707+0000] {processor.py:186} INFO - Started process (PID=5979) to work on /opt/airflow/dags/create_mart_dag.py
[2026-06-09T18:41:38.708+0000] {processor.py:914} INFO - Processing file /opt/airflow/dags/create_mart_dag.py for tasks to queue
[2026-06-09T18:41:38.710+0000] {logging_mixin.py:190} INFO - [2026-06-09T18:41:38.710+0000] {dagbag.py:588} INFO - Filling up the DagBag from /opt/airflow/dags/create_mart_dag.py
[2026-06-09T18:41:38.734+0000] {processor.py:925} INFO - DAG(s) 'create_analytics_mart' retrieved from /opt/airflow/dags/create_mart_dag.py
[2026-06-09T18:41:38.758+0000] {logging_mixin.py:190} INFO - [2026-06-09T18:41:38.757+0000] {dag.py:3239} INFO - Sync 1 DAGs
[2026-06-09T18:41:38.776+0000] {logging_mixin.py:190} INFO - [2026-06-09T18:41:38.776+0000] {dag.py:4180} INFO - Setting next_dagrun for create_analytics_mart to 2026-06-09 02:00:00+00:00, run_after=2026-06-10 02:00:00+00:00
[2026-06-09T18:41:38.793+0000] {processor.py:208} INFO - Processing /opt/airflow/dags/create_mart_dag.py took 0.091 seconds
[2026-06-09T18:42:08.998+0000] {processor.py:186} INFO - Started process (PID=5995) to work on /opt/airflow/dags/create_mart_dag.py
[2026-06-09T18:42:08.999+0000] {processor.py:914} INFO - Processing file /opt/airflow/dags/create_mart_dag.py for tasks to queue
[2026-06-09T18:42:09.001+0000] {logging_mixin.py:190} INFO - [2026-06-09T18:42:09.001+0000] {dagbag.py:588} INFO - Filling up the DagBag from /opt/airflow/dags/create_mart_dag.py
[2026-06-09T18:42:09.022+0000] {processor.py:925} INFO - DAG(s) 'create_analytics_mart' retrieved from /opt/airflow/dags/create_mart_dag.py
[2026-06-09T18:42:09.043+0000] {logging_mixin.py:190} INFO - [2026-06-09T18:42:09.042+0000] {dag.py:3239} INFO - Sync 1 DAGs
[2026-06-09T18:42:09.062+0000] {logging_mixin.py:190} INFO - [2026-06-09T18:42:09.061+0000] {dag.py:4180} INFO - Setting next_dagrun for create_analytics_mart to 2026-06-09 02:00:00+00:00, run_after=2026-06-10 02:00:00+00:00
[2026-06-09T18:42:09.080+0000] {processor.py:208} INFO - Processing /opt/airflow/dags/create_mart_dag.py took 0.087 seconds
[2026-06-09T18:42:39.244+0000] {processor.py:186} INFO - Started process (PID=6012) to work on /opt/airflow/dags/create_mart_dag.py
[2026-06-09T18:42:39.245+0000] {processor.py:914} INFO - Processing file /opt/airflow/dags/create_mart_dag.py for tasks to queue
[2026-06-09T18:42:39.248+0000] {logging_mixin.py:190} INFO - [2026-06-09T18:42:39.247+0000] {dagbag.py:588} INFO - Filling up the DagBag from /opt/airflow/dags/create_mart_dag.py
[2026-06-09T18:42:39.275+0000] {processor.py:925} INFO - DAG(s) 'create_analytics_mart' retrieved from /opt/airflow/dags/create_mart_dag.py
[2026-06-09T18:42:39.300+0000] {logging_mixin.py:190} INFO - [2026-06-09T18:42:39.300+0000] {dag.py:3239} INFO - Sync 1 DAGs
[2026-06-09T18:42:39.323+0000] {logging_mixin.py:190} INFO - [2026-06-09T18:42:39.323+0000] {dag.py:4180} INFO - Setting next_dagrun for create_analytics_mart to 2026-06-09 02:00:00+00:00, run_after=2026-06-10 02:00:00+00:00
[2026-06-09T18:42:39.344+0000] {processor.py:208} INFO - Processing /opt/airflow/dags/create_mart_dag.py took 0.105 seconds
[2026-06-09T18:43:09.497+0000] {processor.py:186} INFO - Started process (PID=6028) to work on /opt/airflow/dags/create_mart_dag.py
[2026-06-09T18:43:09.497+0000] {processor.py:914} INFO - Processing file /opt/airflow/dags/create_mart_dag.py for tasks to queue
[2026-06-09T18:43:09.499+0000] {logging_mixin.py:190} INFO - [2026-06-09T18:43:09.499+0000] {dagbag.py:588} INFO - Filling up the DagBag from /opt/airflow/dags/create_mart_dag.py
[2026-06-09T18:43:09.528+0000] {processor.py:925} INFO - DAG(s) 'create_analytics_mart' retrieved from /opt/airflow/dags/create_mart_dag.py
[2026-06-09T18:43:09.550+0000] {logging_mixin.py:190} INFO - [2026-06-09T18:43:09.550+0000] {dag.py:3239} INFO - Sync 1 DAGs
[2026-06-09T18:43:09.569+0000] {logging_mixin.py:190} INFO - [2026-06-09T18:43:09.569+0000] {dag.py:4180} INFO - Setting next_dagrun for create_analytics_mart to 2026-06-09 02:00:00+00:00, run_after=2026-06-10 02:00:00+00:00
[2026-06-09T18:43:09.586+0000] {processor.py:208} INFO - Processing /opt/airflow/dags/create_mart_dag.py took 0.095 seconds
[2026-06-09T18:43:39.843+0000] {processor.py:186} INFO - Started process (PID=6044) to work on /opt/airflow/dags/create_mart_dag.py
[2026-06-09T18:43:39.844+0000] {processor.py:914} INFO - Processing file /opt/airflow/dags/create_mart_dag.py for tasks to queue
[2026-06-09T18:43:39.846+0000] {logging_mixin.py:190} INFO - [2026-06-09T18:43:39.846+0000] {dagbag.py:588} INFO - Filling up the DagBag from /opt/airflow/dags/create_mart_dag.py
[2026-06-09T18:43:39.873+0000] {processor.py:925} INFO - DAG(s) 'create_analytics_mart' retrieved from /opt/airflow/dags/create_mart_dag.py
[2026-06-09T18:43:39.898+0000] {logging_mixin.py:190} INFO - [2026-06-09T18:43:39.898+0000] {dag.py:3239} INFO - Sync 1 DAGs
[2026-06-09T18:43:39.920+0000] {logging_mixin.py:190} INFO - [2026-06-09T18:43:39.919+0000] {dag.py:4180} INFO - Setting next_dagrun for create_analytics_mart to 2026-06-09 02:00:00+00:00, run_after=2026-06-10 02:00:00+00:00
[2026-06-09T18:43:39.937+0000] {processor.py:208} INFO - Processing /opt/airflow/dags/create_mart_dag.py took 0.099 seconds
[2026-06-09T18:44:10.116+0000] {processor.py:186} INFO - Started process (PID=6060) to work on /opt/airflow/dags/create_mart_dag.py
[2026-06-09T18:44:10.117+0000] {processor.py:914} INFO - Processing file /opt/airflow/dags/create_mart_dag.py for tasks to queue
[2026-06-09T18:44:10.119+0000] {logging_mixin.py:190} INFO - [2026-06-09T18:44:10.119+0000] {dagbag.py:588} INFO - Filling up the DagBag from /opt/airflow/dags/create_mart_dag.py
[2026-06-09T18:44:10.143+0000] {processor.py:925} INFO - DAG(s) 'create_analytics_mart' retrieved from /opt/airflow/dags/create_mart_dag.py
[2026-06-09T18:44:10.170+0000] {logging_mixin.py:190} INFO - [2026-06-09T18:44:10.170+0000] {dag.py:3239} INFO - Sync 1 DAGs
[2026-06-09T18:44:10.192+0000] {logging_mixin.py:190} INFO - [2026-06-09T18:44:10.192+0000] {dag.py:4180} INFO - Setting next_dagrun for create_analytics_mart to 2026-06-09 02:00:00+00:00, run_after=2026-06-10 02:00:00+00:00
[2026-06-09T18:44:10.209+0000] {processor.py:208} INFO - Processing /opt/airflow/dags/create_mart_dag.py took 0.099 seconds
[2026-06-09T18:44:40.538+0000] {processor.py:186} INFO - Started process (PID=6076) to work on /opt/airflow/dags/create_mart_dag.py
[2026-06-09T18:44:40.538+0000] {processor.py:914} INFO - Processing file /opt/airflow/dags/create_mart_dag.py for tasks to queue
[2026-06-09T18:44:40.541+0000] {logging_mixin.py:190} INFO - [2026-06-09T18:44:40.541+0000] {dagbag.py:588} INFO - Filling up the DagBag from /opt/airflow/dags/create_mart_dag.py
[2026-06-09T18:44:40.562+0000] {processor.py:925} INFO - DAG(s) 'create_analytics_mart' retrieved from /opt/airflow/dags/create_mart_dag.py
[2026-06-09T18:44:40.586+0000] {logging_mixin.py:190} INFO - [2026-06-09T18:44:40.585+0000] {dag.py:3239} INFO - Sync 1 DAGs
[2026-06-09T18:44:40.608+0000] {logging_mixin.py:190} INFO - [2026-06-09T18:44:40.607+0000] {dag.py:4180} INFO - Setting next_dagrun for create_analytics_mart to 2026-06-09 02:00:00+00:00, run_after=2026-06-10 02:00:00+00:00
[2026-06-09T18:44:40.625+0000] {processor.py:208} INFO - Processing /opt/airflow/dags/create_mart_dag.py took 0.093 seconds
[2026-06-09T18:45:10.813+0000] {processor.py:186} INFO - Started process (PID=6091) to work on /opt/airflow/dags/create_mart_dag.py
[2026-06-09T18:45:10.814+0000] {processor.py:914} INFO - Processing file /opt/airflow/dags/create_mart_dag.py for tasks to queue
[2026-06-09T18:45:10.817+0000] {logging_mixin.py:190} INFO - [2026-06-09T18:45:10.817+0000] {dagbag.py:588} INFO - Filling up the DagBag from /opt/airflow/dags/create_mart_dag.py
[2026-06-09T18:45:10.839+0000] {processor.py:925} INFO - DAG(s) 'create_analytics_mart' retrieved from /opt/airflow/dags/create_mart_dag.py
[2026-06-09T18:45:10.861+0000] {logging_mixin.py:190} INFO - [2026-06-09T18:45:10.861+0000] {dag.py:3239} INFO - Sync 1 DAGs
[2026-06-09T18:45:10.883+0000] {logging_mixin.py:190} INFO - [2026-06-09T18:45:10.882+0000] {dag.py:4180} INFO - Setting next_dagrun for create_analytics_mart to 2026-06-09 02:00:00+00:00, run_after=2026-06-10 02:00:00+00:00
[2026-06-09T18:45:10.902+0000] {processor.py:208} INFO - Processing /opt/airflow/dags/create_mart_dag.py took 0.094 seconds
[2026-06-09T18:45:41.167+0000] {processor.py:186} INFO - Started process (PID=6107) to work on /opt/airflow/dags/create_mart_dag.py
[2026-06-09T18:45:41.168+0000] {processor.py:914} INFO - Processing file /opt/airflow/dags/create_mart_dag.py for tasks to queue
[2026-06-09T18:45:41.170+0000] {logging_mixin.py:190} INFO - [2026-06-09T18:45:41.170+0000] {dagbag.py:588} INFO - Filling up the DagBag from /opt/airflow/dags/create_mart_dag.py
[2026-06-09T18:45:41.195+0000] {processor.py:925} INFO - DAG(s) 'create_analytics_mart' retrieved from /opt/airflow/dags/create_mart_dag.py
[2026-06-09T18:45:41.221+0000] {logging_mixin.py:190} INFO - [2026-06-09T18:45:41.221+0000] {dag.py:3239} INFO - Sync 1 DAGs
[2026-06-09T18:45:41.244+0000] {logging_mixin.py:190} INFO - [2026-06-09T18:45:41.244+0000] {dag.py:4180} INFO - Setting next_dagrun for create_analytics_mart to 2026-06-09 02:00:00+00:00, run_after=2026-06-10 02:00:00+00:00
[2026-06-09T18:45:41.264+0000] {processor.py:208} INFO - Processing /opt/airflow/dags/create_mart_dag.py took 0.102 seconds
[2026-06-09T18:46:11.449+0000] {processor.py:186} INFO - Started process (PID=6123) to work on /opt/airflow/dags/create_mart_dag.py
[2026-06-09T18:46:11.450+0000] {processor.py:914} INFO - Processing file /opt/airflow/dags/create_mart_dag.py for tasks to queue
[2026-06-09T18:46:11.452+0000] {logging_mixin.py:190} INFO - [2026-06-09T18:46:11.452+0000] {dagbag.py:588} INFO - Filling up the DagBag from /opt/airflow/dags/create_mart_dag.py
[2026-06-09T18:46:11.478+0000] {processor.py:925} INFO - DAG(s) 'create_analytics_mart' retrieved from /opt/airflow/dags/create_mart_dag.py
[2026-06-09T18:46:11.502+0000] {logging_mixin.py:190} INFO - [2026-06-09T18:46:11.502+0000] {dag.py:3239} INFO - Sync 1 DAGs
[2026-06-09T18:46:11.524+0000] {logging_mixin.py:190} INFO - [2026-06-09T18:46:11.524+0000] {dag.py:4180} INFO - Setting next_dagrun for create_analytics_mart to 2026-06-09 02:00:00+00:00, run_after=2026-06-10 02:00:00+00:00
[2026-06-09T18:46:11.545+0000] {processor.py:208} INFO - Processing /opt/airflow/dags/create_mart_dag.py took 0.101 seconds
[2026-06-09T18:46:41.789+0000] {processor.py:186} INFO - Started process (PID=6140) to work on /opt/airflow/dags/create_mart_dag.py
[2026-06-09T18:46:41.790+0000] {processor.py:914} INFO - Processing file /opt/airflow/dags/create_mart_dag.py for tasks to queue
[2026-06-09T18:46:41.792+0000] {logging_mixin.py:190} INFO - [2026-06-09T18:46:41.792+0000] {dagbag.py:588} INFO - Filling up the DagBag from /opt/airflow/dags/create_mart_dag.py
[2026-06-09T18:46:41.814+0000] {processor.py:925} INFO - DAG(s) 'create_analytics_mart' retrieved from /opt/airflow/dags/create_mart_dag.py
[2026-06-09T18:46:41.842+0000] {logging_mixin.py:190} INFO - [2026-06-09T18:46:41.841+0000] {dag.py:3239} INFO - Sync 1 DAGs
[2026-06-09T18:46:41.865+0000] {logging_mixin.py:190} INFO - [2026-06-09T18:46:41.865+0000] {dag.py:4180} INFO - Setting next_dagrun for create_analytics_mart to 2026-06-09 02:00:00+00:00, run_after=2026-06-10 02:00:00+00:00
[2026-06-09T18:46:41.882+0000] {processor.py:208} INFO - Processing /opt/airflow/dags/create_mart_dag.py took 0.097 seconds
[2026-06-09T18:47:12.237+0000] {processor.py:186} INFO - Started process (PID=6156) to work on /opt/airflow/dags/create_mart_dag.py
[2026-06-09T18:47:12.238+0000] {processor.py:914} INFO - Processing file /opt/airflow/dags/create_mart_dag.py for tasks to queue
[2026-06-09T18:47:12.240+0000] {logging_mixin.py:190} INFO - [2026-06-09T18:47:12.240+0000] {dagbag.py:588} INFO - Filling up the DagBag from /opt/airflow/dags/create_mart_dag.py
[2026-06-09T18:47:12.271+0000] {processor.py:925} INFO - DAG(s) 'create_analytics_mart' retrieved from /opt/airflow/dags/create_mart_dag.py
[2026-06-09T18:47:12.298+0000] {logging_mixin.py:190} INFO - [2026-06-09T18:47:12.298+0000] {dag.py:3239} INFO - Sync 1 DAGs
[2026-06-09T18:47:12.324+0000] {logging_mixin.py:190} INFO - [2026-06-09T18:47:12.324+0000] {dag.py:4180} INFO - Setting next_dagrun for create_analytics_mart to 2026-06-09 02:00:00+00:00, run_after=2026-06-10 02:00:00+00:00
[2026-06-09T18:47:12.345+0000] {processor.py:208} INFO - Processing /opt/airflow/dags/create_mart_dag.py took 0.113 seconds
[2026-06-09T18:47:42.485+0000] {processor.py:186} INFO - Started process (PID=6173) to work on /opt/airflow/dags/create_mart_dag.py
[2026-06-09T18:47:42.487+0000] {processor.py:914} INFO - Processing file /opt/airflow/dags/create_mart_dag.py for tasks to queue
[2026-06-09T18:47:42.490+0000] {logging_mixin.py:190} INFO - [2026-06-09T18:47:42.489+0000] {dagbag.py:588} INFO - Filling up the DagBag from /opt/airflow/dags/create_mart_dag.py
[2026-06-09T18:47:42.513+0000] {processor.py:925} INFO - DAG(s) 'create_analytics_mart' retrieved from /opt/airflow/dags/create_mart_dag.py
[2026-06-09T18:47:42.540+0000] {logging_mixin.py:190} INFO - [2026-06-09T18:47:42.540+0000] {dag.py:3239} INFO - Sync 1 DAGs
[2026-06-09T18:47:42.560+0000] {logging_mixin.py:190} INFO - [2026-06-09T18:47:42.560+0000] {dag.py:4180} INFO - Setting next_dagrun for create_analytics_mart to 2026-06-09 02:00:00+00:00, run_after=2026-06-10 02:00:00+00:00
[2026-06-09T18:47:42.579+0000] {processor.py:208} INFO - Processing /opt/airflow/dags/create_mart_dag.py took 0.101 seconds
[2026-06-09T18:48:12.810+0000] {processor.py:186} INFO - Started process (PID=6189) to work on /opt/airflow/dags/create_mart_dag.py
[2026-06-09T18:48:12.811+0000] {processor.py:914} INFO - Processing file /opt/airflow/dags/create_mart_dag.py for tasks to queue
[2026-06-09T18:48:12.813+0000] {logging_mixin.py:190} INFO - [2026-06-09T18:48:12.813+0000] {dagbag.py:588} INFO - Filling up the DagBag from /opt/airflow/dags/create_mart_dag.py
[2026-06-09T18:48:12.835+0000] {processor.py:925} INFO - DAG(s) 'create_analytics_mart' retrieved from /opt/airflow/dags/create_mart_dag.py
[2026-06-09T18:48:12.860+0000] {logging_mixin.py:190} INFO - [2026-06-09T18:48:12.860+0000] {dag.py:3239} INFO - Sync 1 DAGs
[2026-06-09T18:48:12.879+0000] {logging_mixin.py:190} INFO - [2026-06-09T18:48:12.879+0000] {dag.py:4180} INFO - Setting next_dagrun for create_analytics_mart to 2026-06-09 02:00:00+00:00, run_after=2026-06-10 02:00:00+00:00
[2026-06-09T18:48:12.896+0000] {processor.py:208} INFO - Processing /opt/airflow/dags/create_mart_dag.py took 0.090 seconds
[2026-06-09T18:48:43.033+0000] {processor.py:186} INFO - Started process (PID=6205) to work on /opt/airflow/dags/create_mart_dag.py
[2026-06-09T18:48:43.034+0000] {processor.py:914} INFO - Processing file /opt/airflow/dags/create_mart_dag.py for tasks to queue
[2026-06-09T18:48:43.036+0000] {logging_mixin.py:190} INFO - [2026-06-09T18:48:43.036+0000] {dagbag.py:588} INFO - Filling up the DagBag from /opt/airflow/dags/create_mart_dag.py
[2026-06-09T18:48:43.056+0000] {processor.py:925} INFO - DAG(s) 'create_analytics_mart' retrieved from /opt/airflow/dags/create_mart_dag.py
[2026-06-09T18:48:43.079+0000] {logging_mixin.py:190} INFO - [2026-06-09T18:48:43.079+0000] {dag.py:3239} INFO - Sync 1 DAGs
[2026-06-09T18:48:43.098+0000] {logging_mixin.py:190} INFO - [2026-06-09T18:48:43.098+0000] {dag.py:4180} INFO - Setting next_dagrun for create_analytics_mart to 2026-06-09 02:00:00+00:00, run_after=2026-06-10 02:00:00+00:00
[2026-06-09T18:48:43.117+0000] {processor.py:208} INFO - Processing /opt/airflow/dags/create_mart_dag.py took 0.088 seconds
[2026-06-09T18:49:13.334+0000] {processor.py:186} INFO - Started process (PID=6221) to work on /opt/airflow/dags/create_mart_dag.py
[2026-06-09T18:49:13.335+0000] {processor.py:914} INFO - Processing file /opt/airflow/dags/create_mart_dag.py for tasks to queue
[2026-06-09T18:49:13.337+0000] {logging_mixin.py:190} INFO - [2026-06-09T18:49:13.337+0000] {dagbag.py:588} INFO - Filling up the DagBag from /opt/airflow/dags/create_mart_dag.py
[2026-06-09T18:49:13.366+0000] {processor.py:925} INFO - DAG(s) 'create_analytics_mart' retrieved from /opt/airflow/dags/create_mart_dag.py
[2026-06-09T18:49:13.390+0000] {logging_mixin.py:190} INFO - [2026-06-09T18:49:13.390+0000] {dag.py:3239} INFO - Sync 1 DAGs
[2026-06-09T18:49:13.417+0000] {logging_mixin.py:190} INFO - [2026-06-09T18:49:13.416+0000] {dag.py:4180} INFO - Setting next_dagrun for create_analytics_mart to 2026-06-09 02:00:00+00:00, run_after=2026-06-10 02:00:00+00:00
[2026-06-09T18:49:13.440+0000] {processor.py:208} INFO - Processing /opt/airflow/dags/create_mart_dag.py took 0.112 seconds
[2026-06-09T18:49:43.635+0000] {processor.py:186} INFO - Started process (PID=6237) to work on /opt/airflow/dags/create_mart_dag.py
[2026-06-09T18:49:43.637+0000] {processor.py:914} INFO - Processing file /opt/airflow/dags/create_mart_dag.py for tasks to queue
[2026-06-09T18:49:43.640+0000] {logging_mixin.py:190} INFO - [2026-06-09T18:49:43.639+0000] {dagbag.py:588} INFO - Filling up the DagBag from /opt/airflow/dags/create_mart_dag.py
[2026-06-09T18:49:43.663+0000] {processor.py:925} INFO - DAG(s) 'create_analytics_mart' retrieved from /opt/airflow/dags/create_mart_dag.py
[2026-06-09T18:49:43.683+0000] {logging_mixin.py:190} INFO - [2026-06-09T18:49:43.683+0000] {dag.py:3239} INFO - Sync 1 DAGs
[2026-06-09T18:49:43.702+0000] {logging_mixin.py:190} INFO - [2026-06-09T18:49:43.702+0000] {dag.py:4180} INFO - Setting next_dagrun for create_analytics_mart to 2026-06-09 02:00:00+00:00, run_after=2026-06-10 02:00:00+00:00
[2026-06-09T18:49:43.719+0000] {processor.py:208} INFO - Processing /opt/airflow/dags/create_mart_dag.py took 0.088 seconds
[2026-06-09T18:50:13.860+0000] {processor.py:186} INFO - Started process (PID=6253) to work on /opt/airflow/dags/create_mart_dag.py
[2026-06-09T18:50:13.861+0000] {processor.py:914} INFO - Processing file /opt/airflow/dags/create_mart_dag.py for tasks to queue
[2026-06-09T18:50:13.862+0000] {logging_mixin.py:190} INFO - [2026-06-09T18:50:13.862+0000] {dagbag.py:588} INFO - Filling up the DagBag from /opt/airflow/dags/create_mart_dag.py
[2026-06-09T18:50:13.883+0000] {processor.py:925} INFO - DAG(s) 'create_analytics_mart' retrieved from /opt/airflow/dags/create_mart_dag.py
[2026-06-09T18:50:13.907+0000] {logging_mixin.py:190} INFO - [2026-06-09T18:50:13.906+0000] {dag.py:3239} INFO - Sync 1 DAGs
[2026-06-09T18:50:13.927+0000] {logging_mixin.py:190} INFO - [2026-06-09T18:50:13.926+0000] {dag.py:4180} INFO - Setting next_dagrun for create_analytics_mart to 2026-06-09 02:00:00+00:00, run_after=2026-06-10 02:00:00+00:00
[2026-06-09T18:50:13.945+0000] {processor.py:208} INFO - Processing /opt/airflow/dags/create_mart_dag.py took 0.090 seconds
[2026-06-09T18:50:44.119+0000] {processor.py:186} INFO - Started process (PID=6269) to work on /opt/airflow/dags/create_mart_dag.py
[2026-06-09T18:50:44.120+0000] {processor.py:914} INFO - Processing file /opt/airflow/dags/create_mart_dag.py for tasks to queue
[2026-06-09T18:50:44.123+0000] {logging_mixin.py:190} INFO - [2026-06-09T18:50:44.122+0000] {dagbag.py:588} INFO - Filling up the DagBag from /opt/airflow/dags/create_mart_dag.py
[2026-06-09T18:50:44.153+0000] {processor.py:925} INFO - DAG(s) 'create_analytics_mart' retrieved from /opt/airflow/dags/create_mart_dag.py
[2026-06-09T18:50:44.181+0000] {logging_mixin.py:190} INFO - [2026-06-09T18:50:44.181+0000] {dag.py:3239} INFO - Sync 1 DAGs
[2026-06-09T18:50:44.202+0000] {logging_mixin.py:190} INFO - [2026-06-09T18:50:44.202+0000] {dag.py:4180} INFO - Setting next_dagrun for create_analytics_mart to 2026-06-09 02:00:00+00:00, run_after=2026-06-10 02:00:00+00:00
[2026-06-09T18:50:44.223+0000] {processor.py:208} INFO - Processing /opt/airflow/dags/create_mart_dag.py took 0.110 seconds
[2026-06-09T18:51:14.464+0000] {processor.py:186} INFO - Started process (PID=6285) to work on /opt/airflow/dags/create_mart_dag.py
[2026-06-09T18:51:14.465+0000] {processor.py:914} INFO - Processing file /opt/airflow/dags/create_mart_dag.py for tasks to queue
[2026-06-09T18:51:14.467+0000] {logging_mixin.py:190} INFO - [2026-06-09T18:51:14.467+0000] {dagbag.py:588} INFO - Filling up the DagBag from /opt/airflow/dags/create_mart_dag.py
[2026-06-09T18:51:14.490+0000] {processor.py:925} INFO - DAG(s) 'create_analytics_mart' retrieved from /opt/airflow/dags/create_mart_dag.py
[2026-06-09T18:51:14.513+0000] {logging_mixin.py:190} INFO - [2026-06-09T18:51:14.512+0000] {dag.py:3239} INFO - Sync 1 DAGs
[2026-06-09T18:51:14.532+0000] {logging_mixin.py:190} INFO - [2026-06-09T18:51:14.532+0000] {dag.py:4180} INFO - Setting next_dagrun for create_analytics_mart to 2026-06-09 02:00:00+00:00, run_after=2026-06-10 02:00:00+00:00
[2026-06-09T18:51:14.547+0000] {processor.py:208} INFO - Processing /opt/airflow/dags/create_mart_dag.py took 0.087 seconds
[2026-06-09T18:51:44.690+0000] {processor.py:186} INFO - Started process (PID=6301) to work on /opt/airflow/dags/create_mart_dag.py
[2026-06-09T18:51:44.691+0000] {processor.py:914} INFO - Processing file /opt/airflow/dags/create_mart_dag.py for tasks to queue
[2026-06-09T18:51:44.693+0000] {logging_mixin.py:190} INFO - [2026-06-09T18:51:44.693+0000] {dagbag.py:588} INFO - Filling up the DagBag from /opt/airflow/dags/create_mart_dag.py
[2026-06-09T18:51:44.723+0000] {processor.py:925} INFO - DAG(s) 'create_analytics_mart' retrieved from /opt/airflow/dags/create_mart_dag.py
[2026-06-09T18:51:44.753+0000] {logging_mixin.py:190} INFO - [2026-06-09T18:51:44.753+0000] {dag.py:3239} INFO - Sync 1 DAGs
[2026-06-09T18:51:44.775+0000] {logging_mixin.py:190} INFO - [2026-06-09T18:51:44.775+0000] {dag.py:4180} INFO - Setting next_dagrun for create_analytics_mart to 2026-06-09 02:00:00+00:00, run_after=2026-06-10 02:00:00+00:00
[2026-06-09T18:51:44.799+0000] {processor.py:208} INFO - Processing /opt/airflow/dags/create_mart_dag.py took 0.114 seconds
[2026-06-09T18:52:15.055+0000] {processor.py:186} INFO - Started process (PID=6317) to work on /opt/airflow/dags/create_mart_dag.py
[2026-06-09T18:52:15.056+0000] {processor.py:914} INFO - Processing file /opt/airflow/dags/create_mart_dag.py for tasks to queue
[2026-06-09T18:52:15.058+0000] {logging_mixin.py:190} INFO - [2026-06-09T18:52:15.057+0000] {dagbag.py:588} INFO - Filling up the DagBag from /opt/airflow/dags/create_mart_dag.py
[2026-06-09T18:52:15.077+0000] {processor.py:925} INFO - DAG(s) 'create_analytics_mart' retrieved from /opt/airflow/dags/create_mart_dag.py
[2026-06-09T18:52:15.098+0000] {logging_mixin.py:190} INFO - [2026-06-09T18:52:15.097+0000] {dag.py:3239} INFO - Sync 1 DAGs
[2026-06-09T18:52:15.118+0000] {logging_mixin.py:190} INFO - [2026-06-09T18:52:15.118+0000] {dag.py:4180} INFO - Setting next_dagrun for create_analytics_mart to 2026-06-09 02:00:00+00:00, run_after=2026-06-10 02:00:00+00:00
[2026-06-09T18:52:15.135+0000] {processor.py:208} INFO - Processing /opt/airflow/dags/create_mart_dag.py took 0.085 seconds
[2026-06-09T18:52:45.236+0000] {processor.py:186} INFO - Started process (PID=6333) to work on /opt/airflow/dags/create_mart_dag.py
[2026-06-09T18:52:45.237+0000] {processor.py:914} INFO - Processing file /opt/airflow/dags/create_mart_dag.py for tasks to queue
[2026-06-09T18:52:45.239+0000] {logging_mixin.py:190} INFO - [2026-06-09T18:52:45.238+0000] {dagbag.py:588} INFO - Filling up the DagBag from /opt/airflow/dags/create_mart_dag.py
[2026-06-09T18:52:45.263+0000] {processor.py:925} INFO - DAG(s) 'create_analytics_mart' retrieved from /opt/airflow/dags/create_mart_dag.py
[2026-06-09T18:52:45.283+0000] {logging_mixin.py:190} INFO - [2026-06-09T18:52:45.283+0000] {dag.py:3239} INFO - Sync 1 DAGs
[2026-06-09T18:52:45.304+0000] {logging_mixin.py:190} INFO - [2026-06-09T18:52:45.304+0000] {dag.py:4180} INFO - Setting next_dagrun for create_analytics_mart to 2026-06-09 02:00:00+00:00, run_after=2026-06-10 02:00:00+00:00
[2026-06-09T18:52:45.321+0000] {processor.py:208} INFO - Processing /opt/airflow/dags/create_mart_dag.py took 0.091 seconds
[2026-06-09T18:53:15.501+0000] {processor.py:186} INFO - Started process (PID=6349) to work on /opt/airflow/dags/create_mart_dag.py
[2026-06-09T18:53:15.502+0000] {processor.py:914} INFO - Processing file /opt/airflow/dags/create_mart_dag.py for tasks to queue
[2026-06-09T18:53:15.505+0000] {logging_mixin.py:190} INFO - [2026-06-09T18:53:15.505+0000] {dagbag.py:588} INFO - Filling up the DagBag from /opt/airflow/dags/create_mart_dag.py
[2026-06-09T18:53:15.526+0000] {processor.py:925} INFO - DAG(s) 'create_analytics_mart' retrieved from /opt/airflow/dags/create_mart_dag.py
[2026-06-09T18:53:15.549+0000] {logging_mixin.py:190} INFO - [2026-06-09T18:53:15.548+0000] {dag.py:3239} INFO - Sync 1 DAGs
[2026-06-09T18:53:15.568+0000] {logging_mixin.py:190} INFO - [2026-06-09T18:53:15.568+0000] {dag.py:4180} INFO - Setting next_dagrun for create_analytics_mart to 2026-06-09 02:00:00+00:00, run_after=2026-06-10 02:00:00+00:00
[2026-06-09T18:53:15.586+0000] {processor.py:208} INFO - Processing /opt/airflow/dags/create_mart_dag.py took 0.090 seconds
[2026-06-09T18:53:45.857+0000] {processor.py:186} INFO - Started process (PID=6365) to work on /opt/airflow/dags/create_mart_dag.py
[2026-06-09T18:53:45.858+0000] {processor.py:914} INFO - Processing file /opt/airflow/dags/create_mart_dag.py for tasks to queue
[2026-06-09T18:53:45.861+0000] {logging_mixin.py:190} INFO - [2026-06-09T18:53:45.860+0000] {dagbag.py:588} INFO - Filling up the DagBag from /opt/airflow/dags/create_mart_dag.py
[2026-06-09T18:53:45.887+0000] {processor.py:925} INFO - DAG(s) 'create_analytics_mart' retrieved from /opt/airflow/dags/create_mart_dag.py
[2026-06-09T18:53:45.908+0000] {logging_mixin.py:190} INFO - [2026-06-09T18:53:45.908+0000] {dag.py:3239} INFO - Sync 1 DAGs
[2026-06-09T18:53:45.926+0000] {logging_mixin.py:190} INFO - [2026-06-09T18:53:45.926+0000] {dag.py:4180} INFO - Setting next_dagrun for create_analytics_mart to 2026-06-09 02:00:00+00:00, run_after=2026-06-10 02:00:00+00:00
[2026-06-09T18:53:45.941+0000] {processor.py:208} INFO - Processing /opt/airflow/dags/create_mart_dag.py took 0.090 seconds
[2026-06-09T18:54:16.078+0000] {processor.py:186} INFO - Started process (PID=6381) to work on /opt/airflow/dags/create_mart_dag.py
[2026-06-09T18:54:16.079+0000] {processor.py:914} INFO - Processing file /opt/airflow/dags/create_mart_dag.py for tasks to queue
[2026-06-09T18:54:16.082+0000] {logging_mixin.py:190} INFO - [2026-06-09T18:54:16.082+0000] {dagbag.py:588} INFO - Filling up the DagBag from /opt/airflow/dags/create_mart_dag.py
[2026-06-09T18:54:16.110+0000] {processor.py:925} INFO - DAG(s) 'create_analytics_mart' retrieved from /opt/airflow/dags/create_mart_dag.py
[2026-06-09T18:54:16.131+0000] {logging_mixin.py:190} INFO - [2026-06-09T18:54:16.131+0000] {dag.py:3239} INFO - Sync 1 DAGs
[2026-06-09T18:54:16.152+0000] {logging_mixin.py:190} INFO - [2026-06-09T18:54:16.152+0000] {dag.py:4180} INFO - Setting next_dagrun for create_analytics_mart to 2026-06-09 02:00:00+00:00, run_after=2026-06-10 02:00:00+00:00
[2026-06-09T18:54:16.171+0000] {processor.py:208} INFO - Processing /opt/airflow/dags/create_mart_dag.py took 0.097 seconds
[2026-06-09T18:54:46.397+0000] {processor.py:186} INFO - Started process (PID=6398) to work on /opt/airflow/dags/create_mart_dag.py
[2026-06-09T18:54:46.398+0000] {processor.py:914} INFO - Processing file /opt/airflow/dags/create_mart_dag.py for tasks to queue
[2026-06-09T18:54:46.400+0000] {logging_mixin.py:190} INFO - [2026-06-09T18:54:46.400+0000] {dagbag.py:588} INFO - Filling up the DagBag from /opt/airflow/dags/create_mart_dag.py
[2026-06-09T18:54:46.427+0000] {processor.py:925} INFO - DAG(s) 'create_analytics_mart' retrieved from /opt/airflow/dags/create_mart_dag.py
[2026-06-09T18:54:46.450+0000] {logging_mixin.py:190} INFO - [2026-06-09T18:54:46.450+0000] {dag.py:3239} INFO - Sync 1 DAGs
[2026-06-09T18:54:46.472+0000] {logging_mixin.py:190} INFO - [2026-06-09T18:54:46.471+0000] {dag.py:4180} INFO - Setting next_dagrun for create_analytics_mart to 2026-06-09 02:00:00+00:00, run_after=2026-06-10 02:00:00+00:00
[2026-06-09T18:54:46.490+0000] {processor.py:208} INFO - Processing /opt/airflow/dags/create_mart_dag.py took 0.097 seconds
[2026-06-09T18:55:16.563+0000] {processor.py:186} INFO - Started process (PID=6414) to work on /opt/airflow/dags/create_mart_dag.py
[2026-06-09T18:55:16.564+0000] {processor.py:914} INFO - Processing file /opt/airflow/dags/create_mart_dag.py for tasks to queue
[2026-06-09T18:55:16.566+0000] {logging_mixin.py:190} INFO - [2026-06-09T18:55:16.566+0000] {dagbag.py:588} INFO - Filling up the DagBag from /opt/airflow/dags/create_mart_dag.py
[2026-06-09T18:55:16.588+0000] {processor.py:925} INFO - DAG(s) 'create_analytics_mart' retrieved from /opt/airflow/dags/create_mart_dag.py
[2026-06-09T18:55:16.610+0000] {logging_mixin.py:190} INFO - [2026-06-09T18:55:16.609+0000] {dag.py:3239} INFO - Sync 1 DAGs
[2026-06-09T18:55:16.630+0000] {logging_mixin.py:190} INFO - [2026-06-09T18:55:16.630+0000] {dag.py:4180} INFO - Setting next_dagrun for create_analytics_mart to 2026-06-09 02:00:00+00:00, run_after=2026-06-10 02:00:00+00:00
[2026-06-09T18:55:16.646+0000] {processor.py:208} INFO - Processing /opt/airflow/dags/create_mart_dag.py took 0.087 seconds
[2026-06-09T18:55:46.885+0000] {processor.py:186} INFO - Started process (PID=6430) to work on /opt/airflow/dags/create_mart_dag.py
[2026-06-09T18:55:46.886+0000] {processor.py:914} INFO - Processing file /opt/airflow/dags/create_mart_dag.py for tasks to queue
[2026-06-09T18:55:46.888+0000] {logging_mixin.py:190} INFO - [2026-06-09T18:55:46.888+0000] {dagbag.py:588} INFO - Filling up the DagBag from /opt/airflow/dags/create_mart_dag.py
[2026-06-09T18:55:46.914+0000] {processor.py:925} INFO - DAG(s) 'create_analytics_mart' retrieved from /opt/airflow/dags/create_mart_dag.py
[2026-06-09T18:55:46.936+0000] {logging_mixin.py:190} INFO - [2026-06-09T18:55:46.935+0000] {dag.py:3239} INFO - Sync 1 DAGs
[2026-06-09T18:55:46.955+0000] {logging_mixin.py:190} INFO - [2026-06-09T18:55:46.955+0000] {dag.py:4180} INFO - Setting next_dagrun for create_analytics_mart to 2026-06-09 02:00:00+00:00, run_after=2026-06-10 02:00:00+00:00
[2026-06-09T18:55:46.971+0000] {processor.py:208} INFO - Processing /opt/airflow/dags/create_mart_dag.py took 0.090 seconds
[2026-06-09T18:56:17.193+0000] {processor.py:186} INFO - Started process (PID=6446) to work on /opt/airflow/dags/create_mart_dag.py
[2026-06-09T18:56:17.194+0000] {processor.py:914} INFO - Processing file /opt/airflow/dags/create_mart_dag.py for tasks to queue
[2026-06-09T18:56:17.196+0000] {logging_mixin.py:190} INFO - [2026-06-09T18:56:17.196+0000] {dagbag.py:588} INFO - Filling up the DagBag from /opt/airflow/dags/create_mart_dag.py
[2026-06-09T18:56:17.220+0000] {processor.py:925} INFO - DAG(s) 'create_analytics_mart' retrieved from /opt/airflow/dags/create_mart_dag.py
[2026-06-09T18:56:17.241+0000] {logging_mixin.py:190} INFO - [2026-06-09T18:56:17.241+0000] {dag.py:3239} INFO - Sync 1 DAGs
[2026-06-09T18:56:17.260+0000] {logging_mixin.py:190} INFO - [2026-06-09T18:56:17.260+0000] {dag.py:4180} INFO - Setting next_dagrun for create_analytics_mart to 2026-06-09 02:00:00+00:00, run_after=2026-06-10 02:00:00+00:00
[2026-06-09T18:56:17.275+0000] {processor.py:208} INFO - Processing /opt/airflow/dags/create_mart_dag.py took 0.087 seconds
[2026-06-09T18:56:47.362+0000] {processor.py:186} INFO - Started process (PID=6462) to work on /opt/airflow/dags/create_mart_dag.py
[2026-06-09T18:56:47.363+0000] {processor.py:914} INFO - Processing file /opt/airflow/dags/create_mart_dag.py for tasks to queue
[2026-06-09T18:56:47.366+0000] {logging_mixin.py:190} INFO - [2026-06-09T18:56:47.366+0000] {dagbag.py:588} INFO - Filling up the DagBag from /opt/airflow/dags/create_mart_dag.py
[2026-06-09T18:56:47.393+0000] {processor.py:925} INFO - DAG(s) 'create_analytics_mart' retrieved from /opt/airflow/dags/create_mart_dag.py
[2026-06-09T18:56:47.416+0000] {logging_mixin.py:190} INFO - [2026-06-09T18:56:47.416+0000] {dag.py:3239} INFO - Sync 1 DAGs
[2026-06-09T18:56:47.437+0000] {logging_mixin.py:190} INFO - [2026-06-09T18:56:47.437+0000] {dag.py:4180} INFO - Setting next_dagrun for create_analytics_mart to 2026-06-09 02:00:00+00:00, run_after=2026-06-10 02:00:00+00:00
[2026-06-09T18:56:47.454+0000] {processor.py:208} INFO - Processing /opt/airflow/dags/create_mart_dag.py took 0.098 seconds
[2026-06-09T18:57:17.667+0000] {processor.py:186} INFO - Started process (PID=6478) to work on /opt/airflow/dags/create_mart_dag.py
[2026-06-09T18:57:17.668+0000] {processor.py:914} INFO - Processing file /opt/airflow/dags/create_mart_dag.py for tasks to queue
[2026-06-09T18:57:17.670+0000] {logging_mixin.py:190} INFO - [2026-06-09T18:57:17.670+0000] {dagbag.py:588} INFO - Filling up the DagBag from /opt/airflow/dags/create_mart_dag.py
[2026-06-09T18:57:17.691+0000] {processor.py:925} INFO - DAG(s) 'create_analytics_mart' retrieved from /opt/airflow/dags/create_mart_dag.py
[2026-06-09T18:57:17.714+0000] {logging_mixin.py:190} INFO - [2026-06-09T18:57:17.714+0000] {dag.py:3239} INFO - Sync 1 DAGs
[2026-06-09T18:57:17.733+0000] {logging_mixin.py:190} INFO - [2026-06-09T18:57:17.733+0000] {dag.py:4180} INFO - Setting next_dagrun for create_analytics_mart to 2026-06-09 02:00:00+00:00, run_after=2026-06-10 02:00:00+00:00
[2026-06-09T18:57:17.750+0000] {processor.py:208} INFO - Processing /opt/airflow/dags/create_mart_dag.py took 0.087 seconds
[2026-06-09T18:57:47.888+0000] {processor.py:186} INFO - Started process (PID=6494) to work on /opt/airflow/dags/create_mart_dag.py
[2026-06-09T18:57:47.889+0000] {processor.py:914} INFO - Processing file /opt/airflow/dags/create_mart_dag.py for tasks to queue
[2026-06-09T18:57:47.891+0000] {logging_mixin.py:190} INFO - [2026-06-09T18:57:47.891+0000] {dagbag.py:588} INFO - Filling up the DagBag from /opt/airflow/dags/create_mart_dag.py
[2026-06-09T18:57:47.917+0000] {processor.py:925} INFO - DAG(s) 'create_analytics_mart' retrieved from /opt/airflow/dags/create_mart_dag.py
[2026-06-09T18:57:47.939+0000] {logging_mixin.py:190} INFO - [2026-06-09T18:57:47.939+0000] {dag.py:3239} INFO - Sync 1 DAGs
[2026-06-09T18:57:47.958+0000] {logging_mixin.py:190} INFO - [2026-06-09T18:57:47.958+0000] {dag.py:4180} INFO - Setting next_dagrun for create_analytics_mart to 2026-06-09 02:00:00+00:00, run_after=2026-06-10 02:00:00+00:00
[2026-06-09T18:57:47.976+0000] {processor.py:208} INFO - Processing /opt/airflow/dags/create_mart_dag.py took 0.093 seconds
[2026-06-09T18:58:18.234+0000] {processor.py:186} INFO - Started process (PID=6510) to work on /opt/airflow/dags/create_mart_dag.py
[2026-06-09T18:58:18.235+0000] {processor.py:914} INFO - Processing file /opt/airflow/dags/create_mart_dag.py for tasks to queue
[2026-06-09T18:58:18.237+0000] {logging_mixin.py:190} INFO - [2026-06-09T18:58:18.236+0000] {dagbag.py:588} INFO - Filling up the DagBag from /opt/airflow/dags/create_mart_dag.py
[2026-06-09T18:58:18.260+0000] {processor.py:925} INFO - DAG(s) 'create_analytics_mart' retrieved from /opt/airflow/dags/create_mart_dag.py
[2026-06-09T18:58:18.283+0000] {logging_mixin.py:190} INFO - [2026-06-09T18:58:18.282+0000] {dag.py:3239} INFO - Sync 1 DAGs
[2026-06-09T18:58:18.303+0000] {logging_mixin.py:190} INFO - [2026-06-09T18:58:18.303+0000] {dag.py:4180} INFO - Setting next_dagrun for create_analytics_mart to 2026-06-09 02:00:00+00:00, run_after=2026-06-10 02:00:00+00:00
[2026-06-09T18:58:18.320+0000] {processor.py:208} INFO - Processing /opt/airflow/dags/create_mart_dag.py took 0.092 seconds
[2026-06-09T18:58:48.566+0000] {processor.py:186} INFO - Started process (PID=6526) to work on /opt/airflow/dags/create_mart_dag.py
[2026-06-09T18:58:48.567+0000] {processor.py:914} INFO - Processing file /opt/airflow/dags/create_mart_dag.py for tasks to queue
[2026-06-09T18:58:48.569+0000] {logging_mixin.py:190} INFO - [2026-06-09T18:58:48.569+0000] {dagbag.py:588} INFO - Filling up the DagBag from /opt/airflow/dags/create_mart_dag.py
[2026-06-09T18:58:48.599+0000] {processor.py:925} INFO - DAG(s) 'create_analytics_mart' retrieved from /opt/airflow/dags/create_mart_dag.py
[2026-06-09T18:58:48.620+0000] {logging_mixin.py:190} INFO - [2026-06-09T18:58:48.620+0000] {dag.py:3239} INFO - Sync 1 DAGs
[2026-06-09T18:58:48.640+0000] {logging_mixin.py:190} INFO - [2026-06-09T18:58:48.639+0000] {dag.py:4180} INFO - Setting next_dagrun for create_analytics_mart to 2026-06-09 02:00:00+00:00, run_after=2026-06-10 02:00:00+00:00
[2026-06-09T18:58:48.659+0000] {processor.py:208} INFO - Processing /opt/airflow/dags/create_mart_dag.py took 0.097 seconds
[2026-06-09T18:59:18.764+0000] {processor.py:186} INFO - Started process (PID=6542) to work on /opt/airflow/dags/create_mart_dag.py
[2026-06-09T18:59:18.765+0000] {processor.py:914} INFO - Processing file /opt/airflow/dags/create_mart_dag.py for tasks to queue
[2026-06-09T18:59:18.767+0000] {logging_mixin.py:190} INFO - [2026-06-09T18:59:18.767+0000] {dagbag.py:588} INFO - Filling up the DagBag from /opt/airflow/dags/create_mart_dag.py
[2026-06-09T18:59:18.791+0000] {processor.py:925} INFO - DAG(s) 'create_analytics_mart' retrieved from /opt/airflow/dags/create_mart_dag.py
[2026-06-09T18:59:18.814+0000] {logging_mixin.py:190} INFO - [2026-06-09T18:59:18.814+0000] {dag.py:3239} INFO - Sync 1 DAGs
[2026-06-09T18:59:18.834+0000] {logging_mixin.py:190} INFO - [2026-06-09T18:59:18.834+0000] {dag.py:4180} INFO - Setting next_dagrun for create_analytics_mart to 2026-06-09 02:00:00+00:00, run_after=2026-06-10 02:00:00+00:00
[2026-06-09T18:59:18.852+0000] {processor.py:208} INFO - Processing /opt/airflow/dags/create_mart_dag.py took 0.093 seconds
[2026-06-09T18:59:49.131+0000] {processor.py:186} INFO - Started process (PID=6558) to work on /opt/airflow/dags/create_mart_dag.py
[2026-06-09T18:59:49.132+0000] {processor.py:914} INFO - Processing file /opt/airflow/dags/create_mart_dag.py for tasks to queue
[2026-06-09T18:59:49.134+0000] {logging_mixin.py:190} INFO - [2026-06-09T18:59:49.134+0000] {dagbag.py:588} INFO - Filling up the DagBag from /opt/airflow/dags/create_mart_dag.py
[2026-06-09T18:59:49.159+0000] {processor.py:925} INFO - DAG(s) 'create_analytics_mart' retrieved from /opt/airflow/dags/create_mart_dag.py
[2026-06-09T18:59:49.183+0000] {logging_mixin.py:190} INFO - [2026-06-09T18:59:49.183+0000] {dag.py:3239} INFO - Sync 1 DAGs
[2026-06-09T18:59:49.201+0000] {logging_mixin.py:190} INFO - [2026-06-09T18:59:49.201+0000] {dag.py:4180} INFO - Setting next_dagrun for create_analytics_mart to 2026-06-09 02:00:00+00:00, run_after=2026-06-10 02:00:00+00:00
[2026-06-09T18:59:49.218+0000] {processor.py:208} INFO - Processing /opt/airflow/dags/create_mart_dag.py took 0.092 seconds
[2026-06-09T19:00:19.369+0000] {processor.py:186} INFO - Started process (PID=6574) to work on /opt/airflow/dags/create_mart_dag.py
[2026-06-09T19:00:19.370+0000] {processor.py:914} INFO - Processing file /opt/airflow/dags/create_mart_dag.py for tasks to queue
[2026-06-09T19:00:19.373+0000] {logging_mixin.py:190} INFO - [2026-06-09T19:00:19.373+0000] {dagbag.py:588} INFO - Filling up the DagBag from /opt/airflow/dags/create_mart_dag.py
[2026-06-09T19:00:19.397+0000] {processor.py:925} INFO - DAG(s) 'create_analytics_mart' retrieved from /opt/airflow/dags/create_mart_dag.py
[2026-06-09T19:00:19.422+0000] {logging_mixin.py:190} INFO - [2026-06-09T19:00:19.421+0000] {dag.py:3239} INFO - Sync 1 DAGs
[2026-06-09T19:00:19.442+0000] {logging_mixin.py:190} INFO - [2026-06-09T19:00:19.442+0000] {dag.py:4180} INFO - Setting next_dagrun for create_analytics_mart to 2026-06-09 02:00:00+00:00, run_after=2026-06-10 02:00:00+00:00
[2026-06-09T19:00:19.462+0000] {processor.py:208} INFO - Processing /opt/airflow/dags/create_mart_dag.py took 0.097 seconds
[2026-06-09T19:00:49.682+0000] {processor.py:186} INFO - Started process (PID=6590) to work on /opt/airflow/dags/create_mart_dag.py
[2026-06-09T19:00:49.684+0000] {processor.py:914} INFO - Processing file /opt/airflow/dags/create_mart_dag.py for tasks to queue
[2026-06-09T19:00:49.686+0000] {logging_mixin.py:190} INFO - [2026-06-09T19:00:49.686+0000] {dagbag.py:588} INFO - Filling up the DagBag from /opt/airflow/dags/create_mart_dag.py
[2026-06-09T19:00:49.714+0000] {processor.py:925} INFO - DAG(s) 'create_analytics_mart' retrieved from /opt/airflow/dags/create_mart_dag.py
[2026-06-09T19:00:49.743+0000] {logging_mixin.py:190} INFO - [2026-06-09T19:00:49.743+0000] {dag.py:3239} INFO - Sync 1 DAGs
[2026-06-09T19:00:49.765+0000] {logging_mixin.py:190} INFO - [2026-06-09T19:00:49.765+0000] {dag.py:4180} INFO - Setting next_dagrun for create_analytics_mart to 2026-06-09 02:00:00+00:00, run_after=2026-06-10 02:00:00+00:00
[2026-06-09T19:00:49.784+0000] {processor.py:208} INFO - Processing /opt/airflow/dags/create_mart_dag.py took 0.107 seconds
[2026-06-09T19:01:19.949+0000] {processor.py:186} INFO - Started process (PID=6606) to work on /opt/airflow/dags/create_mart_dag.py
[2026-06-09T19:01:19.950+0000] {processor.py:914} INFO - Processing file /opt/airflow/dags/create_mart_dag.py for tasks to queue
[2026-06-09T19:01:19.952+0000] {logging_mixin.py:190} INFO - [2026-06-09T19:01:19.952+0000] {dagbag.py:588} INFO - Filling up the DagBag from /opt/airflow/dags/create_mart_dag.py
[2026-06-09T19:01:19.976+0000] {processor.py:925} INFO - DAG(s) 'create_analytics_mart' retrieved from /opt/airflow/dags/create_mart_dag.py
[2026-06-09T19:01:19.997+0000] {logging_mixin.py:190} INFO - [2026-06-09T19:01:19.997+0000] {dag.py:3239} INFO - Sync 1 DAGs
[2026-06-09T19:01:20.017+0000] {logging_mixin.py:190} INFO - [2026-06-09T19:01:20.017+0000] {dag.py:4180} INFO - Setting next_dagrun for create_analytics_mart to 2026-06-09 02:00:00+00:00, run_after=2026-06-10 02:00:00+00:00
[2026-06-09T19:01:20.036+0000] {processor.py:208} INFO - Processing /opt/airflow/dags/create_mart_dag.py took 0.098 seconds
[2026-06-09T19:01:50.231+0000] {processor.py:186} INFO - Started process (PID=6622) to work on /opt/airflow/dags/create_mart_dag.py
[2026-06-09T19:01:50.232+0000] {processor.py:914} INFO - Processing file /opt/airflow/dags/create_mart_dag.py for tasks to queue
[2026-06-09T19:01:50.235+0000] {logging_mixin.py:190} INFO - [2026-06-09T19:01:50.234+0000] {dagbag.py:588} INFO - Filling up the DagBag from /opt/airflow/dags/create_mart_dag.py
[2026-06-09T19:01:50.267+0000] {processor.py:925} INFO - DAG(s) 'create_analytics_mart' retrieved from /opt/airflow/dags/create_mart_dag.py
[2026-06-09T19:01:50.294+0000] {logging_mixin.py:190} INFO - [2026-06-09T19:01:50.293+0000] {dag.py:3239} INFO - Sync 1 DAGs
[2026-06-09T19:01:50.315+0000] {logging_mixin.py:190} INFO - [2026-06-09T19:01:50.314+0000] {dag.py:4180} INFO - Setting next_dagrun for create_analytics_mart to 2026-06-09 02:00:00+00:00, run_after=2026-06-10 02:00:00+00:00
[2026-06-09T19:01:50.332+0000] {processor.py:208} INFO - Processing /opt/airflow/dags/create_mart_dag.py took 0.110 seconds
[2026-06-09T19:02:20.614+0000] {processor.py:186} INFO - Started process (PID=6638) to work on /opt/airflow/dags/create_mart_dag.py
[2026-06-09T19:02:20.615+0000] {processor.py:914} INFO - Processing file /opt/airflow/dags/create_mart_dag.py for tasks to queue
[2026-06-09T19:02:20.619+0000] {logging_mixin.py:190} INFO - [2026-06-09T19:02:20.618+0000] {dagbag.py:588} INFO - Filling up the DagBag from /opt/airflow/dags/create_mart_dag.py
[2026-06-09T19:02:20.656+0000] {processor.py:925} INFO - DAG(s) 'create_analytics_mart' retrieved from /opt/airflow/dags/create_mart_dag.py
[2026-06-09T19:02:20.714+0000] {logging_mixin.py:190} INFO - [2026-06-09T19:02:20.714+0000] {dag.py:3239} INFO - Sync 1 DAGs
[2026-06-09T19:02:20.751+0000] {logging_mixin.py:190} INFO - [2026-06-09T19:02:20.751+0000] {dag.py:4180} INFO - Setting next_dagrun for create_analytics_mart to 2026-06-09 02:00:00+00:00, run_after=2026-06-10 02:00:00+00:00
[2026-06-09T19:02:20.774+0000] {processor.py:208} INFO - Processing /opt/airflow/dags/create_mart_dag.py took 0.167 seconds
[2026-06-09T19:02:50.836+0000] {processor.py:186} INFO - Started process (PID=6654) to work on /opt/airflow/dags/create_mart_dag.py
[2026-06-09T19:02:50.837+0000] {processor.py:914} INFO - Processing file /opt/airflow/dags/create_mart_dag.py for tasks to queue
[2026-06-09T19:02:50.839+0000] {logging_mixin.py:190} INFO - [2026-06-09T19:02:50.839+0000] {dagbag.py:588} INFO - Filling up the DagBag from /opt/airflow/dags/create_mart_dag.py
[2026-06-09T19:02:50.861+0000] {processor.py:925} INFO - DAG(s) 'create_analytics_mart' retrieved from /opt/airflow/dags/create_mart_dag.py
[2026-06-09T19:02:50.883+0000] {logging_mixin.py:190} INFO - [2026-06-09T19:02:50.883+0000] {dag.py:3239} INFO - Sync 1 DAGs
[2026-06-09T19:02:50.901+0000] {logging_mixin.py:190} INFO - [2026-06-09T19:02:50.901+0000] {dag.py:4180} INFO - Setting next_dagrun for create_analytics_mart to 2026-06-09 02:00:00+00:00, run_after=2026-06-10 02:00:00+00:00
[2026-06-09T19:02:50.919+0000] {processor.py:208} INFO - Processing /opt/airflow/dags/create_mart_dag.py took 0.087 seconds
[2026-06-09T19:03:21.128+0000] {processor.py:186} INFO - Started process (PID=6672) to work on /opt/airflow/dags/create_mart_dag.py
[2026-06-09T19:03:21.129+0000] {processor.py:914} INFO - Processing file /opt/airflow/dags/create_mart_dag.py for tasks to queue
[2026-06-09T19:03:21.131+0000] {logging_mixin.py:190} INFO - [2026-06-09T19:03:21.130+0000] {dagbag.py:588} INFO - Filling up the DagBag from /opt/airflow/dags/create_mart_dag.py
[2026-06-09T19:03:21.148+0000] {processor.py:925} INFO - DAG(s) 'create_analytics_mart' retrieved from /opt/airflow/dags/create_mart_dag.py
[2026-06-09T19:03:21.168+0000] {logging_mixin.py:190} INFO - [2026-06-09T19:03:21.168+0000] {dag.py:3239} INFO - Sync 1 DAGs
[2026-06-09T19:03:21.185+0000] {logging_mixin.py:190} INFO - [2026-06-09T19:03:21.185+0000] {dag.py:4180} INFO - Setting next_dagrun for create_analytics_mart to 2026-06-09 02:00:00+00:00, run_after=2026-06-10 02:00:00+00:00
[2026-06-09T19:03:21.204+0000] {processor.py:208} INFO - Processing /opt/airflow/dags/create_mart_dag.py took 0.081 seconds
[2026-06-09T19:03:51.666+0000] {processor.py:186} INFO - Started process (PID=6698) to work on /opt/airflow/dags/create_mart_dag.py
[2026-06-09T19:03:51.666+0000] {processor.py:914} INFO - Processing file /opt/airflow/dags/create_mart_dag.py for tasks to queue
[2026-06-09T19:03:51.669+0000] {logging_mixin.py:190} INFO - [2026-06-09T19:03:51.668+0000] {dagbag.py:588} INFO - Filling up the DagBag from /opt/airflow/dags/create_mart_dag.py
[2026-06-09T19:03:51.686+0000] {processor.py:925} INFO - DAG(s) 'create_analytics_mart' retrieved from /opt/airflow/dags/create_mart_dag.py
[2026-06-09T19:03:51.706+0000] {logging_mixin.py:190} INFO - [2026-06-09T19:03:51.706+0000] {dag.py:3239} INFO - Sync 1 DAGs
[2026-06-09T19:03:51.722+0000] {logging_mixin.py:190} INFO - [2026-06-09T19:03:51.722+0000] {dag.py:4180} INFO - Setting next_dagrun for create_analytics_mart to 2026-06-09 02:00:00+00:00, run_after=2026-06-10 02:00:00+00:00
[2026-06-09T19:03:51.739+0000] {processor.py:208} INFO - Processing /opt/airflow/dags/create_mart_dag.py took 0.078 seconds
[2026-06-09T19:04:22.109+0000] {processor.py:186} INFO - Started process (PID=6719) to work on /opt/airflow/dags/create_mart_dag.py
[2026-06-09T19:04:22.110+0000] {processor.py:914} INFO - Processing file /opt/airflow/dags/create_mart_dag.py for tasks to queue
[2026-06-09T19:04:22.113+0000] {logging_mixin.py:190} INFO - [2026-06-09T19:04:22.113+0000] {dagbag.py:588} INFO - Filling up the DagBag from /opt/airflow/dags/create_mart_dag.py
[2026-06-09T19:04:22.150+0000] {processor.py:925} INFO - DAG(s) 'create_analytics_mart' retrieved from /opt/airflow/dags/create_mart_dag.py
[2026-06-09T19:04:22.177+0000] {logging_mixin.py:190} INFO - [2026-06-09T19:04:22.177+0000] {dag.py:3239} INFO - Sync 1 DAGs
[2026-06-09T19:04:22.199+0000] {logging_mixin.py:190} INFO - [2026-06-09T19:04:22.198+0000] {dag.py:4180} INFO - Setting next_dagrun for create_analytics_mart to 2026-06-09 02:00:00+00:00, run_after=2026-06-10 02:00:00+00:00
[2026-06-09T19:04:22.217+0000] {processor.py:208} INFO - Processing /opt/airflow/dags/create_mart_dag.py took 0.113 seconds
[2026-06-09T19:04:52.645+0000] {processor.py:186} INFO - Started process (PID=6750) to work on /opt/airflow/dags/create_mart_dag.py
[2026-06-09T19:04:52.647+0000] {processor.py:914} INFO - Processing file /opt/airflow/dags/create_mart_dag.py for tasks to queue
[2026-06-09T19:04:52.649+0000] {logging_mixin.py:190} INFO - [2026-06-09T19:04:52.649+0000] {dagbag.py:588} INFO - Filling up the DagBag from /opt/airflow/dags/create_mart_dag.py
[2026-06-09T19:04:52.675+0000] {processor.py:925} INFO - DAG(s) 'create_analytics_mart' retrieved from /opt/airflow/dags/create_mart_dag.py
[2026-06-09T19:04:52.696+0000] {logging_mixin.py:190} INFO - [2026-06-09T19:04:52.696+0000] {dag.py:3239} INFO - Sync 1 DAGs
[2026-06-09T19:04:52.714+0000] {logging_mixin.py:190} INFO - [2026-06-09T19:04:52.714+0000] {dag.py:4180} INFO - Setting next_dagrun for create_analytics_mart to 2026-06-09 02:00:00+00:00, run_after=2026-06-10 02:00:00+00:00
[2026-06-09T19:04:52.734+0000] {processor.py:208} INFO - Processing /opt/airflow/dags/create_mart_dag.py took 0.094 seconds
[2026-06-09T19:05:23.000+0000] {processor.py:186} INFO - Started process (PID=6766) to work on /opt/airflow/dags/create_mart_dag.py
[2026-06-09T19:05:23.001+0000] {processor.py:914} INFO - Processing file /opt/airflow/dags/create_mart_dag.py for tasks to queue
[2026-06-09T19:05:23.003+0000] {logging_mixin.py:190} INFO - [2026-06-09T19:05:23.003+0000] {dagbag.py:588} INFO - Filling up the DagBag from /opt/airflow/dags/create_mart_dag.py
[2026-06-09T19:05:23.025+0000] {processor.py:925} INFO - DAG(s) 'create_analytics_mart' retrieved from /opt/airflow/dags/create_mart_dag.py
[2026-06-09T19:05:23.044+0000] {logging_mixin.py:190} INFO - [2026-06-09T19:05:23.044+0000] {dag.py:3239} INFO - Sync 1 DAGs
[2026-06-09T19:05:23.062+0000] {logging_mixin.py:190} INFO - [2026-06-09T19:05:23.062+0000] {dag.py:4180} INFO - Setting next_dagrun for create_analytics_mart to 2026-06-09 02:00:00+00:00, run_after=2026-06-10 02:00:00+00:00
[2026-06-09T19:05:23.082+0000] {processor.py:208} INFO - Processing /opt/airflow/dags/create_mart_dag.py took 0.087 seconds
[2026-06-09T19:05:30.098+0000] {processor.py:186} INFO - Started process (PID=6777) to work on /opt/airflow/dags/create_mart_dag.py
[2026-06-09T19:05:30.099+0000] {processor.py:914} INFO - Processing file /opt/airflow/dags/create_mart_dag.py for tasks to queue
[2026-06-09T19:05:30.102+0000] {logging_mixin.py:190} INFO - [2026-06-09T19:05:30.102+0000] {dagbag.py:588} INFO - Filling up the DagBag from /opt/airflow/dags/create_mart_dag.py
[2026-06-09T19:05:30.134+0000] {processor.py:925} INFO - DAG(s) 'create_analytics_mart' retrieved from /opt/airflow/dags/create_mart_dag.py
[2026-06-09T19:05:30.157+0000] {logging_mixin.py:190} INFO - [2026-06-09T19:05:30.157+0000] {dag.py:3239} INFO - Sync 1 DAGs
[2026-06-09T19:05:30.177+0000] {logging_mixin.py:190} INFO - [2026-06-09T19:05:30.177+0000] {dag.py:4180} INFO - Setting next_dagrun for create_analytics_mart to 2026-06-09 02:00:00+00:00, run_after=2026-06-10 02:00:00+00:00
[2026-06-09T19:05:30.199+0000] {processor.py:208} INFO - Processing /opt/airflow/dags/create_mart_dag.py took 0.107 seconds
[2026-06-09T19:05:54.376+0000] {processor.py:186} INFO - Started process (PID=6793) to work on /opt/airflow/dags/create_mart_dag.py
[2026-06-09T19:05:54.376+0000] {processor.py:914} INFO - Processing file /opt/airflow/dags/create_mart_dag.py for tasks to queue
[2026-06-09T19:05:54.378+0000] {logging_mixin.py:190} INFO - [2026-06-09T19:05:54.378+0000] {dagbag.py:588} INFO - Filling up the DagBag from /opt/airflow/dags/create_mart_dag.py
[2026-06-09T19:05:54.401+0000] {processor.py:925} INFO - DAG(s) 'create_analytics_mart' retrieved from /opt/airflow/dags/create_mart_dag.py
[2026-06-09T19:05:54.423+0000] {logging_mixin.py:190} INFO - [2026-06-09T19:05:54.422+0000] {dag.py:3239} INFO - Sync 1 DAGs
[2026-06-09T19:05:54.440+0000] {logging_mixin.py:190} INFO - [2026-06-09T19:05:54.440+0000] {dag.py:4180} INFO - Setting next_dagrun for create_analytics_mart to 2026-06-09 02:00:00+00:00, run_after=2026-06-10 02:00:00+00:00
[2026-06-09T19:05:54.461+0000] {processor.py:208} INFO - Processing /opt/airflow/dags/create_mart_dag.py took 0.090 seconds
[2026-06-09T19:06:04.533+0000] {processor.py:186} INFO - Started process (PID=6798) to work on /opt/airflow/dags/create_mart_dag.py
[2026-06-09T19:06:04.534+0000] {processor.py:914} INFO - Processing file /opt/airflow/dags/create_mart_dag.py for tasks to queue
[2026-06-09T19:06:04.538+0000] {logging_mixin.py:190} INFO - [2026-06-09T19:06:04.537+0000] {dagbag.py:588} INFO - Filling up the DagBag from /opt/airflow/dags/create_mart_dag.py
[2026-06-09T19:06:04.577+0000] {processor.py:925} INFO - DAG(s) 'create_analytics_mart' retrieved from /opt/airflow/dags/create_mart_dag.py
[2026-06-09T19:06:04.603+0000] {logging_mixin.py:190} INFO - [2026-06-09T19:06:04.603+0000] {dag.py:3239} INFO - Sync 1 DAGs
[2026-06-09T19:06:04.627+0000] {logging_mixin.py:190} INFO - [2026-06-09T19:06:04.626+0000] {dag.py:4180} INFO - Setting next_dagrun for create_analytics_mart to 2026-06-09 02:00:00+00:00, run_after=2026-06-10 02:00:00+00:00
[2026-06-09T19:06:04.650+0000] {processor.py:208} INFO - Processing /opt/airflow/dags/create_mart_dag.py took 0.122 seconds
[2026-06-09T19:06:09.588+0000] {processor.py:186} INFO - Started process (PID=6803) to work on /opt/airflow/dags/create_mart_dag.py
[2026-06-09T19:06:09.589+0000] {processor.py:914} INFO - Processing file /opt/airflow/dags/create_mart_dag.py for tasks to queue
[2026-06-09T19:06:09.591+0000] {logging_mixin.py:190} INFO - [2026-06-09T19:06:09.591+0000] {dagbag.py:588} INFO - Filling up the DagBag from /opt/airflow/dags/create_mart_dag.py
[2026-06-09T19:06:09.631+0000] {processor.py:925} INFO - DAG(s) 'create_analytics_mart' retrieved from /opt/airflow/dags/create_mart_dag.py
[2026-06-09T19:06:09.651+0000] {logging_mixin.py:190} INFO - [2026-06-09T19:06:09.651+0000] {dag.py:3239} INFO - Sync 1 DAGs
[2026-06-09T19:06:09.678+0000] {logging_mixin.py:190} INFO - [2026-06-09T19:06:09.678+0000] {dag.py:4180} INFO - Setting next_dagrun for create_analytics_mart to 2026-06-09 02:00:00+00:00, run_after=2026-06-10 02:00:00+00:00
[2026-06-09T19:06:09.701+0000] {processor.py:208} INFO - Processing /opt/airflow/dags/create_mart_dag.py took 0.118 seconds
[2026-06-09T19:06:39.910+0000] {processor.py:186} INFO - Started process (PID=6819) to work on /opt/airflow/dags/create_mart_dag.py
[2026-06-09T19:06:39.911+0000] {processor.py:914} INFO - Processing file /opt/airflow/dags/create_mart_dag.py for tasks to queue
[2026-06-09T19:06:39.914+0000] {logging_mixin.py:190} INFO - [2026-06-09T19:06:39.914+0000] {dagbag.py:588} INFO - Filling up the DagBag from /opt/airflow/dags/create_mart_dag.py
[2026-06-09T19:06:39.935+0000] {processor.py:925} INFO - DAG(s) 'create_analytics_mart' retrieved from /opt/airflow/dags/create_mart_dag.py
[2026-06-09T19:06:39.955+0000] {logging_mixin.py:190} INFO - [2026-06-09T19:06:39.955+0000] {dag.py:3239} INFO - Sync 1 DAGs
[2026-06-09T19:06:39.973+0000] {logging_mixin.py:190} INFO - [2026-06-09T19:06:39.973+0000] {dag.py:4180} INFO - Setting next_dagrun for create_analytics_mart to 2026-06-09 02:00:00+00:00, run_after=2026-06-10 02:00:00+00:00
[2026-06-09T19:06:39.990+0000] {processor.py:208} INFO - Processing /opt/airflow/dags/create_mart_dag.py took 0.084 seconds
[2026-06-09T19:06:56.160+0000] {processor.py:186} INFO - Started process (PID=6835) to work on /opt/airflow/dags/create_mart_dag.py
[2026-06-09T19:06:56.161+0000] {processor.py:914} INFO - Processing file /opt/airflow/dags/create_mart_dag.py for tasks to queue
[2026-06-09T19:06:56.165+0000] {logging_mixin.py:190} INFO - [2026-06-09T19:06:56.165+0000] {dagbag.py:588} INFO - Filling up the DagBag from /opt/airflow/dags/create_mart_dag.py
[2026-06-09T19:06:56.226+0000] {processor.py:925} INFO - DAG(s) 'create_analytics_mart' retrieved from /opt/airflow/dags/create_mart_dag.py
[2026-06-09T19:06:56.251+0000] {logging_mixin.py:190} INFO - [2026-06-09T19:06:56.250+0000] {dag.py:3239} INFO - Sync 1 DAGs
[2026-06-09T19:06:56.269+0000] {logging_mixin.py:190} INFO - [2026-06-09T19:06:56.268+0000] {dag.py:4180} INFO - Setting next_dagrun for create_analytics_mart to 2026-06-09 02:00:00+00:00, run_after=2026-06-10 02:00:00+00:00
[2026-06-09T19:06:56.286+0000] {processor.py:208} INFO - Processing /opt/airflow/dags/create_mart_dag.py took 0.134 seconds
[2026-06-09T19:07:26.537+0000] {processor.py:186} INFO - Started process (PID=6851) to work on /opt/airflow/dags/create_mart_dag.py
[2026-06-09T19:07:26.538+0000] {processor.py:914} INFO - Processing file /opt/airflow/dags/create_mart_dag.py for tasks to queue
[2026-06-09T19:07:26.540+0000] {logging_mixin.py:190} INFO - [2026-06-09T19:07:26.539+0000] {dagbag.py:588} INFO - Filling up the DagBag from /opt/airflow/dags/create_mart_dag.py
[2026-06-09T19:07:26.557+0000] {processor.py:925} INFO - DAG(s) 'create_analytics_mart' retrieved from /opt/airflow/dags/create_mart_dag.py
[2026-06-09T19:07:26.585+0000] {logging_mixin.py:190} INFO - [2026-06-09T19:07:26.585+0000] {dag.py:3239} INFO - Sync 1 DAGs
[2026-06-09T19:07:26.603+0000] {logging_mixin.py:190} INFO - [2026-06-09T19:07:26.602+0000] {dag.py:4180} INFO - Setting next_dagrun for create_analytics_mart to 2026-06-09 02:00:00+00:00, run_after=2026-06-10 02:00:00+00:00
[2026-06-09T19:07:26.621+0000] {processor.py:208} INFO - Processing /opt/airflow/dags/create_mart_dag.py took 0.089 seconds
[2026-06-09T19:07:56.881+0000] {processor.py:186} INFO - Started process (PID=6867) to work on /opt/airflow/dags/create_mart_dag.py
[2026-06-09T19:07:56.882+0000] {processor.py:914} INFO - Processing file /opt/airflow/dags/create_mart_dag.py for tasks to queue
[2026-06-09T19:07:56.884+0000] {logging_mixin.py:190} INFO - [2026-06-09T19:07:56.884+0000] {dagbag.py:588} INFO - Filling up the DagBag from /opt/airflow/dags/create_mart_dag.py
[2026-06-09T19:07:56.907+0000] {processor.py:925} INFO - DAG(s) 'create_analytics_mart' retrieved from /opt/airflow/dags/create_mart_dag.py
[2026-06-09T19:07:56.926+0000] {logging_mixin.py:190} INFO - [2026-06-09T19:07:56.926+0000] {dag.py:3239} INFO - Sync 1 DAGs
[2026-06-09T19:07:56.944+0000] {logging_mixin.py:190} INFO - [2026-06-09T19:07:56.944+0000] {dag.py:4180} INFO - Setting next_dagrun for create_analytics_mart to 2026-06-09 02:00:00+00:00, run_after=2026-06-10 02:00:00+00:00
[2026-06-09T19:07:56.960+0000] {processor.py:208} INFO - Processing /opt/airflow/dags/create_mart_dag.py took 0.083 seconds
[2026-06-09T19:08:27.253+0000] {processor.py:186} INFO - Started process (PID=6883) to work on /opt/airflow/dags/create_mart_dag.py
[2026-06-09T19:08:27.253+0000] {processor.py:914} INFO - Processing file /opt/airflow/dags/create_mart_dag.py for tasks to queue
[2026-06-09T19:08:27.255+0000] {logging_mixin.py:190} INFO - [2026-06-09T19:08:27.255+0000] {dagbag.py:588} INFO - Filling up the DagBag from /opt/airflow/dags/create_mart_dag.py
[2026-06-09T19:08:27.278+0000] {processor.py:925} INFO - DAG(s) 'create_analytics_mart' retrieved from /opt/airflow/dags/create_mart_dag.py
[2026-06-09T19:08:27.297+0000] {logging_mixin.py:190} INFO - [2026-06-09T19:08:27.297+0000] {dag.py:3239} INFO - Sync 1 DAGs
[2026-06-09T19:08:27.314+0000] {logging_mixin.py:190} INFO - [2026-06-09T19:08:27.314+0000] {dag.py:4180} INFO - Setting next_dagrun for create_analytics_mart to 2026-06-09 02:00:00+00:00, run_after=2026-06-10 02:00:00+00:00
[2026-06-09T19:08:27.330+0000] {processor.py:208} INFO - Processing /opt/airflow/dags/create_mart_dag.py took 0.082 seconds
[2026-06-09T19:08:57.577+0000] {processor.py:186} INFO - Started process (PID=6899) to work on /opt/airflow/dags/create_mart_dag.py
[2026-06-09T19:08:57.578+0000] {processor.py:914} INFO - Processing file /opt/airflow/dags/create_mart_dag.py for tasks to queue
[2026-06-09T19:08:57.580+0000] {logging_mixin.py:190} INFO - [2026-06-09T19:08:57.579+0000] {dagbag.py:588} INFO - Filling up the DagBag from /opt/airflow/dags/create_mart_dag.py
[2026-06-09T19:08:57.603+0000] {processor.py:925} INFO - DAG(s) 'create_analytics_mart' retrieved from /opt/airflow/dags/create_mart_dag.py
[2026-06-09T19:08:57.629+0000] {logging_mixin.py:190} INFO - [2026-06-09T19:08:57.629+0000] {dag.py:3239} INFO - Sync 1 DAGs
[2026-06-09T19:08:57.651+0000] {logging_mixin.py:190} INFO - [2026-06-09T19:08:57.650+0000] {dag.py:4180} INFO - Setting next_dagrun for create_analytics_mart to 2026-06-09 02:00:00+00:00, run_after=2026-06-10 02:00:00+00:00
[2026-06-09T19:08:57.667+0000] {processor.py:208} INFO - Processing /opt/airflow/dags/create_mart_dag.py took 0.095 seconds
[2026-06-09T19:09:27.957+0000] {processor.py:186} INFO - Started process (PID=6920) to work on /opt/airflow/dags/create_mart_dag.py
[2026-06-09T19:09:27.958+0000] {processor.py:914} INFO - Processing file /opt/airflow/dags/create_mart_dag.py for tasks to queue
[2026-06-09T19:09:27.961+0000] {logging_mixin.py:190} INFO - [2026-06-09T19:09:27.961+0000] {dagbag.py:588} INFO - Filling up the DagBag from /opt/airflow/dags/create_mart_dag.py
[2026-06-09T19:09:27.981+0000] {processor.py:925} INFO - DAG(s) 'create_analytics_mart' retrieved from /opt/airflow/dags/create_mart_dag.py
[2026-06-09T19:09:28.000+0000] {logging_mixin.py:190} INFO - [2026-06-09T19:09:27.999+0000] {dag.py:3239} INFO - Sync 1 DAGs
[2026-06-09T19:09:28.017+0000] {logging_mixin.py:190} INFO - [2026-06-09T19:09:28.016+0000] {dag.py:4180} INFO - Setting next_dagrun for create_analytics_mart to 2026-06-09 02:00:00+00:00, run_after=2026-06-10 02:00:00+00:00
[2026-06-09T19:09:28.033+0000] {processor.py:208} INFO - Processing /opt/airflow/dags/create_mart_dag.py took 0.080 seconds
[2026-06-09T19:09:58.418+0000] {processor.py:186} INFO - Started process (PID=6941) to work on /opt/airflow/dags/create_mart_dag.py
[2026-06-09T19:09:58.419+0000] {processor.py:914} INFO - Processing file /opt/airflow/dags/create_mart_dag.py for tasks to queue
[2026-06-09T19:09:58.422+0000] {logging_mixin.py:190} INFO - [2026-06-09T19:09:58.421+0000] {dagbag.py:588} INFO - Filling up the DagBag from /opt/airflow/dags/create_mart_dag.py
[2026-06-09T19:09:58.442+0000] {processor.py:925} INFO - DAG(s) 'create_analytics_mart' retrieved from /opt/airflow/dags/create_mart_dag.py
[2026-06-09T19:09:58.463+0000] {logging_mixin.py:190} INFO - [2026-06-09T19:09:58.463+0000] {dag.py:3239} INFO - Sync 1 DAGs
[2026-06-09T19:09:58.501+0000] {logging_mixin.py:190} INFO - [2026-06-09T19:09:58.501+0000] {dag.py:4180} INFO - Setting next_dagrun for create_analytics_mart to 2026-06-09 02:00:00+00:00, run_after=2026-06-10 02:00:00+00:00
[2026-06-09T19:09:58.519+0000] {processor.py:208} INFO - Processing /opt/airflow/dags/create_mart_dag.py took 0.106 seconds
[2026-06-09T19:10:28.836+0000] {processor.py:186} INFO - Started process (PID=6962) to work on /opt/airflow/dags/create_mart_dag.py
[2026-06-09T19:10:28.837+0000] {processor.py:914} INFO - Processing file /opt/airflow/dags/create_mart_dag.py for tasks to queue
[2026-06-09T19:10:28.839+0000] {logging_mixin.py:190} INFO - [2026-06-09T19:10:28.839+0000] {dagbag.py:588} INFO - Filling up the DagBag from /opt/airflow/dags/create_mart_dag.py
[2026-06-09T19:10:28.862+0000] {processor.py:925} INFO - DAG(s) 'create_analytics_mart' retrieved from /opt/airflow/dags/create_mart_dag.py
[2026-06-09T19:10:28.887+0000] {logging_mixin.py:190} INFO - [2026-06-09T19:10:28.887+0000] {dag.py:3239} INFO - Sync 1 DAGs
[2026-06-09T19:10:28.907+0000] {logging_mixin.py:190} INFO - [2026-06-09T19:10:28.907+0000] {dag.py:4180} INFO - Setting next_dagrun for create_analytics_mart to 2026-06-09 02:00:00+00:00, run_after=2026-06-10 02:00:00+00:00
[2026-06-09T19:10:28.922+0000] {processor.py:208} INFO - Processing /opt/airflow/dags/create_mart_dag.py took 0.091 seconds
[2026-06-09T19:10:59.208+0000] {processor.py:186} INFO - Started process (PID=6983) to work on /opt/airflow/dags/create_mart_dag.py
[2026-06-09T19:10:59.209+0000] {processor.py:914} INFO - Processing file /opt/airflow/dags/create_mart_dag.py for tasks to queue
[2026-06-09T19:10:59.212+0000] {logging_mixin.py:190} INFO - [2026-06-09T19:10:59.211+0000] {dagbag.py:588} INFO - Filling up the DagBag from /opt/airflow/dags/create_mart_dag.py
[2026-06-09T19:10:59.235+0000] {processor.py:925} INFO - DAG(s) 'create_analytics_mart' retrieved from /opt/airflow/dags/create_mart_dag.py
[2026-06-09T19:10:59.255+0000] {logging_mixin.py:190} INFO - [2026-06-09T19:10:59.255+0000] {dag.py:3239} INFO - Sync 1 DAGs
[2026-06-09T19:10:59.275+0000] {logging_mixin.py:190} INFO - [2026-06-09T19:10:59.275+0000] {dag.py:4180} INFO - Setting next_dagrun for create_analytics_mart to 2026-06-09 02:00:00+00:00, run_after=2026-06-10 02:00:00+00:00
[2026-06-09T19:10:59.294+0000] {processor.py:208} INFO - Processing /opt/airflow/dags/create_mart_dag.py took 0.093 seconds
[2026-06-09T19:11:29.635+0000] {processor.py:186} INFO - Started process (PID=7004) to work on /opt/airflow/dags/create_mart_dag.py
[2026-06-09T19:11:29.636+0000] {processor.py:914} INFO - Processing file /opt/airflow/dags/create_mart_dag.py for tasks to queue
[2026-06-09T19:11:29.639+0000] {logging_mixin.py:190} INFO - [2026-06-09T19:11:29.639+0000] {dagbag.py:588} INFO - Filling up the DagBag from /opt/airflow/dags/create_mart_dag.py
[2026-06-09T19:11:29.666+0000] {processor.py:925} INFO - DAG(s) 'create_analytics_mart' retrieved from /opt/airflow/dags/create_mart_dag.py
[2026-06-09T19:11:29.690+0000] {logging_mixin.py:190} INFO - [2026-06-09T19:11:29.690+0000] {dag.py:3239} INFO - Sync 1 DAGs
[2026-06-09T19:11:29.712+0000] {logging_mixin.py:190} INFO - [2026-06-09T19:11:29.712+0000] {dag.py:4180} INFO - Setting next_dagrun for create_analytics_mart to 2026-06-09 02:00:00+00:00, run_after=2026-06-10 02:00:00+00:00
[2026-06-09T19:11:29.733+0000] {processor.py:208} INFO - Processing /opt/airflow/dags/create_mart_dag.py took 0.103 seconds
[2026-06-09T19:12:00.043+0000] {processor.py:186} INFO - Started process (PID=7025) to work on /opt/airflow/dags/create_mart_dag.py
[2026-06-09T19:12:00.044+0000] {processor.py:914} INFO - Processing file /opt/airflow/dags/create_mart_dag.py for tasks to queue
[2026-06-09T19:12:00.047+0000] {logging_mixin.py:190} INFO - [2026-06-09T19:12:00.046+0000] {dagbag.py:588} INFO - Filling up the DagBag from /opt/airflow/dags/create_mart_dag.py
[2026-06-09T19:12:00.067+0000] {processor.py:925} INFO - DAG(s) 'create_analytics_mart' retrieved from /opt/airflow/dags/create_mart_dag.py
[2026-06-09T19:12:00.086+0000] {logging_mixin.py:190} INFO - [2026-06-09T19:12:00.086+0000] {dag.py:3239} INFO - Sync 1 DAGs
[2026-06-09T19:12:00.106+0000] {logging_mixin.py:190} INFO - [2026-06-09T19:12:00.106+0000] {dag.py:4180} INFO - Setting next_dagrun for create_analytics_mart to 2026-06-09 02:00:00+00:00, run_after=2026-06-10 02:00:00+00:00
[2026-06-09T19:12:00.125+0000] {processor.py:208} INFO - Processing /opt/airflow/dags/create_mart_dag.py took 0.086 seconds
[2026-06-09T19:12:30.408+0000] {processor.py:186} INFO - Started process (PID=7046) to work on /opt/airflow/dags/create_mart_dag.py
[2026-06-09T19:12:30.409+0000] {processor.py:914} INFO - Processing file /opt/airflow/dags/create_mart_dag.py for tasks to queue
[2026-06-09T19:12:30.411+0000] {logging_mixin.py:190} INFO - [2026-06-09T19:12:30.411+0000] {dagbag.py:588} INFO - Filling up the DagBag from /opt/airflow/dags/create_mart_dag.py
[2026-06-09T19:12:30.428+0000] {processor.py:925} INFO - DAG(s) 'create_analytics_mart' retrieved from /opt/airflow/dags/create_mart_dag.py
[2026-06-09T19:12:30.448+0000] {logging_mixin.py:190} INFO - [2026-06-09T19:12:30.448+0000] {dag.py:3239} INFO - Sync 1 DAGs
[2026-06-09T19:12:30.465+0000] {logging_mixin.py:190} INFO - [2026-06-09T19:12:30.465+0000] {dag.py:4180} INFO - Setting next_dagrun for create_analytics_mart to 2026-06-09 02:00:00+00:00, run_after=2026-06-10 02:00:00+00:00
[2026-06-09T19:12:30.481+0000] {processor.py:208} INFO - Processing /opt/airflow/dags/create_mart_dag.py took 0.078 seconds
[2026-06-09T19:13:00.775+0000] {processor.py:186} INFO - Started process (PID=7067) to work on /opt/airflow/dags/create_mart_dag.py
[2026-06-09T19:13:00.776+0000] {processor.py:914} INFO - Processing file /opt/airflow/dags/create_mart_dag.py for tasks to queue
[2026-06-09T19:13:00.778+0000] {logging_mixin.py:190} INFO - [2026-06-09T19:13:00.777+0000] {dagbag.py:588} INFO - Filling up the DagBag from /opt/airflow/dags/create_mart_dag.py
[2026-06-09T19:13:00.795+0000] {processor.py:925} INFO - DAG(s) 'create_analytics_mart' retrieved from /opt/airflow/dags/create_mart_dag.py
[2026-06-09T19:13:00.817+0000] {logging_mixin.py:190} INFO - [2026-06-09T19:13:00.817+0000] {dag.py:3239} INFO - Sync 1 DAGs
[2026-06-09T19:13:00.836+0000] {logging_mixin.py:190} INFO - [2026-06-09T19:13:00.836+0000] {dag.py:4180} INFO - Setting next_dagrun for create_analytics_mart to 2026-06-09 02:00:00+00:00, run_after=2026-06-10 02:00:00+00:00
[2026-06-09T19:13:00.853+0000] {processor.py:208} INFO - Processing /opt/airflow/dags/create_mart_dag.py took 0.083 seconds
[2026-06-09T19:13:31.167+0000] {processor.py:186} INFO - Started process (PID=7088) to work on /opt/airflow/dags/create_mart_dag.py
[2026-06-09T19:13:31.168+0000] {processor.py:914} INFO - Processing file /opt/airflow/dags/create_mart_dag.py for tasks to queue
[2026-06-09T19:13:31.170+0000] {logging_mixin.py:190} INFO - [2026-06-09T19:13:31.170+0000] {dagbag.py:588} INFO - Filling up the DagBag from /opt/airflow/dags/create_mart_dag.py
[2026-06-09T19:13:31.189+0000] {processor.py:925} INFO - DAG(s) 'create_analytics_mart' retrieved from /opt/airflow/dags/create_mart_dag.py
[2026-06-09T19:13:31.210+0000] {logging_mixin.py:190} INFO - [2026-06-09T19:13:31.210+0000] {dag.py:3239} INFO - Sync 1 DAGs
[2026-06-09T19:13:31.228+0000] {logging_mixin.py:190} INFO - [2026-06-09T19:13:31.228+0000] {dag.py:4180} INFO - Setting next_dagrun for create_analytics_mart to 2026-06-09 02:00:00+00:00, run_after=2026-06-10 02:00:00+00:00
[2026-06-09T19:13:31.244+0000] {processor.py:208} INFO - Processing /opt/airflow/dags/create_mart_dag.py took 0.081 seconds
[2026-06-09T19:14:01.544+0000] {processor.py:186} INFO - Started process (PID=7109) to work on /opt/airflow/dags/create_mart_dag.py
[2026-06-09T19:14:01.545+0000] {processor.py:914} INFO - Processing file /opt/airflow/dags/create_mart_dag.py for tasks to queue
[2026-06-09T19:14:01.547+0000] {logging_mixin.py:190} INFO - [2026-06-09T19:14:01.547+0000] {dagbag.py:588} INFO - Filling up the DagBag from /opt/airflow/dags/create_mart_dag.py
[2026-06-09T19:14:01.569+0000] {processor.py:925} INFO - DAG(s) 'create_analytics_mart' retrieved from /opt/airflow/dags/create_mart_dag.py
[2026-06-09T19:14:01.589+0000] {logging_mixin.py:190} INFO - [2026-06-09T19:14:01.589+0000] {dag.py:3239} INFO - Sync 1 DAGs
[2026-06-09T19:14:01.606+0000] {logging_mixin.py:190} INFO - [2026-06-09T19:14:01.606+0000] {dag.py:4180} INFO - Setting next_dagrun for create_analytics_mart to 2026-06-09 02:00:00+00:00, run_after=2026-06-10 02:00:00+00:00
[2026-06-09T19:14:01.624+0000] {processor.py:208} INFO - Processing /opt/airflow/dags/create_mart_dag.py took 0.086 seconds
[2026-06-09T19:14:32.080+0000] {processor.py:186} INFO - Started process (PID=7135) to work on /opt/airflow/dags/create_mart_dag.py
[2026-06-09T19:14:32.081+0000] {processor.py:914} INFO - Processing file /opt/airflow/dags/create_mart_dag.py for tasks to queue
[2026-06-09T19:14:32.083+0000] {logging_mixin.py:190} INFO - [2026-06-09T19:14:32.083+0000] {dagbag.py:588} INFO - Filling up the DagBag from /opt/airflow/dags/create_mart_dag.py
[2026-06-09T19:14:32.119+0000] {processor.py:925} INFO - DAG(s) 'create_analytics_mart' retrieved from /opt/airflow/dags/create_mart_dag.py
[2026-06-09T19:14:32.143+0000] {logging_mixin.py:190} INFO - [2026-06-09T19:14:32.143+0000] {dag.py:3239} INFO - Sync 1 DAGs
[2026-06-09T19:14:32.164+0000] {logging_mixin.py:190} INFO - [2026-06-09T19:14:32.164+0000] {dag.py:4180} INFO - Setting next_dagrun for create_analytics_mart to 2026-06-09 02:00:00+00:00, run_after=2026-06-10 02:00:00+00:00
[2026-06-09T19:14:32.180+0000] {processor.py:208} INFO - Processing /opt/airflow/dags/create_mart_dag.py took 0.106 seconds
[2026-06-09T19:15:02.429+0000] {processor.py:186} INFO - Started process (PID=7161) to work on /opt/airflow/dags/create_mart_dag.py
[2026-06-09T19:15:02.430+0000] {processor.py:914} INFO - Processing file /opt/airflow/dags/create_mart_dag.py for tasks to queue
[2026-06-09T19:15:02.433+0000] {logging_mixin.py:190} INFO - [2026-06-09T19:15:02.432+0000] {dagbag.py:588} INFO - Filling up the DagBag from /opt/airflow/dags/create_mart_dag.py
[2026-06-09T19:15:02.453+0000] {processor.py:925} INFO - DAG(s) 'create_analytics_mart' retrieved from /opt/airflow/dags/create_mart_dag.py
[2026-06-09T19:15:02.474+0000] {logging_mixin.py:190} INFO - [2026-06-09T19:15:02.474+0000] {dag.py:3239} INFO - Sync 1 DAGs
[2026-06-09T19:15:02.491+0000] {logging_mixin.py:190} INFO - [2026-06-09T19:15:02.491+0000] {dag.py:4180} INFO - Setting next_dagrun for create_analytics_mart to 2026-06-09 02:00:00+00:00, run_after=2026-06-10 02:00:00+00:00
[2026-06-09T19:15:02.509+0000] {processor.py:208} INFO - Processing /opt/airflow/dags/create_mart_dag.py took 0.084 seconds
[2026-06-09T19:15:32.909+0000] {processor.py:186} INFO - Started process (PID=7187) to work on /opt/airflow/dags/create_mart_dag.py
[2026-06-09T19:15:32.910+0000] {processor.py:914} INFO - Processing file /opt/airflow/dags/create_mart_dag.py for tasks to queue
[2026-06-09T19:15:32.913+0000] {logging_mixin.py:190} INFO - [2026-06-09T19:15:32.912+0000] {dagbag.py:588} INFO - Filling up the DagBag from /opt/airflow/dags/create_mart_dag.py
[2026-06-09T19:15:32.936+0000] {processor.py:925} INFO - DAG(s) 'create_analytics_mart' retrieved from /opt/airflow/dags/create_mart_dag.py
[2026-06-09T19:15:32.965+0000] {logging_mixin.py:190} INFO - [2026-06-09T19:15:32.965+0000] {dag.py:3239} INFO - Sync 1 DAGs
[2026-06-09T19:15:32.985+0000] {logging_mixin.py:190} INFO - [2026-06-09T19:15:32.985+0000] {dag.py:4180} INFO - Setting next_dagrun for create_analytics_mart to 2026-06-09 02:00:00+00:00, run_after=2026-06-10 02:00:00+00:00
[2026-06-09T19:15:33.006+0000] {processor.py:208} INFO - Processing /opt/airflow/dags/create_mart_dag.py took 0.103 seconds
[2026-06-09T19:16:03.399+0000] {processor.py:186} INFO - Started process (PID=7213) to work on /opt/airflow/dags/create_mart_dag.py
[2026-06-09T19:16:03.400+0000] {processor.py:914} INFO - Processing file /opt/airflow/dags/create_mart_dag.py for tasks to queue
[2026-06-09T19:16:03.404+0000] {logging_mixin.py:190} INFO - [2026-06-09T19:16:03.404+0000] {dagbag.py:588} INFO - Filling up the DagBag from /opt/airflow/dags/create_mart_dag.py
[2026-06-09T19:16:03.430+0000] {processor.py:925} INFO - DAG(s) 'create_analytics_mart' retrieved from /opt/airflow/dags/create_mart_dag.py
[2026-06-09T19:16:03.449+0000] {logging_mixin.py:190} INFO - [2026-06-09T19:16:03.449+0000] {dag.py:3239} INFO - Sync 1 DAGs
[2026-06-09T19:16:03.466+0000] {logging_mixin.py:190} INFO - [2026-06-09T19:16:03.466+0000] {dag.py:4180} INFO - Setting next_dagrun for create_analytics_mart to 2026-06-09 02:00:00+00:00, run_after=2026-06-10 02:00:00+00:00
[2026-06-09T19:16:03.485+0000] {processor.py:208} INFO - Processing /opt/airflow/dags/create_mart_dag.py took 0.091 seconds
[2026-06-09T19:16:33.724+0000] {processor.py:186} INFO - Started process (PID=7239) to work on /opt/airflow/dags/create_mart_dag.py
[2026-06-09T19:16:33.725+0000] {processor.py:914} INFO - Processing file /opt/airflow/dags/create_mart_dag.py for tasks to queue
[2026-06-09T19:16:33.727+0000] {logging_mixin.py:190} INFO - [2026-06-09T19:16:33.727+0000] {dagbag.py:588} INFO - Filling up the DagBag from /opt/airflow/dags/create_mart_dag.py
[2026-06-09T19:16:33.749+0000] {processor.py:925} INFO - DAG(s) 'create_analytics_mart' retrieved from /opt/airflow/dags/create_mart_dag.py
[2026-06-09T19:16:33.772+0000] {logging_mixin.py:190} INFO - [2026-06-09T19:16:33.772+0000] {dag.py:3239} INFO - Sync 1 DAGs
[2026-06-09T19:16:33.792+0000] {logging_mixin.py:190} INFO - [2026-06-09T19:16:33.792+0000] {dag.py:4180} INFO - Setting next_dagrun for create_analytics_mart to 2026-06-09 02:00:00+00:00, run_after=2026-06-10 02:00:00+00:00
[2026-06-09T19:16:33.809+0000] {processor.py:208} INFO - Processing /opt/airflow/dags/create_mart_dag.py took 0.091 seconds
[2026-06-09T19:17:04.223+0000] {processor.py:186} INFO - Started process (PID=7265) to work on /opt/airflow/dags/create_mart_dag.py
[2026-06-09T19:17:04.224+0000] {processor.py:914} INFO - Processing file /opt/airflow/dags/create_mart_dag.py for tasks to queue
[2026-06-09T19:17:04.226+0000] {logging_mixin.py:190} INFO - [2026-06-09T19:17:04.226+0000] {dagbag.py:588} INFO - Filling up the DagBag from /opt/airflow/dags/create_mart_dag.py
[2026-06-09T19:17:04.245+0000] {processor.py:925} INFO - DAG(s) 'create_analytics_mart' retrieved from /opt/airflow/dags/create_mart_dag.py
[2026-06-09T19:17:04.264+0000] {logging_mixin.py:190} INFO - [2026-06-09T19:17:04.264+0000] {dag.py:3239} INFO - Sync 1 DAGs
[2026-06-09T19:17:04.282+0000] {logging_mixin.py:190} INFO - [2026-06-09T19:17:04.282+0000] {dag.py:4180} INFO - Setting next_dagrun for create_analytics_mart to 2026-06-09 02:00:00+00:00, run_after=2026-06-10 02:00:00+00:00
[2026-06-09T19:17:04.299+0000] {processor.py:208} INFO - Processing /opt/airflow/dags/create_mart_dag.py took 0.081 seconds
[2026-06-09T19:17:34.665+0000] {processor.py:186} INFO - Started process (PID=7291) to work on /opt/airflow/dags/create_mart_dag.py
[2026-06-09T19:17:34.665+0000] {processor.py:914} INFO - Processing file /opt/airflow/dags/create_mart_dag.py for tasks to queue
[2026-06-09T19:17:34.667+0000] {logging_mixin.py:190} INFO - [2026-06-09T19:17:34.667+0000] {dagbag.py:588} INFO - Filling up the DagBag from /opt/airflow/dags/create_mart_dag.py
[2026-06-09T19:17:34.685+0000] {processor.py:925} INFO - DAG(s) 'create_analytics_mart' retrieved from /opt/airflow/dags/create_mart_dag.py
[2026-06-09T19:17:34.704+0000] {logging_mixin.py:190} INFO - [2026-06-09T19:17:34.704+0000] {dag.py:3239} INFO - Sync 1 DAGs
[2026-06-09T19:17:34.724+0000] {logging_mixin.py:190} INFO - [2026-06-09T19:17:34.724+0000] {dag.py:4180} INFO - Setting next_dagrun for create_analytics_mart to 2026-06-09 02:00:00+00:00, run_after=2026-06-10 02:00:00+00:00
[2026-06-09T19:17:34.742+0000] {processor.py:208} INFO - Processing /opt/airflow/dags/create_mart_dag.py took 0.082 seconds
[2026-06-09T19:18:05.110+0000] {processor.py:186} INFO - Started process (PID=7317) to work on /opt/airflow/dags/create_mart_dag.py
[2026-06-09T19:18:05.111+0000] {processor.py:914} INFO - Processing file /opt/airflow/dags/create_mart_dag.py for tasks to queue
[2026-06-09T19:18:05.114+0000] {logging_mixin.py:190} INFO - [2026-06-09T19:18:05.114+0000] {dagbag.py:588} INFO - Filling up the DagBag from /opt/airflow/dags/create_mart_dag.py
[2026-06-09T19:18:05.131+0000] {processor.py:925} INFO - DAG(s) 'create_analytics_mart' retrieved from /opt/airflow/dags/create_mart_dag.py
[2026-06-09T19:18:05.155+0000] {logging_mixin.py:190} INFO - [2026-06-09T19:18:05.154+0000] {dag.py:3239} INFO - Sync 1 DAGs
[2026-06-09T19:18:05.172+0000] {logging_mixin.py:190} INFO - [2026-06-09T19:18:05.171+0000] {dag.py:4180} INFO - Setting next_dagrun for create_analytics_mart to 2026-06-09 02:00:00+00:00, run_after=2026-06-10 02:00:00+00:00
[2026-06-09T19:18:05.186+0000] {processor.py:208} INFO - Processing /opt/airflow/dags/create_mart_dag.py took 0.080 seconds
[2026-06-09T19:18:35.485+0000] {processor.py:186} INFO - Started process (PID=7343) to work on /opt/airflow/dags/create_mart_dag.py
[2026-06-09T19:18:35.486+0000] {processor.py:914} INFO - Processing file /opt/airflow/dags/create_mart_dag.py for tasks to queue
[2026-06-09T19:18:35.488+0000] {logging_mixin.py:190} INFO - [2026-06-09T19:18:35.488+0000] {dagbag.py:588} INFO - Filling up the DagBag from /opt/airflow/dags/create_mart_dag.py
[2026-06-09T19:18:35.506+0000] {processor.py:925} INFO - DAG(s) 'create_analytics_mart' retrieved from /opt/airflow/dags/create_mart_dag.py
[2026-06-09T19:18:35.527+0000] {logging_mixin.py:190} INFO - [2026-06-09T19:18:35.527+0000] {dag.py:3239} INFO - Sync 1 DAGs
[2026-06-09T19:18:35.544+0000] {logging_mixin.py:190} INFO - [2026-06-09T19:18:35.543+0000] {dag.py:4180} INFO - Setting next_dagrun for create_analytics_mart to 2026-06-09 02:00:00+00:00, run_after=2026-06-10 02:00:00+00:00
[2026-06-09T19:18:35.561+0000] {processor.py:208} INFO - Processing /opt/airflow/dags/create_mart_dag.py took 0.080 seconds
[2026-06-09T19:19:05.899+0000] {processor.py:186} INFO - Started process (PID=7369) to work on /opt/airflow/dags/create_mart_dag.py
[2026-06-09T19:19:05.900+0000] {processor.py:914} INFO - Processing file /opt/airflow/dags/create_mart_dag.py for tasks to queue
[2026-06-09T19:19:05.903+0000] {logging_mixin.py:190} INFO - [2026-06-09T19:19:05.902+0000] {dagbag.py:588} INFO - Filling up the DagBag from /opt/airflow/dags/create_mart_dag.py
[2026-06-09T19:19:05.927+0000] {processor.py:925} INFO - DAG(s) 'create_analytics_mart' retrieved from /opt/airflow/dags/create_mart_dag.py
[2026-06-09T19:19:05.950+0000] {logging_mixin.py:190} INFO - [2026-06-09T19:19:05.949+0000] {dag.py:3239} INFO - Sync 1 DAGs
[2026-06-09T19:19:05.969+0000] {logging_mixin.py:190} INFO - [2026-06-09T19:19:05.969+0000] {dag.py:4180} INFO - Setting next_dagrun for create_analytics_mart to 2026-06-09 02:00:00+00:00, run_after=2026-06-10 02:00:00+00:00
[2026-06-09T19:19:05.986+0000] {processor.py:208} INFO - Processing /opt/airflow/dags/create_mart_dag.py took 0.092 seconds
[2026-06-09T19:19:36.403+0000] {processor.py:186} INFO - Started process (PID=7395) to work on /opt/airflow/dags/create_mart_dag.py
[2026-06-09T19:19:36.404+0000] {processor.py:914} INFO - Processing file /opt/airflow/dags/create_mart_dag.py for tasks to queue
[2026-06-09T19:19:36.406+0000] {logging_mixin.py:190} INFO - [2026-06-09T19:19:36.406+0000] {dagbag.py:588} INFO - Filling up the DagBag from /opt/airflow/dags/create_mart_dag.py
[2026-06-09T19:19:36.425+0000] {processor.py:925} INFO - DAG(s) 'create_analytics_mart' retrieved from /opt/airflow/dags/create_mart_dag.py
[2026-06-09T19:19:36.446+0000] {logging_mixin.py:190} INFO - [2026-06-09T19:19:36.445+0000] {dag.py:3239} INFO - Sync 1 DAGs
[2026-06-09T19:19:36.465+0000] {logging_mixin.py:190} INFO - [2026-06-09T19:19:36.464+0000] {dag.py:4180} INFO - Setting next_dagrun for create_analytics_mart to 2026-06-09 02:00:00+00:00, run_after=2026-06-10 02:00:00+00:00
[2026-06-09T19:19:36.480+0000] {processor.py:208} INFO - Processing /opt/airflow/dags/create_mart_dag.py took 0.082 seconds
[2026-06-09T19:20:06.830+0000] {processor.py:186} INFO - Started process (PID=7421) to work on /opt/airflow/dags/create_mart_dag.py
[2026-06-09T19:20:06.831+0000] {processor.py:914} INFO - Processing file /opt/airflow/dags/create_mart_dag.py for tasks to queue
[2026-06-09T19:20:06.833+0000] {logging_mixin.py:190} INFO - [2026-06-09T19:20:06.833+0000] {dagbag.py:588} INFO - Filling up the DagBag from /opt/airflow/dags/create_mart_dag.py
[2026-06-09T19:20:06.852+0000] {processor.py:925} INFO - DAG(s) 'create_analytics_mart' retrieved from /opt/airflow/dags/create_mart_dag.py
[2026-06-09T19:20:06.873+0000] {logging_mixin.py:190} INFO - [2026-06-09T19:20:06.872+0000] {dag.py:3239} INFO - Sync 1 DAGs
[2026-06-09T19:20:06.889+0000] {logging_mixin.py:190} INFO - [2026-06-09T19:20:06.888+0000] {dag.py:4180} INFO - Setting next_dagrun for create_analytics_mart to 2026-06-09 02:00:00+00:00, run_after=2026-06-10 02:00:00+00:00
[2026-06-09T19:20:06.905+0000] {processor.py:208} INFO - Processing /opt/airflow/dags/create_mart_dag.py took 0.080 seconds
[2026-06-09T19:20:37.199+0000] {processor.py:186} INFO - Started process (PID=7447) to work on /opt/airflow/dags/create_mart_dag.py
[2026-06-09T19:20:37.200+0000] {processor.py:914} INFO - Processing file /opt/airflow/dags/create_mart_dag.py for tasks to queue
[2026-06-09T19:20:37.202+0000] {logging_mixin.py:190} INFO - [2026-06-09T19:20:37.202+0000] {dagbag.py:588} INFO - Filling up the DagBag from /opt/airflow/dags/create_mart_dag.py
[2026-06-09T19:20:37.221+0000] {processor.py:925} INFO - DAG(s) 'create_analytics_mart' retrieved from /opt/airflow/dags/create_mart_dag.py
[2026-06-09T19:20:37.239+0000] {logging_mixin.py:190} INFO - [2026-06-09T19:20:37.238+0000] {dag.py:3239} INFO - Sync 1 DAGs
[2026-06-09T19:20:37.255+0000] {logging_mixin.py:190} INFO - [2026-06-09T19:20:37.255+0000] {dag.py:4180} INFO - Setting next_dagrun for create_analytics_mart to 2026-06-09 02:00:00+00:00, run_after=2026-06-10 02:00:00+00:00
[2026-06-09T19:20:37.272+0000] {processor.py:208} INFO - Processing /opt/airflow/dags/create_mart_dag.py took 0.076 seconds
[2026-06-09T19:21:07.570+0000] {processor.py:186} INFO - Started process (PID=7473) to work on /opt/airflow/dags/create_mart_dag.py
[2026-06-09T19:21:07.571+0000] {processor.py:914} INFO - Processing file /opt/airflow/dags/create_mart_dag.py for tasks to queue
[2026-06-09T19:21:07.574+0000] {logging_mixin.py:190} INFO - [2026-06-09T19:21:07.573+0000] {dagbag.py:588} INFO - Filling up the DagBag from /opt/airflow/dags/create_mart_dag.py
[2026-06-09T19:21:07.594+0000] {processor.py:925} INFO - DAG(s) 'create_analytics_mart' retrieved from /opt/airflow/dags/create_mart_dag.py
[2026-06-09T19:21:07.613+0000] {logging_mixin.py:190} INFO - [2026-06-09T19:21:07.613+0000] {dag.py:3239} INFO - Sync 1 DAGs
[2026-06-09T19:21:07.632+0000] {logging_mixin.py:190} INFO - [2026-06-09T19:21:07.632+0000] {dag.py:4180} INFO - Setting next_dagrun for create_analytics_mart to 2026-06-09 02:00:00+00:00, run_after=2026-06-10 02:00:00+00:00
[2026-06-09T19:21:07.650+0000] {processor.py:208} INFO - Processing /opt/airflow/dags/create_mart_dag.py took 0.084 seconds
[2026-06-09T19:21:37.942+0000] {processor.py:186} INFO - Started process (PID=7499) to work on /opt/airflow/dags/create_mart_dag.py
[2026-06-09T19:21:37.943+0000] {processor.py:914} INFO - Processing file /opt/airflow/dags/create_mart_dag.py for tasks to queue
[2026-06-09T19:21:37.945+0000] {logging_mixin.py:190} INFO - [2026-06-09T19:21:37.944+0000] {dagbag.py:588} INFO - Filling up the DagBag from /opt/airflow/dags/create_mart_dag.py
[2026-06-09T19:21:37.964+0000] {processor.py:925} INFO - DAG(s) 'create_analytics_mart' retrieved from /opt/airflow/dags/create_mart_dag.py
[2026-06-09T19:21:37.984+0000] {logging_mixin.py:190} INFO - [2026-06-09T19:21:37.984+0000] {dag.py:3239} INFO - Sync 1 DAGs
[2026-06-09T19:21:38.008+0000] {logging_mixin.py:190} INFO - [2026-06-09T19:21:38.008+0000] {dag.py:4180} INFO - Setting next_dagrun for create_analytics_mart to 2026-06-09 02:00:00+00:00, run_after=2026-06-10 02:00:00+00:00
[2026-06-09T19:21:38.043+0000] {processor.py:208} INFO - Processing /opt/airflow/dags/create_mart_dag.py took 0.105 seconds
[2026-06-09T19:22:08.455+0000] {processor.py:186} INFO - Started process (PID=7525) to work on /opt/airflow/dags/create_mart_dag.py
[2026-06-09T19:22:08.455+0000] {processor.py:914} INFO - Processing file /opt/airflow/dags/create_mart_dag.py for tasks to queue
[2026-06-09T19:22:08.458+0000] {logging_mixin.py:190} INFO - [2026-06-09T19:22:08.458+0000] {dagbag.py:588} INFO - Filling up the DagBag from /opt/airflow/dags/create_mart_dag.py
[2026-06-09T19:22:08.478+0000] {processor.py:925} INFO - DAG(s) 'create_analytics_mart' retrieved from /opt/airflow/dags/create_mart_dag.py
[2026-06-09T19:22:08.499+0000] {logging_mixin.py:190} INFO - [2026-06-09T19:22:08.499+0000] {dag.py:3239} INFO - Sync 1 DAGs
[2026-06-09T19:22:08.516+0000] {logging_mixin.py:190} INFO - [2026-06-09T19:22:08.516+0000] {dag.py:4180} INFO - Setting next_dagrun for create_analytics_mart to 2026-06-09 02:00:00+00:00, run_after=2026-06-10 02:00:00+00:00
[2026-06-09T19:22:08.533+0000] {processor.py:208} INFO - Processing /opt/airflow/dags/create_mart_dag.py took 0.083 seconds
[2026-06-09T19:22:38.908+0000] {processor.py:186} INFO - Started process (PID=7552) to work on /opt/airflow/dags/create_mart_dag.py
[2026-06-09T19:22:38.909+0000] {processor.py:914} INFO - Processing file /opt/airflow/dags/create_mart_dag.py for tasks to queue
[2026-06-09T19:22:38.910+0000] {logging_mixin.py:190} INFO - [2026-06-09T19:22:38.910+0000] {dagbag.py:588} INFO - Filling up the DagBag from /opt/airflow/dags/create_mart_dag.py
[2026-06-09T19:22:38.932+0000] {processor.py:925} INFO - DAG(s) 'create_analytics_mart' retrieved from /opt/airflow/dags/create_mart_dag.py
[2026-06-09T19:22:38.955+0000] {logging_mixin.py:190} INFO - [2026-06-09T19:22:38.955+0000] {dag.py:3239} INFO - Sync 1 DAGs
[2026-06-09T19:22:38.974+0000] {logging_mixin.py:190} INFO - [2026-06-09T19:22:38.974+0000] {dag.py:4180} INFO - Setting next_dagrun for create_analytics_mart to 2026-06-09 02:00:00+00:00, run_after=2026-06-10 02:00:00+00:00
[2026-06-09T19:22:38.991+0000] {processor.py:208} INFO - Processing /opt/airflow/dags/create_mart_dag.py took 0.088 seconds
[2026-06-09T19:23:09.359+0000] {processor.py:186} INFO - Started process (PID=7578) to work on /opt/airflow/dags/create_mart_dag.py
[2026-06-09T19:23:09.360+0000] {processor.py:914} INFO - Processing file /opt/airflow/dags/create_mart_dag.py for tasks to queue
[2026-06-09T19:23:09.363+0000] {logging_mixin.py:190} INFO - [2026-06-09T19:23:09.362+0000] {dagbag.py:588} INFO - Filling up the DagBag from /opt/airflow/dags/create_mart_dag.py
[2026-06-09T19:23:09.383+0000] {processor.py:925} INFO - DAG(s) 'create_analytics_mart' retrieved from /opt/airflow/dags/create_mart_dag.py
[2026-06-09T19:23:09.406+0000] {logging_mixin.py:190} INFO - [2026-06-09T19:23:09.406+0000] {dag.py:3239} INFO - Sync 1 DAGs
[2026-06-09T19:23:09.422+0000] {logging_mixin.py:190} INFO - [2026-06-09T19:23:09.422+0000] {dag.py:4180} INFO - Setting next_dagrun for create_analytics_mart to 2026-06-09 02:00:00+00:00, run_after=2026-06-10 02:00:00+00:00
[2026-06-09T19:23:09.437+0000] {processor.py:208} INFO - Processing /opt/airflow/dags/create_mart_dag.py took 0.082 seconds
[2026-06-09T19:23:39.761+0000] {processor.py:186} INFO - Started process (PID=7604) to work on /opt/airflow/dags/create_mart_dag.py
[2026-06-09T19:23:39.762+0000] {processor.py:914} INFO - Processing file /opt/airflow/dags/create_mart_dag.py for tasks to queue
[2026-06-09T19:23:39.765+0000] {logging_mixin.py:190} INFO - [2026-06-09T19:23:39.765+0000] {dagbag.py:588} INFO - Filling up the DagBag from /opt/airflow/dags/create_mart_dag.py
[2026-06-09T19:23:39.792+0000] {processor.py:925} INFO - DAG(s) 'create_analytics_mart' retrieved from /opt/airflow/dags/create_mart_dag.py
[2026-06-09T19:23:39.814+0000] {logging_mixin.py:190} INFO - [2026-06-09T19:23:39.813+0000] {dag.py:3239} INFO - Sync 1 DAGs
[2026-06-09T19:23:39.834+0000] {logging_mixin.py:190} INFO - [2026-06-09T19:23:39.833+0000] {dag.py:4180} INFO - Setting next_dagrun for create_analytics_mart to 2026-06-09 02:00:00+00:00, run_after=2026-06-10 02:00:00+00:00
[2026-06-09T19:23:39.856+0000] {processor.py:208} INFO - Processing /opt/airflow/dags/create_mart_dag.py took 0.102 seconds
[2026-06-09T19:24:10.217+0000] {processor.py:186} INFO - Started process (PID=7630) to work on /opt/airflow/dags/create_mart_dag.py
[2026-06-09T19:24:10.218+0000] {processor.py:914} INFO - Processing file /opt/airflow/dags/create_mart_dag.py for tasks to queue
[2026-06-09T19:24:10.220+0000] {logging_mixin.py:190} INFO - [2026-06-09T19:24:10.220+0000] {dagbag.py:588} INFO - Filling up the DagBag from /opt/airflow/dags/create_mart_dag.py
[2026-06-09T19:24:10.240+0000] {processor.py:925} INFO - DAG(s) 'create_analytics_mart' retrieved from /opt/airflow/dags/create_mart_dag.py
[2026-06-09T19:24:10.267+0000] {logging_mixin.py:190} INFO - [2026-06-09T19:24:10.267+0000] {dag.py:3239} INFO - Sync 1 DAGs
[2026-06-09T19:24:10.284+0000] {logging_mixin.py:190} INFO - [2026-06-09T19:24:10.284+0000] {dag.py:4180} INFO - Setting next_dagrun for create_analytics_mart to 2026-06-09 02:00:00+00:00, run_after=2026-06-10 02:00:00+00:00
[2026-06-09T19:24:10.300+0000] {processor.py:208} INFO - Processing /opt/airflow/dags/create_mart_dag.py took 0.088 seconds
[2026-06-09T19:24:40.613+0000] {processor.py:186} INFO - Started process (PID=7655) to work on /opt/airflow/dags/create_mart_dag.py
[2026-06-09T19:24:40.614+0000] {processor.py:914} INFO - Processing file /opt/airflow/dags/create_mart_dag.py for tasks to queue
[2026-06-09T19:24:40.616+0000] {logging_mixin.py:190} INFO - [2026-06-09T19:24:40.616+0000] {dagbag.py:588} INFO - Filling up the DagBag from /opt/airflow/dags/create_mart_dag.py
[2026-06-09T19:24:40.636+0000] {processor.py:925} INFO - DAG(s) 'create_analytics_mart' retrieved from /opt/airflow/dags/create_mart_dag.py
[2026-06-09T19:24:40.655+0000] {logging_mixin.py:190} INFO - [2026-06-09T19:24:40.655+0000] {dag.py:3239} INFO - Sync 1 DAGs
[2026-06-09T19:24:40.673+0000] {logging_mixin.py:190} INFO - [2026-06-09T19:24:40.673+0000] {dag.py:4180} INFO - Setting next_dagrun for create_analytics_mart to 2026-06-09 02:00:00+00:00, run_after=2026-06-10 02:00:00+00:00
[2026-06-09T19:24:40.690+0000] {processor.py:208} INFO - Processing /opt/airflow/dags/create_mart_dag.py took 0.081 seconds
[2026-06-09T19:25:11.041+0000] {processor.py:186} INFO - Started process (PID=7681) to work on /opt/airflow/dags/create_mart_dag.py
[2026-06-09T19:25:11.042+0000] {processor.py:914} INFO - Processing file /opt/airflow/dags/create_mart_dag.py for tasks to queue
[2026-06-09T19:25:11.044+0000] {logging_mixin.py:190} INFO - [2026-06-09T19:25:11.044+0000] {dagbag.py:588} INFO - Filling up the DagBag from /opt/airflow/dags/create_mart_dag.py
[2026-06-09T19:25:11.062+0000] {processor.py:925} INFO - DAG(s) 'create_analytics_mart' retrieved from /opt/airflow/dags/create_mart_dag.py
[2026-06-09T19:25:11.082+0000] {logging_mixin.py:190} INFO - [2026-06-09T19:25:11.082+0000] {dag.py:3239} INFO - Sync 1 DAGs
[2026-06-09T19:25:11.101+0000] {logging_mixin.py:190} INFO - [2026-06-09T19:25:11.101+0000] {dag.py:4180} INFO - Setting next_dagrun for create_analytics_mart to 2026-06-09 02:00:00+00:00, run_after=2026-06-10 02:00:00+00:00
[2026-06-09T19:25:11.119+0000] {processor.py:208} INFO - Processing /opt/airflow/dags/create_mart_dag.py took 0.082 seconds
[2026-06-09T19:25:41.482+0000] {processor.py:186} INFO - Started process (PID=7707) to work on /opt/airflow/dags/create_mart_dag.py
[2026-06-09T19:25:41.483+0000] {processor.py:914} INFO - Processing file /opt/airflow/dags/create_mart_dag.py for tasks to queue
[2026-06-09T19:25:41.485+0000] {logging_mixin.py:190} INFO - [2026-06-09T19:25:41.484+0000] {dagbag.py:588} INFO - Filling up the DagBag from /opt/airflow/dags/create_mart_dag.py
[2026-06-09T19:25:41.506+0000] {processor.py:925} INFO - DAG(s) 'create_analytics_mart' retrieved from /opt/airflow/dags/create_mart_dag.py
[2026-06-09T19:25:41.527+0000] {logging_mixin.py:190} INFO - [2026-06-09T19:25:41.527+0000] {dag.py:3239} INFO - Sync 1 DAGs
[2026-06-09T19:25:41.545+0000] {logging_mixin.py:190} INFO - [2026-06-09T19:25:41.545+0000] {dag.py:4180} INFO - Setting next_dagrun for create_analytics_mart to 2026-06-09 02:00:00+00:00, run_after=2026-06-10 02:00:00+00:00
[2026-06-09T19:25:41.564+0000] {processor.py:208} INFO - Processing /opt/airflow/dags/create_mart_dag.py took 0.087 seconds
[2026-06-09T19:26:11.938+0000] {processor.py:186} INFO - Started process (PID=7734) to work on /opt/airflow/dags/create_mart_dag.py
[2026-06-09T19:26:11.939+0000] {processor.py:914} INFO - Processing file /opt/airflow/dags/create_mart_dag.py for tasks to queue
[2026-06-09T19:26:11.942+0000] {logging_mixin.py:190} INFO - [2026-06-09T19:26:11.942+0000] {dagbag.py:588} INFO - Filling up the DagBag from /opt/airflow/dags/create_mart_dag.py
[2026-06-09T19:26:11.962+0000] {processor.py:925} INFO - DAG(s) 'create_analytics_mart' retrieved from /opt/airflow/dags/create_mart_dag.py
[2026-06-09T19:26:11.982+0000] {logging_mixin.py:190} INFO - [2026-06-09T19:26:11.982+0000] {dag.py:3239} INFO - Sync 1 DAGs
[2026-06-09T19:26:11.998+0000] {logging_mixin.py:190} INFO - [2026-06-09T19:26:11.998+0000] {dag.py:4180} INFO - Setting next_dagrun for create_analytics_mart to 2026-06-09 02:00:00+00:00, run_after=2026-06-10 02:00:00+00:00
[2026-06-09T19:26:12.016+0000] {processor.py:208} INFO - Processing /opt/airflow/dags/create_mart_dag.py took 0.082 seconds
[2026-06-09T19:26:42.331+0000] {processor.py:186} INFO - Started process (PID=7760) to work on /opt/airflow/dags/create_mart_dag.py
[2026-06-09T19:26:42.332+0000] {processor.py:914} INFO - Processing file /opt/airflow/dags/create_mart_dag.py for tasks to queue
[2026-06-09T19:26:42.334+0000] {logging_mixin.py:190} INFO - [2026-06-09T19:26:42.333+0000] {dagbag.py:588} INFO - Filling up the DagBag from /opt/airflow/dags/create_mart_dag.py
[2026-06-09T19:26:42.386+0000] {processor.py:925} INFO - DAG(s) 'create_analytics_mart' retrieved from /opt/airflow/dags/create_mart_dag.py
[2026-06-09T19:26:42.418+0000] {logging_mixin.py:190} INFO - [2026-06-09T19:26:42.417+0000] {dag.py:3239} INFO - Sync 1 DAGs
[2026-06-09T19:26:42.435+0000] {logging_mixin.py:190} INFO - [2026-06-09T19:26:42.435+0000] {dag.py:4180} INFO - Setting next_dagrun for create_analytics_mart to 2026-06-09 02:00:00+00:00, run_after=2026-06-10 02:00:00+00:00
[2026-06-09T19:26:42.451+0000] {processor.py:208} INFO - Processing /opt/airflow/dags/create_mart_dag.py took 0.125 seconds
[2026-06-09T19:27:12.722+0000] {processor.py:186} INFO - Started process (PID=7786) to work on /opt/airflow/dags/create_mart_dag.py
[2026-06-09T19:27:12.723+0000] {processor.py:914} INFO - Processing file /opt/airflow/dags/create_mart_dag.py for tasks to queue
[2026-06-09T19:27:12.725+0000] {logging_mixin.py:190} INFO - [2026-06-09T19:27:12.725+0000] {dagbag.py:588} INFO - Filling up the DagBag from /opt/airflow/dags/create_mart_dag.py
[2026-06-09T19:27:12.745+0000] {processor.py:925} INFO - DAG(s) 'create_analytics_mart' retrieved from /opt/airflow/dags/create_mart_dag.py
[2026-06-09T19:27:12.765+0000] {logging_mixin.py:190} INFO - [2026-06-09T19:27:12.765+0000] {dag.py:3239} INFO - Sync 1 DAGs
[2026-06-09T19:27:12.781+0000] {logging_mixin.py:190} INFO - [2026-06-09T19:27:12.781+0000] {dag.py:4180} INFO - Setting next_dagrun for create_analytics_mart to 2026-06-09 02:00:00+00:00, run_after=2026-06-10 02:00:00+00:00
[2026-06-09T19:27:12.797+0000] {processor.py:208} INFO - Processing /opt/airflow/dags/create_mart_dag.py took 0.079 seconds
[2026-06-09T19:27:43.119+0000] {processor.py:186} INFO - Started process (PID=7812) to work on /opt/airflow/dags/create_mart_dag.py
[2026-06-09T19:27:43.120+0000] {processor.py:914} INFO - Processing file /opt/airflow/dags/create_mart_dag.py for tasks to queue
[2026-06-09T19:27:43.122+0000] {logging_mixin.py:190} INFO - [2026-06-09T19:27:43.121+0000] {dagbag.py:588} INFO - Filling up the DagBag from /opt/airflow/dags/create_mart_dag.py
[2026-06-09T19:27:43.142+0000] {processor.py:925} INFO - DAG(s) 'create_analytics_mart' retrieved from /opt/airflow/dags/create_mart_dag.py
[2026-06-09T19:27:43.161+0000] {logging_mixin.py:190} INFO - [2026-06-09T19:27:43.161+0000] {dag.py:3239} INFO - Sync 1 DAGs
[2026-06-09T19:27:43.178+0000] {logging_mixin.py:190} INFO - [2026-06-09T19:27:43.177+0000] {dag.py:4180} INFO - Setting next_dagrun for create_analytics_mart to 2026-06-09 02:00:00+00:00, run_after=2026-06-10 02:00:00+00:00
[2026-06-09T19:27:43.194+0000] {processor.py:208} INFO - Processing /opt/airflow/dags/create_mart_dag.py took 0.080 seconds
[2026-06-09T19:28:13.525+0000] {processor.py:186} INFO - Started process (PID=7838) to work on /opt/airflow/dags/create_mart_dag.py
[2026-06-09T19:28:13.526+0000] {processor.py:914} INFO - Processing file /opt/airflow/dags/create_mart_dag.py for tasks to queue
[2026-06-09T19:28:13.528+0000] {logging_mixin.py:190} INFO - [2026-06-09T19:28:13.528+0000] {dagbag.py:588} INFO - Filling up the DagBag from /opt/airflow/dags/create_mart_dag.py
[2026-06-09T19:28:13.552+0000] {processor.py:925} INFO - DAG(s) 'create_analytics_mart' retrieved from /opt/airflow/dags/create_mart_dag.py
[2026-06-09T19:28:13.575+0000] {logging_mixin.py:190} INFO - [2026-06-09T19:28:13.574+0000] {dag.py:3239} INFO - Sync 1 DAGs
[2026-06-09T19:28:13.593+0000] {logging_mixin.py:190} INFO - [2026-06-09T19:28:13.593+0000] {dag.py:4180} INFO - Setting next_dagrun for create_analytics_mart to 2026-06-09 02:00:00+00:00, run_after=2026-06-10 02:00:00+00:00
[2026-06-09T19:28:13.612+0000] {processor.py:208} INFO - Processing /opt/airflow/dags/create_mart_dag.py took 0.092 seconds
[2026-06-09T19:28:43.983+0000] {processor.py:186} INFO - Started process (PID=7864) to work on /opt/airflow/dags/create_mart_dag.py
[2026-06-09T19:28:43.984+0000] {processor.py:914} INFO - Processing file /opt/airflow/dags/create_mart_dag.py for tasks to queue
[2026-06-09T19:28:43.986+0000] {logging_mixin.py:190} INFO - [2026-06-09T19:28:43.986+0000] {dagbag.py:588} INFO - Filling up the DagBag from /opt/airflow/dags/create_mart_dag.py
[2026-06-09T19:28:44.072+0000] {processor.py:925} INFO - DAG(s) 'create_analytics_mart' retrieved from /opt/airflow/dags/create_mart_dag.py
[2026-06-09T19:28:44.093+0000] {logging_mixin.py:190} INFO - [2026-06-09T19:28:44.092+0000] {dag.py:3239} INFO - Sync 1 DAGs
[2026-06-09T19:28:44.114+0000] {logging_mixin.py:190} INFO - [2026-06-09T19:28:44.114+0000] {dag.py:4180} INFO - Setting next_dagrun for create_analytics_mart to 2026-06-09 02:00:00+00:00, run_after=2026-06-10 02:00:00+00:00
[2026-06-09T19:28:44.135+0000] {processor.py:208} INFO - Processing /opt/airflow/dags/create_mart_dag.py took 0.156 seconds
[2026-06-09T19:29:14.500+0000] {processor.py:186} INFO - Started process (PID=7890) to work on /opt/airflow/dags/create_mart_dag.py
[2026-06-09T19:29:14.501+0000] {processor.py:914} INFO - Processing file /opt/airflow/dags/create_mart_dag.py for tasks to queue
[2026-06-09T19:29:14.503+0000] {logging_mixin.py:190} INFO - [2026-06-09T19:29:14.503+0000] {dagbag.py:588} INFO - Filling up the DagBag from /opt/airflow/dags/create_mart_dag.py
[2026-06-09T19:29:14.526+0000] {processor.py:925} INFO - DAG(s) 'create_analytics_mart' retrieved from /opt/airflow/dags/create_mart_dag.py
[2026-06-09T19:29:14.547+0000] {logging_mixin.py:190} INFO - [2026-06-09T19:29:14.547+0000] {dag.py:3239} INFO - Sync 1 DAGs
[2026-06-09T19:29:14.565+0000] {logging_mixin.py:190} INFO - [2026-06-09T19:29:14.565+0000] {dag.py:4180} INFO - Setting next_dagrun for create_analytics_mart to 2026-06-09 02:00:00+00:00, run_after=2026-06-10 02:00:00+00:00
[2026-06-09T19:29:14.583+0000] {processor.py:208} INFO - Processing /opt/airflow/dags/create_mart_dag.py took 0.088 seconds
[2026-06-09T19:29:44.935+0000] {processor.py:186} INFO - Started process (PID=7916) to work on /opt/airflow/dags/create_mart_dag.py
[2026-06-09T19:29:44.936+0000] {processor.py:914} INFO - Processing file /opt/airflow/dags/create_mart_dag.py for tasks to queue
[2026-06-09T19:29:44.938+0000] {logging_mixin.py:190} INFO - [2026-06-09T19:29:44.937+0000] {dagbag.py:588} INFO - Filling up the DagBag from /opt/airflow/dags/create_mart_dag.py
[2026-06-09T19:29:44.965+0000] {processor.py:925} INFO - DAG(s) 'create_analytics_mart' retrieved from /opt/airflow/dags/create_mart_dag.py
[2026-06-09T19:29:44.983+0000] {logging_mixin.py:190} INFO - [2026-06-09T19:29:44.983+0000] {dag.py:3239} INFO - Sync 1 DAGs
[2026-06-09T19:29:45.000+0000] {logging_mixin.py:190} INFO - [2026-06-09T19:29:45.000+0000] {dag.py:4180} INFO - Setting next_dagrun for create_analytics_mart to 2026-06-09 02:00:00+00:00, run_after=2026-06-10 02:00:00+00:00
[2026-06-09T19:29:45.016+0000] {processor.py:208} INFO - Processing /opt/airflow/dags/create_mart_dag.py took 0.086 seconds
[2026-06-09T19:30:15.396+0000] {processor.py:186} INFO - Started process (PID=7942) to work on /opt/airflow/dags/create_mart_dag.py
[2026-06-09T19:30:15.397+0000] {processor.py:914} INFO - Processing file /opt/airflow/dags/create_mart_dag.py for tasks to queue
[2026-06-09T19:30:15.399+0000] {logging_mixin.py:190} INFO - [2026-06-09T19:30:15.399+0000] {dagbag.py:588} INFO - Filling up the DagBag from /opt/airflow/dags/create_mart_dag.py
[2026-06-09T19:30:15.422+0000] {processor.py:925} INFO - DAG(s) 'create_analytics_mart' retrieved from /opt/airflow/dags/create_mart_dag.py
[2026-06-09T19:30:15.442+0000] {logging_mixin.py:190} INFO - [2026-06-09T19:30:15.442+0000] {dag.py:3239} INFO - Sync 1 DAGs
[2026-06-09T19:30:15.461+0000] {logging_mixin.py:190} INFO - [2026-06-09T19:30:15.460+0000] {dag.py:4180} INFO - Setting next_dagrun for create_analytics_mart to 2026-06-09 02:00:00+00:00, run_after=2026-06-10 02:00:00+00:00
[2026-06-09T19:30:15.475+0000] {processor.py:208} INFO - Processing /opt/airflow/dags/create_mart_dag.py took 0.084 seconds
[2026-06-09T19:30:45.801+0000] {processor.py:186} INFO - Started process (PID=7968) to work on /opt/airflow/dags/create_mart_dag.py
[2026-06-09T19:30:45.802+0000] {processor.py:914} INFO - Processing file /opt/airflow/dags/create_mart_dag.py for tasks to queue
[2026-06-09T19:30:45.804+0000] {logging_mixin.py:190} INFO - [2026-06-09T19:30:45.804+0000] {dagbag.py:588} INFO - Filling up the DagBag from /opt/airflow/dags/create_mart_dag.py
[2026-06-09T19:30:45.822+0000] {processor.py:925} INFO - DAG(s) 'create_analytics_mart' retrieved from /opt/airflow/dags/create_mart_dag.py
[2026-06-09T19:30:45.841+0000] {logging_mixin.py:190} INFO - [2026-06-09T19:30:45.841+0000] {dag.py:3239} INFO - Sync 1 DAGs
[2026-06-09T19:30:45.857+0000] {logging_mixin.py:190} INFO - [2026-06-09T19:30:45.857+0000] {dag.py:4180} INFO - Setting next_dagrun for create_analytics_mart to 2026-06-09 02:00:00+00:00, run_after=2026-06-10 02:00:00+00:00
[2026-06-09T19:30:45.873+0000] {processor.py:208} INFO - Processing /opt/airflow/dags/create_mart_dag.py took 0.075 seconds
[2026-06-09T19:31:16.161+0000] {processor.py:186} INFO - Started process (PID=7994) to work on /opt/airflow/dags/create_mart_dag.py
[2026-06-09T19:31:16.163+0000] {processor.py:914} INFO - Processing file /opt/airflow/dags/create_mart_dag.py for tasks to queue
[2026-06-09T19:31:16.165+0000] {logging_mixin.py:190} INFO - [2026-06-09T19:31:16.165+0000] {dagbag.py:588} INFO - Filling up the DagBag from /opt/airflow/dags/create_mart_dag.py
[2026-06-09T19:31:16.186+0000] {processor.py:925} INFO - DAG(s) 'create_analytics_mart' retrieved from /opt/airflow/dags/create_mart_dag.py
[2026-06-09T19:31:16.206+0000] {logging_mixin.py:190} INFO - [2026-06-09T19:31:16.206+0000] {dag.py:3239} INFO - Sync 1 DAGs
[2026-06-09T19:31:16.225+0000] {logging_mixin.py:190} INFO - [2026-06-09T19:31:16.225+0000] {dag.py:4180} INFO - Setting next_dagrun for create_analytics_mart to 2026-06-09 02:00:00+00:00, run_after=2026-06-10 02:00:00+00:00
[2026-06-09T19:31:16.241+0000] {processor.py:208} INFO - Processing /opt/airflow/dags/create_mart_dag.py took 0.085 seconds
[2026-06-09T19:31:46.662+0000] {processor.py:186} INFO - Started process (PID=8020) to work on /opt/airflow/dags/create_mart_dag.py
[2026-06-09T19:31:46.663+0000] {processor.py:914} INFO - Processing file /opt/airflow/dags/create_mart_dag.py for tasks to queue
[2026-06-09T19:31:46.665+0000] {logging_mixin.py:190} INFO - [2026-06-09T19:31:46.665+0000] {dagbag.py:588} INFO - Filling up the DagBag from /opt/airflow/dags/create_mart_dag.py
[2026-06-09T19:31:46.689+0000] {processor.py:925} INFO - DAG(s) 'create_analytics_mart' retrieved from /opt/airflow/dags/create_mart_dag.py
[2026-06-09T19:31:46.709+0000] {logging_mixin.py:190} INFO - [2026-06-09T19:31:46.708+0000] {dag.py:3239} INFO - Sync 1 DAGs
[2026-06-09T19:31:46.725+0000] {logging_mixin.py:190} INFO - [2026-06-09T19:31:46.725+0000] {dag.py:4180} INFO - Setting next_dagrun for create_analytics_mart to 2026-06-09 02:00:00+00:00, run_after=2026-06-10 02:00:00+00:00
[2026-06-09T19:31:46.742+0000] {processor.py:208} INFO - Processing /opt/airflow/dags/create_mart_dag.py took 0.084 seconds
[2026-06-09T19:32:17.104+0000] {processor.py:186} INFO - Started process (PID=8046) to work on /opt/airflow/dags/create_mart_dag.py
[2026-06-09T19:32:17.105+0000] {processor.py:914} INFO - Processing file /opt/airflow/dags/create_mart_dag.py for tasks to queue
[2026-06-09T19:32:17.108+0000] {logging_mixin.py:190} INFO - [2026-06-09T19:32:17.107+0000] {dagbag.py:588} INFO - Filling up the DagBag from /opt/airflow/dags/create_mart_dag.py
[2026-06-09T19:32:17.127+0000] {processor.py:925} INFO - DAG(s) 'create_analytics_mart' retrieved from /opt/airflow/dags/create_mart_dag.py
[2026-06-09T19:32:17.149+0000] {logging_mixin.py:190} INFO - [2026-06-09T19:32:17.149+0000] {dag.py:3239} INFO - Sync 1 DAGs
[2026-06-09T19:32:17.167+0000] {logging_mixin.py:190} INFO - [2026-06-09T19:32:17.167+0000] {dag.py:4180} INFO - Setting next_dagrun for create_analytics_mart to 2026-06-09 02:00:00+00:00, run_after=2026-06-10 02:00:00+00:00
[2026-06-09T19:32:17.187+0000] {processor.py:208} INFO - Processing /opt/airflow/dags/create_mart_dag.py took 0.088 seconds
[2026-06-09T19:32:47.560+0000] {processor.py:186} INFO - Started process (PID=8072) to work on /opt/airflow/dags/create_mart_dag.py
[2026-06-09T19:32:47.560+0000] {processor.py:914} INFO - Processing file /opt/airflow/dags/create_mart_dag.py for tasks to queue
[2026-06-09T19:32:47.562+0000] {logging_mixin.py:190} INFO - [2026-06-09T19:32:47.562+0000] {dagbag.py:588} INFO - Filling up the DagBag from /opt/airflow/dags/create_mart_dag.py
[2026-06-09T19:32:47.582+0000] {processor.py:925} INFO - DAG(s) 'create_analytics_mart' retrieved from /opt/airflow/dags/create_mart_dag.py
[2026-06-09T19:32:47.601+0000] {logging_mixin.py:190} INFO - [2026-06-09T19:32:47.600+0000] {dag.py:3239} INFO - Sync 1 DAGs
[2026-06-09T19:32:47.618+0000] {logging_mixin.py:190} INFO - [2026-06-09T19:32:47.618+0000] {dag.py:4180} INFO - Setting next_dagrun for create_analytics_mart to 2026-06-09 02:00:00+00:00, run_after=2026-06-10 02:00:00+00:00
[2026-06-09T19:32:47.636+0000] {processor.py:208} INFO - Processing /opt/airflow/dags/create_mart_dag.py took 0.081 seconds
[2026-06-09T19:33:18.011+0000] {processor.py:186} INFO - Started process (PID=8098) to work on /opt/airflow/dags/create_mart_dag.py
[2026-06-09T19:33:18.012+0000] {processor.py:914} INFO - Processing file /opt/airflow/dags/create_mart_dag.py for tasks to queue
[2026-06-09T19:33:18.014+0000] {logging_mixin.py:190} INFO - [2026-06-09T19:33:18.014+0000] {dagbag.py:588} INFO - Filling up the DagBag from /opt/airflow/dags/create_mart_dag.py
[2026-06-09T19:33:18.034+0000] {processor.py:925} INFO - DAG(s) 'create_analytics_mart' retrieved from /opt/airflow/dags/create_mart_dag.py
[2026-06-09T19:33:18.053+0000] {logging_mixin.py:190} INFO - [2026-06-09T19:33:18.053+0000] {dag.py:3239} INFO - Sync 1 DAGs
[2026-06-09T19:33:18.069+0000] {logging_mixin.py:190} INFO - [2026-06-09T19:33:18.068+0000] {dag.py:4180} INFO - Setting next_dagrun for create_analytics_mart to 2026-06-09 02:00:00+00:00, run_after=2026-06-10 02:00:00+00:00
[2026-06-09T19:33:18.083+0000] {processor.py:208} INFO - Processing /opt/airflow/dags/create_mart_dag.py took 0.076 seconds
[2026-06-09T19:33:48.425+0000] {processor.py:186} INFO - Started process (PID=8124) to work on /opt/airflow/dags/create_mart_dag.py
[2026-06-09T19:33:48.426+0000] {processor.py:914} INFO - Processing file /opt/airflow/dags/create_mart_dag.py for tasks to queue
[2026-06-09T19:33:48.428+0000] {logging_mixin.py:190} INFO - [2026-06-09T19:33:48.428+0000] {dagbag.py:588} INFO - Filling up the DagBag from /opt/airflow/dags/create_mart_dag.py
[2026-06-09T19:33:48.452+0000] {processor.py:925} INFO - DAG(s) 'create_analytics_mart' retrieved from /opt/airflow/dags/create_mart_dag.py
[2026-06-09T19:33:48.473+0000] {logging_mixin.py:190} INFO - [2026-06-09T19:33:48.473+0000] {dag.py:3239} INFO - Sync 1 DAGs
[2026-06-09T19:33:48.492+0000] {logging_mixin.py:190} INFO - [2026-06-09T19:33:48.491+0000] {dag.py:4180} INFO - Setting next_dagrun for create_analytics_mart to 2026-06-09 02:00:00+00:00, run_after=2026-06-10 02:00:00+00:00
[2026-06-09T19:33:48.511+0000] {processor.py:208} INFO - Processing /opt/airflow/dags/create_mart_dag.py took 0.091 seconds
[2026-06-09T19:34:18.804+0000] {processor.py:186} INFO - Started process (PID=8150) to work on /opt/airflow/dags/create_mart_dag.py
[2026-06-09T19:34:18.805+0000] {processor.py:914} INFO - Processing file /opt/airflow/dags/create_mart_dag.py for tasks to queue
[2026-06-09T19:34:18.808+0000] {logging_mixin.py:190} INFO - [2026-06-09T19:34:18.808+0000] {dagbag.py:588} INFO - Filling up the DagBag from /opt/airflow/dags/create_mart_dag.py
[2026-06-09T19:34:18.830+0000] {processor.py:925} INFO - DAG(s) 'create_analytics_mart' retrieved from /opt/airflow/dags/create_mart_dag.py
[2026-06-09T19:34:18.850+0000] {logging_mixin.py:190} INFO - [2026-06-09T19:34:18.850+0000] {dag.py:3239} INFO - Sync 1 DAGs
[2026-06-09T19:34:18.868+0000] {logging_mixin.py:190} INFO - [2026-06-09T19:34:18.868+0000] {dag.py:4180} INFO - Setting next_dagrun for create_analytics_mart to 2026-06-09 02:00:00+00:00, run_after=2026-06-10 02:00:00+00:00
[2026-06-09T19:34:18.885+0000] {processor.py:208} INFO - Processing /opt/airflow/dags/create_mart_dag.py took 0.085 seconds
[2026-06-09T19:34:49.259+0000] {processor.py:186} INFO - Started process (PID=8176) to work on /opt/airflow/dags/create_mart_dag.py
[2026-06-09T19:34:49.260+0000] {processor.py:914} INFO - Processing file /opt/airflow/dags/create_mart_dag.py for tasks to queue
[2026-06-09T19:34:49.262+0000] {logging_mixin.py:190} INFO - [2026-06-09T19:34:49.261+0000] {dagbag.py:588} INFO - Filling up the DagBag from /opt/airflow/dags/create_mart_dag.py
[2026-06-09T19:34:49.282+0000] {processor.py:925} INFO - DAG(s) 'create_analytics_mart' retrieved from /opt/airflow/dags/create_mart_dag.py
[2026-06-09T19:34:49.302+0000] {logging_mixin.py:190} INFO - [2026-06-09T19:34:49.302+0000] {dag.py:3239} INFO - Sync 1 DAGs
[2026-06-09T19:34:49.323+0000] {logging_mixin.py:190} INFO - [2026-06-09T19:34:49.323+0000] {dag.py:4180} INFO - Setting next_dagrun for create_analytics_mart to 2026-06-09 02:00:00+00:00, run_after=2026-06-10 02:00:00+00:00
[2026-06-09T19:34:49.342+0000] {processor.py:208} INFO - Processing /opt/airflow/dags/create_mart_dag.py took 0.090 seconds
[2026-06-09T19:35:19.733+0000] {processor.py:186} INFO - Started process (PID=8202) to work on /opt/airflow/dags/create_mart_dag.py
[2026-06-09T19:35:19.734+0000] {processor.py:914} INFO - Processing file /opt/airflow/dags/create_mart_dag.py for tasks to queue
[2026-06-09T19:35:19.737+0000] {logging_mixin.py:190} INFO - [2026-06-09T19:35:19.736+0000] {dagbag.py:588} INFO - Filling up the DagBag from /opt/airflow/dags/create_mart_dag.py
[2026-06-09T19:35:19.754+0000] {processor.py:925} INFO - DAG(s) 'create_analytics_mart' retrieved from /opt/airflow/dags/create_mart_dag.py
[2026-06-09T19:35:19.776+0000] {logging_mixin.py:190} INFO - [2026-06-09T19:35:19.775+0000] {dag.py:3239} INFO - Sync 1 DAGs
[2026-06-09T19:35:19.792+0000] {logging_mixin.py:190} INFO - [2026-06-09T19:35:19.792+0000] {dag.py:4180} INFO - Setting next_dagrun for create_analytics_mart to 2026-06-09 02:00:00+00:00, run_after=2026-06-10 02:00:00+00:00
[2026-06-09T19:35:19.818+0000] {processor.py:208} INFO - Processing /opt/airflow/dags/create_mart_dag.py took 0.090 seconds
[2026-06-09T19:35:50.178+0000] {processor.py:186} INFO - Started process (PID=8228) to work on /opt/airflow/dags/create_mart_dag.py
[2026-06-09T19:35:50.179+0000] {processor.py:914} INFO - Processing file /opt/airflow/dags/create_mart_dag.py for tasks to queue
[2026-06-09T19:35:50.182+0000] {logging_mixin.py:190} INFO - [2026-06-09T19:35:50.181+0000] {dagbag.py:588} INFO - Filling up the DagBag from /opt/airflow/dags/create_mart_dag.py
[2026-06-09T19:35:50.206+0000] {processor.py:925} INFO - DAG(s) 'create_analytics_mart' retrieved from /opt/airflow/dags/create_mart_dag.py
[2026-06-09T19:35:50.228+0000] {logging_mixin.py:190} INFO - [2026-06-09T19:35:50.227+0000] {dag.py:3239} INFO - Sync 1 DAGs
[2026-06-09T19:35:50.245+0000] {logging_mixin.py:190} INFO - [2026-06-09T19:35:50.245+0000] {dag.py:4180} INFO - Setting next_dagrun for create_analytics_mart to 2026-06-09 02:00:00+00:00, run_after=2026-06-10 02:00:00+00:00
[2026-06-09T19:35:50.266+0000] {processor.py:208} INFO - Processing /opt/airflow/dags/create_mart_dag.py took 0.093 seconds
[2026-06-09T19:36:20.638+0000] {processor.py:186} INFO - Started process (PID=8254) to work on /opt/airflow/dags/create_mart_dag.py
[2026-06-09T19:36:20.639+0000] {processor.py:914} INFO - Processing file /opt/airflow/dags/create_mart_dag.py for tasks to queue
[2026-06-09T19:36:20.642+0000] {logging_mixin.py:190} INFO - [2026-06-09T19:36:20.642+0000] {dagbag.py:588} INFO - Filling up the DagBag from /opt/airflow/dags/create_mart_dag.py
[2026-06-09T19:36:20.674+0000] {processor.py:925} INFO - DAG(s) 'create_analytics_mart' retrieved from /opt/airflow/dags/create_mart_dag.py
[2026-06-09T19:36:20.698+0000] {logging_mixin.py:190} INFO - [2026-06-09T19:36:20.698+0000] {dag.py:3239} INFO - Sync 1 DAGs
[2026-06-09T19:36:20.717+0000] {logging_mixin.py:190} INFO - [2026-06-09T19:36:20.716+0000] {dag.py:4180} INFO - Setting next_dagrun for create_analytics_mart to 2026-06-09 02:00:00+00:00, run_after=2026-06-10 02:00:00+00:00
[2026-06-09T19:36:20.733+0000] {processor.py:208} INFO - Processing /opt/airflow/dags/create_mart_dag.py took 0.100 seconds
[2026-06-09T19:36:51.022+0000] {processor.py:186} INFO - Started process (PID=8280) to work on /opt/airflow/dags/create_mart_dag.py
[2026-06-09T19:36:51.023+0000] {processor.py:914} INFO - Processing file /opt/airflow/dags/create_mart_dag.py for tasks to queue
[2026-06-09T19:36:51.025+0000] {logging_mixin.py:190} INFO - [2026-06-09T19:36:51.024+0000] {dagbag.py:588} INFO - Filling up the DagBag from /opt/airflow/dags/create_mart_dag.py
[2026-06-09T19:36:51.043+0000] {processor.py:925} INFO - DAG(s) 'create_analytics_mart' retrieved from /opt/airflow/dags/create_mart_dag.py
[2026-06-09T19:36:51.066+0000] {logging_mixin.py:190} INFO - [2026-06-09T19:36:51.066+0000] {dag.py:3239} INFO - Sync 1 DAGs
[2026-06-09T19:36:51.129+0000] {logging_mixin.py:190} INFO - [2026-06-09T19:36:51.128+0000] {dag.py:4180} INFO - Setting next_dagrun for create_analytics_mart to 2026-06-09 02:00:00+00:00, run_after=2026-06-10 02:00:00+00:00
[2026-06-09T19:36:51.147+0000] {processor.py:208} INFO - Processing /opt/airflow/dags/create_mart_dag.py took 0.129 seconds
[2026-06-09T19:37:21.399+0000] {processor.py:186} INFO - Started process (PID=8306) to work on /opt/airflow/dags/create_mart_dag.py
[2026-06-09T19:37:21.400+0000] {processor.py:914} INFO - Processing file /opt/airflow/dags/create_mart_dag.py for tasks to queue
[2026-06-09T19:37:21.402+0000] {logging_mixin.py:190} INFO - [2026-06-09T19:37:21.402+0000] {dagbag.py:588} INFO - Filling up the DagBag from /opt/airflow/dags/create_mart_dag.py
[2026-06-09T19:37:21.428+0000] {processor.py:925} INFO - DAG(s) 'create_analytics_mart' retrieved from /opt/airflow/dags/create_mart_dag.py
[2026-06-09T19:37:21.450+0000] {logging_mixin.py:190} INFO - [2026-06-09T19:37:21.450+0000] {dag.py:3239} INFO - Sync 1 DAGs
[2026-06-09T19:37:21.467+0000] {logging_mixin.py:190} INFO - [2026-06-09T19:37:21.467+0000] {dag.py:4180} INFO - Setting next_dagrun for create_analytics_mart to 2026-06-09 02:00:00+00:00, run_after=2026-06-10 02:00:00+00:00
[2026-06-09T19:37:21.484+0000] {processor.py:208} INFO - Processing /opt/airflow/dags/create_mart_dag.py took 0.090 seconds
[2026-06-09T19:37:51.782+0000] {processor.py:186} INFO - Started process (PID=8332) to work on /opt/airflow/dags/create_mart_dag.py
[2026-06-09T19:37:51.783+0000] {processor.py:914} INFO - Processing file /opt/airflow/dags/create_mart_dag.py for tasks to queue
[2026-06-09T19:37:51.785+0000] {logging_mixin.py:190} INFO - [2026-06-09T19:37:51.785+0000] {dagbag.py:588} INFO - Filling up the DagBag from /opt/airflow/dags/create_mart_dag.py
[2026-06-09T19:37:51.804+0000] {processor.py:925} INFO - DAG(s) 'create_analytics_mart' retrieved from /opt/airflow/dags/create_mart_dag.py
[2026-06-09T19:37:51.823+0000] {logging_mixin.py:190} INFO - [2026-06-09T19:37:51.823+0000] {dag.py:3239} INFO - Sync 1 DAGs
[2026-06-09T19:37:51.839+0000] {logging_mixin.py:190} INFO - [2026-06-09T19:37:51.839+0000] {dag.py:4180} INFO - Setting next_dagrun for create_analytics_mart to 2026-06-09 02:00:00+00:00, run_after=2026-06-10 02:00:00+00:00
[2026-06-09T19:37:51.855+0000] {processor.py:208} INFO - Processing /opt/airflow/dags/create_mart_dag.py took 0.077 seconds
[2026-06-09T19:38:22.183+0000] {processor.py:186} INFO - Started process (PID=8358) to work on /opt/airflow/dags/create_mart_dag.py
[2026-06-09T19:38:22.184+0000] {processor.py:914} INFO - Processing file /opt/airflow/dags/create_mart_dag.py for tasks to queue
[2026-06-09T19:38:22.186+0000] {logging_mixin.py:190} INFO - [2026-06-09T19:38:22.186+0000] {dagbag.py:588} INFO - Filling up the DagBag from /opt/airflow/dags/create_mart_dag.py
[2026-06-09T19:38:22.209+0000] {processor.py:925} INFO - DAG(s) 'create_analytics_mart' retrieved from /opt/airflow/dags/create_mart_dag.py
[2026-06-09T19:38:22.228+0000] {logging_mixin.py:190} INFO - [2026-06-09T19:38:22.228+0000] {dag.py:3239} INFO - Sync 1 DAGs
[2026-06-09T19:38:22.244+0000] {logging_mixin.py:190} INFO - [2026-06-09T19:38:22.244+0000] {dag.py:4180} INFO - Setting next_dagrun for create_analytics_mart to 2026-06-09 02:00:00+00:00, run_after=2026-06-10 02:00:00+00:00
[2026-06-09T19:38:22.260+0000] {processor.py:208} INFO - Processing /opt/airflow/dags/create_mart_dag.py took 0.082 seconds
[2026-06-09T19:38:52.491+0000] {processor.py:186} INFO - Started process (PID=8384) to work on /opt/airflow/dags/create_mart_dag.py
[2026-06-09T19:38:52.492+0000] {processor.py:914} INFO - Processing file /opt/airflow/dags/create_mart_dag.py for tasks to queue
[2026-06-09T19:38:52.493+0000] {logging_mixin.py:190} INFO - [2026-06-09T19:38:52.493+0000] {dagbag.py:588} INFO - Filling up the DagBag from /opt/airflow/dags/create_mart_dag.py
[2026-06-09T19:38:52.511+0000] {processor.py:925} INFO - DAG(s) 'create_analytics_mart' retrieved from /opt/airflow/dags/create_mart_dag.py
[2026-06-09T19:38:52.531+0000] {logging_mixin.py:190} INFO - [2026-06-09T19:38:52.531+0000] {dag.py:3239} INFO - Sync 1 DAGs
[2026-06-09T19:38:52.547+0000] {logging_mixin.py:190} INFO - [2026-06-09T19:38:52.547+0000] {dag.py:4180} INFO - Setting next_dagrun for create_analytics_mart to 2026-06-09 02:00:00+00:00, run_after=2026-06-10 02:00:00+00:00
[2026-06-09T19:38:52.564+0000] {processor.py:208} INFO - Processing /opt/airflow/dags/create_mart_dag.py took 0.078 seconds
[2026-06-09T19:39:22.877+0000] {processor.py:186} INFO - Started process (PID=8410) to work on /opt/airflow/dags/create_mart_dag.py
[2026-06-09T19:39:22.878+0000] {processor.py:914} INFO - Processing file /opt/airflow/dags/create_mart_dag.py for tasks to queue
[2026-06-09T19:39:22.880+0000] {logging_mixin.py:190} INFO - [2026-06-09T19:39:22.880+0000] {dagbag.py:588} INFO - Filling up the DagBag from /opt/airflow/dags/create_mart_dag.py
[2026-06-09T19:39:22.897+0000] {processor.py:925} INFO - DAG(s) 'create_analytics_mart' retrieved from /opt/airflow/dags/create_mart_dag.py
[2026-06-09T19:39:22.917+0000] {logging_mixin.py:190} INFO - [2026-06-09T19:39:22.917+0000] {dag.py:3239} INFO - Sync 1 DAGs
[2026-06-09T19:39:22.933+0000] {logging_mixin.py:190} INFO - [2026-06-09T19:39:22.933+0000] {dag.py:4180} INFO - Setting next_dagrun for create_analytics_mart to 2026-06-09 02:00:00+00:00, run_after=2026-06-10 02:00:00+00:00
[2026-06-09T19:39:22.948+0000] {processor.py:208} INFO - Processing /opt/airflow/dags/create_mart_dag.py took 0.076 seconds
[2026-06-09T19:39:53.310+0000] {processor.py:186} INFO - Started process (PID=8436) to work on /opt/airflow/dags/create_mart_dag.py
[2026-06-09T19:39:53.311+0000] {processor.py:914} INFO - Processing file /opt/airflow/dags/create_mart_dag.py for tasks to queue
[2026-06-09T19:39:53.313+0000] {logging_mixin.py:190} INFO - [2026-06-09T19:39:53.313+0000] {dagbag.py:588} INFO - Filling up the DagBag from /opt/airflow/dags/create_mart_dag.py
[2026-06-09T19:39:53.331+0000] {processor.py:925} INFO - DAG(s) 'create_analytics_mart' retrieved from /opt/airflow/dags/create_mart_dag.py
[2026-06-09T19:39:53.352+0000] {logging_mixin.py:190} INFO - [2026-06-09T19:39:53.352+0000] {dag.py:3239} INFO - Sync 1 DAGs
[2026-06-09T19:39:53.368+0000] {logging_mixin.py:190} INFO - [2026-06-09T19:39:53.368+0000] {dag.py:4180} INFO - Setting next_dagrun for create_analytics_mart to 2026-06-09 02:00:00+00:00, run_after=2026-06-10 02:00:00+00:00
[2026-06-09T19:39:53.384+0000] {processor.py:208} INFO - Processing /opt/airflow/dags/create_mart_dag.py took 0.078 seconds
[2026-06-09T19:40:23.759+0000] {processor.py:186} INFO - Started process (PID=8463) to work on /opt/airflow/dags/create_mart_dag.py
[2026-06-09T19:40:23.760+0000] {processor.py:914} INFO - Processing file /opt/airflow/dags/create_mart_dag.py for tasks to queue
[2026-06-09T19:40:23.762+0000] {logging_mixin.py:190} INFO - [2026-06-09T19:40:23.762+0000] {dagbag.py:588} INFO - Filling up the DagBag from /opt/airflow/dags/create_mart_dag.py
[2026-06-09T19:40:23.781+0000] {processor.py:925} INFO - DAG(s) 'create_analytics_mart' retrieved from /opt/airflow/dags/create_mart_dag.py
[2026-06-09T19:40:23.801+0000] {logging_mixin.py:190} INFO - [2026-06-09T19:40:23.801+0000] {dag.py:3239} INFO - Sync 1 DAGs
[2026-06-09T19:40:23.819+0000] {logging_mixin.py:190} INFO - [2026-06-09T19:40:23.819+0000] {dag.py:4180} INFO - Setting next_dagrun for create_analytics_mart to 2026-06-09 02:00:00+00:00, run_after=2026-06-10 02:00:00+00:00
[2026-06-09T19:40:23.836+0000] {processor.py:208} INFO - Processing /opt/airflow/dags/create_mart_dag.py took 0.081 seconds
[2026-06-09T19:40:54.031+0000] {processor.py:186} INFO - Started process (PID=8489) to work on /opt/airflow/dags/create_mart_dag.py
[2026-06-09T19:40:54.032+0000] {processor.py:914} INFO - Processing file /opt/airflow/dags/create_mart_dag.py for tasks to queue
[2026-06-09T19:40:54.034+0000] {logging_mixin.py:190} INFO - [2026-06-09T19:40:54.034+0000] {dagbag.py:588} INFO - Filling up the DagBag from /opt/airflow/dags/create_mart_dag.py
[2026-06-09T19:40:54.054+0000] {processor.py:925} INFO - DAG(s) 'create_analytics_mart' retrieved from /opt/airflow/dags/create_mart_dag.py
[2026-06-09T19:40:54.075+0000] {logging_mixin.py:190} INFO - [2026-06-09T19:40:54.075+0000] {dag.py:3239} INFO - Sync 1 DAGs
[2026-06-09T19:40:54.092+0000] {logging_mixin.py:190} INFO - [2026-06-09T19:40:54.092+0000] {dag.py:4180} INFO - Setting next_dagrun for create_analytics_mart to 2026-06-09 02:00:00+00:00, run_after=2026-06-10 02:00:00+00:00
[2026-06-09T19:40:54.108+0000] {processor.py:208} INFO - Processing /opt/airflow/dags/create_mart_dag.py took 0.082 seconds
[2026-06-09T19:41:24.394+0000] {processor.py:186} INFO - Started process (PID=8515) to work on /opt/airflow/dags/create_mart_dag.py
[2026-06-09T19:41:24.395+0000] {processor.py:914} INFO - Processing file /opt/airflow/dags/create_mart_dag.py for tasks to queue
[2026-06-09T19:41:24.398+0000] {logging_mixin.py:190} INFO - [2026-06-09T19:41:24.397+0000] {dagbag.py:588} INFO - Filling up the DagBag from /opt/airflow/dags/create_mart_dag.py
[2026-06-09T19:41:24.415+0000] {processor.py:925} INFO - DAG(s) 'create_analytics_mart' retrieved from /opt/airflow/dags/create_mart_dag.py
[2026-06-09T19:41:24.434+0000] {logging_mixin.py:190} INFO - [2026-06-09T19:41:24.433+0000] {dag.py:3239} INFO - Sync 1 DAGs
[2026-06-09T19:41:24.450+0000] {logging_mixin.py:190} INFO - [2026-06-09T19:41:24.450+0000] {dag.py:4180} INFO - Setting next_dagrun for create_analytics_mart to 2026-06-09 02:00:00+00:00, run_after=2026-06-10 02:00:00+00:00
[2026-06-09T19:41:24.466+0000] {processor.py:208} INFO - Processing /opt/airflow/dags/create_mart_dag.py took 0.075 seconds
[2026-06-09T19:41:54.782+0000] {processor.py:186} INFO - Started process (PID=8541) to work on /opt/airflow/dags/create_mart_dag.py
[2026-06-09T19:41:54.783+0000] {processor.py:914} INFO - Processing file /opt/airflow/dags/create_mart_dag.py for tasks to queue
[2026-06-09T19:41:54.785+0000] {logging_mixin.py:190} INFO - [2026-06-09T19:41:54.785+0000] {dagbag.py:588} INFO - Filling up the DagBag from /opt/airflow/dags/create_mart_dag.py
[2026-06-09T19:41:54.803+0000] {processor.py:925} INFO - DAG(s) 'create_analytics_mart' retrieved from /opt/airflow/dags/create_mart_dag.py
[2026-06-09T19:41:54.823+0000] {logging_mixin.py:190} INFO - [2026-06-09T19:41:54.822+0000] {dag.py:3239} INFO - Sync 1 DAGs
[2026-06-09T19:41:54.839+0000] {logging_mixin.py:190} INFO - [2026-06-09T19:41:54.839+0000] {dag.py:4180} INFO - Setting next_dagrun for create_analytics_mart to 2026-06-09 02:00:00+00:00, run_after=2026-06-10 02:00:00+00:00
[2026-06-09T19:41:54.856+0000] {processor.py:208} INFO - Processing /opt/airflow/dags/create_mart_dag.py took 0.078 seconds
[2026-06-09T19:42:25.089+0000] {processor.py:186} INFO - Started process (PID=8567) to work on /opt/airflow/dags/create_mart_dag.py
[2026-06-09T19:42:25.090+0000] {processor.py:914} INFO - Processing file /opt/airflow/dags/create_mart_dag.py for tasks to queue
[2026-06-09T19:42:25.092+0000] {logging_mixin.py:190} INFO - [2026-06-09T19:42:25.092+0000] {dagbag.py:588} INFO - Filling up the DagBag from /opt/airflow/dags/create_mart_dag.py
[2026-06-09T19:42:25.112+0000] {processor.py:925} INFO - DAG(s) 'create_analytics_mart' retrieved from /opt/airflow/dags/create_mart_dag.py
[2026-06-09T19:42:25.131+0000] {logging_mixin.py:190} INFO - [2026-06-09T19:42:25.131+0000] {dag.py:3239} INFO - Sync 1 DAGs
[2026-06-09T19:42:25.147+0000] {logging_mixin.py:190} INFO - [2026-06-09T19:42:25.147+0000] {dag.py:4180} INFO - Setting next_dagrun for create_analytics_mart to 2026-06-09 02:00:00+00:00, run_after=2026-06-10 02:00:00+00:00
[2026-06-09T19:42:25.164+0000] {processor.py:208} INFO - Processing /opt/airflow/dags/create_mart_dag.py took 0.080 seconds
[2026-06-09T19:42:55.434+0000] {processor.py:186} INFO - Started process (PID=8593) to work on /opt/airflow/dags/create_mart_dag.py
[2026-06-09T19:42:55.434+0000] {processor.py:914} INFO - Processing file /opt/airflow/dags/create_mart_dag.py for tasks to queue
[2026-06-09T19:42:55.436+0000] {logging_mixin.py:190} INFO - [2026-06-09T19:42:55.436+0000] {dagbag.py:588} INFO - Filling up the DagBag from /opt/airflow/dags/create_mart_dag.py
[2026-06-09T19:42:55.454+0000] {processor.py:925} INFO - DAG(s) 'create_analytics_mart' retrieved from /opt/airflow/dags/create_mart_dag.py
[2026-06-09T19:42:55.472+0000] {logging_mixin.py:190} INFO - [2026-06-09T19:42:55.472+0000] {dag.py:3239} INFO - Sync 1 DAGs
[2026-06-09T19:42:55.488+0000] {logging_mixin.py:190} INFO - [2026-06-09T19:42:55.488+0000] {dag.py:4180} INFO - Setting next_dagrun for create_analytics_mart to 2026-06-09 02:00:00+00:00, run_after=2026-06-10 02:00:00+00:00
[2026-06-09T19:42:55.504+0000] {processor.py:208} INFO - Processing /opt/airflow/dags/create_mart_dag.py took 0.075 seconds
[2026-06-09T19:43:25.811+0000] {processor.py:186} INFO - Started process (PID=8619) to work on /opt/airflow/dags/create_mart_dag.py
[2026-06-09T19:43:25.812+0000] {processor.py:914} INFO - Processing file /opt/airflow/dags/create_mart_dag.py for tasks to queue
[2026-06-09T19:43:25.814+0000] {logging_mixin.py:190} INFO - [2026-06-09T19:43:25.814+0000] {dagbag.py:588} INFO - Filling up the DagBag from /opt/airflow/dags/create_mart_dag.py
[2026-06-09T19:43:25.831+0000] {processor.py:925} INFO - DAG(s) 'create_analytics_mart' retrieved from /opt/airflow/dags/create_mart_dag.py
[2026-06-09T19:43:25.853+0000] {logging_mixin.py:190} INFO - [2026-06-09T19:43:25.853+0000] {dag.py:3239} INFO - Sync 1 DAGs
[2026-06-09T19:43:25.870+0000] {logging_mixin.py:190} INFO - [2026-06-09T19:43:25.869+0000] {dag.py:4180} INFO - Setting next_dagrun for create_analytics_mart to 2026-06-09 02:00:00+00:00, run_after=2026-06-10 02:00:00+00:00
[2026-06-09T19:43:25.908+0000] {processor.py:208} INFO - Processing /opt/airflow/dags/create_mart_dag.py took 0.101 seconds
[2026-06-09T19:43:56.225+0000] {processor.py:186} INFO - Started process (PID=8645) to work on /opt/airflow/dags/create_mart_dag.py
[2026-06-09T19:43:56.226+0000] {processor.py:914} INFO - Processing file /opt/airflow/dags/create_mart_dag.py for tasks to queue
[2026-06-09T19:43:56.228+0000] {logging_mixin.py:190} INFO - [2026-06-09T19:43:56.228+0000] {dagbag.py:588} INFO - Filling up the DagBag from /opt/airflow/dags/create_mart_dag.py
[2026-06-09T19:43:56.246+0000] {processor.py:925} INFO - DAG(s) 'create_analytics_mart' retrieved from /opt/airflow/dags/create_mart_dag.py
[2026-06-09T19:43:56.267+0000] {logging_mixin.py:190} INFO - [2026-06-09T19:43:56.266+0000] {dag.py:3239} INFO - Sync 1 DAGs
[2026-06-09T19:43:56.283+0000] {logging_mixin.py:190} INFO - [2026-06-09T19:43:56.283+0000] {dag.py:4180} INFO - Setting next_dagrun for create_analytics_mart to 2026-06-09 02:00:00+00:00, run_after=2026-06-10 02:00:00+00:00
[2026-06-09T19:43:56.300+0000] {processor.py:208} INFO - Processing /opt/airflow/dags/create_mart_dag.py took 0.079 seconds
[2026-06-09T19:44:26.671+0000] {processor.py:186} INFO - Started process (PID=8671) to work on /opt/airflow/dags/create_mart_dag.py
[2026-06-09T19:44:26.672+0000] {processor.py:914} INFO - Processing file /opt/airflow/dags/create_mart_dag.py for tasks to queue
[2026-06-09T19:44:26.674+0000] {logging_mixin.py:190} INFO - [2026-06-09T19:44:26.674+0000] {dagbag.py:588} INFO - Filling up the DagBag from /opt/airflow/dags/create_mart_dag.py
[2026-06-09T19:44:26.692+0000] {processor.py:925} INFO - DAG(s) 'create_analytics_mart' retrieved from /opt/airflow/dags/create_mart_dag.py
[2026-06-09T19:44:26.713+0000] {logging_mixin.py:190} INFO - [2026-06-09T19:44:26.713+0000] {dag.py:3239} INFO - Sync 1 DAGs
[2026-06-09T19:44:26.730+0000] {logging_mixin.py:190} INFO - [2026-06-09T19:44:26.730+0000] {dag.py:4180} INFO - Setting next_dagrun for create_analytics_mart to 2026-06-09 02:00:00+00:00, run_after=2026-06-10 02:00:00+00:00
[2026-06-09T19:44:26.747+0000] {processor.py:208} INFO - Processing /opt/airflow/dags/create_mart_dag.py took 0.081 seconds
[2026-06-09T19:44:57.032+0000] {processor.py:186} INFO - Started process (PID=8697) to work on /opt/airflow/dags/create_mart_dag.py
[2026-06-09T19:44:57.032+0000] {processor.py:914} INFO - Processing file /opt/airflow/dags/create_mart_dag.py for tasks to queue
[2026-06-09T19:44:57.034+0000] {logging_mixin.py:190} INFO - [2026-06-09T19:44:57.034+0000] {dagbag.py:588} INFO - Filling up the DagBag from /opt/airflow/dags/create_mart_dag.py
[2026-06-09T19:44:57.055+0000] {processor.py:925} INFO - DAG(s) 'create_analytics_mart' retrieved from /opt/airflow/dags/create_mart_dag.py
[2026-06-09T19:44:57.075+0000] {logging_mixin.py:190} INFO - [2026-06-09T19:44:57.075+0000] {dag.py:3239} INFO - Sync 1 DAGs
[2026-06-09T19:44:57.092+0000] {logging_mixin.py:190} INFO - [2026-06-09T19:44:57.092+0000] {dag.py:4180} INFO - Setting next_dagrun for create_analytics_mart to 2026-06-09 02:00:00+00:00, run_after=2026-06-10 02:00:00+00:00
[2026-06-09T19:44:57.107+0000] {processor.py:208} INFO - Processing /opt/airflow/dags/create_mart_dag.py took 0.079 seconds
[2026-06-09T19:45:27.468+0000] {processor.py:186} INFO - Started process (PID=8723) to work on /opt/airflow/dags/create_mart_dag.py
[2026-06-09T19:45:27.468+0000] {processor.py:914} INFO - Processing file /opt/airflow/dags/create_mart_dag.py for tasks to queue
[2026-06-09T19:45:27.471+0000] {logging_mixin.py:190} INFO - [2026-06-09T19:45:27.470+0000] {dagbag.py:588} INFO - Filling up the DagBag from /opt/airflow/dags/create_mart_dag.py
[2026-06-09T19:45:27.487+0000] {processor.py:925} INFO - DAG(s) 'create_analytics_mart' retrieved from /opt/airflow/dags/create_mart_dag.py
[2026-06-09T19:45:27.506+0000] {logging_mixin.py:190} INFO - [2026-06-09T19:45:27.506+0000] {dag.py:3239} INFO - Sync 1 DAGs
[2026-06-09T19:45:27.525+0000] {logging_mixin.py:190} INFO - [2026-06-09T19:45:27.524+0000] {dag.py:4180} INFO - Setting next_dagrun for create_analytics_mart to 2026-06-09 02:00:00+00:00, run_after=2026-06-10 02:00:00+00:00
[2026-06-09T19:45:27.541+0000] {processor.py:208} INFO - Processing /opt/airflow/dags/create_mart_dag.py took 0.078 seconds
[2026-06-09T19:45:57.862+0000] {processor.py:186} INFO - Started process (PID=8749) to work on /opt/airflow/dags/create_mart_dag.py
[2026-06-09T19:45:57.863+0000] {processor.py:914} INFO - Processing file /opt/airflow/dags/create_mart_dag.py for tasks to queue
[2026-06-09T19:45:57.864+0000] {logging_mixin.py:190} INFO - [2026-06-09T19:45:57.864+0000] {dagbag.py:588} INFO - Filling up the DagBag from /opt/airflow/dags/create_mart_dag.py
[2026-06-09T19:45:57.883+0000] {processor.py:925} INFO - DAG(s) 'create_analytics_mart' retrieved from /opt/airflow/dags/create_mart_dag.py
[2026-06-09T19:45:57.901+0000] {logging_mixin.py:190} INFO - [2026-06-09T19:45:57.901+0000] {dag.py:3239} INFO - Sync 1 DAGs
[2026-06-09T19:45:57.917+0000] {logging_mixin.py:190} INFO - [2026-06-09T19:45:57.917+0000] {dag.py:4180} INFO - Setting next_dagrun for create_analytics_mart to 2026-06-09 02:00:00+00:00, run_after=2026-06-10 02:00:00+00:00
[2026-06-09T19:45:57.933+0000] {processor.py:208} INFO - Processing /opt/airflow/dags/create_mart_dag.py took 0.076 seconds
[2026-06-09T19:46:28.266+0000] {processor.py:186} INFO - Started process (PID=8775) to work on /opt/airflow/dags/create_mart_dag.py
[2026-06-09T19:46:28.267+0000] {processor.py:914} INFO - Processing file /opt/airflow/dags/create_mart_dag.py for tasks to queue
[2026-06-09T19:46:28.270+0000] {logging_mixin.py:190} INFO - [2026-06-09T19:46:28.270+0000] {dagbag.py:588} INFO - Filling up the DagBag from /opt/airflow/dags/create_mart_dag.py
[2026-06-09T19:46:28.288+0000] {processor.py:925} INFO - DAG(s) 'create_analytics_mart' retrieved from /opt/airflow/dags/create_mart_dag.py
[2026-06-09T19:46:28.309+0000] {logging_mixin.py:190} INFO - [2026-06-09T19:46:28.309+0000] {dag.py:3239} INFO - Sync 1 DAGs
[2026-06-09T19:46:28.327+0000] {logging_mixin.py:190} INFO - [2026-06-09T19:46:28.326+0000] {dag.py:4180} INFO - Setting next_dagrun for create_analytics_mart to 2026-06-09 02:00:00+00:00, run_after=2026-06-10 02:00:00+00:00
[2026-06-09T19:46:28.344+0000] {processor.py:208} INFO - Processing /opt/airflow/dags/create_mart_dag.py took 0.082 seconds
[2026-06-09T19:46:58.636+0000] {processor.py:186} INFO - Started process (PID=8801) to work on /opt/airflow/dags/create_mart_dag.py
[2026-06-09T19:46:58.636+0000] {processor.py:914} INFO - Processing file /opt/airflow/dags/create_mart_dag.py for tasks to queue
[2026-06-09T19:46:58.638+0000] {logging_mixin.py:190} INFO - [2026-06-09T19:46:58.638+0000] {dagbag.py:588} INFO - Filling up the DagBag from /opt/airflow/dags/create_mart_dag.py
[2026-06-09T19:46:58.656+0000] {processor.py:925} INFO - DAG(s) 'create_analytics_mart' retrieved from /opt/airflow/dags/create_mart_dag.py
[2026-06-09T19:46:58.676+0000] {logging_mixin.py:190} INFO - [2026-06-09T19:46:58.675+0000] {dag.py:3239} INFO - Sync 1 DAGs
[2026-06-09T19:46:58.692+0000] {logging_mixin.py:190} INFO - [2026-06-09T19:46:58.692+0000] {dag.py:4180} INFO - Setting next_dagrun for create_analytics_mart to 2026-06-09 02:00:00+00:00, run_after=2026-06-10 02:00:00+00:00
[2026-06-09T19:46:58.708+0000] {processor.py:208} INFO - Processing /opt/airflow/dags/create_mart_dag.py took 0.076 seconds
[2026-06-09T19:47:29.083+0000] {processor.py:186} INFO - Started process (PID=8833) to work on /opt/airflow/dags/create_mart_dag.py
[2026-06-09T19:47:29.084+0000] {processor.py:914} INFO - Processing file /opt/airflow/dags/create_mart_dag.py for tasks to queue
[2026-06-09T19:47:29.088+0000] {logging_mixin.py:190} INFO - [2026-06-09T19:47:29.087+0000] {dagbag.py:588} INFO - Filling up the DagBag from /opt/airflow/dags/create_mart_dag.py
[2026-06-09T19:47:29.111+0000] {processor.py:925} INFO - DAG(s) 'create_analytics_mart' retrieved from /opt/airflow/dags/create_mart_dag.py
[2026-06-09T19:47:29.130+0000] {logging_mixin.py:190} INFO - [2026-06-09T19:47:29.130+0000] {dag.py:3239} INFO - Sync 1 DAGs
[2026-06-09T19:47:29.145+0000] {logging_mixin.py:190} INFO - [2026-06-09T19:47:29.145+0000] {dag.py:4180} INFO - Setting next_dagrun for create_analytics_mart to 2026-06-09 02:00:00+00:00, run_after=2026-06-10 02:00:00+00:00
[2026-06-09T19:47:29.159+0000] {processor.py:208} INFO - Processing /opt/airflow/dags/create_mart_dag.py took 0.081 seconds
[2026-06-09T19:47:59.493+0000] {processor.py:186} INFO - Started process (PID=8858) to work on /opt/airflow/dags/create_mart_dag.py
[2026-06-09T19:47:59.494+0000] {processor.py:914} INFO - Processing file /opt/airflow/dags/create_mart_dag.py for tasks to queue
[2026-06-09T19:47:59.496+0000] {logging_mixin.py:190} INFO - [2026-06-09T19:47:59.496+0000] {dagbag.py:588} INFO - Filling up the DagBag from /opt/airflow/dags/create_mart_dag.py
[2026-06-09T19:47:59.513+0000] {processor.py:925} INFO - DAG(s) 'create_analytics_mart' retrieved from /opt/airflow/dags/create_mart_dag.py
[2026-06-09T19:47:59.539+0000] {logging_mixin.py:190} INFO - [2026-06-09T19:47:59.539+0000] {dag.py:3239} INFO - Sync 1 DAGs
[2026-06-09T19:47:59.555+0000] {logging_mixin.py:190} INFO - [2026-06-09T19:47:59.555+0000] {dag.py:4180} INFO - Setting next_dagrun for create_analytics_mart to 2026-06-09 02:00:00+00:00, run_after=2026-06-10 02:00:00+00:00
[2026-06-09T19:47:59.573+0000] {processor.py:208} INFO - Processing /opt/airflow/dags/create_mart_dag.py took 0.085 seconds
[2026-06-09T19:48:29.911+0000] {processor.py:186} INFO - Started process (PID=8884) to work on /opt/airflow/dags/create_mart_dag.py
[2026-06-09T19:48:29.912+0000] {processor.py:914} INFO - Processing file /opt/airflow/dags/create_mart_dag.py for tasks to queue
[2026-06-09T19:48:29.915+0000] {logging_mixin.py:190} INFO - [2026-06-09T19:48:29.915+0000] {dagbag.py:588} INFO - Filling up the DagBag from /opt/airflow/dags/create_mart_dag.py
[2026-06-09T19:48:29.934+0000] {processor.py:925} INFO - DAG(s) 'create_analytics_mart' retrieved from /opt/airflow/dags/create_mart_dag.py
[2026-06-09T19:48:29.953+0000] {logging_mixin.py:190} INFO - [2026-06-09T19:48:29.953+0000] {dag.py:3239} INFO - Sync 1 DAGs
[2026-06-09T19:48:29.969+0000] {logging_mixin.py:190} INFO - [2026-06-09T19:48:29.969+0000] {dag.py:4180} INFO - Setting next_dagrun for create_analytics_mart to 2026-06-09 02:00:00+00:00, run_after=2026-06-10 02:00:00+00:00
[2026-06-09T19:48:29.985+0000] {processor.py:208} INFO - Processing /opt/airflow/dags/create_mart_dag.py took 0.078 seconds
[2026-06-09T19:49:00.241+0000] {processor.py:186} INFO - Started process (PID=8910) to work on /opt/airflow/dags/create_mart_dag.py
[2026-06-09T19:49:00.242+0000] {processor.py:914} INFO - Processing file /opt/airflow/dags/create_mart_dag.py for tasks to queue
[2026-06-09T19:49:00.244+0000] {logging_mixin.py:190} INFO - [2026-06-09T19:49:00.244+0000] {dagbag.py:588} INFO - Filling up the DagBag from /opt/airflow/dags/create_mart_dag.py
[2026-06-09T19:49:00.262+0000] {processor.py:925} INFO - DAG(s) 'create_analytics_mart' retrieved from /opt/airflow/dags/create_mart_dag.py
[2026-06-09T19:49:00.282+0000] {logging_mixin.py:190} INFO - [2026-06-09T19:49:00.281+0000] {dag.py:3239} INFO - Sync 1 DAGs
[2026-06-09T19:49:00.299+0000] {logging_mixin.py:190} INFO - [2026-06-09T19:49:00.299+0000] {dag.py:4180} INFO - Setting next_dagrun for create_analytics_mart to 2026-06-09 02:00:00+00:00, run_after=2026-06-10 02:00:00+00:00
[2026-06-09T19:49:00.317+0000] {processor.py:208} INFO - Processing /opt/airflow/dags/create_mart_dag.py took 0.080 seconds
[2026-06-09T19:49:30.623+0000] {processor.py:186} INFO - Started process (PID=8936) to work on /opt/airflow/dags/create_mart_dag.py
[2026-06-09T19:49:30.624+0000] {processor.py:914} INFO - Processing file /opt/airflow/dags/create_mart_dag.py for tasks to queue
[2026-06-09T19:49:30.626+0000] {logging_mixin.py:190} INFO - [2026-06-09T19:49:30.626+0000] {dagbag.py:588} INFO - Filling up the DagBag from /opt/airflow/dags/create_mart_dag.py
[2026-06-09T19:49:30.644+0000] {processor.py:925} INFO - DAG(s) 'create_analytics_mart' retrieved from /opt/airflow/dags/create_mart_dag.py
[2026-06-09T19:49:30.663+0000] {logging_mixin.py:190} INFO - [2026-06-09T19:49:30.663+0000] {dag.py:3239} INFO - Sync 1 DAGs
[2026-06-09T19:49:30.679+0000] {logging_mixin.py:190} INFO - [2026-06-09T19:49:30.678+0000] {dag.py:4180} INFO - Setting next_dagrun for create_analytics_mart to 2026-06-09 02:00:00+00:00, run_after=2026-06-10 02:00:00+00:00
[2026-06-09T19:49:30.694+0000] {processor.py:208} INFO - Processing /opt/airflow/dags/create_mart_dag.py took 0.075 seconds
[2026-06-09T19:50:01.076+0000] {processor.py:186} INFO - Started process (PID=8962) to work on /opt/airflow/dags/create_mart_dag.py
[2026-06-09T19:50:01.077+0000] {processor.py:914} INFO - Processing file /opt/airflow/dags/create_mart_dag.py for tasks to queue
[2026-06-09T19:50:01.080+0000] {logging_mixin.py:190} INFO - [2026-06-09T19:50:01.080+0000] {dagbag.py:588} INFO - Filling up the DagBag from /opt/airflow/dags/create_mart_dag.py
[2026-06-09T19:50:01.102+0000] {processor.py:925} INFO - DAG(s) 'create_analytics_mart' retrieved from /opt/airflow/dags/create_mart_dag.py
[2026-06-09T19:50:01.122+0000] {logging_mixin.py:190} INFO - [2026-06-09T19:50:01.122+0000] {dag.py:3239} INFO - Sync 1 DAGs
[2026-06-09T19:50:01.140+0000] {logging_mixin.py:190} INFO - [2026-06-09T19:50:01.140+0000] {dag.py:4180} INFO - Setting next_dagrun for create_analytics_mart to 2026-06-09 02:00:00+00:00, run_after=2026-06-10 02:00:00+00:00
[2026-06-09T19:50:01.156+0000] {processor.py:208} INFO - Processing /opt/airflow/dags/create_mart_dag.py took 0.085 seconds
[2026-06-09T19:50:31.519+0000] {processor.py:186} INFO - Started process (PID=8987) to work on /opt/airflow/dags/create_mart_dag.py
[2026-06-09T19:50:31.520+0000] {processor.py:914} INFO - Processing file /opt/airflow/dags/create_mart_dag.py for tasks to queue
[2026-06-09T19:50:31.522+0000] {logging_mixin.py:190} INFO - [2026-06-09T19:50:31.521+0000] {dagbag.py:588} INFO - Filling up the DagBag from /opt/airflow/dags/create_mart_dag.py
[2026-06-09T19:50:31.542+0000] {processor.py:925} INFO - DAG(s) 'create_analytics_mart' retrieved from /opt/airflow/dags/create_mart_dag.py
[2026-06-09T19:50:31.562+0000] {logging_mixin.py:190} INFO - [2026-06-09T19:50:31.562+0000] {dag.py:3239} INFO - Sync 1 DAGs
[2026-06-09T19:50:31.581+0000] {logging_mixin.py:190} INFO - [2026-06-09T19:50:31.580+0000] {dag.py:4180} INFO - Setting next_dagrun for create_analytics_mart to 2026-06-09 02:00:00+00:00, run_after=2026-06-10 02:00:00+00:00
[2026-06-09T19:50:31.598+0000] {processor.py:208} INFO - Processing /opt/airflow/dags/create_mart_dag.py took 0.084 seconds
[2026-06-09T19:51:01.902+0000] {processor.py:186} INFO - Started process (PID=9013) to work on /opt/airflow/dags/create_mart_dag.py
[2026-06-09T19:51:01.903+0000] {processor.py:914} INFO - Processing file /opt/airflow/dags/create_mart_dag.py for tasks to queue
[2026-06-09T19:51:01.906+0000] {logging_mixin.py:190} INFO - [2026-06-09T19:51:01.906+0000] {dagbag.py:588} INFO - Filling up the DagBag from /opt/airflow/dags/create_mart_dag.py
[2026-06-09T19:51:01.925+0000] {processor.py:925} INFO - DAG(s) 'create_analytics_mart' retrieved from /opt/airflow/dags/create_mart_dag.py
[2026-06-09T19:51:01.946+0000] {logging_mixin.py:190} INFO - [2026-06-09T19:51:01.946+0000] {dag.py:3239} INFO - Sync 1 DAGs
[2026-06-09T19:51:01.963+0000] {logging_mixin.py:190} INFO - [2026-06-09T19:51:01.963+0000] {dag.py:4180} INFO - Setting next_dagrun for create_analytics_mart to 2026-06-09 02:00:00+00:00, run_after=2026-06-10 02:00:00+00:00
[2026-06-09T19:51:01.981+0000] {processor.py:208} INFO - Processing /opt/airflow/dags/create_mart_dag.py took 0.083 seconds
[2026-06-09T19:51:32.277+0000] {processor.py:186} INFO - Started process (PID=9039) to work on /opt/airflow/dags/create_mart_dag.py
[2026-06-09T19:51:32.277+0000] {processor.py:914} INFO - Processing file /opt/airflow/dags/create_mart_dag.py for tasks to queue
[2026-06-09T19:51:32.279+0000] {logging_mixin.py:190} INFO - [2026-06-09T19:51:32.279+0000] {dagbag.py:588} INFO - Filling up the DagBag from /opt/airflow/dags/create_mart_dag.py
[2026-06-09T19:51:32.297+0000] {processor.py:925} INFO - DAG(s) 'create_analytics_mart' retrieved from /opt/airflow/dags/create_mart_dag.py
[2026-06-09T19:51:32.316+0000] {logging_mixin.py:190} INFO - [2026-06-09T19:51:32.316+0000] {dag.py:3239} INFO - Sync 1 DAGs
[2026-06-09T19:51:32.332+0000] {logging_mixin.py:190} INFO - [2026-06-09T19:51:32.332+0000] {dag.py:4180} INFO - Setting next_dagrun for create_analytics_mart to 2026-06-09 02:00:00+00:00, run_after=2026-06-10 02:00:00+00:00
[2026-06-09T19:51:32.350+0000] {processor.py:208} INFO - Processing /opt/airflow/dags/create_mart_dag.py took 0.078 seconds
[2026-06-09T19:52:02.676+0000] {processor.py:186} INFO - Started process (PID=9065) to work on /opt/airflow/dags/create_mart_dag.py
[2026-06-09T19:52:02.677+0000] {processor.py:914} INFO - Processing file /opt/airflow/dags/create_mart_dag.py for tasks to queue
[2026-06-09T19:52:02.680+0000] {logging_mixin.py:190} INFO - [2026-06-09T19:52:02.680+0000] {dagbag.py:588} INFO - Filling up the DagBag from /opt/airflow/dags/create_mart_dag.py
[2026-06-09T19:52:02.707+0000] {processor.py:925} INFO - DAG(s) 'create_analytics_mart' retrieved from /opt/airflow/dags/create_mart_dag.py
[2026-06-09T19:52:02.729+0000] {logging_mixin.py:190} INFO - [2026-06-09T19:52:02.729+0000] {dag.py:3239} INFO - Sync 1 DAGs
[2026-06-09T19:52:02.747+0000] {logging_mixin.py:190} INFO - [2026-06-09T19:52:02.747+0000] {dag.py:4180} INFO - Setting next_dagrun for create_analytics_mart to 2026-06-09 02:00:00+00:00, run_after=2026-06-10 02:00:00+00:00
[2026-06-09T19:52:02.767+0000] {processor.py:208} INFO - Processing /opt/airflow/dags/create_mart_dag.py took 0.096 seconds
[2026-06-09T19:52:33.065+0000] {processor.py:186} INFO - Started process (PID=9091) to work on /opt/airflow/dags/create_mart_dag.py
[2026-06-09T19:52:33.066+0000] {processor.py:914} INFO - Processing file /opt/airflow/dags/create_mart_dag.py for tasks to queue
[2026-06-09T19:52:33.068+0000] {logging_mixin.py:190} INFO - [2026-06-09T19:52:33.068+0000] {dagbag.py:588} INFO - Filling up the DagBag from /opt/airflow/dags/create_mart_dag.py
[2026-06-09T19:52:33.086+0000] {processor.py:925} INFO - DAG(s) 'create_analytics_mart' retrieved from /opt/airflow/dags/create_mart_dag.py
[2026-06-09T19:52:33.106+0000] {logging_mixin.py:190} INFO - [2026-06-09T19:52:33.106+0000] {dag.py:3239} INFO - Sync 1 DAGs
[2026-06-09T19:52:33.123+0000] {logging_mixin.py:190} INFO - [2026-06-09T19:52:33.123+0000] {dag.py:4180} INFO - Setting next_dagrun for create_analytics_mart to 2026-06-09 02:00:00+00:00, run_after=2026-06-10 02:00:00+00:00
[2026-06-09T19:52:33.139+0000] {processor.py:208} INFO - Processing /opt/airflow/dags/create_mart_dag.py took 0.078 seconds
[2026-06-09T19:53:03.425+0000] {processor.py:186} INFO - Started process (PID=9117) to work on /opt/airflow/dags/create_mart_dag.py
[2026-06-09T19:53:03.426+0000] {processor.py:914} INFO - Processing file /opt/airflow/dags/create_mart_dag.py for tasks to queue
[2026-06-09T19:53:03.429+0000] {logging_mixin.py:190} INFO - [2026-06-09T19:53:03.428+0000] {dagbag.py:588} INFO - Filling up the DagBag from /opt/airflow/dags/create_mart_dag.py
[2026-06-09T19:53:03.453+0000] {processor.py:925} INFO - DAG(s) 'create_analytics_mart' retrieved from /opt/airflow/dags/create_mart_dag.py
[2026-06-09T19:53:03.473+0000] {logging_mixin.py:190} INFO - [2026-06-09T19:53:03.472+0000] {dag.py:3239} INFO - Sync 1 DAGs
[2026-06-09T19:53:03.491+0000] {logging_mixin.py:190} INFO - [2026-06-09T19:53:03.491+0000] {dag.py:4180} INFO - Setting next_dagrun for create_analytics_mart to 2026-06-09 02:00:00+00:00, run_after=2026-06-10 02:00:00+00:00
[2026-06-09T19:53:03.507+0000] {processor.py:208} INFO - Processing /opt/airflow/dags/create_mart_dag.py took 0.088 seconds
[2026-06-09T19:53:33.968+0000] {processor.py:186} INFO - Started process (PID=9143) to work on /opt/airflow/dags/create_mart_dag.py
[2026-06-09T19:53:33.969+0000] {processor.py:914} INFO - Processing file /opt/airflow/dags/create_mart_dag.py for tasks to queue
[2026-06-09T19:53:33.971+0000] {logging_mixin.py:190} INFO - [2026-06-09T19:53:33.971+0000] {dagbag.py:588} INFO - Filling up the DagBag from /opt/airflow/dags/create_mart_dag.py
[2026-06-09T19:53:33.995+0000] {processor.py:925} INFO - DAG(s) 'create_analytics_mart' retrieved from /opt/airflow/dags/create_mart_dag.py
[2026-06-09T19:53:34.015+0000] {logging_mixin.py:190} INFO - [2026-06-09T19:53:34.015+0000] {dag.py:3239} INFO - Sync 1 DAGs
[2026-06-09T19:53:34.033+0000] {logging_mixin.py:190} INFO - [2026-06-09T19:53:34.032+0000] {dag.py:4180} INFO - Setting next_dagrun for create_analytics_mart to 2026-06-09 02:00:00+00:00, run_after=2026-06-10 02:00:00+00:00
[2026-06-09T19:53:34.049+0000] {processor.py:208} INFO - Processing /opt/airflow/dags/create_mart_dag.py took 0.085 seconds
[2026-06-09T19:54:04.421+0000] {processor.py:186} INFO - Started process (PID=9169) to work on /opt/airflow/dags/create_mart_dag.py
[2026-06-09T19:54:04.422+0000] {processor.py:914} INFO - Processing file /opt/airflow/dags/create_mart_dag.py for tasks to queue
[2026-06-09T19:54:04.425+0000] {logging_mixin.py:190} INFO - [2026-06-09T19:54:04.424+0000] {dagbag.py:588} INFO - Filling up the DagBag from /opt/airflow/dags/create_mart_dag.py
[2026-06-09T19:54:04.450+0000] {processor.py:925} INFO - DAG(s) 'create_analytics_mart' retrieved from /opt/airflow/dags/create_mart_dag.py
[2026-06-09T19:54:04.471+0000] {logging_mixin.py:190} INFO - [2026-06-09T19:54:04.471+0000] {dag.py:3239} INFO - Sync 1 DAGs
[2026-06-09T19:54:04.490+0000] {logging_mixin.py:190} INFO - [2026-06-09T19:54:04.490+0000] {dag.py:4180} INFO - Setting next_dagrun for create_analytics_mart to 2026-06-09 02:00:00+00:00, run_after=2026-06-10 02:00:00+00:00
[2026-06-09T19:54:04.506+0000] {processor.py:208} INFO - Processing /opt/airflow/dags/create_mart_dag.py took 0.090 seconds
[2026-06-09T19:54:34.890+0000] {processor.py:186} INFO - Started process (PID=9195) to work on /opt/airflow/dags/create_mart_dag.py
[2026-06-09T19:54:34.892+0000] {processor.py:914} INFO - Processing file /opt/airflow/dags/create_mart_dag.py for tasks to queue
[2026-06-09T19:54:34.894+0000] {logging_mixin.py:190} INFO - [2026-06-09T19:54:34.894+0000] {dagbag.py:588} INFO - Filling up the DagBag from /opt/airflow/dags/create_mart_dag.py
[2026-06-09T19:54:34.918+0000] {processor.py:925} INFO - DAG(s) 'create_analytics_mart' retrieved from /opt/airflow/dags/create_mart_dag.py
[2026-06-09T19:54:34.940+0000] {logging_mixin.py:190} INFO - [2026-06-09T19:54:34.940+0000] {dag.py:3239} INFO - Sync 1 DAGs
[2026-06-09T19:54:34.957+0000] {logging_mixin.py:190} INFO - [2026-06-09T19:54:34.957+0000] {dag.py:4180} INFO - Setting next_dagrun for create_analytics_mart to 2026-06-09 02:00:00+00:00, run_after=2026-06-10 02:00:00+00:00
[2026-06-09T19:54:34.976+0000] {processor.py:208} INFO - Processing /opt/airflow/dags/create_mart_dag.py took 0.090 seconds
[2026-06-09T19:55:05.303+0000] {processor.py:186} INFO - Started process (PID=9221) to work on /opt/airflow/dags/create_mart_dag.py
[2026-06-09T19:55:05.304+0000] {processor.py:914} INFO - Processing file /opt/airflow/dags/create_mart_dag.py for tasks to queue
[2026-06-09T19:55:05.307+0000] {logging_mixin.py:190} INFO - [2026-06-09T19:55:05.306+0000] {dagbag.py:588} INFO - Filling up the DagBag from /opt/airflow/dags/create_mart_dag.py
[2026-06-09T19:55:05.332+0000] {processor.py:925} INFO - DAG(s) 'create_analytics_mart' retrieved from /opt/airflow/dags/create_mart_dag.py
[2026-06-09T19:55:05.353+0000] {logging_mixin.py:190} INFO - [2026-06-09T19:55:05.353+0000] {dag.py:3239} INFO - Sync 1 DAGs
[2026-06-09T19:55:05.372+0000] {logging_mixin.py:190} INFO - [2026-06-09T19:55:05.372+0000] {dag.py:4180} INFO - Setting next_dagrun for create_analytics_mart to 2026-06-09 02:00:00+00:00, run_after=2026-06-10 02:00:00+00:00
[2026-06-09T19:55:05.389+0000] {processor.py:208} INFO - Processing /opt/airflow/dags/create_mart_dag.py took 0.090 seconds
[2026-06-09T19:55:35.624+0000] {processor.py:186} INFO - Started process (PID=9247) to work on /opt/airflow/dags/create_mart_dag.py
[2026-06-09T19:55:35.625+0000] {processor.py:914} INFO - Processing file /opt/airflow/dags/create_mart_dag.py for tasks to queue
[2026-06-09T19:55:35.627+0000] {logging_mixin.py:190} INFO - [2026-06-09T19:55:35.627+0000] {dagbag.py:588} INFO - Filling up the DagBag from /opt/airflow/dags/create_mart_dag.py
[2026-06-09T19:55:35.644+0000] {processor.py:925} INFO - DAG(s) 'create_analytics_mart' retrieved from /opt/airflow/dags/create_mart_dag.py
[2026-06-09T19:55:35.665+0000] {logging_mixin.py:190} INFO - [2026-06-09T19:55:35.665+0000] {dag.py:3239} INFO - Sync 1 DAGs
[2026-06-09T19:55:35.682+0000] {logging_mixin.py:190} INFO - [2026-06-09T19:55:35.682+0000] {dag.py:4180} INFO - Setting next_dagrun for create_analytics_mart to 2026-06-09 02:00:00+00:00, run_after=2026-06-10 02:00:00+00:00
[2026-06-09T19:55:35.698+0000] {processor.py:208} INFO - Processing /opt/airflow/dags/create_mart_dag.py took 0.078 seconds
[2026-06-09T19:56:06.028+0000] {processor.py:186} INFO - Started process (PID=9273) to work on /opt/airflow/dags/create_mart_dag.py
[2026-06-09T19:56:06.028+0000] {processor.py:914} INFO - Processing file /opt/airflow/dags/create_mart_dag.py for tasks to queue
[2026-06-09T19:56:06.031+0000] {logging_mixin.py:190} INFO - [2026-06-09T19:56:06.031+0000] {dagbag.py:588} INFO - Filling up the DagBag from /opt/airflow/dags/create_mart_dag.py
[2026-06-09T19:56:06.048+0000] {processor.py:925} INFO - DAG(s) 'create_analytics_mart' retrieved from /opt/airflow/dags/create_mart_dag.py
[2026-06-09T19:56:06.071+0000] {logging_mixin.py:190} INFO - [2026-06-09T19:56:06.071+0000] {dag.py:3239} INFO - Sync 1 DAGs
[2026-06-09T19:56:06.088+0000] {logging_mixin.py:190} INFO - [2026-06-09T19:56:06.088+0000] {dag.py:4180} INFO - Setting next_dagrun for create_analytics_mart to 2026-06-09 02:00:00+00:00, run_after=2026-06-10 02:00:00+00:00
[2026-06-09T19:56:06.105+0000] {processor.py:208} INFO - Processing /opt/airflow/dags/create_mart_dag.py took 0.082 seconds
[2026-06-09T19:56:36.446+0000] {processor.py:186} INFO - Started process (PID=9299) to work on /opt/airflow/dags/create_mart_dag.py
[2026-06-09T19:56:36.447+0000] {processor.py:914} INFO - Processing file /opt/airflow/dags/create_mart_dag.py for tasks to queue
[2026-06-09T19:56:36.451+0000] {logging_mixin.py:190} INFO - [2026-06-09T19:56:36.450+0000] {dagbag.py:588} INFO - Filling up the DagBag from /opt/airflow/dags/create_mart_dag.py
[2026-06-09T19:56:36.478+0000] {processor.py:925} INFO - DAG(s) 'create_analytics_mart' retrieved from /opt/airflow/dags/create_mart_dag.py
[2026-06-09T19:56:36.499+0000] {logging_mixin.py:190} INFO - [2026-06-09T19:56:36.499+0000] {dag.py:3239} INFO - Sync 1 DAGs
[2026-06-09T19:56:36.517+0000] {logging_mixin.py:190} INFO - [2026-06-09T19:56:36.517+0000] {dag.py:4180} INFO - Setting next_dagrun for create_analytics_mart to 2026-06-09 02:00:00+00:00, run_after=2026-06-10 02:00:00+00:00
[2026-06-09T19:56:36.536+0000] {processor.py:208} INFO - Processing /opt/airflow/dags/create_mart_dag.py took 0.098 seconds
[2026-06-09T19:57:06.852+0000] {processor.py:186} INFO - Started process (PID=9325) to work on /opt/airflow/dags/create_mart_dag.py
[2026-06-09T19:57:06.853+0000] {processor.py:914} INFO - Processing file /opt/airflow/dags/create_mart_dag.py for tasks to queue
[2026-06-09T19:57:06.856+0000] {logging_mixin.py:190} INFO - [2026-06-09T19:57:06.855+0000] {dagbag.py:588} INFO - Filling up the DagBag from /opt/airflow/dags/create_mart_dag.py
[2026-06-09T19:57:06.877+0000] {processor.py:925} INFO - DAG(s) 'create_analytics_mart' retrieved from /opt/airflow/dags/create_mart_dag.py
[2026-06-09T19:57:06.896+0000] {logging_mixin.py:190} INFO - [2026-06-09T19:57:06.896+0000] {dag.py:3239} INFO - Sync 1 DAGs
[2026-06-09T19:57:06.912+0000] {logging_mixin.py:190} INFO - [2026-06-09T19:57:06.912+0000] {dag.py:4180} INFO - Setting next_dagrun for create_analytics_mart to 2026-06-09 02:00:00+00:00, run_after=2026-06-10 02:00:00+00:00
[2026-06-09T19:57:06.928+0000] {processor.py:208} INFO - Processing /opt/airflow/dags/create_mart_dag.py took 0.080 seconds
[2026-06-09T19:57:37.210+0000] {processor.py:186} INFO - Started process (PID=9351) to work on /opt/airflow/dags/create_mart_dag.py
[2026-06-09T19:57:37.211+0000] {processor.py:914} INFO - Processing file /opt/airflow/dags/create_mart_dag.py for tasks to queue
[2026-06-09T19:57:37.213+0000] {logging_mixin.py:190} INFO - [2026-06-09T19:57:37.213+0000] {dagbag.py:588} INFO - Filling up the DagBag from /opt/airflow/dags/create_mart_dag.py
[2026-06-09T19:57:37.231+0000] {processor.py:925} INFO - DAG(s) 'create_analytics_mart' retrieved from /opt/airflow/dags/create_mart_dag.py
[2026-06-09T19:57:37.255+0000] {logging_mixin.py:190} INFO - [2026-06-09T19:57:37.254+0000] {dag.py:3239} INFO - Sync 1 DAGs
[2026-06-09T19:57:37.272+0000] {logging_mixin.py:190} INFO - [2026-06-09T19:57:37.272+0000] {dag.py:4180} INFO - Setting next_dagrun for create_analytics_mart to 2026-06-09 02:00:00+00:00, run_after=2026-06-10 02:00:00+00:00
[2026-06-09T19:57:37.290+0000] {processor.py:208} INFO - Processing /opt/airflow/dags/create_mart_dag.py took 0.084 seconds
[2026-06-09T19:58:07.682+0000] {processor.py:186} INFO - Started process (PID=9377) to work on /opt/airflow/dags/create_mart_dag.py
[2026-06-09T19:58:07.684+0000] {processor.py:914} INFO - Processing file /opt/airflow/dags/create_mart_dag.py for tasks to queue
[2026-06-09T19:58:07.686+0000] {logging_mixin.py:190} INFO - [2026-06-09T19:58:07.686+0000] {dagbag.py:588} INFO - Filling up the DagBag from /opt/airflow/dags/create_mart_dag.py
[2026-06-09T19:58:07.709+0000] {processor.py:925} INFO - DAG(s) 'create_analytics_mart' retrieved from /opt/airflow/dags/create_mart_dag.py
[2026-06-09T19:58:07.734+0000] {logging_mixin.py:190} INFO - [2026-06-09T19:58:07.733+0000] {dag.py:3239} INFO - Sync 1 DAGs
[2026-06-09T19:58:07.758+0000] {logging_mixin.py:190} INFO - [2026-06-09T19:58:07.758+0000] {dag.py:4180} INFO - Setting next_dagrun for create_analytics_mart to 2026-06-09 02:00:00+00:00, run_after=2026-06-10 02:00:00+00:00
[2026-06-09T19:58:07.777+0000] {processor.py:208} INFO - Processing /opt/airflow/dags/create_mart_dag.py took 0.099 seconds
[2026-06-09T19:58:38.086+0000] {processor.py:186} INFO - Started process (PID=9403) to work on /opt/airflow/dags/create_mart_dag.py
[2026-06-09T19:58:38.088+0000] {processor.py:914} INFO - Processing file /opt/airflow/dags/create_mart_dag.py for tasks to queue
[2026-06-09T19:58:38.090+0000] {logging_mixin.py:190} INFO - [2026-06-09T19:58:38.089+0000] {dagbag.py:588} INFO - Filling up the DagBag from /opt/airflow/dags/create_mart_dag.py
[2026-06-09T19:58:38.111+0000] {processor.py:925} INFO - DAG(s) 'create_analytics_mart' retrieved from /opt/airflow/dags/create_mart_dag.py
[2026-06-09T19:58:38.131+0000] {logging_mixin.py:190} INFO - [2026-06-09T19:58:38.131+0000] {dag.py:3239} INFO - Sync 1 DAGs
[2026-06-09T19:58:38.147+0000] {logging_mixin.py:190} INFO - [2026-06-09T19:58:38.147+0000] {dag.py:4180} INFO - Setting next_dagrun for create_analytics_mart to 2026-06-09 02:00:00+00:00, run_after=2026-06-10 02:00:00+00:00
[2026-06-09T19:58:38.162+0000] {processor.py:208} INFO - Processing /opt/airflow/dags/create_mart_dag.py took 0.080 seconds
[2026-06-09T19:59:08.499+0000] {processor.py:186} INFO - Started process (PID=9429) to work on /opt/airflow/dags/create_mart_dag.py
[2026-06-09T19:59:08.499+0000] {processor.py:914} INFO - Processing file /opt/airflow/dags/create_mart_dag.py for tasks to queue
[2026-06-09T19:59:08.502+0000] {logging_mixin.py:190} INFO - [2026-06-09T19:59:08.502+0000] {dagbag.py:588} INFO - Filling up the DagBag from /opt/airflow/dags/create_mart_dag.py
[2026-06-09T19:59:08.520+0000] {processor.py:925} INFO - DAG(s) 'create_analytics_mart' retrieved from /opt/airflow/dags/create_mart_dag.py
[2026-06-09T19:59:08.542+0000] {logging_mixin.py:190} INFO - [2026-06-09T19:59:08.541+0000] {dag.py:3239} INFO - Sync 1 DAGs
[2026-06-09T19:59:08.558+0000] {logging_mixin.py:190} INFO - [2026-06-09T19:59:08.558+0000] {dag.py:4180} INFO - Setting next_dagrun for create_analytics_mart to 2026-06-09 02:00:00+00:00, run_after=2026-06-10 02:00:00+00:00
[2026-06-09T19:59:08.576+0000] {processor.py:208} INFO - Processing /opt/airflow/dags/create_mart_dag.py took 0.083 seconds
[2026-06-09T19:59:38.992+0000] {processor.py:186} INFO - Started process (PID=9455) to work on /opt/airflow/dags/create_mart_dag.py
[2026-06-09T19:59:38.992+0000] {processor.py:914} INFO - Processing file /opt/airflow/dags/create_mart_dag.py for tasks to queue
[2026-06-09T19:59:38.995+0000] {logging_mixin.py:190} INFO - [2026-06-09T19:59:38.994+0000] {dagbag.py:588} INFO - Filling up the DagBag from /opt/airflow/dags/create_mart_dag.py
[2026-06-09T19:59:39.035+0000] {processor.py:925} INFO - DAG(s) 'create_analytics_mart' retrieved from /opt/airflow/dags/create_mart_dag.py
[2026-06-09T19:59:39.066+0000] {logging_mixin.py:190} INFO - [2026-06-09T19:59:39.066+0000] {dag.py:3239} INFO - Sync 1 DAGs
[2026-06-09T19:59:39.085+0000] {logging_mixin.py:190} INFO - [2026-06-09T19:59:39.085+0000] {dag.py:4180} INFO - Setting next_dagrun for create_analytics_mart to 2026-06-09 02:00:00+00:00, run_after=2026-06-10 02:00:00+00:00
[2026-06-09T19:59:39.101+0000] {processor.py:208} INFO - Processing /opt/airflow/dags/create_mart_dag.py took 0.115 seconds
[2026-06-09T20:00:09.487+0000] {processor.py:186} INFO - Started process (PID=9481) to work on /opt/airflow/dags/create_mart_dag.py
[2026-06-09T20:00:09.488+0000] {processor.py:914} INFO - Processing file /opt/airflow/dags/create_mart_dag.py for tasks to queue
[2026-06-09T20:00:09.490+0000] {logging_mixin.py:190} INFO - [2026-06-09T20:00:09.490+0000] {dagbag.py:588} INFO - Filling up the DagBag from /opt/airflow/dags/create_mart_dag.py
[2026-06-09T20:00:09.510+0000] {processor.py:925} INFO - DAG(s) 'create_analytics_mart' retrieved from /opt/airflow/dags/create_mart_dag.py
[2026-06-09T20:00:09.531+0000] {logging_mixin.py:190} INFO - [2026-06-09T20:00:09.531+0000] {dag.py:3239} INFO - Sync 1 DAGs
[2026-06-09T20:00:09.548+0000] {logging_mixin.py:190} INFO - [2026-06-09T20:00:09.547+0000] {dag.py:4180} INFO - Setting next_dagrun for create_analytics_mart to 2026-06-09 02:00:00+00:00, run_after=2026-06-10 02:00:00+00:00
[2026-06-09T20:00:09.571+0000] {processor.py:208} INFO - Processing /opt/airflow/dags/create_mart_dag.py took 0.089 seconds
[2026-06-09T20:00:39.894+0000] {processor.py:186} INFO - Started process (PID=9507) to work on /opt/airflow/dags/create_mart_dag.py
[2026-06-09T20:00:39.895+0000] {processor.py:914} INFO - Processing file /opt/airflow/dags/create_mart_dag.py for tasks to queue
[2026-06-09T20:00:39.897+0000] {logging_mixin.py:190} INFO - [2026-06-09T20:00:39.897+0000] {dagbag.py:588} INFO - Filling up the DagBag from /opt/airflow/dags/create_mart_dag.py
[2026-06-09T20:00:39.917+0000] {processor.py:925} INFO - DAG(s) 'create_analytics_mart' retrieved from /opt/airflow/dags/create_mart_dag.py
[2026-06-09T20:00:39.936+0000] {logging_mixin.py:190} INFO - [2026-06-09T20:00:39.936+0000] {dag.py:3239} INFO - Sync 1 DAGs
[2026-06-09T20:00:39.953+0000] {logging_mixin.py:190} INFO - [2026-06-09T20:00:39.953+0000] {dag.py:4180} INFO - Setting next_dagrun for create_analytics_mart to 2026-06-09 02:00:00+00:00, run_after=2026-06-10 02:00:00+00:00
[2026-06-09T20:00:39.969+0000] {processor.py:208} INFO - Processing /opt/airflow/dags/create_mart_dag.py took 0.080 seconds
[2026-06-09T20:01:10.344+0000] {processor.py:186} INFO - Started process (PID=9533) to work on /opt/airflow/dags/create_mart_dag.py
[2026-06-09T20:01:10.345+0000] {processor.py:914} INFO - Processing file /opt/airflow/dags/create_mart_dag.py for tasks to queue
[2026-06-09T20:01:10.347+0000] {logging_mixin.py:190} INFO - [2026-06-09T20:01:10.347+0000] {dagbag.py:588} INFO - Filling up the DagBag from /opt/airflow/dags/create_mart_dag.py
[2026-06-09T20:01:10.367+0000] {processor.py:925} INFO - DAG(s) 'create_analytics_mart' retrieved from /opt/airflow/dags/create_mart_dag.py
[2026-06-09T20:01:10.396+0000] {logging_mixin.py:190} INFO - [2026-06-09T20:01:10.396+0000] {dag.py:3239} INFO - Sync 1 DAGs
[2026-06-09T20:01:10.416+0000] {logging_mixin.py:190} INFO - [2026-06-09T20:01:10.416+0000] {dag.py:4180} INFO - Setting next_dagrun for create_analytics_mart to 2026-06-09 02:00:00+00:00, run_after=2026-06-10 02:00:00+00:00
[2026-06-09T20:01:10.432+0000] {processor.py:208} INFO - Processing /opt/airflow/dags/create_mart_dag.py took 0.092 seconds
[2026-06-09T20:01:40.791+0000] {processor.py:186} INFO - Started process (PID=9559) to work on /opt/airflow/dags/create_mart_dag.py
[2026-06-09T20:01:40.793+0000] {processor.py:914} INFO - Processing file /opt/airflow/dags/create_mart_dag.py for tasks to queue
[2026-06-09T20:01:40.795+0000] {logging_mixin.py:190} INFO - [2026-06-09T20:01:40.794+0000] {dagbag.py:588} INFO - Filling up the DagBag from /opt/airflow/dags/create_mart_dag.py
[2026-06-09T20:01:40.812+0000] {processor.py:925} INFO - DAG(s) 'create_analytics_mart' retrieved from /opt/airflow/dags/create_mart_dag.py
[2026-06-09T20:01:40.832+0000] {logging_mixin.py:190} INFO - [2026-06-09T20:01:40.832+0000] {dag.py:3239} INFO - Sync 1 DAGs
[2026-06-09T20:01:40.849+0000] {logging_mixin.py:190} INFO - [2026-06-09T20:01:40.849+0000] {dag.py:4180} INFO - Setting next_dagrun for create_analytics_mart to 2026-06-09 02:00:00+00:00, run_after=2026-06-10 02:00:00+00:00
[2026-06-09T20:01:40.866+0000] {processor.py:208} INFO - Processing /opt/airflow/dags/create_mart_dag.py took 0.080 seconds
[2026-06-09T20:02:11.222+0000] {processor.py:186} INFO - Started process (PID=9585) to work on /opt/airflow/dags/create_mart_dag.py
[2026-06-09T20:02:11.222+0000] {processor.py:914} INFO - Processing file /opt/airflow/dags/create_mart_dag.py for tasks to queue
[2026-06-09T20:02:11.225+0000] {logging_mixin.py:190} INFO - [2026-06-09T20:02:11.224+0000] {dagbag.py:588} INFO - Filling up the DagBag from /opt/airflow/dags/create_mart_dag.py
[2026-06-09T20:02:11.245+0000] {processor.py:925} INFO - DAG(s) 'create_analytics_mart' retrieved from /opt/airflow/dags/create_mart_dag.py
[2026-06-09T20:02:11.267+0000] {logging_mixin.py:190} INFO - [2026-06-09T20:02:11.266+0000] {dag.py:3239} INFO - Sync 1 DAGs
[2026-06-09T20:02:11.283+0000] {logging_mixin.py:190} INFO - [2026-06-09T20:02:11.283+0000] {dag.py:4180} INFO - Setting next_dagrun for create_analytics_mart to 2026-06-09 02:00:00+00:00, run_after=2026-06-10 02:00:00+00:00
[2026-06-09T20:02:11.301+0000] {processor.py:208} INFO - Processing /opt/airflow/dags/create_mart_dag.py took 0.084 seconds
[2026-06-09T20:02:41.666+0000] {processor.py:186} INFO - Started process (PID=9611) to work on /opt/airflow/dags/create_mart_dag.py
[2026-06-09T20:02:41.667+0000] {processor.py:914} INFO - Processing file /opt/airflow/dags/create_mart_dag.py for tasks to queue
[2026-06-09T20:02:41.669+0000] {logging_mixin.py:190} INFO - [2026-06-09T20:02:41.668+0000] {dagbag.py:588} INFO - Filling up the DagBag from /opt/airflow/dags/create_mart_dag.py
[2026-06-09T20:02:41.687+0000] {processor.py:925} INFO - DAG(s) 'create_analytics_mart' retrieved from /opt/airflow/dags/create_mart_dag.py
[2026-06-09T20:02:41.712+0000] {logging_mixin.py:190} INFO - [2026-06-09T20:02:41.712+0000] {dag.py:3239} INFO - Sync 1 DAGs
[2026-06-09T20:02:41.734+0000] {logging_mixin.py:190} INFO - [2026-06-09T20:02:41.733+0000] {dag.py:4180} INFO - Setting next_dagrun for create_analytics_mart to 2026-06-09 02:00:00+00:00, run_after=2026-06-10 02:00:00+00:00
[2026-06-09T20:02:41.748+0000] {processor.py:208} INFO - Processing /opt/airflow/dags/create_mart_dag.py took 0.086 seconds
[2026-06-09T20:03:12.096+0000] {processor.py:186} INFO - Started process (PID=9637) to work on /opt/airflow/dags/create_mart_dag.py
[2026-06-09T20:03:12.096+0000] {processor.py:914} INFO - Processing file /opt/airflow/dags/create_mart_dag.py for tasks to queue
[2026-06-09T20:03:12.099+0000] {logging_mixin.py:190} INFO - [2026-06-09T20:03:12.099+0000] {dagbag.py:588} INFO - Filling up the DagBag from /opt/airflow/dags/create_mart_dag.py
[2026-06-09T20:03:12.119+0000] {processor.py:925} INFO - DAG(s) 'create_analytics_mart' retrieved from /opt/airflow/dags/create_mart_dag.py
[2026-06-09T20:03:12.143+0000] {logging_mixin.py:190} INFO - [2026-06-09T20:03:12.143+0000] {dag.py:3239} INFO - Sync 1 DAGs
[2026-06-09T20:03:12.163+0000] {logging_mixin.py:190} INFO - [2026-06-09T20:03:12.163+0000] {dag.py:4180} INFO - Setting next_dagrun for create_analytics_mart to 2026-06-09 02:00:00+00:00, run_after=2026-06-10 02:00:00+00:00
[2026-06-09T20:03:12.179+0000] {processor.py:208} INFO - Processing /opt/airflow/dags/create_mart_dag.py took 0.088 seconds
[2026-06-09T20:03:42.576+0000] {processor.py:186} INFO - Started process (PID=9663) to work on /opt/airflow/dags/create_mart_dag.py
[2026-06-09T20:03:42.578+0000] {processor.py:914} INFO - Processing file /opt/airflow/dags/create_mart_dag.py for tasks to queue
[2026-06-09T20:03:42.580+0000] {logging_mixin.py:190} INFO - [2026-06-09T20:03:42.580+0000] {dagbag.py:588} INFO - Filling up the DagBag from /opt/airflow/dags/create_mart_dag.py
[2026-06-09T20:03:42.604+0000] {processor.py:925} INFO - DAG(s) 'create_analytics_mart' retrieved from /opt/airflow/dags/create_mart_dag.py
[2026-06-09T20:03:42.629+0000] {logging_mixin.py:190} INFO - [2026-06-09T20:03:42.629+0000] {dag.py:3239} INFO - Sync 1 DAGs
[2026-06-09T20:03:42.648+0000] {logging_mixin.py:190} INFO - [2026-06-09T20:03:42.648+0000] {dag.py:4180} INFO - Setting next_dagrun for create_analytics_mart to 2026-06-09 02:00:00+00:00, run_after=2026-06-10 02:00:00+00:00
[2026-06-09T20:03:42.668+0000] {processor.py:208} INFO - Processing /opt/airflow/dags/create_mart_dag.py took 0.097 seconds
[2026-06-09T20:04:13.067+0000] {processor.py:186} INFO - Started process (PID=9689) to work on /opt/airflow/dags/create_mart_dag.py
[2026-06-09T20:04:13.068+0000] {processor.py:914} INFO - Processing file /opt/airflow/dags/create_mart_dag.py for tasks to queue
[2026-06-09T20:04:13.071+0000] {logging_mixin.py:190} INFO - [2026-06-09T20:04:13.071+0000] {dagbag.py:588} INFO - Filling up the DagBag from /opt/airflow/dags/create_mart_dag.py
[2026-06-09T20:04:13.099+0000] {processor.py:925} INFO - DAG(s) 'create_analytics_mart' retrieved from /opt/airflow/dags/create_mart_dag.py
[2026-06-09T20:04:13.127+0000] {logging_mixin.py:190} INFO - [2026-06-09T20:04:13.127+0000] {dag.py:3239} INFO - Sync 1 DAGs
[2026-06-09T20:04:13.151+0000] {logging_mixin.py:190} INFO - [2026-06-09T20:04:13.151+0000] {dag.py:4180} INFO - Setting next_dagrun for create_analytics_mart to 2026-06-09 02:00:00+00:00, run_after=2026-06-10 02:00:00+00:00
[2026-06-09T20:04:13.172+0000] {processor.py:208} INFO - Processing /opt/airflow/dags/create_mart_dag.py took 0.110 seconds
[2026-06-09T20:04:43.527+0000] {processor.py:186} INFO - Started process (PID=9715) to work on /opt/airflow/dags/create_mart_dag.py
[2026-06-09T20:04:43.528+0000] {processor.py:914} INFO - Processing file /opt/airflow/dags/create_mart_dag.py for tasks to queue
[2026-06-09T20:04:43.530+0000] {logging_mixin.py:190} INFO - [2026-06-09T20:04:43.530+0000] {dagbag.py:588} INFO - Filling up the DagBag from /opt/airflow/dags/create_mart_dag.py
[2026-06-09T20:04:43.555+0000] {processor.py:925} INFO - DAG(s) 'create_analytics_mart' retrieved from /opt/airflow/dags/create_mart_dag.py
[2026-06-09T20:04:43.579+0000] {logging_mixin.py:190} INFO - [2026-06-09T20:04:43.579+0000] {dag.py:3239} INFO - Sync 1 DAGs
[2026-06-09T20:04:43.599+0000] {logging_mixin.py:190} INFO - [2026-06-09T20:04:43.599+0000] {dag.py:4180} INFO - Setting next_dagrun for create_analytics_mart to 2026-06-09 02:00:00+00:00, run_after=2026-06-10 02:00:00+00:00
[2026-06-09T20:04:43.618+0000] {processor.py:208} INFO - Processing /opt/airflow/dags/create_mart_dag.py took 0.096 seconds
[2026-06-09T20:05:13.961+0000] {processor.py:186} INFO - Started process (PID=9740) to work on /opt/airflow/dags/create_mart_dag.py
[2026-06-09T20:05:13.962+0000] {processor.py:914} INFO - Processing file /opt/airflow/dags/create_mart_dag.py for tasks to queue
[2026-06-09T20:05:13.965+0000] {logging_mixin.py:190} INFO - [2026-06-09T20:05:13.964+0000] {dagbag.py:588} INFO - Filling up the DagBag from /opt/airflow/dags/create_mart_dag.py
[2026-06-09T20:05:13.983+0000] {processor.py:925} INFO - DAG(s) 'create_analytics_mart' retrieved from /opt/airflow/dags/create_mart_dag.py
[2026-06-09T20:05:14.005+0000] {logging_mixin.py:190} INFO - [2026-06-09T20:05:14.004+0000] {dag.py:3239} INFO - Sync 1 DAGs
[2026-06-09T20:05:14.021+0000] {logging_mixin.py:190} INFO - [2026-06-09T20:05:14.021+0000] {dag.py:4180} INFO - Setting next_dagrun for create_analytics_mart to 2026-06-09 02:00:00+00:00, run_after=2026-06-10 02:00:00+00:00
[2026-06-09T20:05:14.038+0000] {processor.py:208} INFO - Processing /opt/airflow/dags/create_mart_dag.py took 0.081 seconds
[2026-06-09T20:05:44.437+0000] {processor.py:186} INFO - Started process (PID=9766) to work on /opt/airflow/dags/create_mart_dag.py
[2026-06-09T20:05:44.438+0000] {processor.py:914} INFO - Processing file /opt/airflow/dags/create_mart_dag.py for tasks to queue
[2026-06-09T20:05:44.440+0000] {logging_mixin.py:190} INFO - [2026-06-09T20:05:44.440+0000] {dagbag.py:588} INFO - Filling up the DagBag from /opt/airflow/dags/create_mart_dag.py
[2026-06-09T20:05:44.467+0000] {processor.py:925} INFO - DAG(s) 'create_analytics_mart' retrieved from /opt/airflow/dags/create_mart_dag.py
[2026-06-09T20:05:44.491+0000] {logging_mixin.py:190} INFO - [2026-06-09T20:05:44.490+0000] {dag.py:3239} INFO - Sync 1 DAGs
[2026-06-09T20:05:44.512+0000] {logging_mixin.py:190} INFO - [2026-06-09T20:05:44.512+0000] {dag.py:4180} INFO - Setting next_dagrun for create_analytics_mart to 2026-06-09 02:00:00+00:00, run_after=2026-06-10 02:00:00+00:00
[2026-06-09T20:05:44.529+0000] {processor.py:208} INFO - Processing /opt/airflow/dags/create_mart_dag.py took 0.097 seconds
[2026-06-09T20:06:14.930+0000] {processor.py:186} INFO - Started process (PID=9792) to work on /opt/airflow/dags/create_mart_dag.py
[2026-06-09T20:06:14.932+0000] {processor.py:914} INFO - Processing file /opt/airflow/dags/create_mart_dag.py for tasks to queue
[2026-06-09T20:06:14.936+0000] {logging_mixin.py:190} INFO - [2026-06-09T20:06:14.936+0000] {dagbag.py:588} INFO - Filling up the DagBag from /opt/airflow/dags/create_mart_dag.py
[2026-06-09T20:06:14.974+0000] {processor.py:925} INFO - DAG(s) 'create_analytics_mart' retrieved from /opt/airflow/dags/create_mart_dag.py
[2026-06-09T20:06:14.993+0000] {logging_mixin.py:190} INFO - [2026-06-09T20:06:14.993+0000] {dag.py:3239} INFO - Sync 1 DAGs
[2026-06-09T20:06:15.010+0000] {logging_mixin.py:190} INFO - [2026-06-09T20:06:15.010+0000] {dag.py:4180} INFO - Setting next_dagrun for create_analytics_mart to 2026-06-09 02:00:00+00:00, run_after=2026-06-10 02:00:00+00:00
[2026-06-09T20:06:15.027+0000] {processor.py:208} INFO - Processing /opt/airflow/dags/create_mart_dag.py took 0.107 seconds
[2026-06-09T20:06:45.234+0000] {processor.py:186} INFO - Started process (PID=9818) to work on /opt/airflow/dags/create_mart_dag.py
[2026-06-09T20:06:45.235+0000] {processor.py:914} INFO - Processing file /opt/airflow/dags/create_mart_dag.py for tasks to queue
[2026-06-09T20:06:45.237+0000] {logging_mixin.py:190} INFO - [2026-06-09T20:06:45.237+0000] {dagbag.py:588} INFO - Filling up the DagBag from /opt/airflow/dags/create_mart_dag.py
[2026-06-09T20:06:45.266+0000] {processor.py:925} INFO - DAG(s) 'create_analytics_mart' retrieved from /opt/airflow/dags/create_mart_dag.py
[2026-06-09T20:06:45.287+0000] {logging_mixin.py:190} INFO - [2026-06-09T20:06:45.287+0000] {dag.py:3239} INFO - Sync 1 DAGs
[2026-06-09T20:06:45.308+0000] {logging_mixin.py:190} INFO - [2026-06-09T20:06:45.308+0000] {dag.py:4180} INFO - Setting next_dagrun for create_analytics_mart to 2026-06-09 02:00:00+00:00, run_after=2026-06-10 02:00:00+00:00
[2026-06-09T20:06:45.326+0000] {processor.py:208} INFO - Processing /opt/airflow/dags/create_mart_dag.py took 0.099 seconds
[2026-06-09T20:07:15.629+0000] {processor.py:186} INFO - Started process (PID=9844) to work on /opt/airflow/dags/create_mart_dag.py
[2026-06-09T20:07:15.630+0000] {processor.py:914} INFO - Processing file /opt/airflow/dags/create_mart_dag.py for tasks to queue
[2026-06-09T20:07:15.633+0000] {logging_mixin.py:190} INFO - [2026-06-09T20:07:15.632+0000] {dagbag.py:588} INFO - Filling up the DagBag from /opt/airflow/dags/create_mart_dag.py
[2026-06-09T20:07:15.652+0000] {processor.py:925} INFO - DAG(s) 'create_analytics_mart' retrieved from /opt/airflow/dags/create_mart_dag.py
[2026-06-09T20:07:15.673+0000] {logging_mixin.py:190} INFO - [2026-06-09T20:07:15.673+0000] {dag.py:3239} INFO - Sync 1 DAGs
[2026-06-09T20:07:15.690+0000] {logging_mixin.py:190} INFO - [2026-06-09T20:07:15.690+0000] {dag.py:4180} INFO - Setting next_dagrun for create_analytics_mart to 2026-06-09 02:00:00+00:00, run_after=2026-06-10 02:00:00+00:00
[2026-06-09T20:07:15.706+0000] {processor.py:208} INFO - Processing /opt/airflow/dags/create_mart_dag.py took 0.081 seconds
[2026-06-09T20:07:46.069+0000] {processor.py:186} INFO - Started process (PID=9870) to work on /opt/airflow/dags/create_mart_dag.py
[2026-06-09T20:07:46.070+0000] {processor.py:914} INFO - Processing file /opt/airflow/dags/create_mart_dag.py for tasks to queue
[2026-06-09T20:07:46.072+0000] {logging_mixin.py:190} INFO - [2026-06-09T20:07:46.072+0000] {dagbag.py:588} INFO - Filling up the DagBag from /opt/airflow/dags/create_mart_dag.py
[2026-06-09T20:07:46.092+0000] {processor.py:925} INFO - DAG(s) 'create_analytics_mart' retrieved from /opt/airflow/dags/create_mart_dag.py
[2026-06-09T20:07:46.115+0000] {logging_mixin.py:190} INFO - [2026-06-09T20:07:46.114+0000] {dag.py:3239} INFO - Sync 1 DAGs
[2026-06-09T20:07:46.132+0000] {logging_mixin.py:190} INFO - [2026-06-09T20:07:46.132+0000] {dag.py:4180} INFO - Setting next_dagrun for create_analytics_mart to 2026-06-09 02:00:00+00:00, run_after=2026-06-10 02:00:00+00:00
[2026-06-09T20:07:46.149+0000] {processor.py:208} INFO - Processing /opt/airflow/dags/create_mart_dag.py took 0.085 seconds
[2026-06-09T20:08:16.616+0000] {processor.py:186} INFO - Started process (PID=9896) to work on /opt/airflow/dags/create_mart_dag.py
[2026-06-09T20:08:16.618+0000] {processor.py:914} INFO - Processing file /opt/airflow/dags/create_mart_dag.py for tasks to queue
[2026-06-09T20:08:16.620+0000] {logging_mixin.py:190} INFO - [2026-06-09T20:08:16.620+0000] {dagbag.py:588} INFO - Filling up the DagBag from /opt/airflow/dags/create_mart_dag.py
[2026-06-09T20:08:16.647+0000] {processor.py:925} INFO - DAG(s) 'create_analytics_mart' retrieved from /opt/airflow/dags/create_mart_dag.py
[2026-06-09T20:08:16.675+0000] {logging_mixin.py:190} INFO - [2026-06-09T20:08:16.675+0000] {dag.py:3239} INFO - Sync 1 DAGs
[2026-06-09T20:08:16.696+0000] {logging_mixin.py:190} INFO - [2026-06-09T20:08:16.696+0000] {dag.py:4180} INFO - Setting next_dagrun for create_analytics_mart to 2026-06-09 02:00:00+00:00, run_after=2026-06-10 02:00:00+00:00
[2026-06-09T20:08:16.715+0000] {processor.py:208} INFO - Processing /opt/airflow/dags/create_mart_dag.py took 0.104 seconds
[2026-06-09T20:08:47.100+0000] {processor.py:186} INFO - Started process (PID=9922) to work on /opt/airflow/dags/create_mart_dag.py
[2026-06-09T20:08:47.102+0000] {processor.py:914} INFO - Processing file /opt/airflow/dags/create_mart_dag.py for tasks to queue
[2026-06-09T20:08:47.105+0000] {logging_mixin.py:190} INFO - [2026-06-09T20:08:47.104+0000] {dagbag.py:588} INFO - Filling up the DagBag from /opt/airflow/dags/create_mart_dag.py
[2026-06-09T20:08:47.138+0000] {processor.py:925} INFO - DAG(s) 'create_analytics_mart' retrieved from /opt/airflow/dags/create_mart_dag.py
[2026-06-09T20:08:47.168+0000] {logging_mixin.py:190} INFO - [2026-06-09T20:08:47.168+0000] {dag.py:3239} INFO - Sync 1 DAGs
[2026-06-09T20:08:47.192+0000] {logging_mixin.py:190} INFO - [2026-06-09T20:08:47.192+0000] {dag.py:4180} INFO - Setting next_dagrun for create_analytics_mart to 2026-06-09 02:00:00+00:00, run_after=2026-06-10 02:00:00+00:00
[2026-06-09T20:08:47.215+0000] {processor.py:208} INFO - Processing /opt/airflow/dags/create_mart_dag.py took 0.122 seconds
[2026-06-09T20:09:17.615+0000] {processor.py:186} INFO - Started process (PID=9948) to work on /opt/airflow/dags/create_mart_dag.py
[2026-06-09T20:09:17.617+0000] {processor.py:914} INFO - Processing file /opt/airflow/dags/create_mart_dag.py for tasks to queue
[2026-06-09T20:09:17.621+0000] {logging_mixin.py:190} INFO - [2026-06-09T20:09:17.621+0000] {dagbag.py:588} INFO - Filling up the DagBag from /opt/airflow/dags/create_mart_dag.py
[2026-06-09T20:09:17.652+0000] {processor.py:925} INFO - DAG(s) 'create_analytics_mart' retrieved from /opt/airflow/dags/create_mart_dag.py
[2026-06-09T20:09:17.675+0000] {logging_mixin.py:190} INFO - [2026-06-09T20:09:17.675+0000] {dag.py:3239} INFO - Sync 1 DAGs
[2026-06-09T20:09:17.695+0000] {logging_mixin.py:190} INFO - [2026-06-09T20:09:17.695+0000] {dag.py:4180} INFO - Setting next_dagrun for create_analytics_mart to 2026-06-09 02:00:00+00:00, run_after=2026-06-10 02:00:00+00:00
[2026-06-09T20:09:17.717+0000] {processor.py:208} INFO - Processing /opt/airflow/dags/create_mart_dag.py took 0.106 seconds
[2026-06-09T20:09:48.247+0000] {processor.py:186} INFO - Started process (PID=9973) to work on /opt/airflow/dags/create_mart_dag.py
[2026-06-09T20:09:48.249+0000] {processor.py:914} INFO - Processing file /opt/airflow/dags/create_mart_dag.py for tasks to queue
[2026-06-09T20:09:48.252+0000] {logging_mixin.py:190} INFO - [2026-06-09T20:09:48.251+0000] {dagbag.py:588} INFO - Filling up the DagBag from /opt/airflow/dags/create_mart_dag.py
[2026-06-09T20:09:48.281+0000] {processor.py:925} INFO - DAG(s) 'create_analytics_mart' retrieved from /opt/airflow/dags/create_mart_dag.py
[2026-06-09T20:09:48.308+0000] {logging_mixin.py:190} INFO - [2026-06-09T20:09:48.308+0000] {dag.py:3239} INFO - Sync 1 DAGs
[2026-06-09T20:09:48.329+0000] {logging_mixin.py:190} INFO - [2026-06-09T20:09:48.328+0000] {dag.py:4180} INFO - Setting next_dagrun for create_analytics_mart to 2026-06-09 02:00:00+00:00, run_after=2026-06-10 02:00:00+00:00
[2026-06-09T20:09:48.355+0000] {processor.py:208} INFO - Processing /opt/airflow/dags/create_mart_dag.py took 0.113 seconds
[2026-06-09T20:10:18.722+0000] {processor.py:186} INFO - Started process (PID=9999) to work on /opt/airflow/dags/create_mart_dag.py
[2026-06-09T20:10:18.723+0000] {processor.py:914} INFO - Processing file /opt/airflow/dags/create_mart_dag.py for tasks to queue
[2026-06-09T20:10:18.727+0000] {logging_mixin.py:190} INFO - [2026-06-09T20:10:18.727+0000] {dagbag.py:588} INFO - Filling up the DagBag from /opt/airflow/dags/create_mart_dag.py
[2026-06-09T20:10:18.748+0000] {processor.py:925} INFO - DAG(s) 'create_analytics_mart' retrieved from /opt/airflow/dags/create_mart_dag.py
[2026-06-09T20:10:18.768+0000] {logging_mixin.py:190} INFO - [2026-06-09T20:10:18.768+0000] {dag.py:3239} INFO - Sync 1 DAGs
[2026-06-09T20:10:18.787+0000] {logging_mixin.py:190} INFO - [2026-06-09T20:10:18.786+0000] {dag.py:4180} INFO - Setting next_dagrun for create_analytics_mart to 2026-06-09 02:00:00+00:00, run_after=2026-06-10 02:00:00+00:00
[2026-06-09T20:10:18.805+0000] {processor.py:208} INFO - Processing /opt/airflow/dags/create_mart_dag.py took 0.088 seconds
[2026-06-09T20:10:49.086+0000] {processor.py:186} INFO - Started process (PID=10025) to work on /opt/airflow/dags/create_mart_dag.py
[2026-06-09T20:10:49.087+0000] {processor.py:914} INFO - Processing file /opt/airflow/dags/create_mart_dag.py for tasks to queue
[2026-06-09T20:10:49.089+0000] {logging_mixin.py:190} INFO - [2026-06-09T20:10:49.089+0000] {dagbag.py:588} INFO - Filling up the DagBag from /opt/airflow/dags/create_mart_dag.py
[2026-06-09T20:10:49.117+0000] {processor.py:925} INFO - DAG(s) 'create_analytics_mart' retrieved from /opt/airflow/dags/create_mart_dag.py
[2026-06-09T20:10:49.138+0000] {logging_mixin.py:190} INFO - [2026-06-09T20:10:49.137+0000] {dag.py:3239} INFO - Sync 1 DAGs
[2026-06-09T20:10:49.155+0000] {logging_mixin.py:190} INFO - [2026-06-09T20:10:49.155+0000] {dag.py:4180} INFO - Setting next_dagrun for create_analytics_mart to 2026-06-09 02:00:00+00:00, run_after=2026-06-10 02:00:00+00:00
[2026-06-09T20:10:49.173+0000] {processor.py:208} INFO - Processing /opt/airflow/dags/create_mart_dag.py took 0.092 seconds
[2026-06-09T20:11:19.435+0000] {processor.py:186} INFO - Started process (PID=10051) to work on /opt/airflow/dags/create_mart_dag.py
[2026-06-09T20:11:19.436+0000] {processor.py:914} INFO - Processing file /opt/airflow/dags/create_mart_dag.py for tasks to queue
[2026-06-09T20:11:19.438+0000] {logging_mixin.py:190} INFO - [2026-06-09T20:11:19.438+0000] {dagbag.py:588} INFO - Filling up the DagBag from /opt/airflow/dags/create_mart_dag.py
[2026-06-09T20:11:19.461+0000] {processor.py:925} INFO - DAG(s) 'create_analytics_mart' retrieved from /opt/airflow/dags/create_mart_dag.py
[2026-06-09T20:11:19.479+0000] {logging_mixin.py:190} INFO - [2026-06-09T20:11:19.479+0000] {dag.py:3239} INFO - Sync 1 DAGs
[2026-06-09T20:11:19.502+0000] {logging_mixin.py:190} INFO - [2026-06-09T20:11:19.501+0000] {dag.py:4180} INFO - Setting next_dagrun for create_analytics_mart to 2026-06-09 02:00:00+00:00, run_after=2026-06-10 02:00:00+00:00
[2026-06-09T20:11:19.520+0000] {processor.py:208} INFO - Processing /opt/airflow/dags/create_mart_dag.py took 0.089 seconds
[2026-06-09T20:11:49.842+0000] {processor.py:186} INFO - Started process (PID=10077) to work on /opt/airflow/dags/create_mart_dag.py
[2026-06-09T20:11:49.842+0000] {processor.py:914} INFO - Processing file /opt/airflow/dags/create_mart_dag.py for tasks to queue
[2026-06-09T20:11:49.844+0000] {logging_mixin.py:190} INFO - [2026-06-09T20:11:49.844+0000] {dagbag.py:588} INFO - Filling up the DagBag from /opt/airflow/dags/create_mart_dag.py
[2026-06-09T20:11:49.863+0000] {processor.py:925} INFO - DAG(s) 'create_analytics_mart' retrieved from /opt/airflow/dags/create_mart_dag.py
[2026-06-09T20:11:49.887+0000] {logging_mixin.py:190} INFO - [2026-06-09T20:11:49.887+0000] {dag.py:3239} INFO - Sync 1 DAGs
[2026-06-09T20:11:49.906+0000] {logging_mixin.py:190} INFO - [2026-06-09T20:11:49.906+0000] {dag.py:4180} INFO - Setting next_dagrun for create_analytics_mart to 2026-06-09 02:00:00+00:00, run_after=2026-06-10 02:00:00+00:00
[2026-06-09T20:11:49.925+0000] {processor.py:208} INFO - Processing /opt/airflow/dags/create_mart_dag.py took 0.088 seconds
[2026-06-09T20:12:20.365+0000] {processor.py:186} INFO - Started process (PID=10103) to work on /opt/airflow/dags/create_mart_dag.py
[2026-06-09T20:12:20.365+0000] {processor.py:914} INFO - Processing file /opt/airflow/dags/create_mart_dag.py for tasks to queue
[2026-06-09T20:12:20.368+0000] {logging_mixin.py:190} INFO - [2026-06-09T20:12:20.367+0000] {dagbag.py:588} INFO - Filling up the DagBag from /opt/airflow/dags/create_mart_dag.py
[2026-06-09T20:12:20.385+0000] {processor.py:925} INFO - DAG(s) 'create_analytics_mart' retrieved from /opt/airflow/dags/create_mart_dag.py
[2026-06-09T20:12:20.410+0000] {logging_mixin.py:190} INFO - [2026-06-09T20:12:20.410+0000] {dag.py:3239} INFO - Sync 1 DAGs
[2026-06-09T20:12:20.435+0000] {logging_mixin.py:190} INFO - [2026-06-09T20:12:20.434+0000] {dag.py:4180} INFO - Setting next_dagrun for create_analytics_mart to 2026-06-09 02:00:00+00:00, run_after=2026-06-10 02:00:00+00:00
[2026-06-09T20:12:20.459+0000] {processor.py:208} INFO - Processing /opt/airflow/dags/create_mart_dag.py took 0.099 seconds
[2026-06-09T20:12:50.817+0000] {processor.py:186} INFO - Started process (PID=10129) to work on /opt/airflow/dags/create_mart_dag.py
[2026-06-09T20:12:50.818+0000] {processor.py:914} INFO - Processing file /opt/airflow/dags/create_mart_dag.py for tasks to queue
[2026-06-09T20:12:50.820+0000] {logging_mixin.py:190} INFO - [2026-06-09T20:12:50.820+0000] {dagbag.py:588} INFO - Filling up the DagBag from /opt/airflow/dags/create_mart_dag.py
[2026-06-09T20:12:50.841+0000] {processor.py:925} INFO - DAG(s) 'create_analytics_mart' retrieved from /opt/airflow/dags/create_mart_dag.py
[2026-06-09T20:12:50.862+0000] {logging_mixin.py:190} INFO - [2026-06-09T20:12:50.862+0000] {dag.py:3239} INFO - Sync 1 DAGs
[2026-06-09T20:12:50.881+0000] {logging_mixin.py:190} INFO - [2026-06-09T20:12:50.880+0000] {dag.py:4180} INFO - Setting next_dagrun for create_analytics_mart to 2026-06-09 02:00:00+00:00, run_after=2026-06-10 02:00:00+00:00
[2026-06-09T20:12:50.897+0000] {processor.py:208} INFO - Processing /opt/airflow/dags/create_mart_dag.py took 0.085 seconds
[2026-06-09T20:13:21.268+0000] {processor.py:186} INFO - Started process (PID=10155) to work on /opt/airflow/dags/create_mart_dag.py
[2026-06-09T20:13:21.269+0000] {processor.py:914} INFO - Processing file /opt/airflow/dags/create_mart_dag.py for tasks to queue
[2026-06-09T20:13:21.271+0000] {logging_mixin.py:190} INFO - [2026-06-09T20:13:21.271+0000] {dagbag.py:588} INFO - Filling up the DagBag from /opt/airflow/dags/create_mart_dag.py
[2026-06-09T20:13:21.291+0000] {processor.py:925} INFO - DAG(s) 'create_analytics_mart' retrieved from /opt/airflow/dags/create_mart_dag.py
[2026-06-09T20:13:21.310+0000] {logging_mixin.py:190} INFO - [2026-06-09T20:13:21.310+0000] {dag.py:3239} INFO - Sync 1 DAGs
[2026-06-09T20:13:21.327+0000] {logging_mixin.py:190} INFO - [2026-06-09T20:13:21.326+0000] {dag.py:4180} INFO - Setting next_dagrun for create_analytics_mart to 2026-06-09 02:00:00+00:00, run_after=2026-06-10 02:00:00+00:00
[2026-06-09T20:13:21.342+0000] {processor.py:208} INFO - Processing /opt/airflow/dags/create_mart_dag.py took 0.078 seconds
[2026-06-09T20:13:51.709+0000] {processor.py:186} INFO - Started process (PID=10181) to work on /opt/airflow/dags/create_mart_dag.py
[2026-06-09T20:13:51.710+0000] {processor.py:914} INFO - Processing file /opt/airflow/dags/create_mart_dag.py for tasks to queue
[2026-06-09T20:13:51.713+0000] {logging_mixin.py:190} INFO - [2026-06-09T20:13:51.712+0000] {dagbag.py:588} INFO - Filling up the DagBag from /opt/airflow/dags/create_mart_dag.py
[2026-06-09T20:13:51.735+0000] {processor.py:925} INFO - DAG(s) 'create_analytics_mart' retrieved from /opt/airflow/dags/create_mart_dag.py
[2026-06-09T20:13:51.758+0000] {logging_mixin.py:190} INFO - [2026-06-09T20:13:51.758+0000] {dag.py:3239} INFO - Sync 1 DAGs
[2026-06-09T20:13:51.775+0000] {logging_mixin.py:190} INFO - [2026-06-09T20:13:51.775+0000] {dag.py:4180} INFO - Setting next_dagrun for create_analytics_mart to 2026-06-09 02:00:00+00:00, run_after=2026-06-10 02:00:00+00:00
[2026-06-09T20:13:51.792+0000] {processor.py:208} INFO - Processing /opt/airflow/dags/create_mart_dag.py took 0.088 seconds
[2026-06-09T20:14:22.196+0000] {processor.py:186} INFO - Started process (PID=10207) to work on /opt/airflow/dags/create_mart_dag.py
[2026-06-09T20:14:22.197+0000] {processor.py:914} INFO - Processing file /opt/airflow/dags/create_mart_dag.py for tasks to queue
[2026-06-09T20:14:22.200+0000] {logging_mixin.py:190} INFO - [2026-06-09T20:14:22.200+0000] {dagbag.py:588} INFO - Filling up the DagBag from /opt/airflow/dags/create_mart_dag.py
[2026-06-09T20:14:22.224+0000] {processor.py:925} INFO - DAG(s) 'create_analytics_mart' retrieved from /opt/airflow/dags/create_mart_dag.py
[2026-06-09T20:14:22.247+0000] {logging_mixin.py:190} INFO - [2026-06-09T20:14:22.247+0000] {dag.py:3239} INFO - Sync 1 DAGs
[2026-06-09T20:14:22.264+0000] {logging_mixin.py:190} INFO - [2026-06-09T20:14:22.264+0000] {dag.py:4180} INFO - Setting next_dagrun for create_analytics_mart to 2026-06-09 02:00:00+00:00, run_after=2026-06-10 02:00:00+00:00
[2026-06-09T20:14:22.280+0000] {processor.py:208} INFO - Processing /opt/airflow/dags/create_mart_dag.py took 0.088 seconds
[2026-06-09T20:14:52.583+0000] {processor.py:186} INFO - Started process (PID=10233) to work on /opt/airflow/dags/create_mart_dag.py
[2026-06-09T20:14:52.584+0000] {processor.py:914} INFO - Processing file /opt/airflow/dags/create_mart_dag.py for tasks to queue
[2026-06-09T20:14:52.586+0000] {logging_mixin.py:190} INFO - [2026-06-09T20:14:52.586+0000] {dagbag.py:588} INFO - Filling up the DagBag from /opt/airflow/dags/create_mart_dag.py
[2026-06-09T20:14:52.608+0000] {processor.py:925} INFO - DAG(s) 'create_analytics_mart' retrieved from /opt/airflow/dags/create_mart_dag.py
[2026-06-09T20:14:52.629+0000] {logging_mixin.py:190} INFO - [2026-06-09T20:14:52.629+0000] {dag.py:3239} INFO - Sync 1 DAGs
[2026-06-09T20:14:52.647+0000] {logging_mixin.py:190} INFO - [2026-06-09T20:14:52.647+0000] {dag.py:4180} INFO - Setting next_dagrun for create_analytics_mart to 2026-06-09 02:00:00+00:00, run_after=2026-06-10 02:00:00+00:00
[2026-06-09T20:14:52.666+0000] {processor.py:208} INFO - Processing /opt/airflow/dags/create_mart_dag.py took 0.087 seconds
[2026-06-09T20:15:22.955+0000] {processor.py:186} INFO - Started process (PID=10259) to work on /opt/airflow/dags/create_mart_dag.py
[2026-06-09T20:15:22.956+0000] {processor.py:914} INFO - Processing file /opt/airflow/dags/create_mart_dag.py for tasks to queue
[2026-06-09T20:15:22.958+0000] {logging_mixin.py:190} INFO - [2026-06-09T20:15:22.958+0000] {dagbag.py:588} INFO - Filling up the DagBag from /opt/airflow/dags/create_mart_dag.py
[2026-06-09T20:15:22.976+0000] {processor.py:925} INFO - DAG(s) 'create_analytics_mart' retrieved from /opt/airflow/dags/create_mart_dag.py
[2026-06-09T20:15:22.995+0000] {logging_mixin.py:190} INFO - [2026-06-09T20:15:22.995+0000] {dag.py:3239} INFO - Sync 1 DAGs
[2026-06-09T20:15:23.011+0000] {logging_mixin.py:190} INFO - [2026-06-09T20:15:23.011+0000] {dag.py:4180} INFO - Setting next_dagrun for create_analytics_mart to 2026-06-09 02:00:00+00:00, run_after=2026-06-10 02:00:00+00:00
[2026-06-09T20:15:23.027+0000] {processor.py:208} INFO - Processing /opt/airflow/dags/create_mart_dag.py took 0.076 seconds
[2026-06-09T20:15:53.350+0000] {processor.py:186} INFO - Started process (PID=10285) to work on /opt/airflow/dags/create_mart_dag.py
[2026-06-09T20:15:53.351+0000] {processor.py:914} INFO - Processing file /opt/airflow/dags/create_mart_dag.py for tasks to queue
[2026-06-09T20:15:53.352+0000] {logging_mixin.py:190} INFO - [2026-06-09T20:15:53.352+0000] {dagbag.py:588} INFO - Filling up the DagBag from /opt/airflow/dags/create_mart_dag.py
[2026-06-09T20:15:53.372+0000] {processor.py:925} INFO - DAG(s) 'create_analytics_mart' retrieved from /opt/airflow/dags/create_mart_dag.py
[2026-06-09T20:15:53.390+0000] {logging_mixin.py:190} INFO - [2026-06-09T20:15:53.390+0000] {dag.py:3239} INFO - Sync 1 DAGs
[2026-06-09T20:15:53.407+0000] {logging_mixin.py:190} INFO - [2026-06-09T20:15:53.406+0000] {dag.py:4180} INFO - Setting next_dagrun for create_analytics_mart to 2026-06-09 02:00:00+00:00, run_after=2026-06-10 02:00:00+00:00
[2026-06-09T20:15:53.426+0000] {processor.py:208} INFO - Processing /opt/airflow/dags/create_mart_dag.py took 0.081 seconds
[2026-06-09T20:16:23.716+0000] {processor.py:186} INFO - Started process (PID=10311) to work on /opt/airflow/dags/create_mart_dag.py
[2026-06-09T20:16:23.717+0000] {processor.py:914} INFO - Processing file /opt/airflow/dags/create_mart_dag.py for tasks to queue
[2026-06-09T20:16:23.720+0000] {logging_mixin.py:190} INFO - [2026-06-09T20:16:23.720+0000] {dagbag.py:588} INFO - Filling up the DagBag from /opt/airflow/dags/create_mart_dag.py
[2026-06-09T20:16:23.747+0000] {processor.py:925} INFO - DAG(s) 'create_analytics_mart' retrieved from /opt/airflow/dags/create_mart_dag.py
[2026-06-09T20:16:23.771+0000] {logging_mixin.py:190} INFO - [2026-06-09T20:16:23.771+0000] {dag.py:3239} INFO - Sync 1 DAGs
[2026-06-09T20:16:23.793+0000] {logging_mixin.py:190} INFO - [2026-06-09T20:16:23.792+0000] {dag.py:4180} INFO - Setting next_dagrun for create_analytics_mart to 2026-06-09 02:00:00+00:00, run_after=2026-06-10 02:00:00+00:00
[2026-06-09T20:16:23.815+0000] {processor.py:208} INFO - Processing /opt/airflow/dags/create_mart_dag.py took 0.104 seconds
[2026-06-09T20:16:54.178+0000] {processor.py:186} INFO - Started process (PID=10337) to work on /opt/airflow/dags/create_mart_dag.py
[2026-06-09T20:16:54.180+0000] {processor.py:914} INFO - Processing file /opt/airflow/dags/create_mart_dag.py for tasks to queue
[2026-06-09T20:16:54.182+0000] {logging_mixin.py:190} INFO - [2026-06-09T20:16:54.182+0000] {dagbag.py:588} INFO - Filling up the DagBag from /opt/airflow/dags/create_mart_dag.py
[2026-06-09T20:16:54.236+0000] {processor.py:925} INFO - DAG(s) 'create_analytics_mart' retrieved from /opt/airflow/dags/create_mart_dag.py
[2026-06-09T20:16:54.264+0000] {logging_mixin.py:190} INFO - [2026-06-09T20:16:54.264+0000] {dag.py:3239} INFO - Sync 1 DAGs
[2026-06-09T20:16:54.291+0000] {logging_mixin.py:190} INFO - [2026-06-09T20:16:54.291+0000] {dag.py:4180} INFO - Setting next_dagrun for create_analytics_mart to 2026-06-09 02:00:00+00:00, run_after=2026-06-10 02:00:00+00:00
[2026-06-09T20:16:54.314+0000] {processor.py:208} INFO - Processing /opt/airflow/dags/create_mart_dag.py took 0.142 seconds
[2026-06-09T20:17:24.730+0000] {processor.py:186} INFO - Started process (PID=10363) to work on /opt/airflow/dags/create_mart_dag.py
[2026-06-09T20:17:24.731+0000] {processor.py:914} INFO - Processing file /opt/airflow/dags/create_mart_dag.py for tasks to queue
[2026-06-09T20:17:24.734+0000] {logging_mixin.py:190} INFO - [2026-06-09T20:17:24.734+0000] {dagbag.py:588} INFO - Filling up the DagBag from /opt/airflow/dags/create_mart_dag.py
[2026-06-09T20:17:24.759+0000] {processor.py:925} INFO - DAG(s) 'create_analytics_mart' retrieved from /opt/airflow/dags/create_mart_dag.py
[2026-06-09T20:17:24.782+0000] {logging_mixin.py:190} INFO - [2026-06-09T20:17:24.782+0000] {dag.py:3239} INFO - Sync 1 DAGs
[2026-06-09T20:17:24.803+0000] {logging_mixin.py:190} INFO - [2026-06-09T20:17:24.803+0000] {dag.py:4180} INFO - Setting next_dagrun for create_analytics_mart to 2026-06-09 02:00:00+00:00, run_after=2026-06-10 02:00:00+00:00
[2026-06-09T20:17:24.822+0000] {processor.py:208} INFO - Processing /opt/airflow/dags/create_mart_dag.py took 0.097 seconds
[2026-06-09T20:17:55.220+0000] {processor.py:186} INFO - Started process (PID=10389) to work on /opt/airflow/dags/create_mart_dag.py
[2026-06-09T20:17:55.221+0000] {processor.py:914} INFO - Processing file /opt/airflow/dags/create_mart_dag.py for tasks to queue
[2026-06-09T20:17:55.224+0000] {logging_mixin.py:190} INFO - [2026-06-09T20:17:55.223+0000] {dagbag.py:588} INFO - Filling up the DagBag from /opt/airflow/dags/create_mart_dag.py
[2026-06-09T20:17:55.250+0000] {processor.py:925} INFO - DAG(s) 'create_analytics_mart' retrieved from /opt/airflow/dags/create_mart_dag.py
[2026-06-09T20:17:55.272+0000] {logging_mixin.py:190} INFO - [2026-06-09T20:17:55.272+0000] {dag.py:3239} INFO - Sync 1 DAGs
[2026-06-09T20:17:55.294+0000] {logging_mixin.py:190} INFO - [2026-06-09T20:17:55.293+0000] {dag.py:4180} INFO - Setting next_dagrun for create_analytics_mart to 2026-06-09 02:00:00+00:00, run_after=2026-06-10 02:00:00+00:00
[2026-06-09T20:17:55.313+0000] {processor.py:208} INFO - Processing /opt/airflow/dags/create_mart_dag.py took 0.099 seconds
[2026-06-09T20:18:25.731+0000] {processor.py:186} INFO - Started process (PID=10415) to work on /opt/airflow/dags/create_mart_dag.py
[2026-06-09T20:18:25.732+0000] {processor.py:914} INFO - Processing file /opt/airflow/dags/create_mart_dag.py for tasks to queue
[2026-06-09T20:18:25.734+0000] {logging_mixin.py:190} INFO - [2026-06-09T20:18:25.734+0000] {dagbag.py:588} INFO - Filling up the DagBag from /opt/airflow/dags/create_mart_dag.py
[2026-06-09T20:18:25.753+0000] {processor.py:925} INFO - DAG(s) 'create_analytics_mart' retrieved from /opt/airflow/dags/create_mart_dag.py
[2026-06-09T20:18:25.774+0000] {logging_mixin.py:190} INFO - [2026-06-09T20:18:25.774+0000] {dag.py:3239} INFO - Sync 1 DAGs
[2026-06-09T20:18:25.790+0000] {logging_mixin.py:190} INFO - [2026-06-09T20:18:25.790+0000] {dag.py:4180} INFO - Setting next_dagrun for create_analytics_mart to 2026-06-09 02:00:00+00:00, run_after=2026-06-10 02:00:00+00:00
[2026-06-09T20:18:25.807+0000] {processor.py:208} INFO - Processing /opt/airflow/dags/create_mart_dag.py took 0.080 seconds
[2026-06-09T20:18:56.167+0000] {processor.py:186} INFO - Started process (PID=10441) to work on /opt/airflow/dags/create_mart_dag.py
[2026-06-09T20:18:56.169+0000] {processor.py:914} INFO - Processing file /opt/airflow/dags/create_mart_dag.py for tasks to queue
[2026-06-09T20:18:56.172+0000] {logging_mixin.py:190} INFO - [2026-06-09T20:18:56.171+0000] {dagbag.py:588} INFO - Filling up the DagBag from /opt/airflow/dags/create_mart_dag.py
[2026-06-09T20:18:56.194+0000] {processor.py:925} INFO - DAG(s) 'create_analytics_mart' retrieved from /opt/airflow/dags/create_mart_dag.py
[2026-06-09T20:18:56.215+0000] {logging_mixin.py:190} INFO - [2026-06-09T20:18:56.214+0000] {dag.py:3239} INFO - Sync 1 DAGs
[2026-06-09T20:18:56.231+0000] {logging_mixin.py:190} INFO - [2026-06-09T20:18:56.230+0000] {dag.py:4180} INFO - Setting next_dagrun for create_analytics_mart to 2026-06-09 02:00:00+00:00, run_after=2026-06-10 02:00:00+00:00
[2026-06-09T20:18:56.246+0000] {processor.py:208} INFO - Processing /opt/airflow/dags/create_mart_dag.py took 0.085 seconds
[2026-06-09T20:19:26.582+0000] {processor.py:186} INFO - Started process (PID=10467) to work on /opt/airflow/dags/create_mart_dag.py
[2026-06-09T20:19:26.582+0000] {processor.py:914} INFO - Processing file /opt/airflow/dags/create_mart_dag.py for tasks to queue
[2026-06-09T20:19:26.585+0000] {logging_mixin.py:190} INFO - [2026-06-09T20:19:26.584+0000] {dagbag.py:588} INFO - Filling up the DagBag from /opt/airflow/dags/create_mart_dag.py
[2026-06-09T20:19:26.604+0000] {processor.py:925} INFO - DAG(s) 'create_analytics_mart' retrieved from /opt/airflow/dags/create_mart_dag.py
[2026-06-09T20:19:26.625+0000] {logging_mixin.py:190} INFO - [2026-06-09T20:19:26.625+0000] {dag.py:3239} INFO - Sync 1 DAGs
[2026-06-09T20:19:26.642+0000] {logging_mixin.py:190} INFO - [2026-06-09T20:19:26.642+0000] {dag.py:4180} INFO - Setting next_dagrun for create_analytics_mart to 2026-06-09 02:00:00+00:00, run_after=2026-06-10 02:00:00+00:00
[2026-06-09T20:19:26.657+0000] {processor.py:208} INFO - Processing /opt/airflow/dags/create_mart_dag.py took 0.080 seconds
[2026-06-09T20:19:57.067+0000] {processor.py:186} INFO - Started process (PID=10493) to work on /opt/airflow/dags/create_mart_dag.py
[2026-06-09T20:19:57.068+0000] {processor.py:914} INFO - Processing file /opt/airflow/dags/create_mart_dag.py for tasks to queue
[2026-06-09T20:19:57.070+0000] {logging_mixin.py:190} INFO - [2026-06-09T20:19:57.070+0000] {dagbag.py:588} INFO - Filling up the DagBag from /opt/airflow/dags/create_mart_dag.py
[2026-06-09T20:19:57.092+0000] {processor.py:925} INFO - DAG(s) 'create_analytics_mart' retrieved from /opt/airflow/dags/create_mart_dag.py
[2026-06-09T20:19:57.113+0000] {logging_mixin.py:190} INFO - [2026-06-09T20:19:57.113+0000] {dag.py:3239} INFO - Sync 1 DAGs
[2026-06-09T20:19:57.134+0000] {logging_mixin.py:190} INFO - [2026-06-09T20:19:57.134+0000] {dag.py:4180} INFO - Setting next_dagrun for create_analytics_mart to 2026-06-09 02:00:00+00:00, run_after=2026-06-10 02:00:00+00:00
[2026-06-09T20:19:57.160+0000] {processor.py:208} INFO - Processing /opt/airflow/dags/create_mart_dag.py took 0.097 seconds
[2026-06-09T20:20:27.508+0000] {processor.py:186} INFO - Started process (PID=10519) to work on /opt/airflow/dags/create_mart_dag.py
[2026-06-09T20:20:27.509+0000] {processor.py:914} INFO - Processing file /opt/airflow/dags/create_mart_dag.py for tasks to queue
[2026-06-09T20:20:27.511+0000] {logging_mixin.py:190} INFO - [2026-06-09T20:20:27.511+0000] {dagbag.py:588} INFO - Filling up the DagBag from /opt/airflow/dags/create_mart_dag.py
[2026-06-09T20:20:27.532+0000] {processor.py:925} INFO - DAG(s) 'create_analytics_mart' retrieved from /opt/airflow/dags/create_mart_dag.py
[2026-06-09T20:20:27.552+0000] {logging_mixin.py:190} INFO - [2026-06-09T20:20:27.552+0000] {dag.py:3239} INFO - Sync 1 DAGs
[2026-06-09T20:20:27.569+0000] {logging_mixin.py:190} INFO - [2026-06-09T20:20:27.569+0000] {dag.py:4180} INFO - Setting next_dagrun for create_analytics_mart to 2026-06-09 02:00:00+00:00, run_after=2026-06-10 02:00:00+00:00
[2026-06-09T20:20:27.586+0000] {processor.py:208} INFO - Processing /opt/airflow/dags/create_mart_dag.py took 0.083 seconds
[2026-06-09T20:20:57.923+0000] {processor.py:186} INFO - Started process (PID=10545) to work on /opt/airflow/dags/create_mart_dag.py
[2026-06-09T20:20:57.924+0000] {processor.py:914} INFO - Processing file /opt/airflow/dags/create_mart_dag.py for tasks to queue
[2026-06-09T20:20:57.927+0000] {logging_mixin.py:190} INFO - [2026-06-09T20:20:57.926+0000] {dagbag.py:588} INFO - Filling up the DagBag from /opt/airflow/dags/create_mart_dag.py
[2026-06-09T20:20:57.950+0000] {processor.py:925} INFO - DAG(s) 'create_analytics_mart' retrieved from /opt/airflow/dags/create_mart_dag.py
[2026-06-09T20:20:57.970+0000] {logging_mixin.py:190} INFO - [2026-06-09T20:20:57.970+0000] {dag.py:3239} INFO - Sync 1 DAGs
[2026-06-09T20:20:57.987+0000] {logging_mixin.py:190} INFO - [2026-06-09T20:20:57.987+0000] {dag.py:4180} INFO - Setting next_dagrun for create_analytics_mart to 2026-06-09 02:00:00+00:00, run_after=2026-06-10 02:00:00+00:00
[2026-06-09T20:20:58.003+0000] {processor.py:208} INFO - Processing /opt/airflow/dags/create_mart_dag.py took 0.084 seconds
[2026-06-09T20:21:28.260+0000] {processor.py:186} INFO - Started process (PID=10572) to work on /opt/airflow/dags/create_mart_dag.py
[2026-06-09T20:21:28.261+0000] {processor.py:914} INFO - Processing file /opt/airflow/dags/create_mart_dag.py for tasks to queue
[2026-06-09T20:21:28.263+0000] {logging_mixin.py:190} INFO - [2026-06-09T20:21:28.263+0000] {dagbag.py:588} INFO - Filling up the DagBag from /opt/airflow/dags/create_mart_dag.py
[2026-06-09T20:21:28.290+0000] {processor.py:925} INFO - DAG(s) 'create_analytics_mart' retrieved from /opt/airflow/dags/create_mart_dag.py
[2026-06-09T20:21:28.309+0000] {logging_mixin.py:190} INFO - [2026-06-09T20:21:28.309+0000] {dag.py:3239} INFO - Sync 1 DAGs
[2026-06-09T20:21:28.326+0000] {logging_mixin.py:190} INFO - [2026-06-09T20:21:28.326+0000] {dag.py:4180} INFO - Setting next_dagrun for create_analytics_mart to 2026-06-09 02:00:00+00:00, run_after=2026-06-10 02:00:00+00:00
[2026-06-09T20:21:28.341+0000] {processor.py:208} INFO - Processing /opt/airflow/dags/create_mart_dag.py took 0.086 seconds
[2026-06-09T20:21:58.700+0000] {processor.py:186} INFO - Started process (PID=10598) to work on /opt/airflow/dags/create_mart_dag.py
[2026-06-09T20:21:58.701+0000] {processor.py:914} INFO - Processing file /opt/airflow/dags/create_mart_dag.py for tasks to queue
[2026-06-09T20:21:58.703+0000] {logging_mixin.py:190} INFO - [2026-06-09T20:21:58.703+0000] {dagbag.py:588} INFO - Filling up the DagBag from /opt/airflow/dags/create_mart_dag.py
[2026-06-09T20:21:58.721+0000] {processor.py:925} INFO - DAG(s) 'create_analytics_mart' retrieved from /opt/airflow/dags/create_mart_dag.py
[2026-06-09T20:21:58.741+0000] {logging_mixin.py:190} INFO - [2026-06-09T20:21:58.741+0000] {dag.py:3239} INFO - Sync 1 DAGs
[2026-06-09T20:21:58.758+0000] {logging_mixin.py:190} INFO - [2026-06-09T20:21:58.758+0000] {dag.py:4180} INFO - Setting next_dagrun for create_analytics_mart to 2026-06-09 02:00:00+00:00, run_after=2026-06-10 02:00:00+00:00
[2026-06-09T20:21:58.774+0000] {processor.py:208} INFO - Processing /opt/airflow/dags/create_mart_dag.py took 0.078 seconds
[2026-06-09T20:22:29.145+0000] {processor.py:186} INFO - Started process (PID=10624) to work on /opt/airflow/dags/create_mart_dag.py
[2026-06-09T20:22:29.146+0000] {processor.py:914} INFO - Processing file /opt/airflow/dags/create_mart_dag.py for tasks to queue
[2026-06-09T20:22:29.148+0000] {logging_mixin.py:190} INFO - [2026-06-09T20:22:29.148+0000] {dagbag.py:588} INFO - Filling up the DagBag from /opt/airflow/dags/create_mart_dag.py
[2026-06-09T20:22:29.166+0000] {processor.py:925} INFO - DAG(s) 'create_analytics_mart' retrieved from /opt/airflow/dags/create_mart_dag.py
[2026-06-09T20:22:29.187+0000] {logging_mixin.py:190} INFO - [2026-06-09T20:22:29.187+0000] {dag.py:3239} INFO - Sync 1 DAGs
[2026-06-09T20:22:29.206+0000] {logging_mixin.py:190} INFO - [2026-06-09T20:22:29.206+0000] {dag.py:4180} INFO - Setting next_dagrun for create_analytics_mart to 2026-06-09 02:00:00+00:00, run_after=2026-06-10 02:00:00+00:00
[2026-06-09T20:22:29.222+0000] {processor.py:208} INFO - Processing /opt/airflow/dags/create_mart_dag.py took 0.081 seconds
[2026-06-09T20:22:59.515+0000] {processor.py:186} INFO - Started process (PID=10650) to work on /opt/airflow/dags/create_mart_dag.py
[2026-06-09T20:22:59.516+0000] {processor.py:914} INFO - Processing file /opt/airflow/dags/create_mart_dag.py for tasks to queue
[2026-06-09T20:22:59.519+0000] {logging_mixin.py:190} INFO - [2026-06-09T20:22:59.519+0000] {dagbag.py:588} INFO - Filling up the DagBag from /opt/airflow/dags/create_mart_dag.py
[2026-06-09T20:22:59.545+0000] {processor.py:925} INFO - DAG(s) 'create_analytics_mart' retrieved from /opt/airflow/dags/create_mart_dag.py
[2026-06-09T20:22:59.565+0000] {logging_mixin.py:190} INFO - [2026-06-09T20:22:59.565+0000] {dag.py:3239} INFO - Sync 1 DAGs
[2026-06-09T20:22:59.587+0000] {logging_mixin.py:190} INFO - [2026-06-09T20:22:59.587+0000] {dag.py:4180} INFO - Setting next_dagrun for create_analytics_mart to 2026-06-09 02:00:00+00:00, run_after=2026-06-10 02:00:00+00:00
[2026-06-09T20:22:59.602+0000] {processor.py:208} INFO - Processing /opt/airflow/dags/create_mart_dag.py took 0.092 seconds
[2026-06-09T20:23:29.929+0000] {processor.py:186} INFO - Started process (PID=10676) to work on /opt/airflow/dags/create_mart_dag.py
[2026-06-09T20:23:29.930+0000] {processor.py:914} INFO - Processing file /opt/airflow/dags/create_mart_dag.py for tasks to queue
[2026-06-09T20:23:29.933+0000] {logging_mixin.py:190} INFO - [2026-06-09T20:23:29.932+0000] {dagbag.py:588} INFO - Filling up the DagBag from /opt/airflow/dags/create_mart_dag.py
[2026-06-09T20:23:29.952+0000] {processor.py:925} INFO - DAG(s) 'create_analytics_mart' retrieved from /opt/airflow/dags/create_mart_dag.py
[2026-06-09T20:23:29.970+0000] {logging_mixin.py:190} INFO - [2026-06-09T20:23:29.970+0000] {dag.py:3239} INFO - Sync 1 DAGs
[2026-06-09T20:23:29.987+0000] {logging_mixin.py:190} INFO - [2026-06-09T20:23:29.986+0000] {dag.py:4180} INFO - Setting next_dagrun for create_analytics_mart to 2026-06-09 02:00:00+00:00, run_after=2026-06-10 02:00:00+00:00
[2026-06-09T20:23:30.003+0000] {processor.py:208} INFO - Processing /opt/airflow/dags/create_mart_dag.py took 0.079 seconds
[2026-06-09T20:24:00.334+0000] {processor.py:186} INFO - Started process (PID=10702) to work on /opt/airflow/dags/create_mart_dag.py
[2026-06-09T20:24:00.335+0000] {processor.py:914} INFO - Processing file /opt/airflow/dags/create_mart_dag.py for tasks to queue
[2026-06-09T20:24:00.338+0000] {logging_mixin.py:190} INFO - [2026-06-09T20:24:00.337+0000] {dagbag.py:588} INFO - Filling up the DagBag from /opt/airflow/dags/create_mart_dag.py
[2026-06-09T20:24:00.374+0000] {processor.py:925} INFO - DAG(s) 'create_analytics_mart' retrieved from /opt/airflow/dags/create_mart_dag.py
[2026-06-09T20:24:00.403+0000] {logging_mixin.py:190} INFO - [2026-06-09T20:24:00.403+0000] {dag.py:3239} INFO - Sync 1 DAGs
[2026-06-09T20:24:00.424+0000] {logging_mixin.py:190} INFO - [2026-06-09T20:24:00.424+0000] {dag.py:4180} INFO - Setting next_dagrun for create_analytics_mart to 2026-06-09 02:00:00+00:00, run_after=2026-06-10 02:00:00+00:00
[2026-06-09T20:24:00.443+0000] {processor.py:208} INFO - Processing /opt/airflow/dags/create_mart_dag.py took 0.116 seconds
[2026-06-09T20:24:30.622+0000] {processor.py:186} INFO - Started process (PID=10727) to work on /opt/airflow/dags/create_mart_dag.py
[2026-06-09T20:24:30.623+0000] {processor.py:914} INFO - Processing file /opt/airflow/dags/create_mart_dag.py for tasks to queue
[2026-06-09T20:24:30.625+0000] {logging_mixin.py:190} INFO - [2026-06-09T20:24:30.624+0000] {dagbag.py:588} INFO - Filling up the DagBag from /opt/airflow/dags/create_mart_dag.py
[2026-06-09T20:24:30.642+0000] {processor.py:925} INFO - DAG(s) 'create_analytics_mart' retrieved from /opt/airflow/dags/create_mart_dag.py
[2026-06-09T20:24:30.667+0000] {logging_mixin.py:190} INFO - [2026-06-09T20:24:30.667+0000] {dag.py:3239} INFO - Sync 1 DAGs
[2026-06-09T20:24:30.684+0000] {logging_mixin.py:190} INFO - [2026-06-09T20:24:30.684+0000] {dag.py:4180} INFO - Setting next_dagrun for create_analytics_mart to 2026-06-09 02:00:00+00:00, run_after=2026-06-10 02:00:00+00:00
[2026-06-09T20:24:30.704+0000] {processor.py:208} INFO - Processing /opt/airflow/dags/create_mart_dag.py took 0.087 seconds
[2026-06-09T20:25:00.922+0000] {processor.py:186} INFO - Started process (PID=10753) to work on /opt/airflow/dags/create_mart_dag.py
[2026-06-09T20:25:00.923+0000] {processor.py:914} INFO - Processing file /opt/airflow/dags/create_mart_dag.py for tasks to queue
[2026-06-09T20:25:00.925+0000] {logging_mixin.py:190} INFO - [2026-06-09T20:25:00.925+0000] {dagbag.py:588} INFO - Filling up the DagBag from /opt/airflow/dags/create_mart_dag.py
[2026-06-09T20:25:00.943+0000] {processor.py:925} INFO - DAG(s) 'create_analytics_mart' retrieved from /opt/airflow/dags/create_mart_dag.py
[2026-06-09T20:25:00.962+0000] {logging_mixin.py:190} INFO - [2026-06-09T20:25:00.962+0000] {dag.py:3239} INFO - Sync 1 DAGs
[2026-06-09T20:25:00.979+0000] {logging_mixin.py:190} INFO - [2026-06-09T20:25:00.979+0000] {dag.py:4180} INFO - Setting next_dagrun for create_analytics_mart to 2026-06-09 02:00:00+00:00, run_after=2026-06-10 02:00:00+00:00
[2026-06-09T20:25:00.995+0000] {processor.py:208} INFO - Processing /opt/airflow/dags/create_mart_dag.py took 0.077 seconds
[2026-06-09T20:25:31.309+0000] {processor.py:186} INFO - Started process (PID=10779) to work on /opt/airflow/dags/create_mart_dag.py
[2026-06-09T20:25:31.310+0000] {processor.py:914} INFO - Processing file /opt/airflow/dags/create_mart_dag.py for tasks to queue
[2026-06-09T20:25:31.312+0000] {logging_mixin.py:190} INFO - [2026-06-09T20:25:31.312+0000] {dagbag.py:588} INFO - Filling up the DagBag from /opt/airflow/dags/create_mart_dag.py
[2026-06-09T20:25:31.335+0000] {processor.py:925} INFO - DAG(s) 'create_analytics_mart' retrieved from /opt/airflow/dags/create_mart_dag.py
[2026-06-09T20:25:31.356+0000] {logging_mixin.py:190} INFO - [2026-06-09T20:25:31.356+0000] {dag.py:3239} INFO - Sync 1 DAGs
[2026-06-09T20:25:31.373+0000] {logging_mixin.py:190} INFO - [2026-06-09T20:25:31.373+0000] {dag.py:4180} INFO - Setting next_dagrun for create_analytics_mart to 2026-06-09 02:00:00+00:00, run_after=2026-06-10 02:00:00+00:00
[2026-06-09T20:25:31.392+0000] {processor.py:208} INFO - Processing /opt/airflow/dags/create_mart_dag.py took 0.088 seconds
[2026-06-09T20:26:01.750+0000] {processor.py:186} INFO - Started process (PID=10805) to work on /opt/airflow/dags/create_mart_dag.py
[2026-06-09T20:26:01.751+0000] {processor.py:914} INFO - Processing file /opt/airflow/dags/create_mart_dag.py for tasks to queue
[2026-06-09T20:26:01.754+0000] {logging_mixin.py:190} INFO - [2026-06-09T20:26:01.753+0000] {dagbag.py:588} INFO - Filling up the DagBag from /opt/airflow/dags/create_mart_dag.py
[2026-06-09T20:26:01.776+0000] {processor.py:925} INFO - DAG(s) 'create_analytics_mart' retrieved from /opt/airflow/dags/create_mart_dag.py
[2026-06-09T20:26:01.796+0000] {logging_mixin.py:190} INFO - [2026-06-09T20:26:01.795+0000] {dag.py:3239} INFO - Sync 1 DAGs
[2026-06-09T20:26:01.812+0000] {logging_mixin.py:190} INFO - [2026-06-09T20:26:01.812+0000] {dag.py:4180} INFO - Setting next_dagrun for create_analytics_mart to 2026-06-09 02:00:00+00:00, run_after=2026-06-10 02:00:00+00:00
[2026-06-09T20:26:01.826+0000] {processor.py:208} INFO - Processing /opt/airflow/dags/create_mart_dag.py took 0.080 seconds
[2026-06-09T20:26:32.140+0000] {processor.py:186} INFO - Started process (PID=10831) to work on /opt/airflow/dags/create_mart_dag.py
[2026-06-09T20:26:32.141+0000] {processor.py:914} INFO - Processing file /opt/airflow/dags/create_mart_dag.py for tasks to queue
[2026-06-09T20:26:32.143+0000] {logging_mixin.py:190} INFO - [2026-06-09T20:26:32.143+0000] {dagbag.py:588} INFO - Filling up the DagBag from /opt/airflow/dags/create_mart_dag.py
[2026-06-09T20:26:32.162+0000] {processor.py:925} INFO - DAG(s) 'create_analytics_mart' retrieved from /opt/airflow/dags/create_mart_dag.py
[2026-06-09T20:26:32.181+0000] {logging_mixin.py:190} INFO - [2026-06-09T20:26:32.181+0000] {dag.py:3239} INFO - Sync 1 DAGs
[2026-06-09T20:26:32.198+0000] {logging_mixin.py:190} INFO - [2026-06-09T20:26:32.198+0000] {dag.py:4180} INFO - Setting next_dagrun for create_analytics_mart to 2026-06-09 02:00:00+00:00, run_after=2026-06-10 02:00:00+00:00
[2026-06-09T20:26:32.212+0000] {processor.py:208} INFO - Processing /opt/airflow/dags/create_mart_dag.py took 0.076 seconds
[2026-06-09T20:27:02.567+0000] {processor.py:186} INFO - Started process (PID=10857) to work on /opt/airflow/dags/create_mart_dag.py
[2026-06-09T20:27:02.568+0000] {processor.py:914} INFO - Processing file /opt/airflow/dags/create_mart_dag.py for tasks to queue
[2026-06-09T20:27:02.570+0000] {logging_mixin.py:190} INFO - [2026-06-09T20:27:02.569+0000] {dagbag.py:588} INFO - Filling up the DagBag from /opt/airflow/dags/create_mart_dag.py
[2026-06-09T20:27:02.589+0000] {processor.py:925} INFO - DAG(s) 'create_analytics_mart' retrieved from /opt/airflow/dags/create_mart_dag.py
[2026-06-09T20:27:02.609+0000] {logging_mixin.py:190} INFO - [2026-06-09T20:27:02.609+0000] {dag.py:3239} INFO - Sync 1 DAGs
[2026-06-09T20:27:02.627+0000] {logging_mixin.py:190} INFO - [2026-06-09T20:27:02.627+0000] {dag.py:4180} INFO - Setting next_dagrun for create_analytics_mart to 2026-06-09 02:00:00+00:00, run_after=2026-06-10 02:00:00+00:00
[2026-06-09T20:27:02.642+0000] {processor.py:208} INFO - Processing /opt/airflow/dags/create_mart_dag.py took 0.080 seconds
[2026-06-09T20:27:33.052+0000] {processor.py:186} INFO - Started process (PID=10882) to work on /opt/airflow/dags/create_mart_dag.py
[2026-06-09T20:27:33.053+0000] {processor.py:914} INFO - Processing file /opt/airflow/dags/create_mart_dag.py for tasks to queue
[2026-06-09T20:27:33.056+0000] {logging_mixin.py:190} INFO - [2026-06-09T20:27:33.056+0000] {dagbag.py:588} INFO - Filling up the DagBag from /opt/airflow/dags/create_mart_dag.py
[2026-06-09T20:27:33.080+0000] {processor.py:925} INFO - DAG(s) 'create_analytics_mart' retrieved from /opt/airflow/dags/create_mart_dag.py
[2026-06-09T20:27:33.101+0000] {logging_mixin.py:190} INFO - [2026-06-09T20:27:33.100+0000] {dag.py:3239} INFO - Sync 1 DAGs
[2026-06-09T20:27:33.119+0000] {logging_mixin.py:190} INFO - [2026-06-09T20:27:33.119+0000] {dag.py:4180} INFO - Setting next_dagrun for create_analytics_mart to 2026-06-09 02:00:00+00:00, run_after=2026-06-10 02:00:00+00:00
[2026-06-09T20:27:33.133+0000] {processor.py:208} INFO - Processing /opt/airflow/dags/create_mart_dag.py took 0.088 seconds
[2026-06-09T20:28:03.506+0000] {processor.py:186} INFO - Started process (PID=10908) to work on /opt/airflow/dags/create_mart_dag.py
[2026-06-09T20:28:03.507+0000] {processor.py:914} INFO - Processing file /opt/airflow/dags/create_mart_dag.py for tasks to queue
[2026-06-09T20:28:03.509+0000] {logging_mixin.py:190} INFO - [2026-06-09T20:28:03.509+0000] {dagbag.py:588} INFO - Filling up the DagBag from /opt/airflow/dags/create_mart_dag.py
[2026-06-09T20:28:03.528+0000] {processor.py:925} INFO - DAG(s) 'create_analytics_mart' retrieved from /opt/airflow/dags/create_mart_dag.py
[2026-06-09T20:28:03.548+0000] {logging_mixin.py:190} INFO - [2026-06-09T20:28:03.547+0000] {dag.py:3239} INFO - Sync 1 DAGs
[2026-06-09T20:28:03.566+0000] {logging_mixin.py:190} INFO - [2026-06-09T20:28:03.566+0000] {dag.py:4180} INFO - Setting next_dagrun for create_analytics_mart to 2026-06-09 02:00:00+00:00, run_after=2026-06-10 02:00:00+00:00
[2026-06-09T20:28:03.581+0000] {processor.py:208} INFO - Processing /opt/airflow/dags/create_mart_dag.py took 0.079 seconds
[2026-06-09T20:28:33.985+0000] {processor.py:186} INFO - Started process (PID=10934) to work on /opt/airflow/dags/create_mart_dag.py
[2026-06-09T20:28:33.985+0000] {processor.py:914} INFO - Processing file /opt/airflow/dags/create_mart_dag.py for tasks to queue
[2026-06-09T20:28:33.988+0000] {logging_mixin.py:190} INFO - [2026-06-09T20:28:33.988+0000] {dagbag.py:588} INFO - Filling up the DagBag from /opt/airflow/dags/create_mart_dag.py
[2026-06-09T20:28:34.010+0000] {processor.py:925} INFO - DAG(s) 'create_analytics_mart' retrieved from /opt/airflow/dags/create_mart_dag.py
[2026-06-09T20:28:34.028+0000] {logging_mixin.py:190} INFO - [2026-06-09T20:28:34.028+0000] {dag.py:3239} INFO - Sync 1 DAGs
[2026-06-09T20:28:34.045+0000] {logging_mixin.py:190} INFO - [2026-06-09T20:28:34.045+0000] {dag.py:4180} INFO - Setting next_dagrun for create_analytics_mart to 2026-06-09 02:00:00+00:00, run_after=2026-06-10 02:00:00+00:00
[2026-06-09T20:28:34.078+0000] {processor.py:208} INFO - Processing /opt/airflow/dags/create_mart_dag.py took 0.098 seconds
[2026-06-09T20:29:04.404+0000] {processor.py:186} INFO - Started process (PID=10966) to work on /opt/airflow/dags/create_mart_dag.py
[2026-06-09T20:29:04.406+0000] {processor.py:914} INFO - Processing file /opt/airflow/dags/create_mart_dag.py for tasks to queue
[2026-06-09T20:29:04.409+0000] {logging_mixin.py:190} INFO - [2026-06-09T20:29:04.408+0000] {dagbag.py:588} INFO - Filling up the DagBag from /opt/airflow/dags/create_mart_dag.py
[2026-06-09T20:29:04.447+0000] {processor.py:925} INFO - DAG(s) 'create_analytics_mart' retrieved from /opt/airflow/dags/create_mart_dag.py
[2026-06-09T20:29:04.473+0000] {logging_mixin.py:190} INFO - [2026-06-09T20:29:04.472+0000] {dag.py:3239} INFO - Sync 1 DAGs
[2026-06-09T20:29:04.495+0000] {logging_mixin.py:190} INFO - [2026-06-09T20:29:04.495+0000] {dag.py:4180} INFO - Setting next_dagrun for create_analytics_mart to 2026-06-09 02:00:00+00:00, run_after=2026-06-10 02:00:00+00:00
[2026-06-09T20:29:04.512+0000] {processor.py:208} INFO - Processing /opt/airflow/dags/create_mart_dag.py took 0.114 seconds
[2026-06-09T20:29:34.911+0000] {processor.py:186} INFO - Started process (PID=10993) to work on /opt/airflow/dags/create_mart_dag.py
[2026-06-09T20:29:34.912+0000] {processor.py:914} INFO - Processing file /opt/airflow/dags/create_mart_dag.py for tasks to queue
[2026-06-09T20:29:34.914+0000] {logging_mixin.py:190} INFO - [2026-06-09T20:29:34.914+0000] {dagbag.py:588} INFO - Filling up the DagBag from /opt/airflow/dags/create_mart_dag.py
[2026-06-09T20:29:34.932+0000] {processor.py:925} INFO - DAG(s) 'create_analytics_mart' retrieved from /opt/airflow/dags/create_mart_dag.py
[2026-06-09T20:29:34.953+0000] {logging_mixin.py:190} INFO - [2026-06-09T20:29:34.952+0000] {dag.py:3239} INFO - Sync 1 DAGs
[2026-06-09T20:29:34.969+0000] {logging_mixin.py:190} INFO - [2026-06-09T20:29:34.969+0000] {dag.py:4180} INFO - Setting next_dagrun for create_analytics_mart to 2026-06-09 02:00:00+00:00, run_after=2026-06-10 02:00:00+00:00
[2026-06-09T20:29:34.984+0000] {processor.py:208} INFO - Processing /opt/airflow/dags/create_mart_dag.py took 0.078 seconds
[2026-06-09T20:30:05.361+0000] {processor.py:186} INFO - Started process (PID=11019) to work on /opt/airflow/dags/create_mart_dag.py
[2026-06-09T20:30:05.362+0000] {processor.py:914} INFO - Processing file /opt/airflow/dags/create_mart_dag.py for tasks to queue
[2026-06-09T20:30:05.365+0000] {logging_mixin.py:190} INFO - [2026-06-09T20:30:05.365+0000] {dagbag.py:588} INFO - Filling up the DagBag from /opt/airflow/dags/create_mart_dag.py
[2026-06-09T20:30:05.389+0000] {processor.py:925} INFO - DAG(s) 'create_analytics_mart' retrieved from /opt/airflow/dags/create_mart_dag.py
[2026-06-09T20:30:05.412+0000] {logging_mixin.py:190} INFO - [2026-06-09T20:30:05.412+0000] {dag.py:3239} INFO - Sync 1 DAGs
[2026-06-09T20:30:05.433+0000] {logging_mixin.py:190} INFO - [2026-06-09T20:30:05.433+0000] {dag.py:4180} INFO - Setting next_dagrun for create_analytics_mart to 2026-06-09 02:00:00+00:00, run_after=2026-06-10 02:00:00+00:00
[2026-06-09T20:30:05.450+0000] {processor.py:208} INFO - Processing /opt/airflow/dags/create_mart_dag.py took 0.094 seconds
[2026-06-09T20:30:35.773+0000] {processor.py:186} INFO - Started process (PID=11045) to work on /opt/airflow/dags/create_mart_dag.py
[2026-06-09T20:30:35.774+0000] {processor.py:914} INFO - Processing file /opt/airflow/dags/create_mart_dag.py for tasks to queue
[2026-06-09T20:30:35.776+0000] {logging_mixin.py:190} INFO - [2026-06-09T20:30:35.775+0000] {dagbag.py:588} INFO - Filling up the DagBag from /opt/airflow/dags/create_mart_dag.py
[2026-06-09T20:30:35.793+0000] {processor.py:925} INFO - DAG(s) 'create_analytics_mart' retrieved from /opt/airflow/dags/create_mart_dag.py
[2026-06-09T20:30:35.816+0000] {logging_mixin.py:190} INFO - [2026-06-09T20:30:35.816+0000] {dag.py:3239} INFO - Sync 1 DAGs
[2026-06-09T20:30:35.835+0000] {logging_mixin.py:190} INFO - [2026-06-09T20:30:35.834+0000] {dag.py:4180} INFO - Setting next_dagrun for create_analytics_mart to 2026-06-09 02:00:00+00:00, run_after=2026-06-10 02:00:00+00:00
[2026-06-09T20:30:35.853+0000] {processor.py:208} INFO - Processing /opt/airflow/dags/create_mart_dag.py took 0.084 seconds
[2026-06-09T20:31:06.150+0000] {processor.py:186} INFO - Started process (PID=11071) to work on /opt/airflow/dags/create_mart_dag.py
[2026-06-09T20:31:06.151+0000] {processor.py:914} INFO - Processing file /opt/airflow/dags/create_mart_dag.py for tasks to queue
[2026-06-09T20:31:06.154+0000] {logging_mixin.py:190} INFO - [2026-06-09T20:31:06.154+0000] {dagbag.py:588} INFO - Filling up the DagBag from /opt/airflow/dags/create_mart_dag.py
[2026-06-09T20:31:06.176+0000] {processor.py:925} INFO - DAG(s) 'create_analytics_mart' retrieved from /opt/airflow/dags/create_mart_dag.py
[2026-06-09T20:31:06.195+0000] {logging_mixin.py:190} INFO - [2026-06-09T20:31:06.195+0000] {dag.py:3239} INFO - Sync 1 DAGs
[2026-06-09T20:31:06.212+0000] {logging_mixin.py:190} INFO - [2026-06-09T20:31:06.212+0000] {dag.py:4180} INFO - Setting next_dagrun for create_analytics_mart to 2026-06-09 02:00:00+00:00, run_after=2026-06-10 02:00:00+00:00
[2026-06-09T20:31:06.228+0000] {processor.py:208} INFO - Processing /opt/airflow/dags/create_mart_dag.py took 0.082 seconds
[2026-06-09T20:31:36.542+0000] {processor.py:186} INFO - Started process (PID=11097) to work on /opt/airflow/dags/create_mart_dag.py
[2026-06-09T20:31:36.543+0000] {processor.py:914} INFO - Processing file /opt/airflow/dags/create_mart_dag.py for tasks to queue
[2026-06-09T20:31:36.545+0000] {logging_mixin.py:190} INFO - [2026-06-09T20:31:36.545+0000] {dagbag.py:588} INFO - Filling up the DagBag from /opt/airflow/dags/create_mart_dag.py
[2026-06-09T20:31:36.562+0000] {processor.py:925} INFO - DAG(s) 'create_analytics_mart' retrieved from /opt/airflow/dags/create_mart_dag.py
[2026-06-09T20:31:36.587+0000] {logging_mixin.py:190} INFO - [2026-06-09T20:31:36.586+0000] {dag.py:3239} INFO - Sync 1 DAGs
[2026-06-09T20:31:36.604+0000] {logging_mixin.py:190} INFO - [2026-06-09T20:31:36.604+0000] {dag.py:4180} INFO - Setting next_dagrun for create_analytics_mart to 2026-06-09 02:00:00+00:00, run_after=2026-06-10 02:00:00+00:00
[2026-06-09T20:31:36.623+0000] {processor.py:208} INFO - Processing /opt/airflow/dags/create_mart_dag.py took 0.085 seconds
[2026-06-09T20:32:06.981+0000] {processor.py:186} INFO - Started process (PID=11123) to work on /opt/airflow/dags/create_mart_dag.py
[2026-06-09T20:32:06.982+0000] {processor.py:914} INFO - Processing file /opt/airflow/dags/create_mart_dag.py for tasks to queue
[2026-06-09T20:32:06.985+0000] {logging_mixin.py:190} INFO - [2026-06-09T20:32:06.984+0000] {dagbag.py:588} INFO - Filling up the DagBag from /opt/airflow/dags/create_mart_dag.py
[2026-06-09T20:32:07.005+0000] {processor.py:925} INFO - DAG(s) 'create_analytics_mart' retrieved from /opt/airflow/dags/create_mart_dag.py
[2026-06-09T20:32:07.025+0000] {logging_mixin.py:190} INFO - [2026-06-09T20:32:07.025+0000] {dag.py:3239} INFO - Sync 1 DAGs
[2026-06-09T20:32:07.042+0000] {logging_mixin.py:190} INFO - [2026-06-09T20:32:07.042+0000] {dag.py:4180} INFO - Setting next_dagrun for create_analytics_mart to 2026-06-09 02:00:00+00:00, run_after=2026-06-10 02:00:00+00:00
[2026-06-09T20:32:07.063+0000] {processor.py:208} INFO - Processing /opt/airflow/dags/create_mart_dag.py took 0.087 seconds
[2026-06-09T20:32:37.370+0000] {processor.py:186} INFO - Started process (PID=11149) to work on /opt/airflow/dags/create_mart_dag.py
[2026-06-09T20:32:37.370+0000] {processor.py:914} INFO - Processing file /opt/airflow/dags/create_mart_dag.py for tasks to queue
[2026-06-09T20:32:37.372+0000] {logging_mixin.py:190} INFO - [2026-06-09T20:32:37.372+0000] {dagbag.py:588} INFO - Filling up the DagBag from /opt/airflow/dags/create_mart_dag.py
[2026-06-09T20:32:37.390+0000] {processor.py:925} INFO - DAG(s) 'create_analytics_mart' retrieved from /opt/airflow/dags/create_mart_dag.py
[2026-06-09T20:32:37.409+0000] {logging_mixin.py:190} INFO - [2026-06-09T20:32:37.409+0000] {dag.py:3239} INFO - Sync 1 DAGs
[2026-06-09T20:32:37.426+0000] {logging_mixin.py:190} INFO - [2026-06-09T20:32:37.426+0000] {dag.py:4180} INFO - Setting next_dagrun for create_analytics_mart to 2026-06-09 02:00:00+00:00, run_after=2026-06-10 02:00:00+00:00
[2026-06-09T20:32:37.443+0000] {processor.py:208} INFO - Processing /opt/airflow/dags/create_mart_dag.py took 0.078 seconds
[2026-06-09T20:33:07.734+0000] {processor.py:186} INFO - Started process (PID=11175) to work on /opt/airflow/dags/create_mart_dag.py
[2026-06-09T20:33:07.735+0000] {processor.py:914} INFO - Processing file /opt/airflow/dags/create_mart_dag.py for tasks to queue
[2026-06-09T20:33:07.737+0000] {logging_mixin.py:190} INFO - [2026-06-09T20:33:07.737+0000] {dagbag.py:588} INFO - Filling up the DagBag from /opt/airflow/dags/create_mart_dag.py
[2026-06-09T20:33:07.755+0000] {processor.py:925} INFO - DAG(s) 'create_analytics_mart' retrieved from /opt/airflow/dags/create_mart_dag.py
[2026-06-09T20:33:07.774+0000] {logging_mixin.py:190} INFO - [2026-06-09T20:33:07.773+0000] {dag.py:3239} INFO - Sync 1 DAGs
[2026-06-09T20:33:07.789+0000] {logging_mixin.py:190} INFO - [2026-06-09T20:33:07.789+0000] {dag.py:4180} INFO - Setting next_dagrun for create_analytics_mart to 2026-06-09 02:00:00+00:00, run_after=2026-06-10 02:00:00+00:00
[2026-06-09T20:33:07.806+0000] {processor.py:208} INFO - Processing /opt/airflow/dags/create_mart_dag.py took 0.076 seconds
[2026-06-09T20:33:38.125+0000] {processor.py:186} INFO - Started process (PID=11201) to work on /opt/airflow/dags/create_mart_dag.py
[2026-06-09T20:33:38.126+0000] {processor.py:914} INFO - Processing file /opt/airflow/dags/create_mart_dag.py for tasks to queue
[2026-06-09T20:33:38.128+0000] {logging_mixin.py:190} INFO - [2026-06-09T20:33:38.128+0000] {dagbag.py:588} INFO - Filling up the DagBag from /opt/airflow/dags/create_mart_dag.py
[2026-06-09T20:33:38.145+0000] {processor.py:925} INFO - DAG(s) 'create_analytics_mart' retrieved from /opt/airflow/dags/create_mart_dag.py
[2026-06-09T20:33:38.166+0000] {logging_mixin.py:190} INFO - [2026-06-09T20:33:38.166+0000] {dag.py:3239} INFO - Sync 1 DAGs
[2026-06-09T20:33:38.183+0000] {logging_mixin.py:190} INFO - [2026-06-09T20:33:38.183+0000] {dag.py:4180} INFO - Setting next_dagrun for create_analytics_mart to 2026-06-09 02:00:00+00:00, run_after=2026-06-10 02:00:00+00:00
[2026-06-09T20:33:38.201+0000] {processor.py:208} INFO - Processing /opt/airflow/dags/create_mart_dag.py took 0.080 seconds
[2026-06-09T20:34:08.568+0000] {processor.py:186} INFO - Started process (PID=11227) to work on /opt/airflow/dags/create_mart_dag.py
[2026-06-09T20:34:08.569+0000] {processor.py:914} INFO - Processing file /opt/airflow/dags/create_mart_dag.py for tasks to queue
[2026-06-09T20:34:08.571+0000] {logging_mixin.py:190} INFO - [2026-06-09T20:34:08.571+0000] {dagbag.py:588} INFO - Filling up the DagBag from /opt/airflow/dags/create_mart_dag.py
[2026-06-09T20:34:08.593+0000] {processor.py:925} INFO - DAG(s) 'create_analytics_mart' retrieved from /opt/airflow/dags/create_mart_dag.py
[2026-06-09T20:34:08.616+0000] {logging_mixin.py:190} INFO - [2026-06-09T20:34:08.615+0000] {dag.py:3239} INFO - Sync 1 DAGs
[2026-06-09T20:34:08.633+0000] {logging_mixin.py:190} INFO - [2026-06-09T20:34:08.633+0000] {dag.py:4180} INFO - Setting next_dagrun for create_analytics_mart to 2026-06-09 02:00:00+00:00, run_after=2026-06-10 02:00:00+00:00
[2026-06-09T20:34:08.653+0000] {processor.py:208} INFO - Processing /opt/airflow/dags/create_mart_dag.py took 0.090 seconds
[2026-06-09T20:34:39.051+0000] {processor.py:186} INFO - Started process (PID=11253) to work on /opt/airflow/dags/create_mart_dag.py
[2026-06-09T20:34:39.053+0000] {processor.py:914} INFO - Processing file /opt/airflow/dags/create_mart_dag.py for tasks to queue
[2026-06-09T20:34:39.055+0000] {logging_mixin.py:190} INFO - [2026-06-09T20:34:39.054+0000] {dagbag.py:588} INFO - Filling up the DagBag from /opt/airflow/dags/create_mart_dag.py
[2026-06-09T20:34:39.073+0000] {processor.py:925} INFO - DAG(s) 'create_analytics_mart' retrieved from /opt/airflow/dags/create_mart_dag.py
[2026-06-09T20:34:39.095+0000] {logging_mixin.py:190} INFO - [2026-06-09T20:34:39.095+0000] {dag.py:3239} INFO - Sync 1 DAGs
[2026-06-09T20:34:39.115+0000] {logging_mixin.py:190} INFO - [2026-06-09T20:34:39.114+0000] {dag.py:4180} INFO - Setting next_dagrun for create_analytics_mart to 2026-06-09 02:00:00+00:00, run_after=2026-06-10 02:00:00+00:00
[2026-06-09T20:34:39.132+0000] {processor.py:208} INFO - Processing /opt/airflow/dags/create_mart_dag.py took 0.085 seconds
[2026-06-09T20:35:09.449+0000] {processor.py:186} INFO - Started process (PID=11279) to work on /opt/airflow/dags/create_mart_dag.py
[2026-06-09T20:35:09.450+0000] {processor.py:914} INFO - Processing file /opt/airflow/dags/create_mart_dag.py for tasks to queue
[2026-06-09T20:35:09.452+0000] {logging_mixin.py:190} INFO - [2026-06-09T20:35:09.452+0000] {dagbag.py:588} INFO - Filling up the DagBag from /opt/airflow/dags/create_mart_dag.py
[2026-06-09T20:35:09.471+0000] {processor.py:925} INFO - DAG(s) 'create_analytics_mart' retrieved from /opt/airflow/dags/create_mart_dag.py
[2026-06-09T20:35:09.491+0000] {logging_mixin.py:190} INFO - [2026-06-09T20:35:09.491+0000] {dag.py:3239} INFO - Sync 1 DAGs
[2026-06-09T20:35:09.508+0000] {logging_mixin.py:190} INFO - [2026-06-09T20:35:09.507+0000] {dag.py:4180} INFO - Setting next_dagrun for create_analytics_mart to 2026-06-09 02:00:00+00:00, run_after=2026-06-10 02:00:00+00:00
[2026-06-09T20:35:09.524+0000] {processor.py:208} INFO - Processing /opt/airflow/dags/create_mart_dag.py took 0.079 seconds
[2026-06-09T20:35:39.824+0000] {processor.py:186} INFO - Started process (PID=11306) to work on /opt/airflow/dags/create_mart_dag.py
[2026-06-09T20:35:39.825+0000] {processor.py:914} INFO - Processing file /opt/airflow/dags/create_mart_dag.py for tasks to queue
[2026-06-09T20:35:39.827+0000] {logging_mixin.py:190} INFO - [2026-06-09T20:35:39.827+0000] {dagbag.py:588} INFO - Filling up the DagBag from /opt/airflow/dags/create_mart_dag.py
[2026-06-09T20:35:39.846+0000] {processor.py:925} INFO - DAG(s) 'create_analytics_mart' retrieved from /opt/airflow/dags/create_mart_dag.py
[2026-06-09T20:35:39.865+0000] {logging_mixin.py:190} INFO - [2026-06-09T20:35:39.865+0000] {dag.py:3239} INFO - Sync 1 DAGs
[2026-06-09T20:35:39.881+0000] {logging_mixin.py:190} INFO - [2026-06-09T20:35:39.880+0000] {dag.py:4180} INFO - Setting next_dagrun for create_analytics_mart to 2026-06-09 02:00:00+00:00, run_after=2026-06-10 02:00:00+00:00
[2026-06-09T20:35:39.897+0000] {processor.py:208} INFO - Processing /opt/airflow/dags/create_mart_dag.py took 0.078 seconds
[2026-06-09T20:36:10.236+0000] {processor.py:186} INFO - Started process (PID=11332) to work on /opt/airflow/dags/create_mart_dag.py
[2026-06-09T20:36:10.237+0000] {processor.py:914} INFO - Processing file /opt/airflow/dags/create_mart_dag.py for tasks to queue
[2026-06-09T20:36:10.239+0000] {logging_mixin.py:190} INFO - [2026-06-09T20:36:10.239+0000] {dagbag.py:588} INFO - Filling up the DagBag from /opt/airflow/dags/create_mart_dag.py
[2026-06-09T20:36:10.256+0000] {processor.py:925} INFO - DAG(s) 'create_analytics_mart' retrieved from /opt/airflow/dags/create_mart_dag.py
[2026-06-09T20:36:10.275+0000] {logging_mixin.py:190} INFO - [2026-06-09T20:36:10.275+0000] {dag.py:3239} INFO - Sync 1 DAGs
[2026-06-09T20:36:10.291+0000] {logging_mixin.py:190} INFO - [2026-06-09T20:36:10.291+0000] {dag.py:4180} INFO - Setting next_dagrun for create_analytics_mart to 2026-06-09 02:00:00+00:00, run_after=2026-06-10 02:00:00+00:00
[2026-06-09T20:36:10.307+0000] {processor.py:208} INFO - Processing /opt/airflow/dags/create_mart_dag.py took 0.075 seconds
[2026-06-09T20:36:40.548+0000] {processor.py:186} INFO - Started process (PID=11358) to work on /opt/airflow/dags/create_mart_dag.py
[2026-06-09T20:36:40.549+0000] {processor.py:914} INFO - Processing file /opt/airflow/dags/create_mart_dag.py for tasks to queue
[2026-06-09T20:36:40.551+0000] {logging_mixin.py:190} INFO - [2026-06-09T20:36:40.551+0000] {dagbag.py:588} INFO - Filling up the DagBag from /opt/airflow/dags/create_mart_dag.py
[2026-06-09T20:36:40.569+0000] {processor.py:925} INFO - DAG(s) 'create_analytics_mart' retrieved from /opt/airflow/dags/create_mart_dag.py
[2026-06-09T20:36:40.592+0000] {logging_mixin.py:190} INFO - [2026-06-09T20:36:40.592+0000] {dag.py:3239} INFO - Sync 1 DAGs
[2026-06-09T20:36:40.610+0000] {logging_mixin.py:190} INFO - [2026-06-09T20:36:40.610+0000] {dag.py:4180} INFO - Setting next_dagrun for create_analytics_mart to 2026-06-09 02:00:00+00:00, run_after=2026-06-10 02:00:00+00:00
[2026-06-09T20:36:40.628+0000] {processor.py:208} INFO - Processing /opt/airflow/dags/create_mart_dag.py took 0.084 seconds
[2026-06-09T20:37:10.862+0000] {processor.py:186} INFO - Started process (PID=11384) to work on /opt/airflow/dags/create_mart_dag.py
[2026-06-09T20:37:10.863+0000] {processor.py:914} INFO - Processing file /opt/airflow/dags/create_mart_dag.py for tasks to queue
[2026-06-09T20:37:10.865+0000] {logging_mixin.py:190} INFO - [2026-06-09T20:37:10.865+0000] {dagbag.py:588} INFO - Filling up the DagBag from /opt/airflow/dags/create_mart_dag.py
[2026-06-09T20:37:10.883+0000] {processor.py:925} INFO - DAG(s) 'create_analytics_mart' retrieved from /opt/airflow/dags/create_mart_dag.py
[2026-06-09T20:37:10.903+0000] {logging_mixin.py:190} INFO - [2026-06-09T20:37:10.902+0000] {dag.py:3239} INFO - Sync 1 DAGs
[2026-06-09T20:37:10.920+0000] {logging_mixin.py:190} INFO - [2026-06-09T20:37:10.920+0000] {dag.py:4180} INFO - Setting next_dagrun for create_analytics_mart to 2026-06-09 02:00:00+00:00, run_after=2026-06-10 02:00:00+00:00
[2026-06-09T20:37:10.937+0000] {processor.py:208} INFO - Processing /opt/airflow/dags/create_mart_dag.py took 0.080 seconds
[2026-06-09T20:37:41.238+0000] {processor.py:186} INFO - Started process (PID=11410) to work on /opt/airflow/dags/create_mart_dag.py
[2026-06-09T20:37:41.239+0000] {processor.py:914} INFO - Processing file /opt/airflow/dags/create_mart_dag.py for tasks to queue
[2026-06-09T20:37:41.241+0000] {logging_mixin.py:190} INFO - [2026-06-09T20:37:41.241+0000] {dagbag.py:588} INFO - Filling up the DagBag from /opt/airflow/dags/create_mart_dag.py
[2026-06-09T20:37:41.259+0000] {processor.py:925} INFO - DAG(s) 'create_analytics_mart' retrieved from /opt/airflow/dags/create_mart_dag.py
[2026-06-09T20:37:41.280+0000] {logging_mixin.py:190} INFO - [2026-06-09T20:37:41.280+0000] {dag.py:3239} INFO - Sync 1 DAGs
[2026-06-09T20:37:41.296+0000] {logging_mixin.py:190} INFO - [2026-06-09T20:37:41.296+0000] {dag.py:4180} INFO - Setting next_dagrun for create_analytics_mart to 2026-06-09 02:00:00+00:00, run_after=2026-06-10 02:00:00+00:00
[2026-06-09T20:37:41.313+0000] {processor.py:208} INFO - Processing /opt/airflow/dags/create_mart_dag.py took 0.080 seconds
[2026-06-09T20:38:11.678+0000] {processor.py:186} INFO - Started process (PID=11436) to work on /opt/airflow/dags/create_mart_dag.py
[2026-06-09T20:38:11.679+0000] {processor.py:914} INFO - Processing file /opt/airflow/dags/create_mart_dag.py for tasks to queue
[2026-06-09T20:38:11.682+0000] {logging_mixin.py:190} INFO - [2026-06-09T20:38:11.682+0000] {dagbag.py:588} INFO - Filling up the DagBag from /opt/airflow/dags/create_mart_dag.py
[2026-06-09T20:38:11.700+0000] {processor.py:925} INFO - DAG(s) 'create_analytics_mart' retrieved from /opt/airflow/dags/create_mart_dag.py
[2026-06-09T20:38:11.719+0000] {logging_mixin.py:190} INFO - [2026-06-09T20:38:11.719+0000] {dag.py:3239} INFO - Sync 1 DAGs
[2026-06-09T20:38:11.735+0000] {logging_mixin.py:190} INFO - [2026-06-09T20:38:11.735+0000] {dag.py:4180} INFO - Setting next_dagrun for create_analytics_mart to 2026-06-09 02:00:00+00:00, run_after=2026-06-10 02:00:00+00:00
[2026-06-09T20:38:11.751+0000] {processor.py:208} INFO - Processing /opt/airflow/dags/create_mart_dag.py took 0.078 seconds
[2026-06-09T20:38:42.059+0000] {processor.py:186} INFO - Started process (PID=11462) to work on /opt/airflow/dags/create_mart_dag.py
[2026-06-09T20:38:42.060+0000] {processor.py:914} INFO - Processing file /opt/airflow/dags/create_mart_dag.py for tasks to queue
[2026-06-09T20:38:42.062+0000] {logging_mixin.py:190} INFO - [2026-06-09T20:38:42.061+0000] {dagbag.py:588} INFO - Filling up the DagBag from /opt/airflow/dags/create_mart_dag.py
[2026-06-09T20:38:42.082+0000] {processor.py:925} INFO - DAG(s) 'create_analytics_mart' retrieved from /opt/airflow/dags/create_mart_dag.py
[2026-06-09T20:38:42.104+0000] {logging_mixin.py:190} INFO - [2026-06-09T20:38:42.103+0000] {dag.py:3239} INFO - Sync 1 DAGs
[2026-06-09T20:38:42.121+0000] {logging_mixin.py:190} INFO - [2026-06-09T20:38:42.120+0000] {dag.py:4180} INFO - Setting next_dagrun for create_analytics_mart to 2026-06-09 02:00:00+00:00, run_after=2026-06-10 02:00:00+00:00
[2026-06-09T20:38:42.137+0000] {processor.py:208} INFO - Processing /opt/airflow/dags/create_mart_dag.py took 0.082 seconds
[2026-06-09T20:39:12.354+0000] {processor.py:186} INFO - Started process (PID=11488) to work on /opt/airflow/dags/create_mart_dag.py
[2026-06-09T20:39:12.355+0000] {processor.py:914} INFO - Processing file /opt/airflow/dags/create_mart_dag.py for tasks to queue
[2026-06-09T20:39:12.358+0000] {logging_mixin.py:190} INFO - [2026-06-09T20:39:12.357+0000] {dagbag.py:588} INFO - Filling up the DagBag from /opt/airflow/dags/create_mart_dag.py
[2026-06-09T20:39:12.376+0000] {processor.py:925} INFO - DAG(s) 'create_analytics_mart' retrieved from /opt/airflow/dags/create_mart_dag.py
[2026-06-09T20:39:12.396+0000] {logging_mixin.py:190} INFO - [2026-06-09T20:39:12.396+0000] {dag.py:3239} INFO - Sync 1 DAGs
[2026-06-09T20:39:12.413+0000] {logging_mixin.py:190} INFO - [2026-06-09T20:39:12.413+0000] {dag.py:4180} INFO - Setting next_dagrun for create_analytics_mart to 2026-06-09 02:00:00+00:00, run_after=2026-06-10 02:00:00+00:00
[2026-06-09T20:39:12.430+0000] {processor.py:208} INFO - Processing /opt/airflow/dags/create_mart_dag.py took 0.080 seconds
[2026-06-09T20:39:42.871+0000] {processor.py:186} INFO - Started process (PID=11514) to work on /opt/airflow/dags/create_mart_dag.py
[2026-06-09T20:39:42.878+0000] {processor.py:914} INFO - Processing file /opt/airflow/dags/create_mart_dag.py for tasks to queue
[2026-06-09T20:39:42.909+0000] {logging_mixin.py:190} INFO - [2026-06-09T20:39:42.907+0000] {dagbag.py:588} INFO - Filling up the DagBag from /opt/airflow/dags/create_mart_dag.py
[2026-06-09T20:39:43.012+0000] {processor.py:925} INFO - DAG(s) 'create_analytics_mart' retrieved from /opt/airflow/dags/create_mart_dag.py
[2026-06-09T20:39:43.055+0000] {logging_mixin.py:190} INFO - [2026-06-09T20:39:43.055+0000] {dag.py:3239} INFO - Sync 1 DAGs
[2026-06-09T20:39:43.107+0000] {logging_mixin.py:190} INFO - [2026-06-09T20:39:43.107+0000] {dag.py:4180} INFO - Setting next_dagrun for create_analytics_mart to 2026-06-09 02:00:00+00:00, run_after=2026-06-10 02:00:00+00:00
[2026-06-09T20:39:43.125+0000] {processor.py:208} INFO - Processing /opt/airflow/dags/create_mart_dag.py took 0.322 seconds
[2026-06-09T20:40:13.215+0000] {processor.py:186} INFO - Started process (PID=11540) to work on /opt/airflow/dags/create_mart_dag.py
[2026-06-09T20:40:13.216+0000] {processor.py:914} INFO - Processing file /opt/airflow/dags/create_mart_dag.py for tasks to queue
[2026-06-09T20:40:13.219+0000] {logging_mixin.py:190} INFO - [2026-06-09T20:40:13.218+0000] {dagbag.py:588} INFO - Filling up the DagBag from /opt/airflow/dags/create_mart_dag.py
[2026-06-09T20:40:13.238+0000] {processor.py:925} INFO - DAG(s) 'create_analytics_mart' retrieved from /opt/airflow/dags/create_mart_dag.py
[2026-06-09T20:40:13.261+0000] {logging_mixin.py:190} INFO - [2026-06-09T20:40:13.260+0000] {dag.py:3239} INFO - Sync 1 DAGs
[2026-06-09T20:40:13.277+0000] {logging_mixin.py:190} INFO - [2026-06-09T20:40:13.277+0000] {dag.py:4180} INFO - Setting next_dagrun for create_analytics_mart to 2026-06-09 02:00:00+00:00, run_after=2026-06-10 02:00:00+00:00
[2026-06-09T20:40:13.295+0000] {processor.py:208} INFO - Processing /opt/airflow/dags/create_mart_dag.py took 0.084 seconds
[2026-06-09T20:40:43.653+0000] {processor.py:186} INFO - Started process (PID=11566) to work on /opt/airflow/dags/create_mart_dag.py
[2026-06-09T20:40:43.654+0000] {processor.py:914} INFO - Processing file /opt/airflow/dags/create_mart_dag.py for tasks to queue
[2026-06-09T20:40:43.656+0000] {logging_mixin.py:190} INFO - [2026-06-09T20:40:43.656+0000] {dagbag.py:588} INFO - Filling up the DagBag from /opt/airflow/dags/create_mart_dag.py
[2026-06-09T20:40:43.677+0000] {processor.py:925} INFO - DAG(s) 'create_analytics_mart' retrieved from /opt/airflow/dags/create_mart_dag.py
[2026-06-09T20:40:43.698+0000] {logging_mixin.py:190} INFO - [2026-06-09T20:40:43.698+0000] {dag.py:3239} INFO - Sync 1 DAGs
[2026-06-09T20:40:43.717+0000] {logging_mixin.py:190} INFO - [2026-06-09T20:40:43.716+0000] {dag.py:4180} INFO - Setting next_dagrun for create_analytics_mart to 2026-06-09 02:00:00+00:00, run_after=2026-06-10 02:00:00+00:00
[2026-06-09T20:40:43.734+0000] {processor.py:208} INFO - Processing /opt/airflow/dags/create_mart_dag.py took 0.085 seconds
[2026-06-09T20:41:13.966+0000] {processor.py:186} INFO - Started process (PID=11592) to work on /opt/airflow/dags/create_mart_dag.py
[2026-06-09T20:41:13.967+0000] {processor.py:914} INFO - Processing file /opt/airflow/dags/create_mart_dag.py for tasks to queue
[2026-06-09T20:41:13.969+0000] {logging_mixin.py:190} INFO - [2026-06-09T20:41:13.969+0000] {dagbag.py:588} INFO - Filling up the DagBag from /opt/airflow/dags/create_mart_dag.py
[2026-06-09T20:41:13.990+0000] {processor.py:925} INFO - DAG(s) 'create_analytics_mart' retrieved from /opt/airflow/dags/create_mart_dag.py
[2026-06-09T20:41:14.011+0000] {logging_mixin.py:190} INFO - [2026-06-09T20:41:14.011+0000] {dag.py:3239} INFO - Sync 1 DAGs
[2026-06-09T20:41:14.027+0000] {logging_mixin.py:190} INFO - [2026-06-09T20:41:14.027+0000] {dag.py:4180} INFO - Setting next_dagrun for create_analytics_mart to 2026-06-09 02:00:00+00:00, run_after=2026-06-10 02:00:00+00:00
[2026-06-09T20:41:14.045+0000] {processor.py:208} INFO - Processing /opt/airflow/dags/create_mart_dag.py took 0.084 seconds
[2026-06-09T20:41:44.394+0000] {processor.py:186} INFO - Started process (PID=11618) to work on /opt/airflow/dags/create_mart_dag.py
[2026-06-09T20:41:44.395+0000] {processor.py:914} INFO - Processing file /opt/airflow/dags/create_mart_dag.py for tasks to queue
[2026-06-09T20:41:44.397+0000] {logging_mixin.py:190} INFO - [2026-06-09T20:41:44.396+0000] {dagbag.py:588} INFO - Filling up the DagBag from /opt/airflow/dags/create_mart_dag.py
[2026-06-09T20:41:44.420+0000] {processor.py:925} INFO - DAG(s) 'create_analytics_mart' retrieved from /opt/airflow/dags/create_mart_dag.py
[2026-06-09T20:41:44.439+0000] {logging_mixin.py:190} INFO - [2026-06-09T20:41:44.439+0000] {dag.py:3239} INFO - Sync 1 DAGs
[2026-06-09T20:41:44.458+0000] {logging_mixin.py:190} INFO - [2026-06-09T20:41:44.458+0000] {dag.py:4180} INFO - Setting next_dagrun for create_analytics_mart to 2026-06-09 02:00:00+00:00, run_after=2026-06-10 02:00:00+00:00
[2026-06-09T20:41:44.475+0000] {processor.py:208} INFO - Processing /opt/airflow/dags/create_mart_dag.py took 0.086 seconds
[2026-06-09T20:42:14.684+0000] {processor.py:186} INFO - Started process (PID=11644) to work on /opt/airflow/dags/create_mart_dag.py
[2026-06-09T20:42:14.685+0000] {processor.py:914} INFO - Processing file /opt/airflow/dags/create_mart_dag.py for tasks to queue
[2026-06-09T20:42:14.688+0000] {logging_mixin.py:190} INFO - [2026-06-09T20:42:14.688+0000] {dagbag.py:588} INFO - Filling up the DagBag from /opt/airflow/dags/create_mart_dag.py
[2026-06-09T20:42:14.706+0000] {processor.py:925} INFO - DAG(s) 'create_analytics_mart' retrieved from /opt/airflow/dags/create_mart_dag.py
[2026-06-09T20:42:14.726+0000] {logging_mixin.py:190} INFO - [2026-06-09T20:42:14.726+0000] {dag.py:3239} INFO - Sync 1 DAGs
[2026-06-09T20:42:14.743+0000] {logging_mixin.py:190} INFO - [2026-06-09T20:42:14.743+0000] {dag.py:4180} INFO - Setting next_dagrun for create_analytics_mart to 2026-06-09 02:00:00+00:00, run_after=2026-06-10 02:00:00+00:00
[2026-06-09T20:42:14.758+0000] {processor.py:208} INFO - Processing /opt/airflow/dags/create_mart_dag.py took 0.078 seconds
[2026-06-09T20:42:45.123+0000] {processor.py:186} INFO - Started process (PID=11670) to work on /opt/airflow/dags/create_mart_dag.py
[2026-06-09T20:42:45.124+0000] {processor.py:914} INFO - Processing file /opt/airflow/dags/create_mart_dag.py for tasks to queue
[2026-06-09T20:42:45.126+0000] {logging_mixin.py:190} INFO - [2026-06-09T20:42:45.126+0000] {dagbag.py:588} INFO - Filling up the DagBag from /opt/airflow/dags/create_mart_dag.py
[2026-06-09T20:42:45.148+0000] {processor.py:925} INFO - DAG(s) 'create_analytics_mart' retrieved from /opt/airflow/dags/create_mart_dag.py
[2026-06-09T20:42:45.169+0000] {logging_mixin.py:190} INFO - [2026-06-09T20:42:45.169+0000] {dag.py:3239} INFO - Sync 1 DAGs
[2026-06-09T20:42:45.186+0000] {logging_mixin.py:190} INFO - [2026-06-09T20:42:45.186+0000] {dag.py:4180} INFO - Setting next_dagrun for create_analytics_mart to 2026-06-09 02:00:00+00:00, run_after=2026-06-10 02:00:00+00:00
[2026-06-09T20:42:45.223+0000] {processor.py:208} INFO - Processing /opt/airflow/dags/create_mart_dag.py took 0.105 seconds
[2026-06-09T20:43:15.595+0000] {processor.py:186} INFO - Started process (PID=11697) to work on /opt/airflow/dags/create_mart_dag.py
[2026-06-09T20:43:15.596+0000] {processor.py:914} INFO - Processing file /opt/airflow/dags/create_mart_dag.py for tasks to queue
[2026-06-09T20:43:15.599+0000] {logging_mixin.py:190} INFO - [2026-06-09T20:43:15.598+0000] {dagbag.py:588} INFO - Filling up the DagBag from /opt/airflow/dags/create_mart_dag.py
[2026-06-09T20:43:15.620+0000] {processor.py:925} INFO - DAG(s) 'create_analytics_mart' retrieved from /opt/airflow/dags/create_mart_dag.py
[2026-06-09T20:43:15.641+0000] {logging_mixin.py:190} INFO - [2026-06-09T20:43:15.641+0000] {dag.py:3239} INFO - Sync 1 DAGs
[2026-06-09T20:43:15.661+0000] {logging_mixin.py:190} INFO - [2026-06-09T20:43:15.660+0000] {dag.py:4180} INFO - Setting next_dagrun for create_analytics_mart to 2026-06-09 02:00:00+00:00, run_after=2026-06-10 02:00:00+00:00
[2026-06-09T20:43:15.678+0000] {processor.py:208} INFO - Processing /opt/airflow/dags/create_mart_dag.py took 0.089 seconds
[2026-06-09T20:43:46.021+0000] {processor.py:186} INFO - Started process (PID=11723) to work on /opt/airflow/dags/create_mart_dag.py
[2026-06-09T20:43:46.022+0000] {processor.py:914} INFO - Processing file /opt/airflow/dags/create_mart_dag.py for tasks to queue
[2026-06-09T20:43:46.025+0000] {logging_mixin.py:190} INFO - [2026-06-09T20:43:46.024+0000] {dagbag.py:588} INFO - Filling up the DagBag from /opt/airflow/dags/create_mart_dag.py
[2026-06-09T20:43:46.047+0000] {processor.py:925} INFO - DAG(s) 'create_analytics_mart' retrieved from /opt/airflow/dags/create_mart_dag.py
[2026-06-09T20:43:46.067+0000] {logging_mixin.py:190} INFO - [2026-06-09T20:43:46.067+0000] {dag.py:3239} INFO - Sync 1 DAGs
[2026-06-09T20:43:46.086+0000] {logging_mixin.py:190} INFO - [2026-06-09T20:43:46.086+0000] {dag.py:4180} INFO - Setting next_dagrun for create_analytics_mart to 2026-06-09 02:00:00+00:00, run_after=2026-06-10 02:00:00+00:00
[2026-06-09T20:43:46.101+0000] {processor.py:208} INFO - Processing /opt/airflow/dags/create_mart_dag.py took 0.087 seconds
[2026-06-09T20:44:16.458+0000] {processor.py:186} INFO - Started process (PID=11749) to work on /opt/airflow/dags/create_mart_dag.py
[2026-06-09T20:44:16.459+0000] {processor.py:914} INFO - Processing file /opt/airflow/dags/create_mart_dag.py for tasks to queue
[2026-06-09T20:44:16.462+0000] {logging_mixin.py:190} INFO - [2026-06-09T20:44:16.462+0000] {dagbag.py:588} INFO - Filling up the DagBag from /opt/airflow/dags/create_mart_dag.py
[2026-06-09T20:44:16.487+0000] {processor.py:925} INFO - DAG(s) 'create_analytics_mart' retrieved from /opt/airflow/dags/create_mart_dag.py
[2026-06-09T20:44:16.508+0000] {logging_mixin.py:190} INFO - [2026-06-09T20:44:16.507+0000] {dag.py:3239} INFO - Sync 1 DAGs
[2026-06-09T20:44:16.526+0000] {logging_mixin.py:190} INFO - [2026-06-09T20:44:16.525+0000] {dag.py:4180} INFO - Setting next_dagrun for create_analytics_mart to 2026-06-09 02:00:00+00:00, run_after=2026-06-10 02:00:00+00:00
[2026-06-09T20:44:16.544+0000] {processor.py:208} INFO - Processing /opt/airflow/dags/create_mart_dag.py took 0.091 seconds
[2026-06-09T20:44:46.790+0000] {processor.py:186} INFO - Started process (PID=11775) to work on /opt/airflow/dags/create_mart_dag.py
[2026-06-09T20:44:46.791+0000] {processor.py:914} INFO - Processing file /opt/airflow/dags/create_mart_dag.py for tasks to queue
[2026-06-09T20:44:46.794+0000] {logging_mixin.py:190} INFO - [2026-06-09T20:44:46.794+0000] {dagbag.py:588} INFO - Filling up the DagBag from /opt/airflow/dags/create_mart_dag.py
[2026-06-09T20:44:46.841+0000] {processor.py:925} INFO - DAG(s) 'create_analytics_mart' retrieved from /opt/airflow/dags/create_mart_dag.py
[2026-06-09T20:44:46.867+0000] {logging_mixin.py:190} INFO - [2026-06-09T20:44:46.867+0000] {dag.py:3239} INFO - Sync 1 DAGs
[2026-06-09T20:44:46.898+0000] {logging_mixin.py:190} INFO - [2026-06-09T20:44:46.898+0000] {dag.py:4180} INFO - Setting next_dagrun for create_analytics_mart to 2026-06-09 02:00:00+00:00, run_after=2026-06-10 02:00:00+00:00
[2026-06-09T20:44:46.916+0000] {processor.py:208} INFO - Processing /opt/airflow/dags/create_mart_dag.py took 0.132 seconds
[2026-06-09T20:45:17.230+0000] {processor.py:186} INFO - Started process (PID=11801) to work on /opt/airflow/dags/create_mart_dag.py
[2026-06-09T20:45:17.231+0000] {processor.py:914} INFO - Processing file /opt/airflow/dags/create_mart_dag.py for tasks to queue
[2026-06-09T20:45:17.233+0000] {logging_mixin.py:190} INFO - [2026-06-09T20:45:17.233+0000] {dagbag.py:588} INFO - Filling up the DagBag from /opt/airflow/dags/create_mart_dag.py
[2026-06-09T20:45:17.253+0000] {processor.py:925} INFO - DAG(s) 'create_analytics_mart' retrieved from /opt/airflow/dags/create_mart_dag.py
[2026-06-09T20:45:17.273+0000] {logging_mixin.py:190} INFO - [2026-06-09T20:45:17.273+0000] {dag.py:3239} INFO - Sync 1 DAGs
[2026-06-09T20:45:17.293+0000] {logging_mixin.py:190} INFO - [2026-06-09T20:45:17.293+0000] {dag.py:4180} INFO - Setting next_dagrun for create_analytics_mart to 2026-06-09 02:00:00+00:00, run_after=2026-06-10 02:00:00+00:00
[2026-06-09T20:45:17.312+0000] {processor.py:208} INFO - Processing /opt/airflow/dags/create_mart_dag.py took 0.086 seconds
[2026-06-09T20:45:47.671+0000] {processor.py:186} INFO - Started process (PID=11827) to work on /opt/airflow/dags/create_mart_dag.py
[2026-06-09T20:45:47.673+0000] {processor.py:914} INFO - Processing file /opt/airflow/dags/create_mart_dag.py for tasks to queue
[2026-06-09T20:45:47.675+0000] {logging_mixin.py:190} INFO - [2026-06-09T20:45:47.675+0000] {dagbag.py:588} INFO - Filling up the DagBag from /opt/airflow/dags/create_mart_dag.py
[2026-06-09T20:45:47.694+0000] {processor.py:925} INFO - DAG(s) 'create_analytics_mart' retrieved from /opt/airflow/dags/create_mart_dag.py
[2026-06-09T20:45:47.716+0000] {logging_mixin.py:190} INFO - [2026-06-09T20:45:47.716+0000] {dag.py:3239} INFO - Sync 1 DAGs
[2026-06-09T20:45:47.735+0000] {logging_mixin.py:190} INFO - [2026-06-09T20:45:47.735+0000] {dag.py:4180} INFO - Setting next_dagrun for create_analytics_mart to 2026-06-09 02:00:00+00:00, run_after=2026-06-10 02:00:00+00:00
[2026-06-09T20:45:47.753+0000] {processor.py:208} INFO - Processing /opt/airflow/dags/create_mart_dag.py took 0.087 seconds
[2026-06-09T20:46:18.104+0000] {processor.py:186} INFO - Started process (PID=11853) to work on /opt/airflow/dags/create_mart_dag.py
[2026-06-09T20:46:18.105+0000] {processor.py:914} INFO - Processing file /opt/airflow/dags/create_mart_dag.py for tasks to queue
[2026-06-09T20:46:18.108+0000] {logging_mixin.py:190} INFO - [2026-06-09T20:46:18.108+0000] {dagbag.py:588} INFO - Filling up the DagBag from /opt/airflow/dags/create_mart_dag.py
[2026-06-09T20:46:18.130+0000] {processor.py:925} INFO - DAG(s) 'create_analytics_mart' retrieved from /opt/airflow/dags/create_mart_dag.py
[2026-06-09T20:46:18.151+0000] {logging_mixin.py:190} INFO - [2026-06-09T20:46:18.151+0000] {dag.py:3239} INFO - Sync 1 DAGs
[2026-06-09T20:46:18.169+0000] {logging_mixin.py:190} INFO - [2026-06-09T20:46:18.169+0000] {dag.py:4180} INFO - Setting next_dagrun for create_analytics_mart to 2026-06-09 02:00:00+00:00, run_after=2026-06-10 02:00:00+00:00
[2026-06-09T20:46:18.189+0000] {processor.py:208} INFO - Processing /opt/airflow/dags/create_mart_dag.py took 0.089 seconds
[2026-06-09T20:46:48.513+0000] {processor.py:186} INFO - Started process (PID=11879) to work on /opt/airflow/dags/create_mart_dag.py
[2026-06-09T20:46:48.514+0000] {processor.py:914} INFO - Processing file /opt/airflow/dags/create_mart_dag.py for tasks to queue
[2026-06-09T20:46:48.515+0000] {logging_mixin.py:190} INFO - [2026-06-09T20:46:48.515+0000] {dagbag.py:588} INFO - Filling up the DagBag from /opt/airflow/dags/create_mart_dag.py
[2026-06-09T20:46:48.536+0000] {processor.py:925} INFO - DAG(s) 'create_analytics_mart' retrieved from /opt/airflow/dags/create_mart_dag.py
[2026-06-09T20:46:48.557+0000] {logging_mixin.py:190} INFO - [2026-06-09T20:46:48.557+0000] {dag.py:3239} INFO - Sync 1 DAGs
[2026-06-09T20:46:48.576+0000] {logging_mixin.py:190} INFO - [2026-06-09T20:46:48.576+0000] {dag.py:4180} INFO - Setting next_dagrun for create_analytics_mart to 2026-06-09 02:00:00+00:00, run_after=2026-06-10 02:00:00+00:00
[2026-06-09T20:46:48.593+0000] {processor.py:208} INFO - Processing /opt/airflow/dags/create_mart_dag.py took 0.085 seconds
[2026-06-09T20:47:18.887+0000] {processor.py:186} INFO - Started process (PID=11905) to work on /opt/airflow/dags/create_mart_dag.py
[2026-06-09T20:47:18.888+0000] {processor.py:914} INFO - Processing file /opt/airflow/dags/create_mart_dag.py for tasks to queue
[2026-06-09T20:47:18.891+0000] {logging_mixin.py:190} INFO - [2026-06-09T20:47:18.891+0000] {dagbag.py:588} INFO - Filling up the DagBag from /opt/airflow/dags/create_mart_dag.py
[2026-06-09T20:47:18.913+0000] {processor.py:925} INFO - DAG(s) 'create_analytics_mart' retrieved from /opt/airflow/dags/create_mart_dag.py
[2026-06-09T20:47:18.935+0000] {logging_mixin.py:190} INFO - [2026-06-09T20:47:18.934+0000] {dag.py:3239} INFO - Sync 1 DAGs
[2026-06-09T20:47:18.955+0000] {logging_mixin.py:190} INFO - [2026-06-09T20:47:18.955+0000] {dag.py:4180} INFO - Setting next_dagrun for create_analytics_mart to 2026-06-09 02:00:00+00:00, run_after=2026-06-10 02:00:00+00:00
[2026-06-09T20:47:18.972+0000] {processor.py:208} INFO - Processing /opt/airflow/dags/create_mart_dag.py took 0.089 seconds
[2026-06-09T20:47:49.321+0000] {processor.py:186} INFO - Started process (PID=11931) to work on /opt/airflow/dags/create_mart_dag.py
[2026-06-09T20:47:49.322+0000] {processor.py:914} INFO - Processing file /opt/airflow/dags/create_mart_dag.py for tasks to queue
[2026-06-09T20:47:49.324+0000] {logging_mixin.py:190} INFO - [2026-06-09T20:47:49.324+0000] {dagbag.py:588} INFO - Filling up the DagBag from /opt/airflow/dags/create_mart_dag.py
[2026-06-09T20:47:49.348+0000] {processor.py:925} INFO - DAG(s) 'create_analytics_mart' retrieved from /opt/airflow/dags/create_mart_dag.py
[2026-06-09T20:47:49.372+0000] {logging_mixin.py:190} INFO - [2026-06-09T20:47:49.372+0000] {dag.py:3239} INFO - Sync 1 DAGs
[2026-06-09T20:47:49.390+0000] {logging_mixin.py:190} INFO - [2026-06-09T20:47:49.390+0000] {dag.py:4180} INFO - Setting next_dagrun for create_analytics_mart to 2026-06-09 02:00:00+00:00, run_after=2026-06-10 02:00:00+00:00
[2026-06-09T20:47:49.407+0000] {processor.py:208} INFO - Processing /opt/airflow/dags/create_mart_dag.py took 0.090 seconds
[2026-06-09T20:48:19.772+0000] {processor.py:186} INFO - Started process (PID=11957) to work on /opt/airflow/dags/create_mart_dag.py
[2026-06-09T20:48:19.773+0000] {processor.py:914} INFO - Processing file /opt/airflow/dags/create_mart_dag.py for tasks to queue
[2026-06-09T20:48:19.776+0000] {logging_mixin.py:190} INFO - [2026-06-09T20:48:19.775+0000] {dagbag.py:588} INFO - Filling up the DagBag from /opt/airflow/dags/create_mart_dag.py
[2026-06-09T20:48:19.797+0000] {processor.py:925} INFO - DAG(s) 'create_analytics_mart' retrieved from /opt/airflow/dags/create_mart_dag.py
[2026-06-09T20:48:19.817+0000] {logging_mixin.py:190} INFO - [2026-06-09T20:48:19.817+0000] {dag.py:3239} INFO - Sync 1 DAGs
[2026-06-09T20:48:19.837+0000] {logging_mixin.py:190} INFO - [2026-06-09T20:48:19.836+0000] {dag.py:4180} INFO - Setting next_dagrun for create_analytics_mart to 2026-06-09 02:00:00+00:00, run_after=2026-06-10 02:00:00+00:00
[2026-06-09T20:48:19.854+0000] {processor.py:208} INFO - Processing /opt/airflow/dags/create_mart_dag.py took 0.087 seconds
[2026-06-09T20:48:50.222+0000] {processor.py:186} INFO - Started process (PID=11983) to work on /opt/airflow/dags/create_mart_dag.py
[2026-06-09T20:48:50.222+0000] {processor.py:914} INFO - Processing file /opt/airflow/dags/create_mart_dag.py for tasks to queue
[2026-06-09T20:48:50.224+0000] {logging_mixin.py:190} INFO - [2026-06-09T20:48:50.224+0000] {dagbag.py:588} INFO - Filling up the DagBag from /opt/airflow/dags/create_mart_dag.py
[2026-06-09T20:48:50.248+0000] {processor.py:925} INFO - DAG(s) 'create_analytics_mart' retrieved from /opt/airflow/dags/create_mart_dag.py
[2026-06-09T20:48:50.267+0000] {logging_mixin.py:190} INFO - [2026-06-09T20:48:50.267+0000] {dag.py:3239} INFO - Sync 1 DAGs
[2026-06-09T20:48:50.288+0000] {logging_mixin.py:190} INFO - [2026-06-09T20:48:50.288+0000] {dag.py:4180} INFO - Setting next_dagrun for create_analytics_mart to 2026-06-09 02:00:00+00:00, run_after=2026-06-10 02:00:00+00:00
[2026-06-09T20:48:50.309+0000] {processor.py:208} INFO - Processing /opt/airflow/dags/create_mart_dag.py took 0.095 seconds
[2026-06-09T20:49:20.618+0000] {processor.py:186} INFO - Started process (PID=12009) to work on /opt/airflow/dags/create_mart_dag.py
[2026-06-09T20:49:20.620+0000] {processor.py:914} INFO - Processing file /opt/airflow/dags/create_mart_dag.py for tasks to queue
[2026-06-09T20:49:20.623+0000] {logging_mixin.py:190} INFO - [2026-06-09T20:49:20.623+0000] {dagbag.py:588} INFO - Filling up the DagBag from /opt/airflow/dags/create_mart_dag.py
[2026-06-09T20:49:20.646+0000] {processor.py:925} INFO - DAG(s) 'create_analytics_mart' retrieved from /opt/airflow/dags/create_mart_dag.py
[2026-06-09T20:49:20.668+0000] {logging_mixin.py:190} INFO - [2026-06-09T20:49:20.668+0000] {dag.py:3239} INFO - Sync 1 DAGs
[2026-06-09T20:49:20.689+0000] {logging_mixin.py:190} INFO - [2026-06-09T20:49:20.689+0000] {dag.py:4180} INFO - Setting next_dagrun for create_analytics_mart to 2026-06-09 02:00:00+00:00, run_after=2026-06-10 02:00:00+00:00
[2026-06-09T20:49:20.708+0000] {processor.py:208} INFO - Processing /opt/airflow/dags/create_mart_dag.py took 0.095 seconds
[2026-06-09T20:49:51.065+0000] {processor.py:186} INFO - Started process (PID=12035) to work on /opt/airflow/dags/create_mart_dag.py
[2026-06-09T20:49:51.068+0000] {processor.py:914} INFO - Processing file /opt/airflow/dags/create_mart_dag.py for tasks to queue
[2026-06-09T20:49:51.070+0000] {logging_mixin.py:190} INFO - [2026-06-09T20:49:51.070+0000] {dagbag.py:588} INFO - Filling up the DagBag from /opt/airflow/dags/create_mart_dag.py
[2026-06-09T20:49:51.092+0000] {processor.py:925} INFO - DAG(s) 'create_analytics_mart' retrieved from /opt/airflow/dags/create_mart_dag.py
[2026-06-09T20:49:51.112+0000] {logging_mixin.py:190} INFO - [2026-06-09T20:49:51.112+0000] {dag.py:3239} INFO - Sync 1 DAGs
[2026-06-09T20:49:51.130+0000] {logging_mixin.py:190} INFO - [2026-06-09T20:49:51.130+0000] {dag.py:4180} INFO - Setting next_dagrun for create_analytics_mart to 2026-06-09 02:00:00+00:00, run_after=2026-06-10 02:00:00+00:00
[2026-06-09T20:49:51.149+0000] {processor.py:208} INFO - Processing /opt/airflow/dags/create_mart_dag.py took 0.089 seconds
[2026-06-09T20:50:21.515+0000] {processor.py:186} INFO - Started process (PID=12061) to work on /opt/airflow/dags/create_mart_dag.py
[2026-06-09T20:50:21.518+0000] {processor.py:914} INFO - Processing file /opt/airflow/dags/create_mart_dag.py for tasks to queue
[2026-06-09T20:50:21.522+0000] {logging_mixin.py:190} INFO - [2026-06-09T20:50:21.522+0000] {dagbag.py:588} INFO - Filling up the DagBag from /opt/airflow/dags/create_mart_dag.py
[2026-06-09T20:50:21.551+0000] {processor.py:925} INFO - DAG(s) 'create_analytics_mart' retrieved from /opt/airflow/dags/create_mart_dag.py
[2026-06-09T20:50:21.572+0000] {logging_mixin.py:190} INFO - [2026-06-09T20:50:21.572+0000] {dag.py:3239} INFO - Sync 1 DAGs
[2026-06-09T20:50:21.591+0000] {logging_mixin.py:190} INFO - [2026-06-09T20:50:21.591+0000] {dag.py:4180} INFO - Setting next_dagrun for create_analytics_mart to 2026-06-09 02:00:00+00:00, run_after=2026-06-10 02:00:00+00:00
[2026-06-09T20:50:21.610+0000] {processor.py:208} INFO - Processing /opt/airflow/dags/create_mart_dag.py took 0.099 seconds
[2026-06-09T20:50:51.852+0000] {processor.py:186} INFO - Started process (PID=12087) to work on /opt/airflow/dags/create_mart_dag.py
[2026-06-09T20:50:51.854+0000] {processor.py:914} INFO - Processing file /opt/airflow/dags/create_mart_dag.py for tasks to queue
[2026-06-09T20:50:51.856+0000] {logging_mixin.py:190} INFO - [2026-06-09T20:50:51.855+0000] {dagbag.py:588} INFO - Filling up the DagBag from /opt/airflow/dags/create_mart_dag.py
[2026-06-09T20:50:51.875+0000] {processor.py:925} INFO - DAG(s) 'create_analytics_mart' retrieved from /opt/airflow/dags/create_mart_dag.py
[2026-06-09T20:50:51.899+0000] {logging_mixin.py:190} INFO - [2026-06-09T20:50:51.898+0000] {dag.py:3239} INFO - Sync 1 DAGs
[2026-06-09T20:50:51.919+0000] {logging_mixin.py:190} INFO - [2026-06-09T20:50:51.919+0000] {dag.py:4180} INFO - Setting next_dagrun for create_analytics_mart to 2026-06-09 02:00:00+00:00, run_after=2026-06-10 02:00:00+00:00
[2026-06-09T20:50:51.936+0000] {processor.py:208} INFO - Processing /opt/airflow/dags/create_mart_dag.py took 0.090 seconds
[2026-06-09T20:51:22.195+0000] {processor.py:186} INFO - Started process (PID=12113) to work on /opt/airflow/dags/create_mart_dag.py
[2026-06-09T20:51:22.196+0000] {processor.py:914} INFO - Processing file /opt/airflow/dags/create_mart_dag.py for tasks to queue
[2026-06-09T20:51:22.199+0000] {logging_mixin.py:190} INFO - [2026-06-09T20:51:22.199+0000] {dagbag.py:588} INFO - Filling up the DagBag from /opt/airflow/dags/create_mart_dag.py
[2026-06-09T20:51:22.220+0000] {processor.py:925} INFO - DAG(s) 'create_analytics_mart' retrieved from /opt/airflow/dags/create_mart_dag.py
[2026-06-09T20:51:22.241+0000] {logging_mixin.py:190} INFO - [2026-06-09T20:51:22.241+0000] {dag.py:3239} INFO - Sync 1 DAGs
[2026-06-09T20:51:22.261+0000] {logging_mixin.py:190} INFO - [2026-06-09T20:51:22.261+0000] {dag.py:4180} INFO - Setting next_dagrun for create_analytics_mart to 2026-06-09 02:00:00+00:00, run_after=2026-06-10 02:00:00+00:00
[2026-06-09T20:51:22.279+0000] {processor.py:208} INFO - Processing /opt/airflow/dags/create_mart_dag.py took 0.089 seconds
[2026-06-09T20:51:52.635+0000] {processor.py:186} INFO - Started process (PID=12139) to work on /opt/airflow/dags/create_mart_dag.py
[2026-06-09T20:51:52.636+0000] {processor.py:914} INFO - Processing file /opt/airflow/dags/create_mart_dag.py for tasks to queue
[2026-06-09T20:51:52.638+0000] {logging_mixin.py:190} INFO - [2026-06-09T20:51:52.638+0000] {dagbag.py:588} INFO - Filling up the DagBag from /opt/airflow/dags/create_mart_dag.py
[2026-06-09T20:51:52.660+0000] {processor.py:925} INFO - DAG(s) 'create_analytics_mart' retrieved from /opt/airflow/dags/create_mart_dag.py
[2026-06-09T20:51:52.680+0000] {logging_mixin.py:190} INFO - [2026-06-09T20:51:52.680+0000] {dag.py:3239} INFO - Sync 1 DAGs
[2026-06-09T20:51:52.698+0000] {logging_mixin.py:190} INFO - [2026-06-09T20:51:52.698+0000] {dag.py:4180} INFO - Setting next_dagrun for create_analytics_mart to 2026-06-09 02:00:00+00:00, run_after=2026-06-10 02:00:00+00:00
[2026-06-09T20:51:52.715+0000] {processor.py:208} INFO - Processing /opt/airflow/dags/create_mart_dag.py took 0.085 seconds
[2026-06-09T20:52:23.060+0000] {processor.py:186} INFO - Started process (PID=12165) to work on /opt/airflow/dags/create_mart_dag.py
[2026-06-09T20:52:23.061+0000] {processor.py:914} INFO - Processing file /opt/airflow/dags/create_mart_dag.py for tasks to queue
[2026-06-09T20:52:23.063+0000] {logging_mixin.py:190} INFO - [2026-06-09T20:52:23.063+0000] {dagbag.py:588} INFO - Filling up the DagBag from /opt/airflow/dags/create_mart_dag.py
[2026-06-09T20:52:23.084+0000] {processor.py:925} INFO - DAG(s) 'create_analytics_mart' retrieved from /opt/airflow/dags/create_mart_dag.py
[2026-06-09T20:52:23.104+0000] {logging_mixin.py:190} INFO - [2026-06-09T20:52:23.104+0000] {dag.py:3239} INFO - Sync 1 DAGs
[2026-06-09T20:52:23.123+0000] {logging_mixin.py:190} INFO - [2026-06-09T20:52:23.122+0000] {dag.py:4180} INFO - Setting next_dagrun for create_analytics_mart to 2026-06-09 02:00:00+00:00, run_after=2026-06-10 02:00:00+00:00
[2026-06-09T20:52:23.140+0000] {processor.py:208} INFO - Processing /opt/airflow/dags/create_mart_dag.py took 0.084 seconds
[2026-06-09T20:52:53.431+0000] {processor.py:186} INFO - Started process (PID=12191) to work on /opt/airflow/dags/create_mart_dag.py
[2026-06-09T20:52:53.432+0000] {processor.py:914} INFO - Processing file /opt/airflow/dags/create_mart_dag.py for tasks to queue
[2026-06-09T20:52:53.434+0000] {logging_mixin.py:190} INFO - [2026-06-09T20:52:53.433+0000] {dagbag.py:588} INFO - Filling up the DagBag from /opt/airflow/dags/create_mart_dag.py
[2026-06-09T20:52:53.455+0000] {processor.py:925} INFO - DAG(s) 'create_analytics_mart' retrieved from /opt/airflow/dags/create_mart_dag.py
[2026-06-09T20:52:53.476+0000] {logging_mixin.py:190} INFO - [2026-06-09T20:52:53.476+0000] {dag.py:3239} INFO - Sync 1 DAGs
[2026-06-09T20:52:53.493+0000] {logging_mixin.py:190} INFO - [2026-06-09T20:52:53.493+0000] {dag.py:4180} INFO - Setting next_dagrun for create_analytics_mart to 2026-06-09 02:00:00+00:00, run_after=2026-06-10 02:00:00+00:00
[2026-06-09T20:52:53.511+0000] {processor.py:208} INFO - Processing /opt/airflow/dags/create_mart_dag.py took 0.085 seconds
[2026-06-09T20:53:23.832+0000] {processor.py:186} INFO - Started process (PID=12217) to work on /opt/airflow/dags/create_mart_dag.py
[2026-06-09T20:53:23.833+0000] {processor.py:914} INFO - Processing file /opt/airflow/dags/create_mart_dag.py for tasks to queue
[2026-06-09T20:53:23.835+0000] {logging_mixin.py:190} INFO - [2026-06-09T20:53:23.835+0000] {dagbag.py:588} INFO - Filling up the DagBag from /opt/airflow/dags/create_mart_dag.py
[2026-06-09T20:53:23.857+0000] {processor.py:925} INFO - DAG(s) 'create_analytics_mart' retrieved from /opt/airflow/dags/create_mart_dag.py
[2026-06-09T20:53:23.879+0000] {logging_mixin.py:190} INFO - [2026-06-09T20:53:23.879+0000] {dag.py:3239} INFO - Sync 1 DAGs
[2026-06-09T20:53:23.897+0000] {logging_mixin.py:190} INFO - [2026-06-09T20:53:23.897+0000] {dag.py:4180} INFO - Setting next_dagrun for create_analytics_mart to 2026-06-09 02:00:00+00:00, run_after=2026-06-10 02:00:00+00:00
[2026-06-09T20:53:23.914+0000] {processor.py:208} INFO - Processing /opt/airflow/dags/create_mart_dag.py took 0.086 seconds
[2026-06-09T20:53:54.259+0000] {processor.py:186} INFO - Started process (PID=12243) to work on /opt/airflow/dags/create_mart_dag.py
[2026-06-09T20:53:54.260+0000] {processor.py:914} INFO - Processing file /opt/airflow/dags/create_mart_dag.py for tasks to queue
[2026-06-09T20:53:54.262+0000] {logging_mixin.py:190} INFO - [2026-06-09T20:53:54.261+0000] {dagbag.py:588} INFO - Filling up the DagBag from /opt/airflow/dags/create_mart_dag.py
[2026-06-09T20:53:54.281+0000] {processor.py:925} INFO - DAG(s) 'create_analytics_mart' retrieved from /opt/airflow/dags/create_mart_dag.py
[2026-06-09T20:53:54.302+0000] {logging_mixin.py:190} INFO - [2026-06-09T20:53:54.302+0000] {dag.py:3239} INFO - Sync 1 DAGs
[2026-06-09T20:53:54.320+0000] {logging_mixin.py:190} INFO - [2026-06-09T20:53:54.320+0000] {dag.py:4180} INFO - Setting next_dagrun for create_analytics_mart to 2026-06-09 02:00:00+00:00, run_after=2026-06-10 02:00:00+00:00
[2026-06-09T20:53:54.338+0000] {processor.py:208} INFO - Processing /opt/airflow/dags/create_mart_dag.py took 0.084 seconds
[2026-06-09T20:54:24.682+0000] {processor.py:186} INFO - Started process (PID=12269) to work on /opt/airflow/dags/create_mart_dag.py
[2026-06-09T20:54:24.683+0000] {processor.py:914} INFO - Processing file /opt/airflow/dags/create_mart_dag.py for tasks to queue
[2026-06-09T20:54:24.686+0000] {logging_mixin.py:190} INFO - [2026-06-09T20:54:24.685+0000] {dagbag.py:588} INFO - Filling up the DagBag from /opt/airflow/dags/create_mart_dag.py
[2026-06-09T20:54:24.707+0000] {processor.py:925} INFO - DAG(s) 'create_analytics_mart' retrieved from /opt/airflow/dags/create_mart_dag.py
[2026-06-09T20:54:24.727+0000] {logging_mixin.py:190} INFO - [2026-06-09T20:54:24.727+0000] {dag.py:3239} INFO - Sync 1 DAGs
[2026-06-09T20:54:24.746+0000] {logging_mixin.py:190} INFO - [2026-06-09T20:54:24.745+0000] {dag.py:4180} INFO - Setting next_dagrun for create_analytics_mart to 2026-06-09 02:00:00+00:00, run_after=2026-06-10 02:00:00+00:00
[2026-06-09T20:54:24.762+0000] {processor.py:208} INFO - Processing /opt/airflow/dags/create_mart_dag.py took 0.084 seconds
[2026-06-09T20:54:55.112+0000] {processor.py:186} INFO - Started process (PID=12295) to work on /opt/airflow/dags/create_mart_dag.py
[2026-06-09T20:54:55.112+0000] {processor.py:914} INFO - Processing file /opt/airflow/dags/create_mart_dag.py for tasks to queue
[2026-06-09T20:54:55.114+0000] {logging_mixin.py:190} INFO - [2026-06-09T20:54:55.114+0000] {dagbag.py:588} INFO - Filling up the DagBag from /opt/airflow/dags/create_mart_dag.py
[2026-06-09T20:54:55.135+0000] {processor.py:925} INFO - DAG(s) 'create_analytics_mart' retrieved from /opt/airflow/dags/create_mart_dag.py
[2026-06-09T20:54:55.154+0000] {logging_mixin.py:190} INFO - [2026-06-09T20:54:55.154+0000] {dag.py:3239} INFO - Sync 1 DAGs
[2026-06-09T20:54:55.172+0000] {logging_mixin.py:190} INFO - [2026-06-09T20:54:55.171+0000] {dag.py:4180} INFO - Setting next_dagrun for create_analytics_mart to 2026-06-09 02:00:00+00:00, run_after=2026-06-10 02:00:00+00:00
[2026-06-09T20:54:55.188+0000] {processor.py:208} INFO - Processing /opt/airflow/dags/create_mart_dag.py took 0.081 seconds
[2026-06-09T20:55:25.436+0000] {processor.py:186} INFO - Started process (PID=12321) to work on /opt/airflow/dags/create_mart_dag.py
[2026-06-09T20:55:25.437+0000] {processor.py:914} INFO - Processing file /opt/airflow/dags/create_mart_dag.py for tasks to queue
[2026-06-09T20:55:25.439+0000] {logging_mixin.py:190} INFO - [2026-06-09T20:55:25.439+0000] {dagbag.py:588} INFO - Filling up the DagBag from /opt/airflow/dags/create_mart_dag.py
[2026-06-09T20:55:25.459+0000] {processor.py:925} INFO - DAG(s) 'create_analytics_mart' retrieved from /opt/airflow/dags/create_mart_dag.py
[2026-06-09T20:55:25.478+0000] {logging_mixin.py:190} INFO - [2026-06-09T20:55:25.478+0000] {dag.py:3239} INFO - Sync 1 DAGs
[2026-06-09T20:55:25.496+0000] {logging_mixin.py:190} INFO - [2026-06-09T20:55:25.495+0000] {dag.py:4180} INFO - Setting next_dagrun for create_analytics_mart to 2026-06-09 02:00:00+00:00, run_after=2026-06-10 02:00:00+00:00
[2026-06-09T20:55:25.512+0000] {processor.py:208} INFO - Processing /opt/airflow/dags/create_mart_dag.py took 0.080 seconds
[2026-06-09T20:55:55.871+0000] {processor.py:186} INFO - Started process (PID=12347) to work on /opt/airflow/dags/create_mart_dag.py
[2026-06-09T20:55:55.872+0000] {processor.py:914} INFO - Processing file /opt/airflow/dags/create_mart_dag.py for tasks to queue
[2026-06-09T20:55:55.873+0000] {logging_mixin.py:190} INFO - [2026-06-09T20:55:55.873+0000] {dagbag.py:588} INFO - Filling up the DagBag from /opt/airflow/dags/create_mart_dag.py
[2026-06-09T20:55:55.895+0000] {processor.py:925} INFO - DAG(s) 'create_analytics_mart' retrieved from /opt/airflow/dags/create_mart_dag.py
[2026-06-09T20:55:55.917+0000] {logging_mixin.py:190} INFO - [2026-06-09T20:55:55.917+0000] {dag.py:3239} INFO - Sync 1 DAGs
[2026-06-09T20:55:55.936+0000] {logging_mixin.py:190} INFO - [2026-06-09T20:55:55.935+0000] {dag.py:4180} INFO - Setting next_dagrun for create_analytics_mart to 2026-06-09 02:00:00+00:00, run_after=2026-06-10 02:00:00+00:00
[2026-06-09T20:55:55.953+0000] {processor.py:208} INFO - Processing /opt/airflow/dags/create_mart_dag.py took 0.087 seconds
[2026-06-09T20:56:26.291+0000] {processor.py:186} INFO - Started process (PID=12374) to work on /opt/airflow/dags/create_mart_dag.py
[2026-06-09T20:56:26.292+0000] {processor.py:914} INFO - Processing file /opt/airflow/dags/create_mart_dag.py for tasks to queue
[2026-06-09T20:56:26.295+0000] {logging_mixin.py:190} INFO - [2026-06-09T20:56:26.295+0000] {dagbag.py:588} INFO - Filling up the DagBag from /opt/airflow/dags/create_mart_dag.py
[2026-06-09T20:56:26.316+0000] {processor.py:925} INFO - DAG(s) 'create_analytics_mart' retrieved from /opt/airflow/dags/create_mart_dag.py
[2026-06-09T20:56:26.336+0000] {logging_mixin.py:190} INFO - [2026-06-09T20:56:26.336+0000] {dag.py:3239} INFO - Sync 1 DAGs
[2026-06-09T20:56:26.356+0000] {logging_mixin.py:190} INFO - [2026-06-09T20:56:26.356+0000] {dag.py:4180} INFO - Setting next_dagrun for create_analytics_mart to 2026-06-09 02:00:00+00:00, run_after=2026-06-10 02:00:00+00:00
[2026-06-09T20:56:26.374+0000] {processor.py:208} INFO - Processing /opt/airflow/dags/create_mart_dag.py took 0.087 seconds
[2026-06-09T20:56:56.683+0000] {processor.py:186} INFO - Started process (PID=12400) to work on /opt/airflow/dags/create_mart_dag.py
[2026-06-09T20:56:56.684+0000] {processor.py:914} INFO - Processing file /opt/airflow/dags/create_mart_dag.py for tasks to queue
[2026-06-09T20:56:56.686+0000] {logging_mixin.py:190} INFO - [2026-06-09T20:56:56.686+0000] {dagbag.py:588} INFO - Filling up the DagBag from /opt/airflow/dags/create_mart_dag.py
[2026-06-09T20:56:56.706+0000] {processor.py:925} INFO - DAG(s) 'create_analytics_mart' retrieved from /opt/airflow/dags/create_mart_dag.py
[2026-06-09T20:56:56.728+0000] {logging_mixin.py:190} INFO - [2026-06-09T20:56:56.728+0000] {dag.py:3239} INFO - Sync 1 DAGs
[2026-06-09T20:56:56.745+0000] {logging_mixin.py:190} INFO - [2026-06-09T20:56:56.745+0000] {dag.py:4180} INFO - Setting next_dagrun for create_analytics_mart to 2026-06-09 02:00:00+00:00, run_after=2026-06-10 02:00:00+00:00
[2026-06-09T20:56:56.762+0000] {processor.py:208} INFO - Processing /opt/airflow/dags/create_mart_dag.py took 0.083 seconds
[2026-06-09T20:57:27.081+0000] {processor.py:186} INFO - Started process (PID=12426) to work on /opt/airflow/dags/create_mart_dag.py
[2026-06-09T20:57:27.082+0000] {processor.py:914} INFO - Processing file /opt/airflow/dags/create_mart_dag.py for tasks to queue
[2026-06-09T20:57:27.085+0000] {logging_mixin.py:190} INFO - [2026-06-09T20:57:27.084+0000] {dagbag.py:588} INFO - Filling up the DagBag from /opt/airflow/dags/create_mart_dag.py
[2026-06-09T20:57:27.107+0000] {processor.py:925} INFO - DAG(s) 'create_analytics_mart' retrieved from /opt/airflow/dags/create_mart_dag.py
[2026-06-09T20:57:27.127+0000] {logging_mixin.py:190} INFO - [2026-06-09T20:57:27.127+0000] {dag.py:3239} INFO - Sync 1 DAGs
[2026-06-09T20:57:27.144+0000] {logging_mixin.py:190} INFO - [2026-06-09T20:57:27.144+0000] {dag.py:4180} INFO - Setting next_dagrun for create_analytics_mart to 2026-06-09 02:00:00+00:00, run_after=2026-06-10 02:00:00+00:00
[2026-06-09T20:57:27.161+0000] {processor.py:208} INFO - Processing /opt/airflow/dags/create_mart_dag.py took 0.084 seconds
[2026-06-09T20:57:57.556+0000] {processor.py:186} INFO - Started process (PID=12452) to work on /opt/airflow/dags/create_mart_dag.py
[2026-06-09T20:57:57.557+0000] {processor.py:914} INFO - Processing file /opt/airflow/dags/create_mart_dag.py for tasks to queue
[2026-06-09T20:57:57.559+0000] {logging_mixin.py:190} INFO - [2026-06-09T20:57:57.559+0000] {dagbag.py:588} INFO - Filling up the DagBag from /opt/airflow/dags/create_mart_dag.py
[2026-06-09T20:57:57.580+0000] {processor.py:925} INFO - DAG(s) 'create_analytics_mart' retrieved from /opt/airflow/dags/create_mart_dag.py
[2026-06-09T20:57:57.602+0000] {logging_mixin.py:190} INFO - [2026-06-09T20:57:57.601+0000] {dag.py:3239} INFO - Sync 1 DAGs
[2026-06-09T20:57:57.621+0000] {logging_mixin.py:190} INFO - [2026-06-09T20:57:57.621+0000] {dag.py:4180} INFO - Setting next_dagrun for create_analytics_mart to 2026-06-09 02:00:00+00:00, run_after=2026-06-10 02:00:00+00:00
[2026-06-09T20:57:57.639+0000] {processor.py:208} INFO - Processing /opt/airflow/dags/create_mart_dag.py took 0.087 seconds
[2026-06-09T20:58:28.003+0000] {processor.py:186} INFO - Started process (PID=12478) to work on /opt/airflow/dags/create_mart_dag.py
[2026-06-09T20:58:28.004+0000] {processor.py:914} INFO - Processing file /opt/airflow/dags/create_mart_dag.py for tasks to queue
[2026-06-09T20:58:28.007+0000] {logging_mixin.py:190} INFO - [2026-06-09T20:58:28.006+0000] {dagbag.py:588} INFO - Filling up the DagBag from /opt/airflow/dags/create_mart_dag.py
[2026-06-09T20:58:28.025+0000] {processor.py:925} INFO - DAG(s) 'create_analytics_mart' retrieved from /opt/airflow/dags/create_mart_dag.py
[2026-06-09T20:58:28.045+0000] {logging_mixin.py:190} INFO - [2026-06-09T20:58:28.045+0000] {dag.py:3239} INFO - Sync 1 DAGs
[2026-06-09T20:58:28.066+0000] {logging_mixin.py:190} INFO - [2026-06-09T20:58:28.066+0000] {dag.py:4180} INFO - Setting next_dagrun for create_analytics_mart to 2026-06-09 02:00:00+00:00, run_after=2026-06-10 02:00:00+00:00
[2026-06-09T20:58:28.084+0000] {processor.py:208} INFO - Processing /opt/airflow/dags/create_mart_dag.py took 0.085 seconds
[2026-06-09T20:58:58.451+0000] {processor.py:186} INFO - Started process (PID=12504) to work on /opt/airflow/dags/create_mart_dag.py
[2026-06-09T20:58:58.452+0000] {processor.py:914} INFO - Processing file /opt/airflow/dags/create_mart_dag.py for tasks to queue
[2026-06-09T20:58:58.454+0000] {logging_mixin.py:190} INFO - [2026-06-09T20:58:58.454+0000] {dagbag.py:588} INFO - Filling up the DagBag from /opt/airflow/dags/create_mart_dag.py
[2026-06-09T20:58:58.479+0000] {processor.py:925} INFO - DAG(s) 'create_analytics_mart' retrieved from /opt/airflow/dags/create_mart_dag.py
[2026-06-09T20:58:58.499+0000] {logging_mixin.py:190} INFO - [2026-06-09T20:58:58.499+0000] {dag.py:3239} INFO - Sync 1 DAGs
[2026-06-09T20:58:58.521+0000] {logging_mixin.py:190} INFO - [2026-06-09T20:58:58.521+0000] {dag.py:4180} INFO - Setting next_dagrun for create_analytics_mart to 2026-06-09 02:00:00+00:00, run_after=2026-06-10 02:00:00+00:00
[2026-06-09T20:58:58.537+0000] {processor.py:208} INFO - Processing /opt/airflow/dags/create_mart_dag.py took 0.090 seconds
[2026-06-09T20:59:29.011+0000] {processor.py:186} INFO - Started process (PID=12530) to work on /opt/airflow/dags/create_mart_dag.py
[2026-06-09T20:59:29.012+0000] {processor.py:914} INFO - Processing file /opt/airflow/dags/create_mart_dag.py for tasks to queue
[2026-06-09T20:59:29.014+0000] {logging_mixin.py:190} INFO - [2026-06-09T20:59:29.014+0000] {dagbag.py:588} INFO - Filling up the DagBag from /opt/airflow/dags/create_mart_dag.py
[2026-06-09T20:59:29.047+0000] {processor.py:925} INFO - DAG(s) 'create_analytics_mart' retrieved from /opt/airflow/dags/create_mart_dag.py
[2026-06-09T20:59:29.069+0000] {logging_mixin.py:190} INFO - [2026-06-09T20:59:29.069+0000] {dag.py:3239} INFO - Sync 1 DAGs
[2026-06-09T20:59:29.089+0000] {logging_mixin.py:190} INFO - [2026-06-09T20:59:29.088+0000] {dag.py:4180} INFO - Setting next_dagrun for create_analytics_mart to 2026-06-09 02:00:00+00:00, run_after=2026-06-10 02:00:00+00:00
[2026-06-09T20:59:29.106+0000] {processor.py:208} INFO - Processing /opt/airflow/dags/create_mart_dag.py took 0.099 seconds
[2026-06-09T20:59:59.520+0000] {processor.py:186} INFO - Started process (PID=12556) to work on /opt/airflow/dags/create_mart_dag.py
[2026-06-09T20:59:59.522+0000] {processor.py:914} INFO - Processing file /opt/airflow/dags/create_mart_dag.py for tasks to queue
[2026-06-09T20:59:59.524+0000] {logging_mixin.py:190} INFO - [2026-06-09T20:59:59.524+0000] {dagbag.py:588} INFO - Filling up the DagBag from /opt/airflow/dags/create_mart_dag.py
[2026-06-09T20:59:59.547+0000] {processor.py:925} INFO - DAG(s) 'create_analytics_mart' retrieved from /opt/airflow/dags/create_mart_dag.py
[2026-06-09T20:59:59.567+0000] {logging_mixin.py:190} INFO - [2026-06-09T20:59:59.567+0000] {dag.py:3239} INFO - Sync 1 DAGs
[2026-06-09T20:59:59.586+0000] {logging_mixin.py:190} INFO - [2026-06-09T20:59:59.585+0000] {dag.py:4180} INFO - Setting next_dagrun for create_analytics_mart to 2026-06-09 02:00:00+00:00, run_after=2026-06-10 02:00:00+00:00
[2026-06-09T20:59:59.605+0000] {processor.py:208} INFO - Processing /opt/airflow/dags/create_mart_dag.py took 0.089 seconds
[2026-06-09T21:00:30.006+0000] {processor.py:186} INFO - Started process (PID=12582) to work on /opt/airflow/dags/create_mart_dag.py
[2026-06-09T21:00:30.007+0000] {processor.py:914} INFO - Processing file /opt/airflow/dags/create_mart_dag.py for tasks to queue
[2026-06-09T21:00:30.011+0000] {logging_mixin.py:190} INFO - [2026-06-09T21:00:30.010+0000] {dagbag.py:588} INFO - Filling up the DagBag from /opt/airflow/dags/create_mart_dag.py
[2026-06-09T21:00:30.050+0000] {processor.py:925} INFO - DAG(s) 'create_analytics_mart' retrieved from /opt/airflow/dags/create_mart_dag.py
[2026-06-09T21:00:30.075+0000] {logging_mixin.py:190} INFO - [2026-06-09T21:00:30.075+0000] {dag.py:3239} INFO - Sync 1 DAGs
[2026-06-09T21:00:30.095+0000] {logging_mixin.py:190} INFO - [2026-06-09T21:00:30.094+0000] {dag.py:4180} INFO - Setting next_dagrun for create_analytics_mart to 2026-06-09 02:00:00+00:00, run_after=2026-06-10 02:00:00+00:00
[2026-06-09T21:00:30.113+0000] {processor.py:208} INFO - Processing /opt/airflow/dags/create_mart_dag.py took 0.112 seconds
[2026-06-09T21:01:00.253+0000] {processor.py:186} INFO - Started process (PID=12608) to work on /opt/airflow/dags/create_mart_dag.py
[2026-06-09T21:01:00.254+0000] {processor.py:914} INFO - Processing file /opt/airflow/dags/create_mart_dag.py for tasks to queue
[2026-06-09T21:01:00.256+0000] {logging_mixin.py:190} INFO - [2026-06-09T21:01:00.256+0000] {dagbag.py:588} INFO - Filling up the DagBag from /opt/airflow/dags/create_mart_dag.py
[2026-06-09T21:01:00.276+0000] {processor.py:925} INFO - DAG(s) 'create_analytics_mart' retrieved from /opt/airflow/dags/create_mart_dag.py
[2026-06-09T21:01:00.296+0000] {logging_mixin.py:190} INFO - [2026-06-09T21:01:00.296+0000] {dag.py:3239} INFO - Sync 1 DAGs
[2026-06-09T21:01:00.315+0000] {logging_mixin.py:190} INFO - [2026-06-09T21:01:00.314+0000] {dag.py:4180} INFO - Setting next_dagrun for create_analytics_mart to 2026-06-09 02:00:00+00:00, run_after=2026-06-10 02:00:00+00:00
[2026-06-09T21:01:00.331+0000] {processor.py:208} INFO - Processing /opt/airflow/dags/create_mart_dag.py took 0.083 seconds
[2026-06-09T21:01:30.680+0000] {processor.py:186} INFO - Started process (PID=12634) to work on /opt/airflow/dags/create_mart_dag.py
[2026-06-09T21:01:30.682+0000] {processor.py:914} INFO - Processing file /opt/airflow/dags/create_mart_dag.py for tasks to queue
[2026-06-09T21:01:30.684+0000] {logging_mixin.py:190} INFO - [2026-06-09T21:01:30.684+0000] {dagbag.py:588} INFO - Filling up the DagBag from /opt/airflow/dags/create_mart_dag.py
[2026-06-09T21:01:30.704+0000] {processor.py:925} INFO - DAG(s) 'create_analytics_mart' retrieved from /opt/airflow/dags/create_mart_dag.py
[2026-06-09T21:01:30.724+0000] {logging_mixin.py:190} INFO - [2026-06-09T21:01:30.724+0000] {dag.py:3239} INFO - Sync 1 DAGs
[2026-06-09T21:01:30.742+0000] {logging_mixin.py:190} INFO - [2026-06-09T21:01:30.742+0000] {dag.py:4180} INFO - Setting next_dagrun for create_analytics_mart to 2026-06-09 02:00:00+00:00, run_after=2026-06-10 02:00:00+00:00
[2026-06-09T21:01:30.759+0000] {processor.py:208} INFO - Processing /opt/airflow/dags/create_mart_dag.py took 0.083 seconds
[2026-06-09T21:02:01.103+0000] {processor.py:186} INFO - Started process (PID=12660) to work on /opt/airflow/dags/create_mart_dag.py
[2026-06-09T21:02:01.104+0000] {processor.py:914} INFO - Processing file /opt/airflow/dags/create_mart_dag.py for tasks to queue
[2026-06-09T21:02:01.106+0000] {logging_mixin.py:190} INFO - [2026-06-09T21:02:01.106+0000] {dagbag.py:588} INFO - Filling up the DagBag from /opt/airflow/dags/create_mart_dag.py
[2026-06-09T21:02:01.126+0000] {processor.py:925} INFO - DAG(s) 'create_analytics_mart' retrieved from /opt/airflow/dags/create_mart_dag.py
[2026-06-09T21:02:01.147+0000] {logging_mixin.py:190} INFO - [2026-06-09T21:02:01.147+0000] {dag.py:3239} INFO - Sync 1 DAGs
[2026-06-09T21:02:01.165+0000] {logging_mixin.py:190} INFO - [2026-06-09T21:02:01.164+0000] {dag.py:4180} INFO - Setting next_dagrun for create_analytics_mart to 2026-06-09 02:00:00+00:00, run_after=2026-06-10 02:00:00+00:00
[2026-06-09T21:02:01.182+0000] {processor.py:208} INFO - Processing /opt/airflow/dags/create_mart_dag.py took 0.084 seconds
[2026-06-09T21:02:31.516+0000] {processor.py:186} INFO - Started process (PID=12686) to work on /opt/airflow/dags/create_mart_dag.py
[2026-06-09T21:02:31.517+0000] {processor.py:914} INFO - Processing file /opt/airflow/dags/create_mart_dag.py for tasks to queue
[2026-06-09T21:02:31.520+0000] {logging_mixin.py:190} INFO - [2026-06-09T21:02:31.520+0000] {dagbag.py:588} INFO - Filling up the DagBag from /opt/airflow/dags/create_mart_dag.py
[2026-06-09T21:02:31.541+0000] {processor.py:925} INFO - DAG(s) 'create_analytics_mart' retrieved from /opt/airflow/dags/create_mart_dag.py
[2026-06-09T21:02:31.569+0000] {logging_mixin.py:190} INFO - [2026-06-09T21:02:31.569+0000] {dag.py:3239} INFO - Sync 1 DAGs
[2026-06-09T21:02:31.589+0000] {logging_mixin.py:190} INFO - [2026-06-09T21:02:31.589+0000] {dag.py:4180} INFO - Setting next_dagrun for create_analytics_mart to 2026-06-09 02:00:00+00:00, run_after=2026-06-10 02:00:00+00:00
[2026-06-09T21:02:31.605+0000] {processor.py:208} INFO - Processing /opt/airflow/dags/create_mart_dag.py took 0.094 seconds
[2026-06-09T21:03:01.925+0000] {processor.py:186} INFO - Started process (PID=12712) to work on /opt/airflow/dags/create_mart_dag.py
[2026-06-09T21:03:01.926+0000] {processor.py:914} INFO - Processing file /opt/airflow/dags/create_mart_dag.py for tasks to queue
[2026-06-09T21:03:01.928+0000] {logging_mixin.py:190} INFO - [2026-06-09T21:03:01.927+0000] {dagbag.py:588} INFO - Filling up the DagBag from /opt/airflow/dags/create_mart_dag.py
[2026-06-09T21:03:01.953+0000] {processor.py:925} INFO - DAG(s) 'create_analytics_mart' retrieved from /opt/airflow/dags/create_mart_dag.py
[2026-06-09T21:03:01.973+0000] {logging_mixin.py:190} INFO - [2026-06-09T21:03:01.973+0000] {dag.py:3239} INFO - Sync 1 DAGs
[2026-06-09T21:03:01.992+0000] {logging_mixin.py:190} INFO - [2026-06-09T21:03:01.992+0000] {dag.py:4180} INFO - Setting next_dagrun for create_analytics_mart to 2026-06-09 02:00:00+00:00, run_after=2026-06-10 02:00:00+00:00
[2026-06-09T21:03:02.010+0000] {processor.py:208} INFO - Processing /opt/airflow/dags/create_mart_dag.py took 0.091 seconds
[2026-06-09T21:03:32.349+0000] {processor.py:186} INFO - Started process (PID=12738) to work on /opt/airflow/dags/create_mart_dag.py
[2026-06-09T21:03:32.350+0000] {processor.py:914} INFO - Processing file /opt/airflow/dags/create_mart_dag.py for tasks to queue
[2026-06-09T21:03:32.355+0000] {logging_mixin.py:190} INFO - [2026-06-09T21:03:32.355+0000] {dagbag.py:588} INFO - Filling up the DagBag from /opt/airflow/dags/create_mart_dag.py
[2026-06-09T21:03:32.400+0000] {processor.py:925} INFO - DAG(s) 'create_analytics_mart' retrieved from /opt/airflow/dags/create_mart_dag.py
[2026-06-09T21:03:32.459+0000] {logging_mixin.py:190} INFO - [2026-06-09T21:03:32.458+0000] {dag.py:3239} INFO - Sync 1 DAGs
[2026-06-09T21:03:32.502+0000] {logging_mixin.py:190} INFO - [2026-06-09T21:03:32.501+0000] {dag.py:4180} INFO - Setting next_dagrun for create_analytics_mart to 2026-06-09 02:00:00+00:00, run_after=2026-06-10 02:00:00+00:00
[2026-06-09T21:03:32.533+0000] {processor.py:208} INFO - Processing /opt/airflow/dags/create_mart_dag.py took 0.192 seconds
[2026-06-09T21:04:02.735+0000] {processor.py:186} INFO - Started process (PID=12764) to work on /opt/airflow/dags/create_mart_dag.py
[2026-06-09T21:04:02.736+0000] {processor.py:914} INFO - Processing file /opt/airflow/dags/create_mart_dag.py for tasks to queue
[2026-06-09T21:04:02.738+0000] {logging_mixin.py:190} INFO - [2026-06-09T21:04:02.738+0000] {dagbag.py:588} INFO - Filling up the DagBag from /opt/airflow/dags/create_mart_dag.py
[2026-06-09T21:04:02.756+0000] {processor.py:925} INFO - DAG(s) 'create_analytics_mart' retrieved from /opt/airflow/dags/create_mart_dag.py
[2026-06-09T21:04:02.776+0000] {logging_mixin.py:190} INFO - [2026-06-09T21:04:02.776+0000] {dag.py:3239} INFO - Sync 1 DAGs
[2026-06-09T21:04:02.794+0000] {logging_mixin.py:190} INFO - [2026-06-09T21:04:02.794+0000] {dag.py:4180} INFO - Setting next_dagrun for create_analytics_mart to 2026-06-09 02:00:00+00:00, run_after=2026-06-10 02:00:00+00:00
[2026-06-09T21:04:02.810+0000] {processor.py:208} INFO - Processing /opt/airflow/dags/create_mart_dag.py took 0.079 seconds
[2026-06-09T21:04:33.230+0000] {processor.py:186} INFO - Started process (PID=12789) to work on /opt/airflow/dags/create_mart_dag.py
[2026-06-09T21:04:33.231+0000] {processor.py:914} INFO - Processing file /opt/airflow/dags/create_mart_dag.py for tasks to queue
[2026-06-09T21:04:33.234+0000] {logging_mixin.py:190} INFO - [2026-06-09T21:04:33.234+0000] {dagbag.py:588} INFO - Filling up the DagBag from /opt/airflow/dags/create_mart_dag.py
[2026-06-09T21:04:33.264+0000] {processor.py:925} INFO - DAG(s) 'create_analytics_mart' retrieved from /opt/airflow/dags/create_mart_dag.py
[2026-06-09T21:04:33.290+0000] {logging_mixin.py:190} INFO - [2026-06-09T21:04:33.289+0000] {dag.py:3239} INFO - Sync 1 DAGs
[2026-06-09T21:04:33.307+0000] {logging_mixin.py:190} INFO - [2026-06-09T21:04:33.307+0000] {dag.py:4180} INFO - Setting next_dagrun for create_analytics_mart to 2026-06-09 02:00:00+00:00, run_after=2026-06-10 02:00:00+00:00
[2026-06-09T21:04:33.321+0000] {processor.py:208} INFO - Processing /opt/airflow/dags/create_mart_dag.py took 0.096 seconds
[2026-06-09T21:05:03.729+0000] {processor.py:186} INFO - Started process (PID=12815) to work on /opt/airflow/dags/create_mart_dag.py
[2026-06-09T21:05:03.730+0000] {processor.py:914} INFO - Processing file /opt/airflow/dags/create_mart_dag.py for tasks to queue
[2026-06-09T21:05:03.732+0000] {logging_mixin.py:190} INFO - [2026-06-09T21:05:03.732+0000] {dagbag.py:588} INFO - Filling up the DagBag from /opt/airflow/dags/create_mart_dag.py
[2026-06-09T21:05:03.752+0000] {processor.py:925} INFO - DAG(s) 'create_analytics_mart' retrieved from /opt/airflow/dags/create_mart_dag.py
[2026-06-09T21:05:03.772+0000] {logging_mixin.py:190} INFO - [2026-06-09T21:05:03.772+0000] {dag.py:3239} INFO - Sync 1 DAGs
[2026-06-09T21:05:03.790+0000] {logging_mixin.py:190} INFO - [2026-06-09T21:05:03.790+0000] {dag.py:4180} INFO - Setting next_dagrun for create_analytics_mart to 2026-06-09 02:00:00+00:00, run_after=2026-06-10 02:00:00+00:00
[2026-06-09T21:05:03.804+0000] {processor.py:208} INFO - Processing /opt/airflow/dags/create_mart_dag.py took 0.079 seconds
[2026-06-09T21:05:34.208+0000] {processor.py:186} INFO - Started process (PID=12841) to work on /opt/airflow/dags/create_mart_dag.py
[2026-06-09T21:05:34.209+0000] {processor.py:914} INFO - Processing file /opt/airflow/dags/create_mart_dag.py for tasks to queue
[2026-06-09T21:05:34.213+0000] {logging_mixin.py:190} INFO - [2026-06-09T21:05:34.213+0000] {dagbag.py:588} INFO - Filling up the DagBag from /opt/airflow/dags/create_mart_dag.py
[2026-06-09T21:05:34.246+0000] {processor.py:925} INFO - DAG(s) 'create_analytics_mart' retrieved from /opt/airflow/dags/create_mart_dag.py
[2026-06-09T21:05:34.273+0000] {logging_mixin.py:190} INFO - [2026-06-09T21:05:34.272+0000] {dag.py:3239} INFO - Sync 1 DAGs
[2026-06-09T21:05:34.290+0000] {logging_mixin.py:190} INFO - [2026-06-09T21:05:34.290+0000] {dag.py:4180} INFO - Setting next_dagrun for create_analytics_mart to 2026-06-09 02:00:00+00:00, run_after=2026-06-10 02:00:00+00:00
[2026-06-09T21:05:34.320+0000] {processor.py:208} INFO - Processing /opt/airflow/dags/create_mart_dag.py took 0.116 seconds
[2026-06-09T21:06:04.678+0000] {processor.py:186} INFO - Started process (PID=12867) to work on /opt/airflow/dags/create_mart_dag.py
[2026-06-09T21:06:04.679+0000] {processor.py:914} INFO - Processing file /opt/airflow/dags/create_mart_dag.py for tasks to queue
[2026-06-09T21:06:04.681+0000] {logging_mixin.py:190} INFO - [2026-06-09T21:06:04.681+0000] {dagbag.py:588} INFO - Filling up the DagBag from /opt/airflow/dags/create_mart_dag.py
[2026-06-09T21:06:04.698+0000] {processor.py:925} INFO - DAG(s) 'create_analytics_mart' retrieved from /opt/airflow/dags/create_mart_dag.py
[2026-06-09T21:06:04.718+0000] {logging_mixin.py:190} INFO - [2026-06-09T21:06:04.718+0000] {dag.py:3239} INFO - Sync 1 DAGs
[2026-06-09T21:06:04.735+0000] {logging_mixin.py:190} INFO - [2026-06-09T21:06:04.735+0000] {dag.py:4180} INFO - Setting next_dagrun for create_analytics_mart to 2026-06-09 02:00:00+00:00, run_after=2026-06-10 02:00:00+00:00
[2026-06-09T21:06:04.751+0000] {processor.py:208} INFO - Processing /opt/airflow/dags/create_mart_dag.py took 0.077 seconds
[2026-06-09T21:06:35.056+0000] {processor.py:186} INFO - Started process (PID=12893) to work on /opt/airflow/dags/create_mart_dag.py
[2026-06-09T21:06:35.057+0000] {processor.py:914} INFO - Processing file /opt/airflow/dags/create_mart_dag.py for tasks to queue
[2026-06-09T21:06:35.062+0000] {logging_mixin.py:190} INFO - [2026-06-09T21:06:35.062+0000] {dagbag.py:588} INFO - Filling up the DagBag from /opt/airflow/dags/create_mart_dag.py
[2026-06-09T21:06:35.084+0000] {processor.py:925} INFO - DAG(s) 'create_analytics_mart' retrieved from /opt/airflow/dags/create_mart_dag.py
[2026-06-09T21:06:35.104+0000] {logging_mixin.py:190} INFO - [2026-06-09T21:06:35.104+0000] {dag.py:3239} INFO - Sync 1 DAGs
[2026-06-09T21:06:35.121+0000] {logging_mixin.py:190} INFO - [2026-06-09T21:06:35.121+0000] {dag.py:4180} INFO - Setting next_dagrun for create_analytics_mart to 2026-06-09 02:00:00+00:00, run_after=2026-06-10 02:00:00+00:00
[2026-06-09T21:06:35.137+0000] {processor.py:208} INFO - Processing /opt/airflow/dags/create_mart_dag.py took 0.086 seconds
[2026-06-09T21:07:05.426+0000] {processor.py:186} INFO - Started process (PID=12919) to work on /opt/airflow/dags/create_mart_dag.py
[2026-06-09T21:07:05.427+0000] {processor.py:914} INFO - Processing file /opt/airflow/dags/create_mart_dag.py for tasks to queue
[2026-06-09T21:07:05.429+0000] {logging_mixin.py:190} INFO - [2026-06-09T21:07:05.429+0000] {dagbag.py:588} INFO - Filling up the DagBag from /opt/airflow/dags/create_mart_dag.py
[2026-06-09T21:07:05.450+0000] {processor.py:925} INFO - DAG(s) 'create_analytics_mart' retrieved from /opt/airflow/dags/create_mart_dag.py
[2026-06-09T21:07:05.470+0000] {logging_mixin.py:190} INFO - [2026-06-09T21:07:05.470+0000] {dag.py:3239} INFO - Sync 1 DAGs
[2026-06-09T21:07:05.488+0000] {logging_mixin.py:190} INFO - [2026-06-09T21:07:05.488+0000] {dag.py:4180} INFO - Setting next_dagrun for create_analytics_mart to 2026-06-09 02:00:00+00:00, run_after=2026-06-10 02:00:00+00:00
[2026-06-09T21:07:05.505+0000] {processor.py:208} INFO - Processing /opt/airflow/dags/create_mart_dag.py took 0.083 seconds
[2026-06-09T21:07:35.828+0000] {processor.py:186} INFO - Started process (PID=12945) to work on /opt/airflow/dags/create_mart_dag.py
[2026-06-09T21:07:35.829+0000] {processor.py:914} INFO - Processing file /opt/airflow/dags/create_mart_dag.py for tasks to queue
[2026-06-09T21:07:35.831+0000] {logging_mixin.py:190} INFO - [2026-06-09T21:07:35.831+0000] {dagbag.py:588} INFO - Filling up the DagBag from /opt/airflow/dags/create_mart_dag.py
[2026-06-09T21:07:35.852+0000] {processor.py:925} INFO - DAG(s) 'create_analytics_mart' retrieved from /opt/airflow/dags/create_mart_dag.py
[2026-06-09T21:07:35.871+0000] {logging_mixin.py:190} INFO - [2026-06-09T21:07:35.870+0000] {dag.py:3239} INFO - Sync 1 DAGs
[2026-06-09T21:07:35.888+0000] {logging_mixin.py:190} INFO - [2026-06-09T21:07:35.887+0000] {dag.py:4180} INFO - Setting next_dagrun for create_analytics_mart to 2026-06-09 02:00:00+00:00, run_after=2026-06-10 02:00:00+00:00
[2026-06-09T21:07:35.904+0000] {processor.py:208} INFO - Processing /opt/airflow/dags/create_mart_dag.py took 0.081 seconds
[2026-06-09T21:08:06.228+0000] {processor.py:186} INFO - Started process (PID=12971) to work on /opt/airflow/dags/create_mart_dag.py
[2026-06-09T21:08:06.229+0000] {processor.py:914} INFO - Processing file /opt/airflow/dags/create_mart_dag.py for tasks to queue
[2026-06-09T21:08:06.231+0000] {logging_mixin.py:190} INFO - [2026-06-09T21:08:06.231+0000] {dagbag.py:588} INFO - Filling up the DagBag from /opt/airflow/dags/create_mart_dag.py
[2026-06-09T21:08:06.251+0000] {processor.py:925} INFO - DAG(s) 'create_analytics_mart' retrieved from /opt/airflow/dags/create_mart_dag.py
[2026-06-09T21:08:06.270+0000] {logging_mixin.py:190} INFO - [2026-06-09T21:08:06.270+0000] {dag.py:3239} INFO - Sync 1 DAGs
[2026-06-09T21:08:06.287+0000] {logging_mixin.py:190} INFO - [2026-06-09T21:08:06.287+0000] {dag.py:4180} INFO - Setting next_dagrun for create_analytics_mart to 2026-06-09 02:00:00+00:00, run_after=2026-06-10 02:00:00+00:00
[2026-06-09T21:08:06.305+0000] {processor.py:208} INFO - Processing /opt/airflow/dags/create_mart_dag.py took 0.081 seconds
[2026-06-09T21:08:36.611+0000] {processor.py:186} INFO - Started process (PID=12997) to work on /opt/airflow/dags/create_mart_dag.py
[2026-06-09T21:08:36.612+0000] {processor.py:914} INFO - Processing file /opt/airflow/dags/create_mart_dag.py for tasks to queue
[2026-06-09T21:08:36.615+0000] {logging_mixin.py:190} INFO - [2026-06-09T21:08:36.615+0000] {dagbag.py:588} INFO - Filling up the DagBag from /opt/airflow/dags/create_mart_dag.py
[2026-06-09T21:08:36.637+0000] {processor.py:925} INFO - DAG(s) 'create_analytics_mart' retrieved from /opt/airflow/dags/create_mart_dag.py
[2026-06-09T21:08:36.659+0000] {logging_mixin.py:190} INFO - [2026-06-09T21:08:36.658+0000] {dag.py:3239} INFO - Sync 1 DAGs
[2026-06-09T21:08:36.676+0000] {logging_mixin.py:190} INFO - [2026-06-09T21:08:36.676+0000] {dag.py:4180} INFO - Setting next_dagrun for create_analytics_mart to 2026-06-09 02:00:00+00:00, run_after=2026-06-10 02:00:00+00:00
[2026-06-09T21:08:36.693+0000] {processor.py:208} INFO - Processing /opt/airflow/dags/create_mart_dag.py took 0.087 seconds
[2026-06-09T21:09:06.917+0000] {processor.py:186} INFO - Started process (PID=13023) to work on /opt/airflow/dags/create_mart_dag.py
[2026-06-09T21:09:06.918+0000] {processor.py:914} INFO - Processing file /opt/airflow/dags/create_mart_dag.py for tasks to queue
[2026-06-09T21:09:06.920+0000] {logging_mixin.py:190} INFO - [2026-06-09T21:09:06.920+0000] {dagbag.py:588} INFO - Filling up the DagBag from /opt/airflow/dags/create_mart_dag.py
[2026-06-09T21:09:06.939+0000] {processor.py:925} INFO - DAG(s) 'create_analytics_mart' retrieved from /opt/airflow/dags/create_mart_dag.py
[2026-06-09T21:09:06.960+0000] {logging_mixin.py:190} INFO - [2026-06-09T21:09:06.960+0000] {dag.py:3239} INFO - Sync 1 DAGs
[2026-06-09T21:09:06.978+0000] {logging_mixin.py:190} INFO - [2026-06-09T21:09:06.977+0000] {dag.py:4180} INFO - Setting next_dagrun for create_analytics_mart to 2026-06-09 02:00:00+00:00, run_after=2026-06-10 02:00:00+00:00
[2026-06-09T21:09:06.991+0000] {processor.py:208} INFO - Processing /opt/airflow/dags/create_mart_dag.py took 0.078 seconds
[2026-06-09T21:09:37.340+0000] {processor.py:186} INFO - Started process (PID=13049) to work on /opt/airflow/dags/create_mart_dag.py
[2026-06-09T21:09:37.341+0000] {processor.py:914} INFO - Processing file /opt/airflow/dags/create_mart_dag.py for tasks to queue
[2026-06-09T21:09:37.343+0000] {logging_mixin.py:190} INFO - [2026-06-09T21:09:37.342+0000] {dagbag.py:588} INFO - Filling up the DagBag from /opt/airflow/dags/create_mart_dag.py
[2026-06-09T21:09:37.363+0000] {processor.py:925} INFO - DAG(s) 'create_analytics_mart' retrieved from /opt/airflow/dags/create_mart_dag.py
[2026-06-09T21:09:37.384+0000] {logging_mixin.py:190} INFO - [2026-06-09T21:09:37.384+0000] {dag.py:3239} INFO - Sync 1 DAGs
[2026-06-09T21:09:37.402+0000] {logging_mixin.py:190} INFO - [2026-06-09T21:09:37.402+0000] {dag.py:4180} INFO - Setting next_dagrun for create_analytics_mart to 2026-06-09 02:00:00+00:00, run_after=2026-06-10 02:00:00+00:00
[2026-06-09T21:09:37.418+0000] {processor.py:208} INFO - Processing /opt/airflow/dags/create_mart_dag.py took 0.083 seconds
[2026-06-09T21:10:07.760+0000] {processor.py:186} INFO - Started process (PID=13075) to work on /opt/airflow/dags/create_mart_dag.py
[2026-06-09T21:10:07.761+0000] {processor.py:914} INFO - Processing file /opt/airflow/dags/create_mart_dag.py for tasks to queue
[2026-06-09T21:10:07.764+0000] {logging_mixin.py:190} INFO - [2026-06-09T21:10:07.764+0000] {dagbag.py:588} INFO - Filling up the DagBag from /opt/airflow/dags/create_mart_dag.py
[2026-06-09T21:10:07.785+0000] {processor.py:925} INFO - DAG(s) 'create_analytics_mart' retrieved from /opt/airflow/dags/create_mart_dag.py
[2026-06-09T21:10:07.804+0000] {logging_mixin.py:190} INFO - [2026-06-09T21:10:07.804+0000] {dag.py:3239} INFO - Sync 1 DAGs
[2026-06-09T21:10:07.821+0000] {logging_mixin.py:190} INFO - [2026-06-09T21:10:07.821+0000] {dag.py:4180} INFO - Setting next_dagrun for create_analytics_mart to 2026-06-09 02:00:00+00:00, run_after=2026-06-10 02:00:00+00:00
[2026-06-09T21:10:07.838+0000] {processor.py:208} INFO - Processing /opt/airflow/dags/create_mart_dag.py took 0.082 seconds
[2026-06-09T21:10:38.149+0000] {processor.py:186} INFO - Started process (PID=13101) to work on /opt/airflow/dags/create_mart_dag.py
[2026-06-09T21:10:38.150+0000] {processor.py:914} INFO - Processing file /opt/airflow/dags/create_mart_dag.py for tasks to queue
[2026-06-09T21:10:38.152+0000] {logging_mixin.py:190} INFO - [2026-06-09T21:10:38.152+0000] {dagbag.py:588} INFO - Filling up the DagBag from /opt/airflow/dags/create_mart_dag.py
[2026-06-09T21:10:38.170+0000] {processor.py:925} INFO - DAG(s) 'create_analytics_mart' retrieved from /opt/airflow/dags/create_mart_dag.py
[2026-06-09T21:10:38.193+0000] {logging_mixin.py:190} INFO - [2026-06-09T21:10:38.192+0000] {dag.py:3239} INFO - Sync 1 DAGs
[2026-06-09T21:10:38.211+0000] {logging_mixin.py:190} INFO - [2026-06-09T21:10:38.211+0000] {dag.py:4180} INFO - Setting next_dagrun for create_analytics_mart to 2026-06-09 02:00:00+00:00, run_after=2026-06-10 02:00:00+00:00
[2026-06-09T21:10:38.225+0000] {processor.py:208} INFO - Processing /opt/airflow/dags/create_mart_dag.py took 0.080 seconds
[2026-06-09T21:11:08.505+0000] {processor.py:186} INFO - Started process (PID=13127) to work on /opt/airflow/dags/create_mart_dag.py
[2026-06-09T21:11:08.506+0000] {processor.py:914} INFO - Processing file /opt/airflow/dags/create_mart_dag.py for tasks to queue
[2026-06-09T21:11:08.508+0000] {logging_mixin.py:190} INFO - [2026-06-09T21:11:08.508+0000] {dagbag.py:588} INFO - Filling up the DagBag from /opt/airflow/dags/create_mart_dag.py
[2026-06-09T21:11:08.527+0000] {processor.py:925} INFO - DAG(s) 'create_analytics_mart' retrieved from /opt/airflow/dags/create_mart_dag.py
[2026-06-09T21:11:08.547+0000] {logging_mixin.py:190} INFO - [2026-06-09T21:11:08.547+0000] {dag.py:3239} INFO - Sync 1 DAGs
[2026-06-09T21:11:08.566+0000] {logging_mixin.py:190} INFO - [2026-06-09T21:11:08.565+0000] {dag.py:4180} INFO - Setting next_dagrun for create_analytics_mart to 2026-06-09 02:00:00+00:00, run_after=2026-06-10 02:00:00+00:00
[2026-06-09T21:11:08.581+0000] {processor.py:208} INFO - Processing /opt/airflow/dags/create_mart_dag.py took 0.081 seconds
[2026-06-09T21:11:38.900+0000] {processor.py:186} INFO - Started process (PID=13153) to work on /opt/airflow/dags/create_mart_dag.py
[2026-06-09T21:11:38.901+0000] {processor.py:914} INFO - Processing file /opt/airflow/dags/create_mart_dag.py for tasks to queue
[2026-06-09T21:11:38.903+0000] {logging_mixin.py:190} INFO - [2026-06-09T21:11:38.902+0000] {dagbag.py:588} INFO - Filling up the DagBag from /opt/airflow/dags/create_mart_dag.py
[2026-06-09T21:11:38.921+0000] {processor.py:925} INFO - DAG(s) 'create_analytics_mart' retrieved from /opt/airflow/dags/create_mart_dag.py
[2026-06-09T21:11:38.941+0000] {logging_mixin.py:190} INFO - [2026-06-09T21:11:38.941+0000] {dag.py:3239} INFO - Sync 1 DAGs
[2026-06-09T21:11:38.958+0000] {logging_mixin.py:190} INFO - [2026-06-09T21:11:38.958+0000] {dag.py:4180} INFO - Setting next_dagrun for create_analytics_mart to 2026-06-09 02:00:00+00:00, run_after=2026-06-10 02:00:00+00:00
[2026-06-09T21:11:38.978+0000] {processor.py:208} INFO - Processing /opt/airflow/dags/create_mart_dag.py took 0.083 seconds
[2026-06-09T21:12:09.347+0000] {processor.py:186} INFO - Started process (PID=13186) to work on /opt/airflow/dags/create_mart_dag.py
[2026-06-09T21:12:09.348+0000] {processor.py:914} INFO - Processing file /opt/airflow/dags/create_mart_dag.py for tasks to queue
[2026-06-09T21:12:09.350+0000] {logging_mixin.py:190} INFO - [2026-06-09T21:12:09.350+0000] {dagbag.py:588} INFO - Filling up the DagBag from /opt/airflow/dags/create_mart_dag.py
[2026-06-09T21:12:09.370+0000] {processor.py:925} INFO - DAG(s) 'create_analytics_mart' retrieved from /opt/airflow/dags/create_mart_dag.py
[2026-06-09T21:12:09.390+0000] {logging_mixin.py:190} INFO - [2026-06-09T21:12:09.389+0000] {dag.py:3239} INFO - Sync 1 DAGs
[2026-06-09T21:12:09.407+0000] {logging_mixin.py:190} INFO - [2026-06-09T21:12:09.407+0000] {dag.py:4180} INFO - Setting next_dagrun for create_analytics_mart to 2026-06-09 02:00:00+00:00, run_after=2026-06-10 02:00:00+00:00
[2026-06-09T21:12:09.422+0000] {processor.py:208} INFO - Processing /opt/airflow/dags/create_mart_dag.py took 0.079 seconds
[2026-06-09T21:12:39.719+0000] {processor.py:186} INFO - Started process (PID=13212) to work on /opt/airflow/dags/create_mart_dag.py
[2026-06-09T21:12:39.720+0000] {processor.py:914} INFO - Processing file /opt/airflow/dags/create_mart_dag.py for tasks to queue
[2026-06-09T21:12:39.722+0000] {logging_mixin.py:190} INFO - [2026-06-09T21:12:39.721+0000] {dagbag.py:588} INFO - Filling up the DagBag from /opt/airflow/dags/create_mart_dag.py
[2026-06-09T21:12:39.740+0000] {processor.py:925} INFO - DAG(s) 'create_analytics_mart' retrieved from /opt/airflow/dags/create_mart_dag.py
[2026-06-09T21:12:39.760+0000] {logging_mixin.py:190} INFO - [2026-06-09T21:12:39.760+0000] {dag.py:3239} INFO - Sync 1 DAGs
[2026-06-09T21:12:39.778+0000] {logging_mixin.py:190} INFO - [2026-06-09T21:12:39.777+0000] {dag.py:4180} INFO - Setting next_dagrun for create_analytics_mart to 2026-06-09 02:00:00+00:00, run_after=2026-06-10 02:00:00+00:00
[2026-06-09T21:12:39.791+0000] {processor.py:208} INFO - Processing /opt/airflow/dags/create_mart_dag.py took 0.078 seconds
[2026-06-09T21:13:10.071+0000] {processor.py:186} INFO - Started process (PID=13238) to work on /opt/airflow/dags/create_mart_dag.py
[2026-06-09T21:13:10.072+0000] {processor.py:914} INFO - Processing file /opt/airflow/dags/create_mart_dag.py for tasks to queue
[2026-06-09T21:13:10.075+0000] {logging_mixin.py:190} INFO - [2026-06-09T21:13:10.074+0000] {dagbag.py:588} INFO - Filling up the DagBag from /opt/airflow/dags/create_mart_dag.py
[2026-06-09T21:13:10.098+0000] {processor.py:925} INFO - DAG(s) 'create_analytics_mart' retrieved from /opt/airflow/dags/create_mart_dag.py
[2026-06-09T21:13:10.118+0000] {logging_mixin.py:190} INFO - [2026-06-09T21:13:10.117+0000] {dag.py:3239} INFO - Sync 1 DAGs
[2026-06-09T21:13:10.136+0000] {logging_mixin.py:190} INFO - [2026-06-09T21:13:10.136+0000] {dag.py:4180} INFO - Setting next_dagrun for create_analytics_mart to 2026-06-09 02:00:00+00:00, run_after=2026-06-10 02:00:00+00:00
[2026-06-09T21:13:10.153+0000] {processor.py:208} INFO - Processing /opt/airflow/dags/create_mart_dag.py took 0.086 seconds
[2026-06-09T21:13:40.472+0000] {processor.py:186} INFO - Started process (PID=13265) to work on /opt/airflow/dags/create_mart_dag.py
[2026-06-09T21:13:40.473+0000] {processor.py:914} INFO - Processing file /opt/airflow/dags/create_mart_dag.py for tasks to queue
[2026-06-09T21:13:40.475+0000] {logging_mixin.py:190} INFO - [2026-06-09T21:13:40.475+0000] {dagbag.py:588} INFO - Filling up the DagBag from /opt/airflow/dags/create_mart_dag.py
[2026-06-09T21:13:40.494+0000] {processor.py:925} INFO - DAG(s) 'create_analytics_mart' retrieved from /opt/airflow/dags/create_mart_dag.py
[2026-06-09T21:13:40.514+0000] {logging_mixin.py:190} INFO - [2026-06-09T21:13:40.514+0000] {dag.py:3239} INFO - Sync 1 DAGs
[2026-06-09T21:13:40.531+0000] {logging_mixin.py:190} INFO - [2026-06-09T21:13:40.531+0000] {dag.py:4180} INFO - Setting next_dagrun for create_analytics_mart to 2026-06-09 02:00:00+00:00, run_after=2026-06-10 02:00:00+00:00
[2026-06-09T21:13:40.548+0000] {processor.py:208} INFO - Processing /opt/airflow/dags/create_mart_dag.py took 0.081 seconds
[2026-06-09T21:14:10.861+0000] {processor.py:186} INFO - Started process (PID=13291) to work on /opt/airflow/dags/create_mart_dag.py
[2026-06-09T21:14:10.863+0000] {processor.py:914} INFO - Processing file /opt/airflow/dags/create_mart_dag.py for tasks to queue
[2026-06-09T21:14:10.865+0000] {logging_mixin.py:190} INFO - [2026-06-09T21:14:10.865+0000] {dagbag.py:588} INFO - Filling up the DagBag from /opt/airflow/dags/create_mart_dag.py
[2026-06-09T21:14:10.887+0000] {processor.py:925} INFO - DAG(s) 'create_analytics_mart' retrieved from /opt/airflow/dags/create_mart_dag.py
[2026-06-09T21:14:10.906+0000] {logging_mixin.py:190} INFO - [2026-06-09T21:14:10.906+0000] {dag.py:3239} INFO - Sync 1 DAGs
[2026-06-09T21:14:10.928+0000] {logging_mixin.py:190} INFO - [2026-06-09T21:14:10.928+0000] {dag.py:4180} INFO - Setting next_dagrun for create_analytics_mart to 2026-06-09 02:00:00+00:00, run_after=2026-06-10 02:00:00+00:00
[2026-06-09T21:14:10.945+0000] {processor.py:208} INFO - Processing /opt/airflow/dags/create_mart_dag.py took 0.091 seconds
[2026-06-09T21:14:41.273+0000] {processor.py:186} INFO - Started process (PID=13317) to work on /opt/airflow/dags/create_mart_dag.py
[2026-06-09T21:14:41.275+0000] {processor.py:914} INFO - Processing file /opt/airflow/dags/create_mart_dag.py for tasks to queue
[2026-06-09T21:14:41.277+0000] {logging_mixin.py:190} INFO - [2026-06-09T21:14:41.276+0000] {dagbag.py:588} INFO - Filling up the DagBag from /opt/airflow/dags/create_mart_dag.py
[2026-06-09T21:14:41.298+0000] {processor.py:925} INFO - DAG(s) 'create_analytics_mart' retrieved from /opt/airflow/dags/create_mart_dag.py
[2026-06-09T21:14:41.318+0000] {logging_mixin.py:190} INFO - [2026-06-09T21:14:41.318+0000] {dag.py:3239} INFO - Sync 1 DAGs
[2026-06-09T21:14:41.335+0000] {logging_mixin.py:190} INFO - [2026-06-09T21:14:41.334+0000] {dag.py:4180} INFO - Setting next_dagrun for create_analytics_mart to 2026-06-09 02:00:00+00:00, run_after=2026-06-10 02:00:00+00:00
[2026-06-09T21:14:41.351+0000] {processor.py:208} INFO - Processing /opt/airflow/dags/create_mart_dag.py took 0.082 seconds
[2026-06-09T21:15:11.653+0000] {processor.py:186} INFO - Started process (PID=13343) to work on /opt/airflow/dags/create_mart_dag.py
[2026-06-09T21:15:11.654+0000] {processor.py:914} INFO - Processing file /opt/airflow/dags/create_mart_dag.py for tasks to queue
[2026-06-09T21:15:11.657+0000] {logging_mixin.py:190} INFO - [2026-06-09T21:15:11.656+0000] {dagbag.py:588} INFO - Filling up the DagBag from /opt/airflow/dags/create_mart_dag.py
[2026-06-09T21:15:11.679+0000] {processor.py:925} INFO - DAG(s) 'create_analytics_mart' retrieved from /opt/airflow/dags/create_mart_dag.py
[2026-06-09T21:15:11.699+0000] {logging_mixin.py:190} INFO - [2026-06-09T21:15:11.699+0000] {dag.py:3239} INFO - Sync 1 DAGs
[2026-06-09T21:15:11.716+0000] {logging_mixin.py:190} INFO - [2026-06-09T21:15:11.715+0000] {dag.py:4180} INFO - Setting next_dagrun for create_analytics_mart to 2026-06-09 02:00:00+00:00, run_after=2026-06-10 02:00:00+00:00
[2026-06-09T21:15:11.732+0000] {processor.py:208} INFO - Processing /opt/airflow/dags/create_mart_dag.py took 0.083 seconds
[2026-06-09T21:15:42.033+0000] {processor.py:186} INFO - Started process (PID=13369) to work on /opt/airflow/dags/create_mart_dag.py
[2026-06-09T21:15:42.034+0000] {processor.py:914} INFO - Processing file /opt/airflow/dags/create_mart_dag.py for tasks to queue
[2026-06-09T21:15:42.036+0000] {logging_mixin.py:190} INFO - [2026-06-09T21:15:42.036+0000] {dagbag.py:588} INFO - Filling up the DagBag from /opt/airflow/dags/create_mart_dag.py
[2026-06-09T21:15:42.058+0000] {processor.py:925} INFO - DAG(s) 'create_analytics_mart' retrieved from /opt/airflow/dags/create_mart_dag.py
[2026-06-09T21:15:42.078+0000] {logging_mixin.py:190} INFO - [2026-06-09T21:15:42.077+0000] {dag.py:3239} INFO - Sync 1 DAGs
[2026-06-09T21:15:42.095+0000] {logging_mixin.py:190} INFO - [2026-06-09T21:15:42.095+0000] {dag.py:4180} INFO - Setting next_dagrun for create_analytics_mart to 2026-06-09 02:00:00+00:00, run_after=2026-06-10 02:00:00+00:00
[2026-06-09T21:15:42.112+0000] {processor.py:208} INFO - Processing /opt/airflow/dags/create_mart_dag.py took 0.083 seconds
[2026-06-09T21:16:12.440+0000] {processor.py:186} INFO - Started process (PID=13395) to work on /opt/airflow/dags/create_mart_dag.py
[2026-06-09T21:16:12.441+0000] {processor.py:914} INFO - Processing file /opt/airflow/dags/create_mart_dag.py for tasks to queue
[2026-06-09T21:16:12.444+0000] {logging_mixin.py:190} INFO - [2026-06-09T21:16:12.443+0000] {dagbag.py:588} INFO - Filling up the DagBag from /opt/airflow/dags/create_mart_dag.py
[2026-06-09T21:16:12.461+0000] {processor.py:925} INFO - DAG(s) 'create_analytics_mart' retrieved from /opt/airflow/dags/create_mart_dag.py
[2026-06-09T21:16:12.482+0000] {logging_mixin.py:190} INFO - [2026-06-09T21:16:12.481+0000] {dag.py:3239} INFO - Sync 1 DAGs
[2026-06-09T21:16:12.499+0000] {logging_mixin.py:190} INFO - [2026-06-09T21:16:12.499+0000] {dag.py:4180} INFO - Setting next_dagrun for create_analytics_mart to 2026-06-09 02:00:00+00:00, run_after=2026-06-10 02:00:00+00:00
[2026-06-09T21:16:12.517+0000] {processor.py:208} INFO - Processing /opt/airflow/dags/create_mart_dag.py took 0.081 seconds
[2026-06-09T21:16:42.829+0000] {processor.py:186} INFO - Started process (PID=13421) to work on /opt/airflow/dags/create_mart_dag.py
[2026-06-09T21:16:42.830+0000] {processor.py:914} INFO - Processing file /opt/airflow/dags/create_mart_dag.py for tasks to queue
[2026-06-09T21:16:42.832+0000] {logging_mixin.py:190} INFO - [2026-06-09T21:16:42.831+0000] {dagbag.py:588} INFO - Filling up the DagBag from /opt/airflow/dags/create_mart_dag.py
[2026-06-09T21:16:42.851+0000] {processor.py:925} INFO - DAG(s) 'create_analytics_mart' retrieved from /opt/airflow/dags/create_mart_dag.py
[2026-06-09T21:16:42.869+0000] {logging_mixin.py:190} INFO - [2026-06-09T21:16:42.869+0000] {dag.py:3239} INFO - Sync 1 DAGs
[2026-06-09T21:16:42.886+0000] {logging_mixin.py:190} INFO - [2026-06-09T21:16:42.886+0000] {dag.py:4180} INFO - Setting next_dagrun for create_analytics_mart to 2026-06-09 02:00:00+00:00, run_after=2026-06-10 02:00:00+00:00
[2026-06-09T21:16:42.902+0000] {processor.py:208} INFO - Processing /opt/airflow/dags/create_mart_dag.py took 0.077 seconds
[2026-06-09T21:17:13.217+0000] {processor.py:186} INFO - Started process (PID=13447) to work on /opt/airflow/dags/create_mart_dag.py
[2026-06-09T21:17:13.218+0000] {processor.py:914} INFO - Processing file /opt/airflow/dags/create_mart_dag.py for tasks to queue
[2026-06-09T21:17:13.220+0000] {logging_mixin.py:190} INFO - [2026-06-09T21:17:13.220+0000] {dagbag.py:588} INFO - Filling up the DagBag from /opt/airflow/dags/create_mart_dag.py
[2026-06-09T21:17:13.240+0000] {processor.py:925} INFO - DAG(s) 'create_analytics_mart' retrieved from /opt/airflow/dags/create_mart_dag.py
[2026-06-09T21:17:13.259+0000] {logging_mixin.py:190} INFO - [2026-06-09T21:17:13.259+0000] {dag.py:3239} INFO - Sync 1 DAGs
[2026-06-09T21:17:13.276+0000] {logging_mixin.py:190} INFO - [2026-06-09T21:17:13.275+0000] {dag.py:4180} INFO - Setting next_dagrun for create_analytics_mart to 2026-06-09 02:00:00+00:00, run_after=2026-06-10 02:00:00+00:00
[2026-06-09T21:17:13.291+0000] {processor.py:208} INFO - Processing /opt/airflow/dags/create_mart_dag.py took 0.079 seconds
[2026-06-09T21:17:43.608+0000] {processor.py:186} INFO - Started process (PID=13473) to work on /opt/airflow/dags/create_mart_dag.py
[2026-06-09T21:17:43.609+0000] {processor.py:914} INFO - Processing file /opt/airflow/dags/create_mart_dag.py for tasks to queue
[2026-06-09T21:17:43.611+0000] {logging_mixin.py:190} INFO - [2026-06-09T21:17:43.611+0000] {dagbag.py:588} INFO - Filling up the DagBag from /opt/airflow/dags/create_mart_dag.py
[2026-06-09T21:17:43.632+0000] {processor.py:925} INFO - DAG(s) 'create_analytics_mart' retrieved from /opt/airflow/dags/create_mart_dag.py
[2026-06-09T21:17:43.653+0000] {logging_mixin.py:190} INFO - [2026-06-09T21:17:43.652+0000] {dag.py:3239} INFO - Sync 1 DAGs
[2026-06-09T21:17:43.670+0000] {logging_mixin.py:190} INFO - [2026-06-09T21:17:43.670+0000] {dag.py:4180} INFO - Setting next_dagrun for create_analytics_mart to 2026-06-09 02:00:00+00:00, run_after=2026-06-10 02:00:00+00:00
[2026-06-09T21:17:43.686+0000] {processor.py:208} INFO - Processing /opt/airflow/dags/create_mart_dag.py took 0.083 seconds
[2026-06-09T21:18:14.044+0000] {processor.py:186} INFO - Started process (PID=13499) to work on /opt/airflow/dags/create_mart_dag.py
[2026-06-09T21:18:14.045+0000] {processor.py:914} INFO - Processing file /opt/airflow/dags/create_mart_dag.py for tasks to queue
[2026-06-09T21:18:14.047+0000] {logging_mixin.py:190} INFO - [2026-06-09T21:18:14.047+0000] {dagbag.py:588} INFO - Filling up the DagBag from /opt/airflow/dags/create_mart_dag.py
[2026-06-09T21:18:14.065+0000] {processor.py:925} INFO - DAG(s) 'create_analytics_mart' retrieved from /opt/airflow/dags/create_mart_dag.py
[2026-06-09T21:18:14.085+0000] {logging_mixin.py:190} INFO - [2026-06-09T21:18:14.085+0000] {dag.py:3239} INFO - Sync 1 DAGs
[2026-06-09T21:18:14.103+0000] {logging_mixin.py:190} INFO - [2026-06-09T21:18:14.103+0000] {dag.py:4180} INFO - Setting next_dagrun for create_analytics_mart to 2026-06-09 02:00:00+00:00, run_after=2026-06-10 02:00:00+00:00
[2026-06-09T21:18:14.120+0000] {processor.py:208} INFO - Processing /opt/airflow/dags/create_mart_dag.py took 0.080 seconds
[2026-06-09T21:18:44.426+0000] {processor.py:186} INFO - Started process (PID=13525) to work on /opt/airflow/dags/create_mart_dag.py
[2026-06-09T21:18:44.427+0000] {processor.py:914} INFO - Processing file /opt/airflow/dags/create_mart_dag.py for tasks to queue
[2026-06-09T21:18:44.429+0000] {logging_mixin.py:190} INFO - [2026-06-09T21:18:44.429+0000] {dagbag.py:588} INFO - Filling up the DagBag from /opt/airflow/dags/create_mart_dag.py
[2026-06-09T21:18:44.448+0000] {processor.py:925} INFO - DAG(s) 'create_analytics_mart' retrieved from /opt/airflow/dags/create_mart_dag.py
[2026-06-09T21:18:44.468+0000] {logging_mixin.py:190} INFO - [2026-06-09T21:18:44.468+0000] {dag.py:3239} INFO - Sync 1 DAGs
[2026-06-09T21:18:44.485+0000] {logging_mixin.py:190} INFO - [2026-06-09T21:18:44.485+0000] {dag.py:4180} INFO - Setting next_dagrun for create_analytics_mart to 2026-06-09 02:00:00+00:00, run_after=2026-06-10 02:00:00+00:00
[2026-06-09T21:18:44.501+0000] {processor.py:208} INFO - Processing /opt/airflow/dags/create_mart_dag.py took 0.080 seconds
[2026-06-09T21:19:14.832+0000] {processor.py:186} INFO - Started process (PID=13551) to work on /opt/airflow/dags/create_mart_dag.py
[2026-06-09T21:19:14.834+0000] {processor.py:914} INFO - Processing file /opt/airflow/dags/create_mart_dag.py for tasks to queue
[2026-06-09T21:19:14.837+0000] {logging_mixin.py:190} INFO - [2026-06-09T21:19:14.836+0000] {dagbag.py:588} INFO - Filling up the DagBag from /opt/airflow/dags/create_mart_dag.py
[2026-06-09T21:19:14.873+0000] {processor.py:925} INFO - DAG(s) 'create_analytics_mart' retrieved from /opt/airflow/dags/create_mart_dag.py
[2026-06-09T21:19:14.892+0000] {logging_mixin.py:190} INFO - [2026-06-09T21:19:14.892+0000] {dag.py:3239} INFO - Sync 1 DAGs
[2026-06-09T21:19:14.910+0000] {logging_mixin.py:190} INFO - [2026-06-09T21:19:14.910+0000] {dag.py:4180} INFO - Setting next_dagrun for create_analytics_mart to 2026-06-09 02:00:00+00:00, run_after=2026-06-10 02:00:00+00:00
[2026-06-09T21:19:14.927+0000] {processor.py:208} INFO - Processing /opt/airflow/dags/create_mart_dag.py took 0.101 seconds
[2026-06-09T21:19:45.232+0000] {processor.py:186} INFO - Started process (PID=13577) to work on /opt/airflow/dags/create_mart_dag.py
[2026-06-09T21:19:45.233+0000] {processor.py:914} INFO - Processing file /opt/airflow/dags/create_mart_dag.py for tasks to queue
[2026-06-09T21:19:45.235+0000] {logging_mixin.py:190} INFO - [2026-06-09T21:19:45.235+0000] {dagbag.py:588} INFO - Filling up the DagBag from /opt/airflow/dags/create_mart_dag.py
[2026-06-09T21:19:45.255+0000] {processor.py:925} INFO - DAG(s) 'create_analytics_mart' retrieved from /opt/airflow/dags/create_mart_dag.py
[2026-06-09T21:19:45.277+0000] {logging_mixin.py:190} INFO - [2026-06-09T21:19:45.277+0000] {dag.py:3239} INFO - Sync 1 DAGs
[2026-06-09T21:19:45.295+0000] {logging_mixin.py:190} INFO - [2026-06-09T21:19:45.295+0000] {dag.py:4180} INFO - Setting next_dagrun for create_analytics_mart to 2026-06-09 02:00:00+00:00, run_after=2026-06-10 02:00:00+00:00
[2026-06-09T21:19:45.311+0000] {processor.py:208} INFO - Processing /opt/airflow/dags/create_mart_dag.py took 0.084 seconds
[2026-06-09T21:20:15.664+0000] {processor.py:186} INFO - Started process (PID=13603) to work on /opt/airflow/dags/create_mart_dag.py
[2026-06-09T21:20:15.665+0000] {processor.py:914} INFO - Processing file /opt/airflow/dags/create_mart_dag.py for tasks to queue
[2026-06-09T21:20:15.668+0000] {logging_mixin.py:190} INFO - [2026-06-09T21:20:15.668+0000] {dagbag.py:588} INFO - Filling up the DagBag from /opt/airflow/dags/create_mart_dag.py
[2026-06-09T21:20:15.692+0000] {processor.py:925} INFO - DAG(s) 'create_analytics_mart' retrieved from /opt/airflow/dags/create_mart_dag.py
[2026-06-09T21:20:15.712+0000] {logging_mixin.py:190} INFO - [2026-06-09T21:20:15.712+0000] {dag.py:3239} INFO - Sync 1 DAGs
[2026-06-09T21:20:15.730+0000] {logging_mixin.py:190} INFO - [2026-06-09T21:20:15.730+0000] {dag.py:4180} INFO - Setting next_dagrun for create_analytics_mart to 2026-06-09 02:00:00+00:00, run_after=2026-06-10 02:00:00+00:00
[2026-06-09T21:20:15.746+0000] {processor.py:208} INFO - Processing /opt/airflow/dags/create_mart_dag.py took 0.087 seconds
[2026-06-09T21:20:46.049+0000] {processor.py:186} INFO - Started process (PID=13629) to work on /opt/airflow/dags/create_mart_dag.py
[2026-06-09T21:20:46.049+0000] {processor.py:914} INFO - Processing file /opt/airflow/dags/create_mart_dag.py for tasks to queue
[2026-06-09T21:20:46.051+0000] {logging_mixin.py:190} INFO - [2026-06-09T21:20:46.051+0000] {dagbag.py:588} INFO - Filling up the DagBag from /opt/airflow/dags/create_mart_dag.py
[2026-06-09T21:20:46.071+0000] {processor.py:925} INFO - DAG(s) 'create_analytics_mart' retrieved from /opt/airflow/dags/create_mart_dag.py
[2026-06-09T21:20:46.093+0000] {logging_mixin.py:190} INFO - [2026-06-09T21:20:46.093+0000] {dag.py:3239} INFO - Sync 1 DAGs
[2026-06-09T21:20:46.113+0000] {logging_mixin.py:190} INFO - [2026-06-09T21:20:46.113+0000] {dag.py:4180} INFO - Setting next_dagrun for create_analytics_mart to 2026-06-09 02:00:00+00:00, run_after=2026-06-10 02:00:00+00:00
[2026-06-09T21:20:46.129+0000] {processor.py:208} INFO - Processing /opt/airflow/dags/create_mart_dag.py took 0.085 seconds
[2026-06-09T21:21:16.403+0000] {processor.py:186} INFO - Started process (PID=13655) to work on /opt/airflow/dags/create_mart_dag.py
[2026-06-09T21:21:16.404+0000] {processor.py:914} INFO - Processing file /opt/airflow/dags/create_mart_dag.py for tasks to queue
[2026-06-09T21:21:16.407+0000] {logging_mixin.py:190} INFO - [2026-06-09T21:21:16.406+0000] {dagbag.py:588} INFO - Filling up the DagBag from /opt/airflow/dags/create_mart_dag.py
[2026-06-09T21:21:16.426+0000] {processor.py:925} INFO - DAG(s) 'create_analytics_mart' retrieved from /opt/airflow/dags/create_mart_dag.py
[2026-06-09T21:21:16.445+0000] {logging_mixin.py:190} INFO - [2026-06-09T21:21:16.445+0000] {dag.py:3239} INFO - Sync 1 DAGs
[2026-06-09T21:21:16.462+0000] {logging_mixin.py:190} INFO - [2026-06-09T21:21:16.462+0000] {dag.py:4180} INFO - Setting next_dagrun for create_analytics_mart to 2026-06-09 02:00:00+00:00, run_after=2026-06-10 02:00:00+00:00
[2026-06-09T21:21:16.479+0000] {processor.py:208} INFO - Processing /opt/airflow/dags/create_mart_dag.py took 0.081 seconds
[2026-06-09T21:21:46.788+0000] {processor.py:186} INFO - Started process (PID=13681) to work on /opt/airflow/dags/create_mart_dag.py
[2026-06-09T21:21:46.789+0000] {processor.py:914} INFO - Processing file /opt/airflow/dags/create_mart_dag.py for tasks to queue
[2026-06-09T21:21:46.792+0000] {logging_mixin.py:190} INFO - [2026-06-09T21:21:46.792+0000] {dagbag.py:588} INFO - Filling up the DagBag from /opt/airflow/dags/create_mart_dag.py
[2026-06-09T21:21:46.817+0000] {processor.py:925} INFO - DAG(s) 'create_analytics_mart' retrieved from /opt/airflow/dags/create_mart_dag.py
[2026-06-09T21:21:46.835+0000] {logging_mixin.py:190} INFO - [2026-06-09T21:21:46.835+0000] {dag.py:3239} INFO - Sync 1 DAGs
[2026-06-09T21:21:46.852+0000] {logging_mixin.py:190} INFO - [2026-06-09T21:21:46.852+0000] {dag.py:4180} INFO - Setting next_dagrun for create_analytics_mart to 2026-06-09 02:00:00+00:00, run_after=2026-06-10 02:00:00+00:00
[2026-06-09T21:21:46.868+0000] {processor.py:208} INFO - Processing /opt/airflow/dags/create_mart_dag.py took 0.084 seconds
[2026-06-09T21:22:17.191+0000] {processor.py:186} INFO - Started process (PID=13707) to work on /opt/airflow/dags/create_mart_dag.py
[2026-06-09T21:22:17.192+0000] {processor.py:914} INFO - Processing file /opt/airflow/dags/create_mart_dag.py for tasks to queue
[2026-06-09T21:22:17.195+0000] {logging_mixin.py:190} INFO - [2026-06-09T21:22:17.194+0000] {dagbag.py:588} INFO - Filling up the DagBag from /opt/airflow/dags/create_mart_dag.py
[2026-06-09T21:22:17.212+0000] {processor.py:925} INFO - DAG(s) 'create_analytics_mart' retrieved from /opt/airflow/dags/create_mart_dag.py
[2026-06-09T21:22:17.232+0000] {logging_mixin.py:190} INFO - [2026-06-09T21:22:17.232+0000] {dag.py:3239} INFO - Sync 1 DAGs
[2026-06-09T21:22:17.249+0000] {logging_mixin.py:190} INFO - [2026-06-09T21:22:17.248+0000] {dag.py:4180} INFO - Setting next_dagrun for create_analytics_mart to 2026-06-09 02:00:00+00:00, run_after=2026-06-10 02:00:00+00:00
[2026-06-09T21:22:17.266+0000] {processor.py:208} INFO - Processing /opt/airflow/dags/create_mart_dag.py took 0.080 seconds
[2026-06-09T21:22:47.499+0000] {processor.py:186} INFO - Started process (PID=13733) to work on /opt/airflow/dags/create_mart_dag.py
[2026-06-09T21:22:47.500+0000] {processor.py:914} INFO - Processing file /opt/airflow/dags/create_mart_dag.py for tasks to queue
[2026-06-09T21:22:47.502+0000] {logging_mixin.py:190} INFO - [2026-06-09T21:22:47.502+0000] {dagbag.py:588} INFO - Filling up the DagBag from /opt/airflow/dags/create_mart_dag.py
[2026-06-09T21:22:47.522+0000] {processor.py:925} INFO - DAG(s) 'create_analytics_mart' retrieved from /opt/airflow/dags/create_mart_dag.py
[2026-06-09T21:22:47.543+0000] {logging_mixin.py:190} INFO - [2026-06-09T21:22:47.543+0000] {dag.py:3239} INFO - Sync 1 DAGs
[2026-06-09T21:22:47.561+0000] {logging_mixin.py:190} INFO - [2026-06-09T21:22:47.561+0000] {dag.py:4180} INFO - Setting next_dagrun for create_analytics_mart to 2026-06-09 02:00:00+00:00, run_after=2026-06-10 02:00:00+00:00
[2026-06-09T21:22:47.578+0000] {processor.py:208} INFO - Processing /opt/airflow/dags/create_mart_dag.py took 0.083 seconds
[2026-06-09T21:23:17.851+0000] {processor.py:186} INFO - Started process (PID=13759) to work on /opt/airflow/dags/create_mart_dag.py
[2026-06-09T21:23:17.852+0000] {processor.py:914} INFO - Processing file /opt/airflow/dags/create_mart_dag.py for tasks to queue
[2026-06-09T21:23:17.855+0000] {logging_mixin.py:190} INFO - [2026-06-09T21:23:17.854+0000] {dagbag.py:588} INFO - Filling up the DagBag from /opt/airflow/dags/create_mart_dag.py
[2026-06-09T21:23:17.873+0000] {processor.py:925} INFO - DAG(s) 'create_analytics_mart' retrieved from /opt/airflow/dags/create_mart_dag.py
[2026-06-09T21:23:17.894+0000] {logging_mixin.py:190} INFO - [2026-06-09T21:23:17.894+0000] {dag.py:3239} INFO - Sync 1 DAGs
[2026-06-09T21:23:17.912+0000] {logging_mixin.py:190} INFO - [2026-06-09T21:23:17.912+0000] {dag.py:4180} INFO - Setting next_dagrun for create_analytics_mart to 2026-06-09 02:00:00+00:00, run_after=2026-06-10 02:00:00+00:00
[2026-06-09T21:23:17.928+0000] {processor.py:208} INFO - Processing /opt/airflow/dags/create_mart_dag.py took 0.081 seconds
[2026-06-09T21:23:48.284+0000] {processor.py:186} INFO - Started process (PID=13785) to work on /opt/airflow/dags/create_mart_dag.py
[2026-06-09T21:23:48.285+0000] {processor.py:914} INFO - Processing file /opt/airflow/dags/create_mart_dag.py for tasks to queue
[2026-06-09T21:23:48.288+0000] {logging_mixin.py:190} INFO - [2026-06-09T21:23:48.287+0000] {dagbag.py:588} INFO - Filling up the DagBag from /opt/airflow/dags/create_mart_dag.py
[2026-06-09T21:23:48.306+0000] {processor.py:925} INFO - DAG(s) 'create_analytics_mart' retrieved from /opt/airflow/dags/create_mart_dag.py
[2026-06-09T21:23:48.328+0000] {logging_mixin.py:190} INFO - [2026-06-09T21:23:48.328+0000] {dag.py:3239} INFO - Sync 1 DAGs
[2026-06-09T21:23:48.344+0000] {logging_mixin.py:190} INFO - [2026-06-09T21:23:48.344+0000] {dag.py:4180} INFO - Setting next_dagrun for create_analytics_mart to 2026-06-09 02:00:00+00:00, run_after=2026-06-10 02:00:00+00:00
[2026-06-09T21:23:48.360+0000] {processor.py:208} INFO - Processing /opt/airflow/dags/create_mart_dag.py took 0.081 seconds
[2026-06-09T21:24:18.671+0000] {processor.py:186} INFO - Started process (PID=13811) to work on /opt/airflow/dags/create_mart_dag.py
[2026-06-09T21:24:18.672+0000] {processor.py:914} INFO - Processing file /opt/airflow/dags/create_mart_dag.py for tasks to queue
[2026-06-09T21:24:18.674+0000] {logging_mixin.py:190} INFO - [2026-06-09T21:24:18.674+0000] {dagbag.py:588} INFO - Filling up the DagBag from /opt/airflow/dags/create_mart_dag.py
[2026-06-09T21:24:18.696+0000] {processor.py:925} INFO - DAG(s) 'create_analytics_mart' retrieved from /opt/airflow/dags/create_mart_dag.py
[2026-06-09T21:24:18.715+0000] {logging_mixin.py:190} INFO - [2026-06-09T21:24:18.715+0000] {dag.py:3239} INFO - Sync 1 DAGs
[2026-06-09T21:24:18.733+0000] {logging_mixin.py:190} INFO - [2026-06-09T21:24:18.733+0000] {dag.py:4180} INFO - Setting next_dagrun for create_analytics_mart to 2026-06-09 02:00:00+00:00, run_after=2026-06-10 02:00:00+00:00
[2026-06-09T21:24:18.751+0000] {processor.py:208} INFO - Processing /opt/airflow/dags/create_mart_dag.py took 0.085 seconds
[2026-06-09T21:24:49.021+0000] {processor.py:186} INFO - Started process (PID=13837) to work on /opt/airflow/dags/create_mart_dag.py
[2026-06-09T21:24:49.022+0000] {processor.py:914} INFO - Processing file /opt/airflow/dags/create_mart_dag.py for tasks to queue
[2026-06-09T21:24:49.024+0000] {logging_mixin.py:190} INFO - [2026-06-09T21:24:49.024+0000] {dagbag.py:588} INFO - Filling up the DagBag from /opt/airflow/dags/create_mart_dag.py
[2026-06-09T21:24:49.043+0000] {processor.py:925} INFO - DAG(s) 'create_analytics_mart' retrieved from /opt/airflow/dags/create_mart_dag.py
[2026-06-09T21:24:49.062+0000] {logging_mixin.py:190} INFO - [2026-06-09T21:24:49.062+0000] {dag.py:3239} INFO - Sync 1 DAGs
[2026-06-09T21:24:49.079+0000] {logging_mixin.py:190} INFO - [2026-06-09T21:24:49.079+0000] {dag.py:4180} INFO - Setting next_dagrun for create_analytics_mart to 2026-06-09 02:00:00+00:00, run_after=2026-06-10 02:00:00+00:00
[2026-06-09T21:24:49.095+0000] {processor.py:208} INFO - Processing /opt/airflow/dags/create_mart_dag.py took 0.078 seconds
[2026-06-09T21:25:19.369+0000] {processor.py:186} INFO - Started process (PID=13863) to work on /opt/airflow/dags/create_mart_dag.py
[2026-06-09T21:25:19.370+0000] {processor.py:914} INFO - Processing file /opt/airflow/dags/create_mart_dag.py for tasks to queue
[2026-06-09T21:25:19.373+0000] {logging_mixin.py:190} INFO - [2026-06-09T21:25:19.373+0000] {dagbag.py:588} INFO - Filling up the DagBag from /opt/airflow/dags/create_mart_dag.py
[2026-06-09T21:25:19.398+0000] {processor.py:925} INFO - DAG(s) 'create_analytics_mart' retrieved from /opt/airflow/dags/create_mart_dag.py
[2026-06-09T21:25:19.418+0000] {logging_mixin.py:190} INFO - [2026-06-09T21:25:19.417+0000] {dag.py:3239} INFO - Sync 1 DAGs
[2026-06-09T21:25:19.435+0000] {logging_mixin.py:190} INFO - [2026-06-09T21:25:19.434+0000] {dag.py:4180} INFO - Setting next_dagrun for create_analytics_mart to 2026-06-09 02:00:00+00:00, run_after=2026-06-10 02:00:00+00:00
[2026-06-09T21:25:19.452+0000] {processor.py:208} INFO - Processing /opt/airflow/dags/create_mart_dag.py took 0.088 seconds
[2026-06-09T21:25:49.774+0000] {processor.py:186} INFO - Started process (PID=13889) to work on /opt/airflow/dags/create_mart_dag.py
[2026-06-09T21:25:49.775+0000] {processor.py:914} INFO - Processing file /opt/airflow/dags/create_mart_dag.py for tasks to queue
[2026-06-09T21:25:49.777+0000] {logging_mixin.py:190} INFO - [2026-06-09T21:25:49.777+0000] {dagbag.py:588} INFO - Filling up the DagBag from /opt/airflow/dags/create_mart_dag.py
[2026-06-09T21:25:49.797+0000] {processor.py:925} INFO - DAG(s) 'create_analytics_mart' retrieved from /opt/airflow/dags/create_mart_dag.py
[2026-06-09T21:25:49.818+0000] {logging_mixin.py:190} INFO - [2026-06-09T21:25:49.817+0000] {dag.py:3239} INFO - Sync 1 DAGs
[2026-06-09T21:25:49.834+0000] {logging_mixin.py:190} INFO - [2026-06-09T21:25:49.834+0000] {dag.py:4180} INFO - Setting next_dagrun for create_analytics_mart to 2026-06-09 02:00:00+00:00, run_after=2026-06-10 02:00:00+00:00
[2026-06-09T21:25:49.851+0000] {processor.py:208} INFO - Processing /opt/airflow/dags/create_mart_dag.py took 0.081 seconds
[2026-06-09T21:26:20.188+0000] {processor.py:186} INFO - Started process (PID=13916) to work on /opt/airflow/dags/create_mart_dag.py
[2026-06-09T21:26:20.189+0000] {processor.py:914} INFO - Processing file /opt/airflow/dags/create_mart_dag.py for tasks to queue
[2026-06-09T21:26:20.192+0000] {logging_mixin.py:190} INFO - [2026-06-09T21:26:20.191+0000] {dagbag.py:588} INFO - Filling up the DagBag from /opt/airflow/dags/create_mart_dag.py
[2026-06-09T21:26:20.211+0000] {processor.py:925} INFO - DAG(s) 'create_analytics_mart' retrieved from /opt/airflow/dags/create_mart_dag.py
[2026-06-09T21:26:20.231+0000] {logging_mixin.py:190} INFO - [2026-06-09T21:26:20.231+0000] {dag.py:3239} INFO - Sync 1 DAGs
[2026-06-09T21:26:20.248+0000] {logging_mixin.py:190} INFO - [2026-06-09T21:26:20.248+0000] {dag.py:4180} INFO - Setting next_dagrun for create_analytics_mart to 2026-06-09 02:00:00+00:00, run_after=2026-06-10 02:00:00+00:00
[2026-06-09T21:26:20.263+0000] {processor.py:208} INFO - Processing /opt/airflow/dags/create_mart_dag.py took 0.080 seconds
[2026-06-09T21:26:50.555+0000] {processor.py:186} INFO - Started process (PID=13942) to work on /opt/airflow/dags/create_mart_dag.py
[2026-06-09T21:26:50.556+0000] {processor.py:914} INFO - Processing file /opt/airflow/dags/create_mart_dag.py for tasks to queue
[2026-06-09T21:26:50.557+0000] {logging_mixin.py:190} INFO - [2026-06-09T21:26:50.557+0000] {dagbag.py:588} INFO - Filling up the DagBag from /opt/airflow/dags/create_mart_dag.py
[2026-06-09T21:26:50.576+0000] {processor.py:925} INFO - DAG(s) 'create_analytics_mart' retrieved from /opt/airflow/dags/create_mart_dag.py
[2026-06-09T21:26:50.597+0000] {logging_mixin.py:190} INFO - [2026-06-09T21:26:50.597+0000] {dag.py:3239} INFO - Sync 1 DAGs
[2026-06-09T21:26:50.614+0000] {logging_mixin.py:190} INFO - [2026-06-09T21:26:50.614+0000] {dag.py:4180} INFO - Setting next_dagrun for create_analytics_mart to 2026-06-09 02:00:00+00:00, run_after=2026-06-10 02:00:00+00:00
[2026-06-09T21:26:50.630+0000] {processor.py:208} INFO - Processing /opt/airflow/dags/create_mart_dag.py took 0.080 seconds
[2026-06-09T21:27:20.900+0000] {processor.py:186} INFO - Started process (PID=13968) to work on /opt/airflow/dags/create_mart_dag.py
[2026-06-09T21:27:20.900+0000] {processor.py:914} INFO - Processing file /opt/airflow/dags/create_mart_dag.py for tasks to queue
[2026-06-09T21:27:20.903+0000] {logging_mixin.py:190} INFO - [2026-06-09T21:27:20.903+0000] {dagbag.py:588} INFO - Filling up the DagBag from /opt/airflow/dags/create_mart_dag.py
[2026-06-09T21:27:20.924+0000] {processor.py:925} INFO - DAG(s) 'create_analytics_mart' retrieved from /opt/airflow/dags/create_mart_dag.py
[2026-06-09T21:27:20.944+0000] {logging_mixin.py:190} INFO - [2026-06-09T21:27:20.943+0000] {dag.py:3239} INFO - Sync 1 DAGs
[2026-06-09T21:27:20.960+0000] {logging_mixin.py:190} INFO - [2026-06-09T21:27:20.960+0000] {dag.py:4180} INFO - Setting next_dagrun for create_analytics_mart to 2026-06-09 02:00:00+00:00, run_after=2026-06-10 02:00:00+00:00
[2026-06-09T21:27:20.977+0000] {processor.py:208} INFO - Processing /opt/airflow/dags/create_mart_dag.py took 0.082 seconds
[2026-06-09T21:27:51.293+0000] {processor.py:186} INFO - Started process (PID=13994) to work on /opt/airflow/dags/create_mart_dag.py
[2026-06-09T21:27:51.294+0000] {processor.py:914} INFO - Processing file /opt/airflow/dags/create_mart_dag.py for tasks to queue
[2026-06-09T21:27:51.296+0000] {logging_mixin.py:190} INFO - [2026-06-09T21:27:51.295+0000] {dagbag.py:588} INFO - Filling up the DagBag from /opt/airflow/dags/create_mart_dag.py
[2026-06-09T21:27:51.315+0000] {processor.py:925} INFO - DAG(s) 'create_analytics_mart' retrieved from /opt/airflow/dags/create_mart_dag.py
[2026-06-09T21:27:51.334+0000] {logging_mixin.py:190} INFO - [2026-06-09T21:27:51.334+0000] {dag.py:3239} INFO - Sync 1 DAGs
[2026-06-09T21:27:51.352+0000] {logging_mixin.py:190} INFO - [2026-06-09T21:27:51.351+0000] {dag.py:4180} INFO - Setting next_dagrun for create_analytics_mart to 2026-06-09 02:00:00+00:00, run_after=2026-06-10 02:00:00+00:00
[2026-06-09T21:27:51.368+0000] {processor.py:208} INFO - Processing /opt/airflow/dags/create_mart_dag.py took 0.080 seconds
[2026-06-09T21:28:21.698+0000] {processor.py:186} INFO - Started process (PID=14020) to work on /opt/airflow/dags/create_mart_dag.py
[2026-06-09T21:28:21.699+0000] {processor.py:914} INFO - Processing file /opt/airflow/dags/create_mart_dag.py for tasks to queue
[2026-06-09T21:28:21.701+0000] {logging_mixin.py:190} INFO - [2026-06-09T21:28:21.701+0000] {dagbag.py:588} INFO - Filling up the DagBag from /opt/airflow/dags/create_mart_dag.py
[2026-06-09T21:28:21.719+0000] {processor.py:925} INFO - DAG(s) 'create_analytics_mart' retrieved from /opt/airflow/dags/create_mart_dag.py
[2026-06-09T21:28:21.738+0000] {logging_mixin.py:190} INFO - [2026-06-09T21:28:21.738+0000] {dag.py:3239} INFO - Sync 1 DAGs
[2026-06-09T21:28:21.756+0000] {logging_mixin.py:190} INFO - [2026-06-09T21:28:21.756+0000] {dag.py:4180} INFO - Setting next_dagrun for create_analytics_mart to 2026-06-09 02:00:00+00:00, run_after=2026-06-10 02:00:00+00:00
[2026-06-09T21:28:21.770+0000] {processor.py:208} INFO - Processing /opt/airflow/dags/create_mart_dag.py took 0.077 seconds
[2026-06-09T21:28:52.089+0000] {processor.py:186} INFO - Started process (PID=14046) to work on /opt/airflow/dags/create_mart_dag.py
[2026-06-09T21:28:52.090+0000] {processor.py:914} INFO - Processing file /opt/airflow/dags/create_mart_dag.py for tasks to queue
[2026-06-09T21:28:52.092+0000] {logging_mixin.py:190} INFO - [2026-06-09T21:28:52.092+0000] {dagbag.py:588} INFO - Filling up the DagBag from /opt/airflow/dags/create_mart_dag.py
[2026-06-09T21:28:52.113+0000] {processor.py:925} INFO - DAG(s) 'create_analytics_mart' retrieved from /opt/airflow/dags/create_mart_dag.py
[2026-06-09T21:28:52.132+0000] {logging_mixin.py:190} INFO - [2026-06-09T21:28:52.132+0000] {dag.py:3239} INFO - Sync 1 DAGs
[2026-06-09T21:28:52.149+0000] {logging_mixin.py:190} INFO - [2026-06-09T21:28:52.149+0000] {dag.py:4180} INFO - Setting next_dagrun for create_analytics_mart to 2026-06-09 02:00:00+00:00, run_after=2026-06-10 02:00:00+00:00
[2026-06-09T21:28:52.165+0000] {processor.py:208} INFO - Processing /opt/airflow/dags/create_mart_dag.py took 0.080 seconds
[2026-06-09T21:29:22.430+0000] {processor.py:186} INFO - Started process (PID=14072) to work on /opt/airflow/dags/create_mart_dag.py
[2026-06-09T21:29:22.431+0000] {processor.py:914} INFO - Processing file /opt/airflow/dags/create_mart_dag.py for tasks to queue
[2026-06-09T21:29:22.433+0000] {logging_mixin.py:190} INFO - [2026-06-09T21:29:22.433+0000] {dagbag.py:588} INFO - Filling up the DagBag from /opt/airflow/dags/create_mart_dag.py
[2026-06-09T21:29:22.453+0000] {processor.py:925} INFO - DAG(s) 'create_analytics_mart' retrieved from /opt/airflow/dags/create_mart_dag.py
[2026-06-09T21:29:22.472+0000] {logging_mixin.py:190} INFO - [2026-06-09T21:29:22.472+0000] {dag.py:3239} INFO - Sync 1 DAGs
[2026-06-09T21:29:22.489+0000] {logging_mixin.py:190} INFO - [2026-06-09T21:29:22.489+0000] {dag.py:4180} INFO - Setting next_dagrun for create_analytics_mart to 2026-06-09 02:00:00+00:00, run_after=2026-06-10 02:00:00+00:00
[2026-06-09T21:29:22.505+0000] {processor.py:208} INFO - Processing /opt/airflow/dags/create_mart_dag.py took 0.079 seconds
[2026-06-09T21:29:52.841+0000] {processor.py:186} INFO - Started process (PID=14098) to work on /opt/airflow/dags/create_mart_dag.py
[2026-06-09T21:29:52.842+0000] {processor.py:914} INFO - Processing file /opt/airflow/dags/create_mart_dag.py for tasks to queue
[2026-06-09T21:29:52.844+0000] {logging_mixin.py:190} INFO - [2026-06-09T21:29:52.844+0000] {dagbag.py:588} INFO - Filling up the DagBag from /opt/airflow/dags/create_mart_dag.py
[2026-06-09T21:29:52.865+0000] {processor.py:925} INFO - DAG(s) 'create_analytics_mart' retrieved from /opt/airflow/dags/create_mart_dag.py
[2026-06-09T21:29:52.893+0000] {logging_mixin.py:190} INFO - [2026-06-09T21:29:52.893+0000] {dag.py:3239} INFO - Sync 1 DAGs
[2026-06-09T21:29:52.910+0000] {logging_mixin.py:190} INFO - [2026-06-09T21:29:52.910+0000] {dag.py:4180} INFO - Setting next_dagrun for create_analytics_mart to 2026-06-09 02:00:00+00:00, run_after=2026-06-10 02:00:00+00:00
[2026-06-09T21:29:52.928+0000] {processor.py:208} INFO - Processing /opt/airflow/dags/create_mart_dag.py took 0.092 seconds
[2026-06-09T21:30:23.241+0000] {processor.py:186} INFO - Started process (PID=14124) to work on /opt/airflow/dags/create_mart_dag.py
[2026-06-09T21:30:23.242+0000] {processor.py:914} INFO - Processing file /opt/airflow/dags/create_mart_dag.py for tasks to queue
[2026-06-09T21:30:23.245+0000] {logging_mixin.py:190} INFO - [2026-06-09T21:30:23.245+0000] {dagbag.py:588} INFO - Filling up the DagBag from /opt/airflow/dags/create_mart_dag.py
[2026-06-09T21:30:23.268+0000] {processor.py:925} INFO - DAG(s) 'create_analytics_mart' retrieved from /opt/airflow/dags/create_mart_dag.py
[2026-06-09T21:30:23.289+0000] {logging_mixin.py:190} INFO - [2026-06-09T21:30:23.288+0000] {dag.py:3239} INFO - Sync 1 DAGs
[2026-06-09T21:30:23.305+0000] {logging_mixin.py:190} INFO - [2026-06-09T21:30:23.305+0000] {dag.py:4180} INFO - Setting next_dagrun for create_analytics_mart to 2026-06-09 02:00:00+00:00, run_after=2026-06-10 02:00:00+00:00
[2026-06-09T21:30:23.322+0000] {processor.py:208} INFO - Processing /opt/airflow/dags/create_mart_dag.py took 0.086 seconds
[2026-06-09T21:30:53.600+0000] {processor.py:186} INFO - Started process (PID=14150) to work on /opt/airflow/dags/create_mart_dag.py
[2026-06-09T21:30:53.601+0000] {processor.py:914} INFO - Processing file /opt/airflow/dags/create_mart_dag.py for tasks to queue
[2026-06-09T21:30:53.603+0000] {logging_mixin.py:190} INFO - [2026-06-09T21:30:53.603+0000] {dagbag.py:588} INFO - Filling up the DagBag from /opt/airflow/dags/create_mart_dag.py
[2026-06-09T21:30:53.623+0000] {processor.py:925} INFO - DAG(s) 'create_analytics_mart' retrieved from /opt/airflow/dags/create_mart_dag.py
[2026-06-09T21:30:53.643+0000] {logging_mixin.py:190} INFO - [2026-06-09T21:30:53.642+0000] {dag.py:3239} INFO - Sync 1 DAGs
[2026-06-09T21:30:53.660+0000] {logging_mixin.py:190} INFO - [2026-06-09T21:30:53.659+0000] {dag.py:4180} INFO - Setting next_dagrun for create_analytics_mart to 2026-06-09 02:00:00+00:00, run_after=2026-06-10 02:00:00+00:00
[2026-06-09T21:30:53.676+0000] {processor.py:208} INFO - Processing /opt/airflow/dags/create_mart_dag.py took 0.080 seconds
[2026-06-09T21:31:23.949+0000] {processor.py:186} INFO - Started process (PID=14176) to work on /opt/airflow/dags/create_mart_dag.py
[2026-06-09T21:31:23.950+0000] {processor.py:914} INFO - Processing file /opt/airflow/dags/create_mart_dag.py for tasks to queue
[2026-06-09T21:31:23.953+0000] {logging_mixin.py:190} INFO - [2026-06-09T21:31:23.952+0000] {dagbag.py:588} INFO - Filling up the DagBag from /opt/airflow/dags/create_mart_dag.py
[2026-06-09T21:31:23.974+0000] {processor.py:925} INFO - DAG(s) 'create_analytics_mart' retrieved from /opt/airflow/dags/create_mart_dag.py
[2026-06-09T21:31:23.993+0000] {logging_mixin.py:190} INFO - [2026-06-09T21:31:23.993+0000] {dag.py:3239} INFO - Sync 1 DAGs
[2026-06-09T21:31:24.010+0000] {logging_mixin.py:190} INFO - [2026-06-09T21:31:24.010+0000] {dag.py:4180} INFO - Setting next_dagrun for create_analytics_mart to 2026-06-09 02:00:00+00:00, run_after=2026-06-10 02:00:00+00:00
[2026-06-09T21:31:24.026+0000] {processor.py:208} INFO - Processing /opt/airflow/dags/create_mart_dag.py took 0.082 seconds
[2026-06-09T21:31:54.351+0000] {processor.py:186} INFO - Started process (PID=14202) to work on /opt/airflow/dags/create_mart_dag.py
[2026-06-09T21:31:54.352+0000] {processor.py:914} INFO - Processing file /opt/airflow/dags/create_mart_dag.py for tasks to queue
[2026-06-09T21:31:54.354+0000] {logging_mixin.py:190} INFO - [2026-06-09T21:31:54.354+0000] {dagbag.py:588} INFO - Filling up the DagBag from /opt/airflow/dags/create_mart_dag.py
[2026-06-09T21:31:54.373+0000] {processor.py:925} INFO - DAG(s) 'create_analytics_mart' retrieved from /opt/airflow/dags/create_mart_dag.py
[2026-06-09T21:31:54.392+0000] {logging_mixin.py:190} INFO - [2026-06-09T21:31:54.392+0000] {dag.py:3239} INFO - Sync 1 DAGs
[2026-06-09T21:31:54.409+0000] {logging_mixin.py:190} INFO - [2026-06-09T21:31:54.408+0000] {dag.py:4180} INFO - Setting next_dagrun for create_analytics_mart to 2026-06-09 02:00:00+00:00, run_after=2026-06-10 02:00:00+00:00
[2026-06-09T21:31:54.425+0000] {processor.py:208} INFO - Processing /opt/airflow/dags/create_mart_dag.py took 0.079 seconds
[2026-06-09T21:32:24.738+0000] {processor.py:186} INFO - Started process (PID=14228) to work on /opt/airflow/dags/create_mart_dag.py
[2026-06-09T21:32:24.740+0000] {processor.py:914} INFO - Processing file /opt/airflow/dags/create_mart_dag.py for tasks to queue
[2026-06-09T21:32:24.742+0000] {logging_mixin.py:190} INFO - [2026-06-09T21:32:24.742+0000] {dagbag.py:588} INFO - Filling up the DagBag from /opt/airflow/dags/create_mart_dag.py
[2026-06-09T21:32:24.760+0000] {processor.py:925} INFO - DAG(s) 'create_analytics_mart' retrieved from /opt/airflow/dags/create_mart_dag.py
[2026-06-09T21:32:24.779+0000] {logging_mixin.py:190} INFO - [2026-06-09T21:32:24.779+0000] {dag.py:3239} INFO - Sync 1 DAGs
[2026-06-09T21:32:24.796+0000] {logging_mixin.py:190} INFO - [2026-06-09T21:32:24.796+0000] {dag.py:4180} INFO - Setting next_dagrun for create_analytics_mart to 2026-06-09 02:00:00+00:00, run_after=2026-06-10 02:00:00+00:00
[2026-06-09T21:32:24.813+0000] {processor.py:208} INFO - Processing /opt/airflow/dags/create_mart_dag.py took 0.082 seconds
[2026-06-09T21:32:55.006+0000] {processor.py:186} INFO - Started process (PID=14254) to work on /opt/airflow/dags/create_mart_dag.py
[2026-06-09T21:32:55.006+0000] {processor.py:914} INFO - Processing file /opt/airflow/dags/create_mart_dag.py for tasks to queue
[2026-06-09T21:32:55.008+0000] {logging_mixin.py:190} INFO - [2026-06-09T21:32:55.008+0000] {dagbag.py:588} INFO - Filling up the DagBag from /opt/airflow/dags/create_mart_dag.py
[2026-06-09T21:32:55.026+0000] {processor.py:925} INFO - DAG(s) 'create_analytics_mart' retrieved from /opt/airflow/dags/create_mart_dag.py
[2026-06-09T21:32:55.044+0000] {logging_mixin.py:190} INFO - [2026-06-09T21:32:55.044+0000] {dag.py:3239} INFO - Sync 1 DAGs
[2026-06-09T21:32:55.062+0000] {logging_mixin.py:190} INFO - [2026-06-09T21:32:55.061+0000] {dag.py:4180} INFO - Setting next_dagrun for create_analytics_mart to 2026-06-09 02:00:00+00:00, run_after=2026-06-10 02:00:00+00:00
[2026-06-09T21:32:55.079+0000] {processor.py:208} INFO - Processing /opt/airflow/dags/create_mart_dag.py took 0.078 seconds
[2026-06-09T21:33:25.375+0000] {processor.py:186} INFO - Started process (PID=14280) to work on /opt/airflow/dags/create_mart_dag.py
[2026-06-09T21:33:25.376+0000] {processor.py:914} INFO - Processing file /opt/airflow/dags/create_mart_dag.py for tasks to queue
[2026-06-09T21:33:25.378+0000] {logging_mixin.py:190} INFO - [2026-06-09T21:33:25.378+0000] {dagbag.py:588} INFO - Filling up the DagBag from /opt/airflow/dags/create_mart_dag.py
[2026-06-09T21:33:25.399+0000] {processor.py:925} INFO - DAG(s) 'create_analytics_mart' retrieved from /opt/airflow/dags/create_mart_dag.py
[2026-06-09T21:33:25.419+0000] {logging_mixin.py:190} INFO - [2026-06-09T21:33:25.419+0000] {dag.py:3239} INFO - Sync 1 DAGs
[2026-06-09T21:33:25.436+0000] {logging_mixin.py:190} INFO - [2026-06-09T21:33:25.435+0000] {dag.py:4180} INFO - Setting next_dagrun for create_analytics_mart to 2026-06-09 02:00:00+00:00, run_after=2026-06-10 02:00:00+00:00
[2026-06-09T21:33:25.452+0000] {processor.py:208} INFO - Processing /opt/airflow/dags/create_mart_dag.py took 0.082 seconds
[2026-06-09T21:33:55.774+0000] {processor.py:186} INFO - Started process (PID=14306) to work on /opt/airflow/dags/create_mart_dag.py
[2026-06-09T21:33:55.774+0000] {processor.py:914} INFO - Processing file /opt/airflow/dags/create_mart_dag.py for tasks to queue
[2026-06-09T21:33:55.777+0000] {logging_mixin.py:190} INFO - [2026-06-09T21:33:55.776+0000] {dagbag.py:588} INFO - Filling up the DagBag from /opt/airflow/dags/create_mart_dag.py
[2026-06-09T21:33:55.796+0000] {processor.py:925} INFO - DAG(s) 'create_analytics_mart' retrieved from /opt/airflow/dags/create_mart_dag.py
[2026-06-09T21:33:55.814+0000] {logging_mixin.py:190} INFO - [2026-06-09T21:33:55.814+0000] {dag.py:3239} INFO - Sync 1 DAGs
[2026-06-09T21:33:55.831+0000] {logging_mixin.py:190} INFO - [2026-06-09T21:33:55.831+0000] {dag.py:4180} INFO - Setting next_dagrun for create_analytics_mart to 2026-06-09 02:00:00+00:00, run_after=2026-06-10 02:00:00+00:00
[2026-06-09T21:33:55.848+0000] {processor.py:208} INFO - Processing /opt/airflow/dags/create_mart_dag.py took 0.079 seconds
[2026-06-09T21:34:26.165+0000] {processor.py:186} INFO - Started process (PID=14332) to work on /opt/airflow/dags/create_mart_dag.py
[2026-06-09T21:34:26.166+0000] {processor.py:914} INFO - Processing file /opt/airflow/dags/create_mart_dag.py for tasks to queue
[2026-06-09T21:34:26.168+0000] {logging_mixin.py:190} INFO - [2026-06-09T21:34:26.168+0000] {dagbag.py:588} INFO - Filling up the DagBag from /opt/airflow/dags/create_mart_dag.py
[2026-06-09T21:34:26.190+0000] {processor.py:925} INFO - DAG(s) 'create_analytics_mart' retrieved from /opt/airflow/dags/create_mart_dag.py
[2026-06-09T21:34:26.211+0000] {logging_mixin.py:190} INFO - [2026-06-09T21:34:26.211+0000] {dag.py:3239} INFO - Sync 1 DAGs
[2026-06-09T21:34:26.228+0000] {logging_mixin.py:190} INFO - [2026-06-09T21:34:26.228+0000] {dag.py:4180} INFO - Setting next_dagrun for create_analytics_mart to 2026-06-09 02:00:00+00:00, run_after=2026-06-10 02:00:00+00:00
[2026-06-09T21:34:26.244+0000] {processor.py:208} INFO - Processing /opt/airflow/dags/create_mart_dag.py took 0.085 seconds
[2026-06-09T21:34:56.492+0000] {processor.py:186} INFO - Started process (PID=14358) to work on /opt/airflow/dags/create_mart_dag.py
[2026-06-09T21:34:56.493+0000] {processor.py:914} INFO - Processing file /opt/airflow/dags/create_mart_dag.py for tasks to queue
[2026-06-09T21:34:56.495+0000] {logging_mixin.py:190} INFO - [2026-06-09T21:34:56.495+0000] {dagbag.py:588} INFO - Filling up the DagBag from /opt/airflow/dags/create_mart_dag.py
[2026-06-09T21:34:56.513+0000] {processor.py:925} INFO - DAG(s) 'create_analytics_mart' retrieved from /opt/airflow/dags/create_mart_dag.py
[2026-06-09T21:34:56.533+0000] {logging_mixin.py:190} INFO - [2026-06-09T21:34:56.533+0000] {dag.py:3239} INFO - Sync 1 DAGs
[2026-06-09T21:34:56.550+0000] {logging_mixin.py:190} INFO - [2026-06-09T21:34:56.550+0000] {dag.py:4180} INFO - Setting next_dagrun for create_analytics_mart to 2026-06-09 02:00:00+00:00, run_after=2026-06-10 02:00:00+00:00
[2026-06-09T21:34:56.571+0000] {processor.py:208} INFO - Processing /opt/airflow/dags/create_mart_dag.py took 0.084 seconds
[2026-06-09T21:35:26.858+0000] {processor.py:186} INFO - Started process (PID=14384) to work on /opt/airflow/dags/create_mart_dag.py
[2026-06-09T21:35:26.859+0000] {processor.py:914} INFO - Processing file /opt/airflow/dags/create_mart_dag.py for tasks to queue
[2026-06-09T21:35:26.861+0000] {logging_mixin.py:190} INFO - [2026-06-09T21:35:26.861+0000] {dagbag.py:588} INFO - Filling up the DagBag from /opt/airflow/dags/create_mart_dag.py
[2026-06-09T21:35:26.879+0000] {processor.py:925} INFO - DAG(s) 'create_analytics_mart' retrieved from /opt/airflow/dags/create_mart_dag.py
[2026-06-09T21:35:26.899+0000] {logging_mixin.py:190} INFO - [2026-06-09T21:35:26.899+0000] {dag.py:3239} INFO - Sync 1 DAGs
[2026-06-09T21:35:26.917+0000] {logging_mixin.py:190} INFO - [2026-06-09T21:35:26.916+0000] {dag.py:4180} INFO - Setting next_dagrun for create_analytics_mart to 2026-06-09 02:00:00+00:00, run_after=2026-06-10 02:00:00+00:00
[2026-06-09T21:35:26.932+0000] {processor.py:208} INFO - Processing /opt/airflow/dags/create_mart_dag.py took 0.079 seconds
[2026-06-09T21:35:57.214+0000] {processor.py:186} INFO - Started process (PID=14410) to work on /opt/airflow/dags/create_mart_dag.py
[2026-06-09T21:35:57.215+0000] {processor.py:914} INFO - Processing file /opt/airflow/dags/create_mart_dag.py for tasks to queue
[2026-06-09T21:35:57.217+0000] {logging_mixin.py:190} INFO - [2026-06-09T21:35:57.217+0000] {dagbag.py:588} INFO - Filling up the DagBag from /opt/airflow/dags/create_mart_dag.py
[2026-06-09T21:35:57.234+0000] {processor.py:925} INFO - DAG(s) 'create_analytics_mart' retrieved from /opt/airflow/dags/create_mart_dag.py
[2026-06-09T21:35:57.255+0000] {logging_mixin.py:190} INFO - [2026-06-09T21:35:57.255+0000] {dag.py:3239} INFO - Sync 1 DAGs
[2026-06-09T21:35:57.272+0000] {logging_mixin.py:190} INFO - [2026-06-09T21:35:57.272+0000] {dag.py:4180} INFO - Setting next_dagrun for create_analytics_mart to 2026-06-09 02:00:00+00:00, run_after=2026-06-10 02:00:00+00:00
[2026-06-09T21:35:57.289+0000] {processor.py:208} INFO - Processing /opt/airflow/dags/create_mart_dag.py took 0.080 seconds
[2026-06-09T21:36:27.615+0000] {processor.py:186} INFO - Started process (PID=14436) to work on /opt/airflow/dags/create_mart_dag.py
[2026-06-09T21:36:27.616+0000] {processor.py:914} INFO - Processing file /opt/airflow/dags/create_mart_dag.py for tasks to queue
[2026-06-09T21:36:27.618+0000] {logging_mixin.py:190} INFO - [2026-06-09T21:36:27.618+0000] {dagbag.py:588} INFO - Filling up the DagBag from /opt/airflow/dags/create_mart_dag.py
[2026-06-09T21:36:27.638+0000] {processor.py:925} INFO - DAG(s) 'create_analytics_mart' retrieved from /opt/airflow/dags/create_mart_dag.py
[2026-06-09T21:36:27.658+0000] {logging_mixin.py:190} INFO - [2026-06-09T21:36:27.658+0000] {dag.py:3239} INFO - Sync 1 DAGs
[2026-06-09T21:36:27.675+0000] {logging_mixin.py:190} INFO - [2026-06-09T21:36:27.675+0000] {dag.py:4180} INFO - Setting next_dagrun for create_analytics_mart to 2026-06-09 02:00:00+00:00, run_after=2026-06-10 02:00:00+00:00
[2026-06-09T21:36:27.692+0000] {processor.py:208} INFO - Processing /opt/airflow/dags/create_mart_dag.py took 0.082 seconds
[2026-06-09T21:36:57.954+0000] {processor.py:186} INFO - Started process (PID=14462) to work on /opt/airflow/dags/create_mart_dag.py
[2026-06-09T21:36:57.955+0000] {processor.py:914} INFO - Processing file /opt/airflow/dags/create_mart_dag.py for tasks to queue
[2026-06-09T21:36:57.956+0000] {logging_mixin.py:190} INFO - [2026-06-09T21:36:57.956+0000] {dagbag.py:588} INFO - Filling up the DagBag from /opt/airflow/dags/create_mart_dag.py
[2026-06-09T21:36:57.978+0000] {processor.py:925} INFO - DAG(s) 'create_analytics_mart' retrieved from /opt/airflow/dags/create_mart_dag.py
[2026-06-09T21:36:57.997+0000] {logging_mixin.py:190} INFO - [2026-06-09T21:36:57.997+0000] {dag.py:3239} INFO - Sync 1 DAGs
[2026-06-09T21:36:58.013+0000] {logging_mixin.py:190} INFO - [2026-06-09T21:36:58.013+0000] {dag.py:4180} INFO - Setting next_dagrun for create_analytics_mart to 2026-06-09 02:00:00+00:00, run_after=2026-06-10 02:00:00+00:00
[2026-06-09T21:36:58.030+0000] {processor.py:208} INFO - Processing /opt/airflow/dags/create_mart_dag.py took 0.081 seconds
[2026-06-09T21:37:28.332+0000] {processor.py:186} INFO - Started process (PID=14488) to work on /opt/airflow/dags/create_mart_dag.py
[2026-06-09T21:37:28.333+0000] {processor.py:914} INFO - Processing file /opt/airflow/dags/create_mart_dag.py for tasks to queue
[2026-06-09T21:37:28.336+0000] {logging_mixin.py:190} INFO - [2026-06-09T21:37:28.336+0000] {dagbag.py:588} INFO - Filling up the DagBag from /opt/airflow/dags/create_mart_dag.py
[2026-06-09T21:37:28.358+0000] {processor.py:925} INFO - DAG(s) 'create_analytics_mart' retrieved from /opt/airflow/dags/create_mart_dag.py
[2026-06-09T21:37:28.377+0000] {logging_mixin.py:190} INFO - [2026-06-09T21:37:28.377+0000] {dag.py:3239} INFO - Sync 1 DAGs
[2026-06-09T21:37:28.394+0000] {logging_mixin.py:190} INFO - [2026-06-09T21:37:28.394+0000] {dag.py:4180} INFO - Setting next_dagrun for create_analytics_mart to 2026-06-09 02:00:00+00:00, run_after=2026-06-10 02:00:00+00:00
[2026-06-09T21:37:28.413+0000] {processor.py:208} INFO - Processing /opt/airflow/dags/create_mart_dag.py took 0.085 seconds
[2026-06-09T21:37:58.745+0000] {processor.py:186} INFO - Started process (PID=14514) to work on /opt/airflow/dags/create_mart_dag.py
[2026-06-09T21:37:58.746+0000] {processor.py:914} INFO - Processing file /opt/airflow/dags/create_mart_dag.py for tasks to queue
[2026-06-09T21:37:58.748+0000] {logging_mixin.py:190} INFO - [2026-06-09T21:37:58.748+0000] {dagbag.py:588} INFO - Filling up the DagBag from /opt/airflow/dags/create_mart_dag.py
[2026-06-09T21:37:58.770+0000] {processor.py:925} INFO - DAG(s) 'create_analytics_mart' retrieved from /opt/airflow/dags/create_mart_dag.py
[2026-06-09T21:37:58.790+0000] {logging_mixin.py:190} INFO - [2026-06-09T21:37:58.789+0000] {dag.py:3239} INFO - Sync 1 DAGs
[2026-06-09T21:37:58.808+0000] {logging_mixin.py:190} INFO - [2026-06-09T21:37:58.807+0000] {dag.py:4180} INFO - Setting next_dagrun for create_analytics_mart to 2026-06-09 02:00:00+00:00, run_after=2026-06-10 02:00:00+00:00
[2026-06-09T21:37:58.823+0000] {processor.py:208} INFO - Processing /opt/airflow/dags/create_mart_dag.py took 0.083 seconds
[2026-06-09T21:38:29.133+0000] {processor.py:186} INFO - Started process (PID=14540) to work on /opt/airflow/dags/create_mart_dag.py
[2026-06-09T21:38:29.133+0000] {processor.py:914} INFO - Processing file /opt/airflow/dags/create_mart_dag.py for tasks to queue
[2026-06-09T21:38:29.136+0000] {logging_mixin.py:190} INFO - [2026-06-09T21:38:29.135+0000] {dagbag.py:588} INFO - Filling up the DagBag from /opt/airflow/dags/create_mart_dag.py
[2026-06-09T21:38:29.157+0000] {processor.py:925} INFO - DAG(s) 'create_analytics_mart' retrieved from /opt/airflow/dags/create_mart_dag.py
[2026-06-09T21:38:29.178+0000] {logging_mixin.py:190} INFO - [2026-06-09T21:38:29.178+0000] {dag.py:3239} INFO - Sync 1 DAGs
[2026-06-09T21:38:29.195+0000] {logging_mixin.py:190} INFO - [2026-06-09T21:38:29.195+0000] {dag.py:4180} INFO - Setting next_dagrun for create_analytics_mart to 2026-06-09 02:00:00+00:00, run_after=2026-06-10 02:00:00+00:00
[2026-06-09T21:38:29.212+0000] {processor.py:208} INFO - Processing /opt/airflow/dags/create_mart_dag.py took 0.084 seconds
[2026-06-09T21:38:59.440+0000] {processor.py:186} INFO - Started process (PID=14566) to work on /opt/airflow/dags/create_mart_dag.py
[2026-06-09T21:38:59.441+0000] {processor.py:914} INFO - Processing file /opt/airflow/dags/create_mart_dag.py for tasks to queue
[2026-06-09T21:38:59.443+0000] {logging_mixin.py:190} INFO - [2026-06-09T21:38:59.443+0000] {dagbag.py:588} INFO - Filling up the DagBag from /opt/airflow/dags/create_mart_dag.py
[2026-06-09T21:38:59.468+0000] {processor.py:925} INFO - DAG(s) 'create_analytics_mart' retrieved from /opt/airflow/dags/create_mart_dag.py
[2026-06-09T21:38:59.489+0000] {logging_mixin.py:190} INFO - [2026-06-09T21:38:59.489+0000] {dag.py:3239} INFO - Sync 1 DAGs
[2026-06-09T21:38:59.506+0000] {logging_mixin.py:190} INFO - [2026-06-09T21:38:59.505+0000] {dag.py:4180} INFO - Setting next_dagrun for create_analytics_mart to 2026-06-09 02:00:00+00:00, run_after=2026-06-10 02:00:00+00:00
[2026-06-09T21:38:59.522+0000] {processor.py:208} INFO - Processing /opt/airflow/dags/create_mart_dag.py took 0.087 seconds
[2026-06-09T21:39:29.857+0000] {processor.py:186} INFO - Started process (PID=14592) to work on /opt/airflow/dags/create_mart_dag.py
[2026-06-09T21:39:29.858+0000] {processor.py:914} INFO - Processing file /opt/airflow/dags/create_mart_dag.py for tasks to queue
[2026-06-09T21:39:29.860+0000] {logging_mixin.py:190} INFO - [2026-06-09T21:39:29.860+0000] {dagbag.py:588} INFO - Filling up the DagBag from /opt/airflow/dags/create_mart_dag.py
[2026-06-09T21:39:29.878+0000] {processor.py:925} INFO - DAG(s) 'create_analytics_mart' retrieved from /opt/airflow/dags/create_mart_dag.py
[2026-06-09T21:39:29.897+0000] {logging_mixin.py:190} INFO - [2026-06-09T21:39:29.897+0000] {dag.py:3239} INFO - Sync 1 DAGs
[2026-06-09T21:39:29.914+0000] {logging_mixin.py:190} INFO - [2026-06-09T21:39:29.914+0000] {dag.py:4180} INFO - Setting next_dagrun for create_analytics_mart to 2026-06-09 02:00:00+00:00, run_after=2026-06-10 02:00:00+00:00
[2026-06-09T21:39:29.930+0000] {processor.py:208} INFO - Processing /opt/airflow/dags/create_mart_dag.py took 0.077 seconds
[2026-06-09T21:40:00.249+0000] {processor.py:186} INFO - Started process (PID=14618) to work on /opt/airflow/dags/create_mart_dag.py
[2026-06-09T21:40:00.250+0000] {processor.py:914} INFO - Processing file /opt/airflow/dags/create_mart_dag.py for tasks to queue
[2026-06-09T21:40:00.251+0000] {logging_mixin.py:190} INFO - [2026-06-09T21:40:00.251+0000] {dagbag.py:588} INFO - Filling up the DagBag from /opt/airflow/dags/create_mart_dag.py
[2026-06-09T21:40:00.271+0000] {processor.py:925} INFO - DAG(s) 'create_analytics_mart' retrieved from /opt/airflow/dags/create_mart_dag.py
[2026-06-09T21:40:00.289+0000] {logging_mixin.py:190} INFO - [2026-06-09T21:40:00.289+0000] {dag.py:3239} INFO - Sync 1 DAGs
[2026-06-09T21:40:00.307+0000] {logging_mixin.py:190} INFO - [2026-06-09T21:40:00.307+0000] {dag.py:4180} INFO - Setting next_dagrun for create_analytics_mart to 2026-06-09 02:00:00+00:00, run_after=2026-06-10 02:00:00+00:00
[2026-06-09T21:40:00.323+0000] {processor.py:208} INFO - Processing /opt/airflow/dags/create_mart_dag.py took 0.078 seconds
[2026-06-09T21:40:30.630+0000] {processor.py:186} INFO - Started process (PID=14644) to work on /opt/airflow/dags/create_mart_dag.py
[2026-06-09T21:40:30.631+0000] {processor.py:914} INFO - Processing file /opt/airflow/dags/create_mart_dag.py for tasks to queue
[2026-06-09T21:40:30.633+0000] {logging_mixin.py:190} INFO - [2026-06-09T21:40:30.633+0000] {dagbag.py:588} INFO - Filling up the DagBag from /opt/airflow/dags/create_mart_dag.py
[2026-06-09T21:40:30.651+0000] {processor.py:925} INFO - DAG(s) 'create_analytics_mart' retrieved from /opt/airflow/dags/create_mart_dag.py
[2026-06-09T21:40:30.670+0000] {logging_mixin.py:190} INFO - [2026-06-09T21:40:30.670+0000] {dag.py:3239} INFO - Sync 1 DAGs
[2026-06-09T21:40:30.690+0000] {logging_mixin.py:190} INFO - [2026-06-09T21:40:30.690+0000] {dag.py:4180} INFO - Setting next_dagrun for create_analytics_mart to 2026-06-09 02:00:00+00:00, run_after=2026-06-10 02:00:00+00:00
[2026-06-09T21:40:30.706+0000] {processor.py:208} INFO - Processing /opt/airflow/dags/create_mart_dag.py took 0.081 seconds
[2026-06-09T21:41:00.978+0000] {processor.py:186} INFO - Started process (PID=14670) to work on /opt/airflow/dags/create_mart_dag.py
[2026-06-09T21:41:00.979+0000] {processor.py:914} INFO - Processing file /opt/airflow/dags/create_mart_dag.py for tasks to queue
[2026-06-09T21:41:00.981+0000] {logging_mixin.py:190} INFO - [2026-06-09T21:41:00.980+0000] {dagbag.py:588} INFO - Filling up the DagBag from /opt/airflow/dags/create_mart_dag.py
[2026-06-09T21:41:00.999+0000] {processor.py:925} INFO - DAG(s) 'create_analytics_mart' retrieved from /opt/airflow/dags/create_mart_dag.py
[2026-06-09T21:41:01.018+0000] {logging_mixin.py:190} INFO - [2026-06-09T21:41:01.018+0000] {dag.py:3239} INFO - Sync 1 DAGs
[2026-06-09T21:41:01.035+0000] {logging_mixin.py:190} INFO - [2026-06-09T21:41:01.035+0000] {dag.py:4180} INFO - Setting next_dagrun for create_analytics_mart to 2026-06-09 02:00:00+00:00, run_after=2026-06-10 02:00:00+00:00
[2026-06-09T21:41:01.052+0000] {processor.py:208} INFO - Processing /opt/airflow/dags/create_mart_dag.py took 0.078 seconds
[2026-06-09T21:41:31.344+0000] {processor.py:186} INFO - Started process (PID=14696) to work on /opt/airflow/dags/create_mart_dag.py
[2026-06-09T21:41:31.345+0000] {processor.py:914} INFO - Processing file /opt/airflow/dags/create_mart_dag.py for tasks to queue
[2026-06-09T21:41:31.347+0000] {logging_mixin.py:190} INFO - [2026-06-09T21:41:31.347+0000] {dagbag.py:588} INFO - Filling up the DagBag from /opt/airflow/dags/create_mart_dag.py
[2026-06-09T21:41:31.368+0000] {processor.py:925} INFO - DAG(s) 'create_analytics_mart' retrieved from /opt/airflow/dags/create_mart_dag.py
[2026-06-09T21:41:31.388+0000] {logging_mixin.py:190} INFO - [2026-06-09T21:41:31.387+0000] {dag.py:3239} INFO - Sync 1 DAGs
[2026-06-09T21:41:31.404+0000] {logging_mixin.py:190} INFO - [2026-06-09T21:41:31.404+0000] {dag.py:4180} INFO - Setting next_dagrun for create_analytics_mart to 2026-06-09 02:00:00+00:00, run_after=2026-06-10 02:00:00+00:00
[2026-06-09T21:41:31.421+0000] {processor.py:208} INFO - Processing /opt/airflow/dags/create_mart_dag.py took 0.082 seconds
[2026-06-09T21:42:01.762+0000] {processor.py:186} INFO - Started process (PID=14722) to work on /opt/airflow/dags/create_mart_dag.py
[2026-06-09T21:42:01.762+0000] {processor.py:914} INFO - Processing file /opt/airflow/dags/create_mart_dag.py for tasks to queue
[2026-06-09T21:42:01.764+0000] {logging_mixin.py:190} INFO - [2026-06-09T21:42:01.764+0000] {dagbag.py:588} INFO - Filling up the DagBag from /opt/airflow/dags/create_mart_dag.py
[2026-06-09T21:42:01.822+0000] {processor.py:925} INFO - DAG(s) 'create_analytics_mart' retrieved from /opt/airflow/dags/create_mart_dag.py
[2026-06-09T21:42:01.854+0000] {logging_mixin.py:190} INFO - [2026-06-09T21:42:01.854+0000] {dag.py:3239} INFO - Sync 1 DAGs
[2026-06-09T21:42:01.872+0000] {logging_mixin.py:190} INFO - [2026-06-09T21:42:01.872+0000] {dag.py:4180} INFO - Setting next_dagrun for create_analytics_mart to 2026-06-09 02:00:00+00:00, run_after=2026-06-10 02:00:00+00:00
[2026-06-09T21:42:01.887+0000] {processor.py:208} INFO - Processing /opt/airflow/dags/create_mart_dag.py took 0.131 seconds
[2026-06-09T21:42:32.190+0000] {processor.py:186} INFO - Started process (PID=14748) to work on /opt/airflow/dags/create_mart_dag.py
[2026-06-09T21:42:32.191+0000] {processor.py:914} INFO - Processing file /opt/airflow/dags/create_mart_dag.py for tasks to queue
[2026-06-09T21:42:32.193+0000] {logging_mixin.py:190} INFO - [2026-06-09T21:42:32.193+0000] {dagbag.py:588} INFO - Filling up the DagBag from /opt/airflow/dags/create_mart_dag.py
[2026-06-09T21:42:32.212+0000] {processor.py:925} INFO - DAG(s) 'create_analytics_mart' retrieved from /opt/airflow/dags/create_mart_dag.py
[2026-06-09T21:42:32.231+0000] {logging_mixin.py:190} INFO - [2026-06-09T21:42:32.231+0000] {dag.py:3239} INFO - Sync 1 DAGs
[2026-06-09T21:42:32.248+0000] {logging_mixin.py:190} INFO - [2026-06-09T21:42:32.248+0000] {dag.py:4180} INFO - Setting next_dagrun for create_analytics_mart to 2026-06-09 02:00:00+00:00, run_after=2026-06-10 02:00:00+00:00
[2026-06-09T21:42:32.264+0000] {processor.py:208} INFO - Processing /opt/airflow/dags/create_mart_dag.py took 0.079 seconds
[2026-06-09T21:43:02.525+0000] {processor.py:186} INFO - Started process (PID=14774) to work on /opt/airflow/dags/create_mart_dag.py
[2026-06-09T21:43:02.527+0000] {processor.py:914} INFO - Processing file /opt/airflow/dags/create_mart_dag.py for tasks to queue
[2026-06-09T21:43:02.529+0000] {logging_mixin.py:190} INFO - [2026-06-09T21:43:02.528+0000] {dagbag.py:588} INFO - Filling up the DagBag from /opt/airflow/dags/create_mart_dag.py
[2026-06-09T21:43:02.548+0000] {processor.py:925} INFO - DAG(s) 'create_analytics_mart' retrieved from /opt/airflow/dags/create_mart_dag.py
[2026-06-09T21:43:02.568+0000] {logging_mixin.py:190} INFO - [2026-06-09T21:43:02.568+0000] {dag.py:3239} INFO - Sync 1 DAGs
[2026-06-09T21:43:02.585+0000] {logging_mixin.py:190} INFO - [2026-06-09T21:43:02.585+0000] {dag.py:4180} INFO - Setting next_dagrun for create_analytics_mart to 2026-06-09 02:00:00+00:00, run_after=2026-06-10 02:00:00+00:00
[2026-06-09T21:43:02.602+0000] {processor.py:208} INFO - Processing /opt/airflow/dags/create_mart_dag.py took 0.081 seconds
[2026-06-09T21:43:32.891+0000] {processor.py:186} INFO - Started process (PID=14801) to work on /opt/airflow/dags/create_mart_dag.py
[2026-06-09T21:43:32.892+0000] {processor.py:914} INFO - Processing file /opt/airflow/dags/create_mart_dag.py for tasks to queue
[2026-06-09T21:43:32.895+0000] {logging_mixin.py:190} INFO - [2026-06-09T21:43:32.894+0000] {dagbag.py:588} INFO - Filling up the DagBag from /opt/airflow/dags/create_mart_dag.py
[2026-06-09T21:43:32.912+0000] {processor.py:925} INFO - DAG(s) 'create_analytics_mart' retrieved from /opt/airflow/dags/create_mart_dag.py
[2026-06-09T21:43:32.931+0000] {logging_mixin.py:190} INFO - [2026-06-09T21:43:32.930+0000] {dag.py:3239} INFO - Sync 1 DAGs
[2026-06-09T21:43:32.948+0000] {logging_mixin.py:190} INFO - [2026-06-09T21:43:32.948+0000] {dag.py:4180} INFO - Setting next_dagrun for create_analytics_mart to 2026-06-09 02:00:00+00:00, run_after=2026-06-10 02:00:00+00:00
[2026-06-09T21:43:32.965+0000] {processor.py:208} INFO - Processing /opt/airflow/dags/create_mart_dag.py took 0.079 seconds
[2026-06-09T21:44:03.277+0000] {processor.py:186} INFO - Started process (PID=14827) to work on /opt/airflow/dags/create_mart_dag.py
[2026-06-09T21:44:03.277+0000] {processor.py:914} INFO - Processing file /opt/airflow/dags/create_mart_dag.py for tasks to queue
[2026-06-09T21:44:03.279+0000] {logging_mixin.py:190} INFO - [2026-06-09T21:44:03.279+0000] {dagbag.py:588} INFO - Filling up the DagBag from /opt/airflow/dags/create_mart_dag.py
[2026-06-09T21:44:03.298+0000] {processor.py:925} INFO - DAG(s) 'create_analytics_mart' retrieved from /opt/airflow/dags/create_mart_dag.py
[2026-06-09T21:44:03.319+0000] {logging_mixin.py:190} INFO - [2026-06-09T21:44:03.319+0000] {dag.py:3239} INFO - Sync 1 DAGs
[2026-06-09T21:44:03.337+0000] {logging_mixin.py:190} INFO - [2026-06-09T21:44:03.337+0000] {dag.py:4180} INFO - Setting next_dagrun for create_analytics_mart to 2026-06-09 02:00:00+00:00, run_after=2026-06-10 02:00:00+00:00
[2026-06-09T21:44:03.354+0000] {processor.py:208} INFO - Processing /opt/airflow/dags/create_mart_dag.py took 0.082 seconds
[2026-06-09T21:44:33.665+0000] {processor.py:186} INFO - Started process (PID=14853) to work on /opt/airflow/dags/create_mart_dag.py
[2026-06-09T21:44:33.666+0000] {processor.py:914} INFO - Processing file /opt/airflow/dags/create_mart_dag.py for tasks to queue
[2026-06-09T21:44:33.668+0000] {logging_mixin.py:190} INFO - [2026-06-09T21:44:33.668+0000] {dagbag.py:588} INFO - Filling up the DagBag from /opt/airflow/dags/create_mart_dag.py
[2026-06-09T21:44:33.687+0000] {processor.py:925} INFO - DAG(s) 'create_analytics_mart' retrieved from /opt/airflow/dags/create_mart_dag.py
[2026-06-09T21:44:33.705+0000] {logging_mixin.py:190} INFO - [2026-06-09T21:44:33.705+0000] {dag.py:3239} INFO - Sync 1 DAGs
[2026-06-09T21:44:33.724+0000] {logging_mixin.py:190} INFO - [2026-06-09T21:44:33.724+0000] {dag.py:4180} INFO - Setting next_dagrun for create_analytics_mart to 2026-06-09 02:00:00+00:00, run_after=2026-06-10 02:00:00+00:00
[2026-06-09T21:44:33.740+0000] {processor.py:208} INFO - Processing /opt/airflow/dags/create_mart_dag.py took 0.080 seconds
[2026-06-09T21:45:04.029+0000] {processor.py:186} INFO - Started process (PID=14879) to work on /opt/airflow/dags/create_mart_dag.py
[2026-06-09T21:45:04.030+0000] {processor.py:914} INFO - Processing file /opt/airflow/dags/create_mart_dag.py for tasks to queue
[2026-06-09T21:45:04.033+0000] {logging_mixin.py:190} INFO - [2026-06-09T21:45:04.032+0000] {dagbag.py:588} INFO - Filling up the DagBag from /opt/airflow/dags/create_mart_dag.py
[2026-06-09T21:45:04.054+0000] {processor.py:925} INFO - DAG(s) 'create_analytics_mart' retrieved from /opt/airflow/dags/create_mart_dag.py
[2026-06-09T21:45:04.076+0000] {logging_mixin.py:190} INFO - [2026-06-09T21:45:04.076+0000] {dag.py:3239} INFO - Sync 1 DAGs
[2026-06-09T21:45:04.096+0000] {logging_mixin.py:190} INFO - [2026-06-09T21:45:04.096+0000] {dag.py:4180} INFO - Setting next_dagrun for create_analytics_mart to 2026-06-09 02:00:00+00:00, run_after=2026-06-10 02:00:00+00:00
[2026-06-09T21:45:04.114+0000] {processor.py:208} INFO - Processing /opt/airflow/dags/create_mart_dag.py took 0.089 seconds
[2026-06-09T21:45:34.294+0000] {processor.py:186} INFO - Started process (PID=14905) to work on /opt/airflow/dags/create_mart_dag.py
[2026-06-09T21:45:34.295+0000] {processor.py:914} INFO - Processing file /opt/airflow/dags/create_mart_dag.py for tasks to queue
[2026-06-09T21:45:34.297+0000] {logging_mixin.py:190} INFO - [2026-06-09T21:45:34.297+0000] {dagbag.py:588} INFO - Filling up the DagBag from /opt/airflow/dags/create_mart_dag.py
[2026-06-09T21:45:34.315+0000] {processor.py:925} INFO - DAG(s) 'create_analytics_mart' retrieved from /opt/airflow/dags/create_mart_dag.py
[2026-06-09T21:45:34.337+0000] {logging_mixin.py:190} INFO - [2026-06-09T21:45:34.337+0000] {dag.py:3239} INFO - Sync 1 DAGs
[2026-06-09T21:45:34.355+0000] {logging_mixin.py:190} INFO - [2026-06-09T21:45:34.355+0000] {dag.py:4180} INFO - Setting next_dagrun for create_analytics_mart to 2026-06-09 02:00:00+00:00, run_after=2026-06-10 02:00:00+00:00
[2026-06-09T21:45:34.372+0000] {processor.py:208} INFO - Processing /opt/airflow/dags/create_mart_dag.py took 0.082 seconds
[2026-06-09T21:46:04.701+0000] {processor.py:186} INFO - Started process (PID=14931) to work on /opt/airflow/dags/create_mart_dag.py
[2026-06-09T21:46:04.702+0000] {processor.py:914} INFO - Processing file /opt/airflow/dags/create_mart_dag.py for tasks to queue
[2026-06-09T21:46:04.704+0000] {logging_mixin.py:190} INFO - [2026-06-09T21:46:04.704+0000] {dagbag.py:588} INFO - Filling up the DagBag from /opt/airflow/dags/create_mart_dag.py
[2026-06-09T21:46:04.721+0000] {processor.py:925} INFO - DAG(s) 'create_analytics_mart' retrieved from /opt/airflow/dags/create_mart_dag.py
[2026-06-09T21:46:04.740+0000] {logging_mixin.py:190} INFO - [2026-06-09T21:46:04.740+0000] {dag.py:3239} INFO - Sync 1 DAGs
[2026-06-09T21:46:04.757+0000] {logging_mixin.py:190} INFO - [2026-06-09T21:46:04.757+0000] {dag.py:4180} INFO - Setting next_dagrun for create_analytics_mart to 2026-06-09 02:00:00+00:00, run_after=2026-06-10 02:00:00+00:00
[2026-06-09T21:46:04.774+0000] {processor.py:208} INFO - Processing /opt/airflow/dags/create_mart_dag.py took 0.077 seconds
[2026-06-09T21:46:35.068+0000] {processor.py:186} INFO - Started process (PID=14957) to work on /opt/airflow/dags/create_mart_dag.py
[2026-06-09T21:46:35.069+0000] {processor.py:914} INFO - Processing file /opt/airflow/dags/create_mart_dag.py for tasks to queue
[2026-06-09T21:46:35.071+0000] {logging_mixin.py:190} INFO - [2026-06-09T21:46:35.071+0000] {dagbag.py:588} INFO - Filling up the DagBag from /opt/airflow/dags/create_mart_dag.py
[2026-06-09T21:46:35.090+0000] {processor.py:925} INFO - DAG(s) 'create_analytics_mart' retrieved from /opt/airflow/dags/create_mart_dag.py
[2026-06-09T21:46:35.110+0000] {logging_mixin.py:190} INFO - [2026-06-09T21:46:35.110+0000] {dag.py:3239} INFO - Sync 1 DAGs
[2026-06-09T21:46:35.127+0000] {logging_mixin.py:190} INFO - [2026-06-09T21:46:35.127+0000] {dag.py:4180} INFO - Setting next_dagrun for create_analytics_mart to 2026-06-09 02:00:00+00:00, run_after=2026-06-10 02:00:00+00:00
[2026-06-09T21:46:35.143+0000] {processor.py:208} INFO - Processing /opt/airflow/dags/create_mart_dag.py took 0.080 seconds
[2026-06-09T21:47:05.461+0000] {processor.py:186} INFO - Started process (PID=14983) to work on /opt/airflow/dags/create_mart_dag.py
[2026-06-09T21:47:05.462+0000] {processor.py:914} INFO - Processing file /opt/airflow/dags/create_mart_dag.py for tasks to queue
[2026-06-09T21:47:05.464+0000] {logging_mixin.py:190} INFO - [2026-06-09T21:47:05.463+0000] {dagbag.py:588} INFO - Filling up the DagBag from /opt/airflow/dags/create_mart_dag.py
[2026-06-09T21:47:05.483+0000] {processor.py:925} INFO - DAG(s) 'create_analytics_mart' retrieved from /opt/airflow/dags/create_mart_dag.py
[2026-06-09T21:47:05.505+0000] {logging_mixin.py:190} INFO - [2026-06-09T21:47:05.505+0000] {dag.py:3239} INFO - Sync 1 DAGs
[2026-06-09T21:47:05.522+0000] {logging_mixin.py:190} INFO - [2026-06-09T21:47:05.522+0000] {dag.py:4180} INFO - Setting next_dagrun for create_analytics_mart to 2026-06-09 02:00:00+00:00, run_after=2026-06-10 02:00:00+00:00
[2026-06-09T21:47:05.538+0000] {processor.py:208} INFO - Processing /opt/airflow/dags/create_mart_dag.py took 0.083 seconds
[2026-06-09T21:47:35.815+0000] {processor.py:186} INFO - Started process (PID=15009) to work on /opt/airflow/dags/create_mart_dag.py
[2026-06-09T21:47:35.816+0000] {processor.py:914} INFO - Processing file /opt/airflow/dags/create_mart_dag.py for tasks to queue
[2026-06-09T21:47:35.818+0000] {logging_mixin.py:190} INFO - [2026-06-09T21:47:35.818+0000] {dagbag.py:588} INFO - Filling up the DagBag from /opt/airflow/dags/create_mart_dag.py
[2026-06-09T21:47:35.839+0000] {processor.py:925} INFO - DAG(s) 'create_analytics_mart' retrieved from /opt/airflow/dags/create_mart_dag.py
[2026-06-09T21:47:35.858+0000] {logging_mixin.py:190} INFO - [2026-06-09T21:47:35.858+0000] {dag.py:3239} INFO - Sync 1 DAGs
[2026-06-09T21:47:35.877+0000] {logging_mixin.py:190} INFO - [2026-06-09T21:47:35.876+0000] {dag.py:4180} INFO - Setting next_dagrun for create_analytics_mart to 2026-06-09 02:00:00+00:00, run_after=2026-06-10 02:00:00+00:00
[2026-06-09T21:47:35.893+0000] {processor.py:208} INFO - Processing /opt/airflow/dags/create_mart_dag.py took 0.083 seconds
[2026-06-09T21:48:06.224+0000] {processor.py:186} INFO - Started process (PID=15035) to work on /opt/airflow/dags/create_mart_dag.py
[2026-06-09T21:48:06.225+0000] {processor.py:914} INFO - Processing file /opt/airflow/dags/create_mart_dag.py for tasks to queue
[2026-06-09T21:48:06.227+0000] {logging_mixin.py:190} INFO - [2026-06-09T21:48:06.227+0000] {dagbag.py:588} INFO - Filling up the DagBag from /opt/airflow/dags/create_mart_dag.py
[2026-06-09T21:48:06.246+0000] {processor.py:925} INFO - DAG(s) 'create_analytics_mart' retrieved from /opt/airflow/dags/create_mart_dag.py
[2026-06-09T21:48:06.266+0000] {logging_mixin.py:190} INFO - [2026-06-09T21:48:06.265+0000] {dag.py:3239} INFO - Sync 1 DAGs
[2026-06-09T21:48:06.283+0000] {logging_mixin.py:190} INFO - [2026-06-09T21:48:06.282+0000] {dag.py:4180} INFO - Setting next_dagrun for create_analytics_mart to 2026-06-09 02:00:00+00:00, run_after=2026-06-10 02:00:00+00:00
[2026-06-09T21:48:06.299+0000] {processor.py:208} INFO - Processing /opt/airflow/dags/create_mart_dag.py took 0.079 seconds
[2026-06-09T21:48:36.604+0000] {processor.py:186} INFO - Started process (PID=15061) to work on /opt/airflow/dags/create_mart_dag.py
[2026-06-09T21:48:36.605+0000] {processor.py:914} INFO - Processing file /opt/airflow/dags/create_mart_dag.py for tasks to queue
[2026-06-09T21:48:36.608+0000] {logging_mixin.py:190} INFO - [2026-06-09T21:48:36.608+0000] {dagbag.py:588} INFO - Filling up the DagBag from /opt/airflow/dags/create_mart_dag.py
[2026-06-09T21:48:36.632+0000] {processor.py:925} INFO - DAG(s) 'create_analytics_mart' retrieved from /opt/airflow/dags/create_mart_dag.py
[2026-06-09T21:48:36.652+0000] {logging_mixin.py:190} INFO - [2026-06-09T21:48:36.652+0000] {dag.py:3239} INFO - Sync 1 DAGs
[2026-06-09T21:48:36.669+0000] {logging_mixin.py:190} INFO - [2026-06-09T21:48:36.669+0000] {dag.py:4180} INFO - Setting next_dagrun for create_analytics_mart to 2026-06-09 02:00:00+00:00, run_after=2026-06-10 02:00:00+00:00
[2026-06-09T21:48:36.683+0000] {processor.py:208} INFO - Processing /opt/airflow/dags/create_mart_dag.py took 0.084 seconds
[2026-06-09T21:49:06.962+0000] {processor.py:186} INFO - Started process (PID=15087) to work on /opt/airflow/dags/create_mart_dag.py
[2026-06-09T21:49:06.963+0000] {processor.py:914} INFO - Processing file /opt/airflow/dags/create_mart_dag.py for tasks to queue
[2026-06-09T21:49:06.965+0000] {logging_mixin.py:190} INFO - [2026-06-09T21:49:06.964+0000] {dagbag.py:588} INFO - Filling up the DagBag from /opt/airflow/dags/create_mart_dag.py
[2026-06-09T21:49:06.982+0000] {processor.py:925} INFO - DAG(s) 'create_analytics_mart' retrieved from /opt/airflow/dags/create_mart_dag.py
[2026-06-09T21:49:07.002+0000] {logging_mixin.py:190} INFO - [2026-06-09T21:49:07.002+0000] {dag.py:3239} INFO - Sync 1 DAGs
[2026-06-09T21:49:07.019+0000] {logging_mixin.py:190} INFO - [2026-06-09T21:49:07.018+0000] {dag.py:4180} INFO - Setting next_dagrun for create_analytics_mart to 2026-06-09 02:00:00+00:00, run_after=2026-06-10 02:00:00+00:00
[2026-06-09T21:49:07.036+0000] {processor.py:208} INFO - Processing /opt/airflow/dags/create_mart_dag.py took 0.079 seconds
[2026-06-09T21:49:37.363+0000] {processor.py:186} INFO - Started process (PID=15113) to work on /opt/airflow/dags/create_mart_dag.py
[2026-06-09T21:49:37.364+0000] {processor.py:914} INFO - Processing file /opt/airflow/dags/create_mart_dag.py for tasks to queue
[2026-06-09T21:49:37.366+0000] {logging_mixin.py:190} INFO - [2026-06-09T21:49:37.366+0000] {dagbag.py:588} INFO - Filling up the DagBag from /opt/airflow/dags/create_mart_dag.py
[2026-06-09T21:49:37.386+0000] {processor.py:925} INFO - DAG(s) 'create_analytics_mart' retrieved from /opt/airflow/dags/create_mart_dag.py
[2026-06-09T21:49:37.404+0000] {logging_mixin.py:190} INFO - [2026-06-09T21:49:37.404+0000] {dag.py:3239} INFO - Sync 1 DAGs
[2026-06-09T21:49:37.421+0000] {logging_mixin.py:190} INFO - [2026-06-09T21:49:37.421+0000] {dag.py:4180} INFO - Setting next_dagrun for create_analytics_mart to 2026-06-09 02:00:00+00:00, run_after=2026-06-10 02:00:00+00:00
[2026-06-09T21:49:37.438+0000] {processor.py:208} INFO - Processing /opt/airflow/dags/create_mart_dag.py took 0.080 seconds
[2026-06-09T21:50:07.757+0000] {processor.py:186} INFO - Started process (PID=15139) to work on /opt/airflow/dags/create_mart_dag.py
[2026-06-09T21:50:07.758+0000] {processor.py:914} INFO - Processing file /opt/airflow/dags/create_mart_dag.py for tasks to queue
[2026-06-09T21:50:07.760+0000] {logging_mixin.py:190} INFO - [2026-06-09T21:50:07.759+0000] {dagbag.py:588} INFO - Filling up the DagBag from /opt/airflow/dags/create_mart_dag.py
[2026-06-09T21:50:07.780+0000] {processor.py:925} INFO - DAG(s) 'create_analytics_mart' retrieved from /opt/airflow/dags/create_mart_dag.py
[2026-06-09T21:50:07.801+0000] {logging_mixin.py:190} INFO - [2026-06-09T21:50:07.801+0000] {dag.py:3239} INFO - Sync 1 DAGs
[2026-06-09T21:50:07.818+0000] {logging_mixin.py:190} INFO - [2026-06-09T21:50:07.818+0000] {dag.py:4180} INFO - Setting next_dagrun for create_analytics_mart to 2026-06-09 02:00:00+00:00, run_after=2026-06-10 02:00:00+00:00
[2026-06-09T21:50:07.834+0000] {processor.py:208} INFO - Processing /opt/airflow/dags/create_mart_dag.py took 0.082 seconds
[2026-06-09T21:50:38.106+0000] {processor.py:186} INFO - Started process (PID=15165) to work on /opt/airflow/dags/create_mart_dag.py
[2026-06-09T21:50:38.107+0000] {processor.py:914} INFO - Processing file /opt/airflow/dags/create_mart_dag.py for tasks to queue
[2026-06-09T21:50:38.109+0000] {logging_mixin.py:190} INFO - [2026-06-09T21:50:38.109+0000] {dagbag.py:588} INFO - Filling up the DagBag from /opt/airflow/dags/create_mart_dag.py
[2026-06-09T21:50:38.127+0000] {processor.py:925} INFO - DAG(s) 'create_analytics_mart' retrieved from /opt/airflow/dags/create_mart_dag.py
[2026-06-09T21:50:38.146+0000] {logging_mixin.py:190} INFO - [2026-06-09T21:50:38.145+0000] {dag.py:3239} INFO - Sync 1 DAGs
[2026-06-09T21:50:38.165+0000] {logging_mixin.py:190} INFO - [2026-06-09T21:50:38.164+0000] {dag.py:4180} INFO - Setting next_dagrun for create_analytics_mart to 2026-06-09 02:00:00+00:00, run_after=2026-06-10 02:00:00+00:00
[2026-06-09T21:50:38.184+0000] {processor.py:208} INFO - Processing /opt/airflow/dags/create_mart_dag.py took 0.082 seconds
[2026-06-09T21:51:08.438+0000] {processor.py:186} INFO - Started process (PID=15191) to work on /opt/airflow/dags/create_mart_dag.py
[2026-06-09T21:51:08.439+0000] {processor.py:914} INFO - Processing file /opt/airflow/dags/create_mart_dag.py for tasks to queue
[2026-06-09T21:51:08.441+0000] {logging_mixin.py:190} INFO - [2026-06-09T21:51:08.440+0000] {dagbag.py:588} INFO - Filling up the DagBag from /opt/airflow/dags/create_mart_dag.py
[2026-06-09T21:51:08.462+0000] {processor.py:925} INFO - DAG(s) 'create_analytics_mart' retrieved from /opt/airflow/dags/create_mart_dag.py
[2026-06-09T21:51:08.482+0000] {logging_mixin.py:190} INFO - [2026-06-09T21:51:08.482+0000] {dag.py:3239} INFO - Sync 1 DAGs
[2026-06-09T21:51:08.498+0000] {logging_mixin.py:190} INFO - [2026-06-09T21:51:08.498+0000] {dag.py:4180} INFO - Setting next_dagrun for create_analytics_mart to 2026-06-09 02:00:00+00:00, run_after=2026-06-10 02:00:00+00:00
[2026-06-09T21:51:08.515+0000] {processor.py:208} INFO - Processing /opt/airflow/dags/create_mart_dag.py took 0.082 seconds
[2026-06-09T21:51:38.827+0000] {processor.py:186} INFO - Started process (PID=15217) to work on /opt/airflow/dags/create_mart_dag.py
[2026-06-09T21:51:38.828+0000] {processor.py:914} INFO - Processing file /opt/airflow/dags/create_mart_dag.py for tasks to queue
[2026-06-09T21:51:38.830+0000] {logging_mixin.py:190} INFO - [2026-06-09T21:51:38.830+0000] {dagbag.py:588} INFO - Filling up the DagBag from /opt/airflow/dags/create_mart_dag.py
[2026-06-09T21:51:38.850+0000] {processor.py:925} INFO - DAG(s) 'create_analytics_mart' retrieved from /opt/airflow/dags/create_mart_dag.py
[2026-06-09T21:51:38.872+0000] {logging_mixin.py:190} INFO - [2026-06-09T21:51:38.872+0000] {dag.py:3239} INFO - Sync 1 DAGs
[2026-06-09T21:51:38.889+0000] {logging_mixin.py:190} INFO - [2026-06-09T21:51:38.889+0000] {dag.py:4180} INFO - Setting next_dagrun for create_analytics_mart to 2026-06-09 02:00:00+00:00, run_after=2026-06-10 02:00:00+00:00
[2026-06-09T21:51:38.909+0000] {processor.py:208} INFO - Processing /opt/airflow/dags/create_mart_dag.py took 0.087 seconds
[2026-06-09T21:52:09.237+0000] {processor.py:186} INFO - Started process (PID=15243) to work on /opt/airflow/dags/create_mart_dag.py
[2026-06-09T21:52:09.238+0000] {processor.py:914} INFO - Processing file /opt/airflow/dags/create_mart_dag.py for tasks to queue
[2026-06-09T21:52:09.241+0000] {logging_mixin.py:190} INFO - [2026-06-09T21:52:09.241+0000] {dagbag.py:588} INFO - Filling up the DagBag from /opt/airflow/dags/create_mart_dag.py
[2026-06-09T21:52:09.264+0000] {processor.py:925} INFO - DAG(s) 'create_analytics_mart' retrieved from /opt/airflow/dags/create_mart_dag.py
[2026-06-09T21:52:09.283+0000] {logging_mixin.py:190} INFO - [2026-06-09T21:52:09.283+0000] {dag.py:3239} INFO - Sync 1 DAGs
[2026-06-09T21:52:09.302+0000] {logging_mixin.py:190} INFO - [2026-06-09T21:52:09.302+0000] {dag.py:4180} INFO - Setting next_dagrun for create_analytics_mart to 2026-06-09 02:00:00+00:00, run_after=2026-06-10 02:00:00+00:00
[2026-06-09T21:52:09.319+0000] {processor.py:208} INFO - Processing /opt/airflow/dags/create_mart_dag.py took 0.086 seconds
[2026-06-09T21:52:39.603+0000] {processor.py:186} INFO - Started process (PID=15269) to work on /opt/airflow/dags/create_mart_dag.py
[2026-06-09T21:52:39.604+0000] {processor.py:914} INFO - Processing file /opt/airflow/dags/create_mart_dag.py for tasks to queue
[2026-06-09T21:52:39.607+0000] {logging_mixin.py:190} INFO - [2026-06-09T21:52:39.606+0000] {dagbag.py:588} INFO - Filling up the DagBag from /opt/airflow/dags/create_mart_dag.py
[2026-06-09T21:52:39.629+0000] {processor.py:925} INFO - DAG(s) 'create_analytics_mart' retrieved from /opt/airflow/dags/create_mart_dag.py
[2026-06-09T21:52:39.650+0000] {logging_mixin.py:190} INFO - [2026-06-09T21:52:39.650+0000] {dag.py:3239} INFO - Sync 1 DAGs
[2026-06-09T21:52:39.669+0000] {logging_mixin.py:190} INFO - [2026-06-09T21:52:39.668+0000] {dag.py:4180} INFO - Setting next_dagrun for create_analytics_mart to 2026-06-09 02:00:00+00:00, run_after=2026-06-10 02:00:00+00:00
[2026-06-09T21:52:39.686+0000] {processor.py:208} INFO - Processing /opt/airflow/dags/create_mart_dag.py took 0.087 seconds
[2026-06-09T21:53:09.968+0000] {processor.py:186} INFO - Started process (PID=15295) to work on /opt/airflow/dags/create_mart_dag.py
[2026-06-09T21:53:09.968+0000] {processor.py:914} INFO - Processing file /opt/airflow/dags/create_mart_dag.py for tasks to queue
[2026-06-09T21:53:09.971+0000] {logging_mixin.py:190} INFO - [2026-06-09T21:53:09.970+0000] {dagbag.py:588} INFO - Filling up the DagBag from /opt/airflow/dags/create_mart_dag.py
[2026-06-09T21:53:09.992+0000] {processor.py:925} INFO - DAG(s) 'create_analytics_mart' retrieved from /opt/airflow/dags/create_mart_dag.py
[2026-06-09T21:53:10.012+0000] {logging_mixin.py:190} INFO - [2026-06-09T21:53:10.011+0000] {dag.py:3239} INFO - Sync 1 DAGs
[2026-06-09T21:53:10.028+0000] {logging_mixin.py:190} INFO - [2026-06-09T21:53:10.028+0000] {dag.py:4180} INFO - Setting next_dagrun for create_analytics_mart to 2026-06-09 02:00:00+00:00, run_after=2026-06-10 02:00:00+00:00
[2026-06-09T21:53:10.044+0000] {processor.py:208} INFO - Processing /opt/airflow/dags/create_mart_dag.py took 0.081 seconds
[2026-06-09T21:53:40.329+0000] {processor.py:186} INFO - Started process (PID=15321) to work on /opt/airflow/dags/create_mart_dag.py
[2026-06-09T21:53:40.330+0000] {processor.py:914} INFO - Processing file /opt/airflow/dags/create_mart_dag.py for tasks to queue
[2026-06-09T21:53:40.332+0000] {logging_mixin.py:190} INFO - [2026-06-09T21:53:40.332+0000] {dagbag.py:588} INFO - Filling up the DagBag from /opt/airflow/dags/create_mart_dag.py
[2026-06-09T21:53:40.350+0000] {processor.py:925} INFO - DAG(s) 'create_analytics_mart' retrieved from /opt/airflow/dags/create_mart_dag.py
[2026-06-09T21:53:40.368+0000] {logging_mixin.py:190} INFO - [2026-06-09T21:53:40.368+0000] {dag.py:3239} INFO - Sync 1 DAGs
[2026-06-09T21:53:40.385+0000] {logging_mixin.py:190} INFO - [2026-06-09T21:53:40.384+0000] {dag.py:4180} INFO - Setting next_dagrun for create_analytics_mart to 2026-06-09 02:00:00+00:00, run_after=2026-06-10 02:00:00+00:00
[2026-06-09T21:53:40.400+0000] {processor.py:208} INFO - Processing /opt/airflow/dags/create_mart_dag.py took 0.076 seconds
[2026-06-09T21:54:10.724+0000] {processor.py:186} INFO - Started process (PID=15347) to work on /opt/airflow/dags/create_mart_dag.py
[2026-06-09T21:54:10.725+0000] {processor.py:914} INFO - Processing file /opt/airflow/dags/create_mart_dag.py for tasks to queue
[2026-06-09T21:54:10.727+0000] {logging_mixin.py:190} INFO - [2026-06-09T21:54:10.726+0000] {dagbag.py:588} INFO - Filling up the DagBag from /opt/airflow/dags/create_mart_dag.py
[2026-06-09T21:54:10.744+0000] {processor.py:925} INFO - DAG(s) 'create_analytics_mart' retrieved from /opt/airflow/dags/create_mart_dag.py
[2026-06-09T21:54:10.764+0000] {logging_mixin.py:190} INFO - [2026-06-09T21:54:10.764+0000] {dag.py:3239} INFO - Sync 1 DAGs
[2026-06-09T21:54:10.782+0000] {logging_mixin.py:190} INFO - [2026-06-09T21:54:10.782+0000] {dag.py:4180} INFO - Setting next_dagrun for create_analytics_mart to 2026-06-09 02:00:00+00:00, run_after=2026-06-10 02:00:00+00:00
[2026-06-09T21:54:10.800+0000] {processor.py:208} INFO - Processing /opt/airflow/dags/create_mart_dag.py took 0.081 seconds
[2026-06-09T21:54:41.137+0000] {processor.py:186} INFO - Started process (PID=15373) to work on /opt/airflow/dags/create_mart_dag.py
[2026-06-09T21:54:41.138+0000] {processor.py:914} INFO - Processing file /opt/airflow/dags/create_mart_dag.py for tasks to queue
[2026-06-09T21:54:41.140+0000] {logging_mixin.py:190} INFO - [2026-06-09T21:54:41.139+0000] {dagbag.py:588} INFO - Filling up the DagBag from /opt/airflow/dags/create_mart_dag.py
[2026-06-09T21:54:41.158+0000] {processor.py:925} INFO - DAG(s) 'create_analytics_mart' retrieved from /opt/airflow/dags/create_mart_dag.py
[2026-06-09T21:54:41.179+0000] {logging_mixin.py:190} INFO - [2026-06-09T21:54:41.178+0000] {dag.py:3239} INFO - Sync 1 DAGs
[2026-06-09T21:54:41.195+0000] {logging_mixin.py:190} INFO - [2026-06-09T21:54:41.195+0000] {dag.py:4180} INFO - Setting next_dagrun for create_analytics_mart to 2026-06-09 02:00:00+00:00, run_after=2026-06-10 02:00:00+00:00
[2026-06-09T21:54:41.211+0000] {processor.py:208} INFO - Processing /opt/airflow/dags/create_mart_dag.py took 0.079 seconds
[2026-06-09T21:55:11.483+0000] {processor.py:186} INFO - Started process (PID=15399) to work on /opt/airflow/dags/create_mart_dag.py
[2026-06-09T21:55:11.483+0000] {processor.py:914} INFO - Processing file /opt/airflow/dags/create_mart_dag.py for tasks to queue
[2026-06-09T21:55:11.486+0000] {logging_mixin.py:190} INFO - [2026-06-09T21:55:11.486+0000] {dagbag.py:588} INFO - Filling up the DagBag from /opt/airflow/dags/create_mart_dag.py
[2026-06-09T21:55:11.504+0000] {processor.py:925} INFO - DAG(s) 'create_analytics_mart' retrieved from /opt/airflow/dags/create_mart_dag.py
[2026-06-09T21:55:11.524+0000] {logging_mixin.py:190} INFO - [2026-06-09T21:55:11.524+0000] {dag.py:3239} INFO - Sync 1 DAGs
[2026-06-09T21:55:11.542+0000] {logging_mixin.py:190} INFO - [2026-06-09T21:55:11.541+0000] {dag.py:4180} INFO - Setting next_dagrun for create_analytics_mart to 2026-06-09 02:00:00+00:00, run_after=2026-06-10 02:00:00+00:00
[2026-06-09T21:55:11.558+0000] {processor.py:208} INFO - Processing /opt/airflow/dags/create_mart_dag.py took 0.080 seconds
[2026-06-09T21:55:41.881+0000] {processor.py:186} INFO - Started process (PID=15425) to work on /opt/airflow/dags/create_mart_dag.py
[2026-06-09T21:55:41.882+0000] {processor.py:914} INFO - Processing file /opt/airflow/dags/create_mart_dag.py for tasks to queue
[2026-06-09T21:55:41.884+0000] {logging_mixin.py:190} INFO - [2026-06-09T21:55:41.883+0000] {dagbag.py:588} INFO - Filling up the DagBag from /opt/airflow/dags/create_mart_dag.py
[2026-06-09T21:55:41.901+0000] {processor.py:925} INFO - DAG(s) 'create_analytics_mart' retrieved from /opt/airflow/dags/create_mart_dag.py
[2026-06-09T21:55:41.920+0000] {logging_mixin.py:190} INFO - [2026-06-09T21:55:41.919+0000] {dag.py:3239} INFO - Sync 1 DAGs
[2026-06-09T21:55:41.937+0000] {logging_mixin.py:190} INFO - [2026-06-09T21:55:41.937+0000] {dag.py:4180} INFO - Setting next_dagrun for create_analytics_mart to 2026-06-09 02:00:00+00:00, run_after=2026-06-10 02:00:00+00:00
[2026-06-09T21:55:41.952+0000] {processor.py:208} INFO - Processing /opt/airflow/dags/create_mart_dag.py took 0.076 seconds
[2026-06-09T21:56:12.291+0000] {processor.py:186} INFO - Started process (PID=15451) to work on /opt/airflow/dags/create_mart_dag.py
[2026-06-09T21:56:12.292+0000] {processor.py:914} INFO - Processing file /opt/airflow/dags/create_mart_dag.py for tasks to queue
[2026-06-09T21:56:12.295+0000] {logging_mixin.py:190} INFO - [2026-06-09T21:56:12.294+0000] {dagbag.py:588} INFO - Filling up the DagBag from /opt/airflow/dags/create_mart_dag.py
[2026-06-09T21:56:12.314+0000] {processor.py:925} INFO - DAG(s) 'create_analytics_mart' retrieved from /opt/airflow/dags/create_mart_dag.py
[2026-06-09T21:56:12.335+0000] {logging_mixin.py:190} INFO - [2026-06-09T21:56:12.334+0000] {dag.py:3239} INFO - Sync 1 DAGs
[2026-06-09T21:56:12.351+0000] {logging_mixin.py:190} INFO - [2026-06-09T21:56:12.351+0000] {dag.py:4180} INFO - Setting next_dagrun for create_analytics_mart to 2026-06-09 02:00:00+00:00, run_after=2026-06-10 02:00:00+00:00
[2026-06-09T21:56:12.367+0000] {processor.py:208} INFO - Processing /opt/airflow/dags/create_mart_dag.py took 0.080 seconds
[2026-06-09T21:56:42.661+0000] {processor.py:186} INFO - Started process (PID=15477) to work on /opt/airflow/dags/create_mart_dag.py
[2026-06-09T21:56:42.662+0000] {processor.py:914} INFO - Processing file /opt/airflow/dags/create_mart_dag.py for tasks to queue
[2026-06-09T21:56:42.664+0000] {logging_mixin.py:190} INFO - [2026-06-09T21:56:42.663+0000] {dagbag.py:588} INFO - Filling up the DagBag from /opt/airflow/dags/create_mart_dag.py
[2026-06-09T21:56:42.686+0000] {processor.py:925} INFO - DAG(s) 'create_analytics_mart' retrieved from /opt/airflow/dags/create_mart_dag.py
[2026-06-09T21:56:42.709+0000] {logging_mixin.py:190} INFO - [2026-06-09T21:56:42.709+0000] {dag.py:3239} INFO - Sync 1 DAGs
[2026-06-09T21:56:42.727+0000] {logging_mixin.py:190} INFO - [2026-06-09T21:56:42.726+0000] {dag.py:4180} INFO - Setting next_dagrun for create_analytics_mart to 2026-06-09 02:00:00+00:00, run_after=2026-06-10 02:00:00+00:00
[2026-06-09T21:56:42.744+0000] {processor.py:208} INFO - Processing /opt/airflow/dags/create_mart_dag.py took 0.088 seconds
[2026-06-09T21:57:12.951+0000] {processor.py:186} INFO - Started process (PID=15503) to work on /opt/airflow/dags/create_mart_dag.py
[2026-06-09T21:57:12.952+0000] {processor.py:914} INFO - Processing file /opt/airflow/dags/create_mart_dag.py for tasks to queue
[2026-06-09T21:57:12.954+0000] {logging_mixin.py:190} INFO - [2026-06-09T21:57:12.954+0000] {dagbag.py:588} INFO - Filling up the DagBag from /opt/airflow/dags/create_mart_dag.py
[2026-06-09T21:57:12.973+0000] {processor.py:925} INFO - DAG(s) 'create_analytics_mart' retrieved from /opt/airflow/dags/create_mart_dag.py
[2026-06-09T21:57:12.995+0000] {logging_mixin.py:190} INFO - [2026-06-09T21:57:12.995+0000] {dag.py:3239} INFO - Sync 1 DAGs
[2026-06-09T21:57:13.014+0000] {logging_mixin.py:190} INFO - [2026-06-09T21:57:13.013+0000] {dag.py:4180} INFO - Setting next_dagrun for create_analytics_mart to 2026-06-09 02:00:00+00:00, run_after=2026-06-10 02:00:00+00:00
[2026-06-09T21:57:13.033+0000] {processor.py:208} INFO - Processing /opt/airflow/dags/create_mart_dag.py took 0.086 seconds
[2026-06-09T21:57:43.364+0000] {processor.py:186} INFO - Started process (PID=15528) to work on /opt/airflow/dags/create_mart_dag.py
[2026-06-09T21:57:43.365+0000] {processor.py:914} INFO - Processing file /opt/airflow/dags/create_mart_dag.py for tasks to queue
[2026-06-09T21:57:43.367+0000] {logging_mixin.py:190} INFO - [2026-06-09T21:57:43.367+0000] {dagbag.py:588} INFO - Filling up the DagBag from /opt/airflow/dags/create_mart_dag.py
[2026-06-09T21:57:43.389+0000] {processor.py:925} INFO - DAG(s) 'create_analytics_mart' retrieved from /opt/airflow/dags/create_mart_dag.py
[2026-06-09T21:57:43.408+0000] {logging_mixin.py:190} INFO - [2026-06-09T21:57:43.408+0000] {dag.py:3239} INFO - Sync 1 DAGs
[2026-06-09T21:57:43.424+0000] {logging_mixin.py:190} INFO - [2026-06-09T21:57:43.424+0000] {dag.py:4180} INFO - Setting next_dagrun for create_analytics_mart to 2026-06-09 02:00:00+00:00, run_after=2026-06-10 02:00:00+00:00
[2026-06-09T21:57:43.440+0000] {processor.py:208} INFO - Processing /opt/airflow/dags/create_mart_dag.py took 0.081 seconds
[2026-06-09T21:58:13.775+0000] {processor.py:186} INFO - Started process (PID=15554) to work on /opt/airflow/dags/create_mart_dag.py
[2026-06-09T21:58:13.776+0000] {processor.py:914} INFO - Processing file /opt/airflow/dags/create_mart_dag.py for tasks to queue
[2026-06-09T21:58:13.779+0000] {logging_mixin.py:190} INFO - [2026-06-09T21:58:13.778+0000] {dagbag.py:588} INFO - Filling up the DagBag from /opt/airflow/dags/create_mart_dag.py
[2026-06-09T21:58:13.813+0000] {processor.py:925} INFO - DAG(s) 'create_analytics_mart' retrieved from /opt/airflow/dags/create_mart_dag.py
[2026-06-09T21:58:13.836+0000] {logging_mixin.py:190} INFO - [2026-06-09T21:58:13.836+0000] {dag.py:3239} INFO - Sync 1 DAGs
[2026-06-09T21:58:13.852+0000] {logging_mixin.py:190} INFO - [2026-06-09T21:58:13.852+0000] {dag.py:4180} INFO - Setting next_dagrun for create_analytics_mart to 2026-06-09 02:00:00+00:00, run_after=2026-06-10 02:00:00+00:00
[2026-06-09T21:58:13.868+0000] {processor.py:208} INFO - Processing /opt/airflow/dags/create_mart_dag.py took 0.097 seconds
[2026-06-09T21:58:44.136+0000] {processor.py:186} INFO - Started process (PID=15580) to work on /opt/airflow/dags/create_mart_dag.py
[2026-06-09T21:58:44.137+0000] {processor.py:914} INFO - Processing file /opt/airflow/dags/create_mart_dag.py for tasks to queue
[2026-06-09T21:58:44.139+0000] {logging_mixin.py:190} INFO - [2026-06-09T21:58:44.139+0000] {dagbag.py:588} INFO - Filling up the DagBag from /opt/airflow/dags/create_mart_dag.py
[2026-06-09T21:58:44.157+0000] {processor.py:925} INFO - DAG(s) 'create_analytics_mart' retrieved from /opt/airflow/dags/create_mart_dag.py
[2026-06-09T21:58:44.178+0000] {logging_mixin.py:190} INFO - [2026-06-09T21:58:44.177+0000] {dag.py:3239} INFO - Sync 1 DAGs
[2026-06-09T21:58:44.194+0000] {logging_mixin.py:190} INFO - [2026-06-09T21:58:44.194+0000] {dag.py:4180} INFO - Setting next_dagrun for create_analytics_mart to 2026-06-09 02:00:00+00:00, run_after=2026-06-10 02:00:00+00:00
[2026-06-09T21:58:44.211+0000] {processor.py:208} INFO - Processing /opt/airflow/dags/create_mart_dag.py took 0.079 seconds
[2026-06-09T21:59:14.485+0000] {processor.py:186} INFO - Started process (PID=15606) to work on /opt/airflow/dags/create_mart_dag.py
[2026-06-09T21:59:14.486+0000] {processor.py:914} INFO - Processing file /opt/airflow/dags/create_mart_dag.py for tasks to queue
[2026-06-09T21:59:14.488+0000] {logging_mixin.py:190} INFO - [2026-06-09T21:59:14.488+0000] {dagbag.py:588} INFO - Filling up the DagBag from /opt/airflow/dags/create_mart_dag.py
[2026-06-09T21:59:14.511+0000] {processor.py:925} INFO - DAG(s) 'create_analytics_mart' retrieved from /opt/airflow/dags/create_mart_dag.py
[2026-06-09T21:59:14.537+0000] {logging_mixin.py:190} INFO - [2026-06-09T21:59:14.534+0000] {dag.py:3239} INFO - Sync 1 DAGs
[2026-06-09T21:59:14.574+0000] {logging_mixin.py:190} INFO - [2026-06-09T21:59:14.574+0000] {dag.py:4180} INFO - Setting next_dagrun for create_analytics_mart to 2026-06-09 02:00:00+00:00, run_after=2026-06-10 02:00:00+00:00
[2026-06-09T21:59:14.600+0000] {processor.py:208} INFO - Processing /opt/airflow/dags/create_mart_dag.py took 0.120 seconds
[2026-06-09T21:59:44.925+0000] {processor.py:186} INFO - Started process (PID=15638) to work on /opt/airflow/dags/create_mart_dag.py
[2026-06-09T21:59:44.926+0000] {processor.py:914} INFO - Processing file /opt/airflow/dags/create_mart_dag.py for tasks to queue
[2026-06-09T21:59:44.928+0000] {logging_mixin.py:190} INFO - [2026-06-09T21:59:44.928+0000] {dagbag.py:588} INFO - Filling up the DagBag from /opt/airflow/dags/create_mart_dag.py
[2026-06-09T21:59:44.946+0000] {processor.py:925} INFO - DAG(s) 'create_analytics_mart' retrieved from /opt/airflow/dags/create_mart_dag.py
[2026-06-09T21:59:44.965+0000] {logging_mixin.py:190} INFO - [2026-06-09T21:59:44.965+0000] {dag.py:3239} INFO - Sync 1 DAGs
[2026-06-09T21:59:44.983+0000] {logging_mixin.py:190} INFO - [2026-06-09T21:59:44.983+0000] {dag.py:4180} INFO - Setting next_dagrun for create_analytics_mart to 2026-06-09 02:00:00+00:00, run_after=2026-06-10 02:00:00+00:00
[2026-06-09T21:59:44.999+0000] {processor.py:208} INFO - Processing /opt/airflow/dags/create_mart_dag.py took 0.079 seconds
[2026-06-09T22:00:15.333+0000] {processor.py:186} INFO - Started process (PID=15664) to work on /opt/airflow/dags/create_mart_dag.py
[2026-06-09T22:00:15.334+0000] {processor.py:914} INFO - Processing file /opt/airflow/dags/create_mart_dag.py for tasks to queue
[2026-06-09T22:00:15.336+0000] {logging_mixin.py:190} INFO - [2026-06-09T22:00:15.336+0000] {dagbag.py:588} INFO - Filling up the DagBag from /opt/airflow/dags/create_mart_dag.py
[2026-06-09T22:00:15.357+0000] {processor.py:925} INFO - DAG(s) 'create_analytics_mart' retrieved from /opt/airflow/dags/create_mart_dag.py
[2026-06-09T22:00:15.376+0000] {logging_mixin.py:190} INFO - [2026-06-09T22:00:15.376+0000] {dag.py:3239} INFO - Sync 1 DAGs
[2026-06-09T22:00:15.393+0000] {logging_mixin.py:190} INFO - [2026-06-09T22:00:15.392+0000] {dag.py:4180} INFO - Setting next_dagrun for create_analytics_mart to 2026-06-09 02:00:00+00:00, run_after=2026-06-10 02:00:00+00:00
[2026-06-09T22:00:15.409+0000] {processor.py:208} INFO - Processing /opt/airflow/dags/create_mart_dag.py took 0.081 seconds
[2026-06-09T22:00:45.681+0000] {processor.py:186} INFO - Started process (PID=15690) to work on /opt/airflow/dags/create_mart_dag.py
[2026-06-09T22:00:45.682+0000] {processor.py:914} INFO - Processing file /opt/airflow/dags/create_mart_dag.py for tasks to queue
[2026-06-09T22:00:45.684+0000] {logging_mixin.py:190} INFO - [2026-06-09T22:00:45.684+0000] {dagbag.py:588} INFO - Filling up the DagBag from /opt/airflow/dags/create_mart_dag.py
[2026-06-09T22:00:45.704+0000] {processor.py:925} INFO - DAG(s) 'create_analytics_mart' retrieved from /opt/airflow/dags/create_mart_dag.py
[2026-06-09T22:00:45.726+0000] {logging_mixin.py:190} INFO - [2026-06-09T22:00:45.726+0000] {dag.py:3239} INFO - Sync 1 DAGs
[2026-06-09T22:00:45.745+0000] {logging_mixin.py:190} INFO - [2026-06-09T22:00:45.745+0000] {dag.py:4180} INFO - Setting next_dagrun for create_analytics_mart to 2026-06-09 02:00:00+00:00, run_after=2026-06-10 02:00:00+00:00
[2026-06-09T22:00:45.761+0000] {processor.py:208} INFO - Processing /opt/airflow/dags/create_mart_dag.py took 0.086 seconds
[2026-06-09T22:01:15.996+0000] {processor.py:186} INFO - Started process (PID=15716) to work on /opt/airflow/dags/create_mart_dag.py
[2026-06-09T22:01:15.997+0000] {processor.py:914} INFO - Processing file /opt/airflow/dags/create_mart_dag.py for tasks to queue
[2026-06-09T22:01:15.999+0000] {logging_mixin.py:190} INFO - [2026-06-09T22:01:15.999+0000] {dagbag.py:588} INFO - Filling up the DagBag from /opt/airflow/dags/create_mart_dag.py
[2026-06-09T22:01:16.018+0000] {processor.py:925} INFO - DAG(s) 'create_analytics_mart' retrieved from /opt/airflow/dags/create_mart_dag.py
[2026-06-09T22:01:16.037+0000] {logging_mixin.py:190} INFO - [2026-06-09T22:01:16.036+0000] {dag.py:3239} INFO - Sync 1 DAGs
[2026-06-09T22:01:16.054+0000] {logging_mixin.py:190} INFO - [2026-06-09T22:01:16.054+0000] {dag.py:4180} INFO - Setting next_dagrun for create_analytics_mart to 2026-06-09 02:00:00+00:00, run_after=2026-06-10 02:00:00+00:00
[2026-06-09T22:01:16.071+0000] {processor.py:208} INFO - Processing /opt/airflow/dags/create_mart_dag.py took 0.080 seconds
[2026-06-09T22:01:46.372+0000] {processor.py:186} INFO - Started process (PID=15742) to work on /opt/airflow/dags/create_mart_dag.py
[2026-06-09T22:01:46.373+0000] {processor.py:914} INFO - Processing file /opt/airflow/dags/create_mart_dag.py for tasks to queue
[2026-06-09T22:01:46.375+0000] {logging_mixin.py:190} INFO - [2026-06-09T22:01:46.374+0000] {dagbag.py:588} INFO - Filling up the DagBag from /opt/airflow/dags/create_mart_dag.py
[2026-06-09T22:01:46.398+0000] {processor.py:925} INFO - DAG(s) 'create_analytics_mart' retrieved from /opt/airflow/dags/create_mart_dag.py
[2026-06-09T22:01:46.420+0000] {logging_mixin.py:190} INFO - [2026-06-09T22:01:46.420+0000] {dag.py:3239} INFO - Sync 1 DAGs
[2026-06-09T22:01:46.437+0000] {logging_mixin.py:190} INFO - [2026-06-09T22:01:46.437+0000] {dag.py:4180} INFO - Setting next_dagrun for create_analytics_mart to 2026-06-09 02:00:00+00:00, run_after=2026-06-10 02:00:00+00:00
[2026-06-09T22:01:46.455+0000] {processor.py:208} INFO - Processing /opt/airflow/dags/create_mart_dag.py took 0.090 seconds
[2026-06-09T22:02:16.785+0000] {processor.py:186} INFO - Started process (PID=15768) to work on /opt/airflow/dags/create_mart_dag.py
[2026-06-09T22:02:16.786+0000] {processor.py:914} INFO - Processing file /opt/airflow/dags/create_mart_dag.py for tasks to queue
[2026-06-09T22:02:16.788+0000] {logging_mixin.py:190} INFO - [2026-06-09T22:02:16.788+0000] {dagbag.py:588} INFO - Filling up the DagBag from /opt/airflow/dags/create_mart_dag.py
[2026-06-09T22:02:16.808+0000] {processor.py:925} INFO - DAG(s) 'create_analytics_mart' retrieved from /opt/airflow/dags/create_mart_dag.py
[2026-06-09T22:02:16.829+0000] {logging_mixin.py:190} INFO - [2026-06-09T22:02:16.828+0000] {dag.py:3239} INFO - Sync 1 DAGs
[2026-06-09T22:02:16.845+0000] {logging_mixin.py:190} INFO - [2026-06-09T22:02:16.845+0000] {dag.py:4180} INFO - Setting next_dagrun for create_analytics_mart to 2026-06-09 02:00:00+00:00, run_after=2026-06-10 02:00:00+00:00
[2026-06-09T22:02:16.861+0000] {processor.py:208} INFO - Processing /opt/airflow/dags/create_mart_dag.py took 0.082 seconds
[2026-06-09T22:02:47.160+0000] {processor.py:186} INFO - Started process (PID=15794) to work on /opt/airflow/dags/create_mart_dag.py
[2026-06-09T22:02:47.161+0000] {processor.py:914} INFO - Processing file /opt/airflow/dags/create_mart_dag.py for tasks to queue
[2026-06-09T22:02:47.164+0000] {logging_mixin.py:190} INFO - [2026-06-09T22:02:47.164+0000] {dagbag.py:588} INFO - Filling up the DagBag from /opt/airflow/dags/create_mart_dag.py
[2026-06-09T22:02:47.182+0000] {processor.py:925} INFO - DAG(s) 'create_analytics_mart' retrieved from /opt/airflow/dags/create_mart_dag.py
[2026-06-09T22:02:47.203+0000] {logging_mixin.py:190} INFO - [2026-06-09T22:02:47.203+0000] {dag.py:3239} INFO - Sync 1 DAGs
[2026-06-09T22:02:47.221+0000] {logging_mixin.py:190} INFO - [2026-06-09T22:02:47.221+0000] {dag.py:4180} INFO - Setting next_dagrun for create_analytics_mart to 2026-06-09 02:00:00+00:00, run_after=2026-06-10 02:00:00+00:00
[2026-06-09T22:02:47.238+0000] {processor.py:208} INFO - Processing /opt/airflow/dags/create_mart_dag.py took 0.083 seconds
[2026-06-09T22:03:17.511+0000] {processor.py:186} INFO - Started process (PID=15819) to work on /opt/airflow/dags/create_mart_dag.py
[2026-06-09T22:03:17.512+0000] {processor.py:914} INFO - Processing file /opt/airflow/dags/create_mart_dag.py for tasks to queue
[2026-06-09T22:03:17.514+0000] {logging_mixin.py:190} INFO - [2026-06-09T22:03:17.514+0000] {dagbag.py:588} INFO - Filling up the DagBag from /opt/airflow/dags/create_mart_dag.py
[2026-06-09T22:03:17.537+0000] {processor.py:925} INFO - DAG(s) 'create_analytics_mart' retrieved from /opt/airflow/dags/create_mart_dag.py
[2026-06-09T22:03:17.557+0000] {logging_mixin.py:190} INFO - [2026-06-09T22:03:17.556+0000] {dag.py:3239} INFO - Sync 1 DAGs
[2026-06-09T22:03:17.574+0000] {logging_mixin.py:190} INFO - [2026-06-09T22:03:17.574+0000] {dag.py:4180} INFO - Setting next_dagrun for create_analytics_mart to 2026-06-09 02:00:00+00:00, run_after=2026-06-10 02:00:00+00:00
[2026-06-09T22:03:17.591+0000] {processor.py:208} INFO - Processing /opt/airflow/dags/create_mart_dag.py took 0.084 seconds
[2026-06-09T22:03:47.952+0000] {processor.py:186} INFO - Started process (PID=15845) to work on /opt/airflow/dags/create_mart_dag.py
[2026-06-09T22:03:47.952+0000] {processor.py:914} INFO - Processing file /opt/airflow/dags/create_mart_dag.py for tasks to queue
[2026-06-09T22:03:47.955+0000] {logging_mixin.py:190} INFO - [2026-06-09T22:03:47.955+0000] {dagbag.py:588} INFO - Filling up the DagBag from /opt/airflow/dags/create_mart_dag.py
[2026-06-09T22:03:47.976+0000] {processor.py:925} INFO - DAG(s) 'create_analytics_mart' retrieved from /opt/airflow/dags/create_mart_dag.py
[2026-06-09T22:03:47.995+0000] {logging_mixin.py:190} INFO - [2026-06-09T22:03:47.995+0000] {dag.py:3239} INFO - Sync 1 DAGs
[2026-06-09T22:03:48.013+0000] {logging_mixin.py:190} INFO - [2026-06-09T22:03:48.012+0000] {dag.py:4180} INFO - Setting next_dagrun for create_analytics_mart to 2026-06-09 02:00:00+00:00, run_after=2026-06-10 02:00:00+00:00
[2026-06-09T22:03:48.030+0000] {processor.py:208} INFO - Processing /opt/airflow/dags/create_mart_dag.py took 0.083 seconds
[2026-06-09T22:04:18.375+0000] {processor.py:186} INFO - Started process (PID=15871) to work on /opt/airflow/dags/create_mart_dag.py
[2026-06-09T22:04:18.376+0000] {processor.py:914} INFO - Processing file /opt/airflow/dags/create_mart_dag.py for tasks to queue
[2026-06-09T22:04:18.379+0000] {logging_mixin.py:190} INFO - [2026-06-09T22:04:18.379+0000] {dagbag.py:588} INFO - Filling up the DagBag from /opt/airflow/dags/create_mart_dag.py
[2026-06-09T22:04:18.396+0000] {processor.py:925} INFO - DAG(s) 'create_analytics_mart' retrieved from /opt/airflow/dags/create_mart_dag.py
[2026-06-09T22:04:18.416+0000] {logging_mixin.py:190} INFO - [2026-06-09T22:04:18.415+0000] {dag.py:3239} INFO - Sync 1 DAGs
[2026-06-09T22:04:18.434+0000] {logging_mixin.py:190} INFO - [2026-06-09T22:04:18.433+0000] {dag.py:4180} INFO - Setting next_dagrun for create_analytics_mart to 2026-06-09 02:00:00+00:00, run_after=2026-06-10 02:00:00+00:00
[2026-06-09T22:04:18.450+0000] {processor.py:208} INFO - Processing /opt/airflow/dags/create_mart_dag.py took 0.079 seconds
[2026-06-09T22:04:48.760+0000] {processor.py:186} INFO - Started process (PID=15897) to work on /opt/airflow/dags/create_mart_dag.py
[2026-06-09T22:04:48.761+0000] {processor.py:914} INFO - Processing file /opt/airflow/dags/create_mart_dag.py for tasks to queue
[2026-06-09T22:04:48.763+0000] {logging_mixin.py:190} INFO - [2026-06-09T22:04:48.762+0000] {dagbag.py:588} INFO - Filling up the DagBag from /opt/airflow/dags/create_mart_dag.py
[2026-06-09T22:04:48.781+0000] {processor.py:925} INFO - DAG(s) 'create_analytics_mart' retrieved from /opt/airflow/dags/create_mart_dag.py
[2026-06-09T22:04:48.801+0000] {logging_mixin.py:190} INFO - [2026-06-09T22:04:48.801+0000] {dag.py:3239} INFO - Sync 1 DAGs
[2026-06-09T22:04:48.818+0000] {logging_mixin.py:190} INFO - [2026-06-09T22:04:48.818+0000] {dag.py:4180} INFO - Setting next_dagrun for create_analytics_mart to 2026-06-09 02:00:00+00:00, run_after=2026-06-10 02:00:00+00:00
[2026-06-09T22:04:48.834+0000] {processor.py:208} INFO - Processing /opt/airflow/dags/create_mart_dag.py took 0.080 seconds
[2026-06-09T22:05:19.094+0000] {processor.py:186} INFO - Started process (PID=15923) to work on /opt/airflow/dags/create_mart_dag.py
[2026-06-09T22:05:19.095+0000] {processor.py:914} INFO - Processing file /opt/airflow/dags/create_mart_dag.py for tasks to queue
[2026-06-09T22:05:19.098+0000] {logging_mixin.py:190} INFO - [2026-06-09T22:05:19.097+0000] {dagbag.py:588} INFO - Filling up the DagBag from /opt/airflow/dags/create_mart_dag.py
[2026-06-09T22:05:19.122+0000] {processor.py:925} INFO - DAG(s) 'create_analytics_mart' retrieved from /opt/airflow/dags/create_mart_dag.py
[2026-06-09T22:05:19.143+0000] {logging_mixin.py:190} INFO - [2026-06-09T22:05:19.143+0000] {dag.py:3239} INFO - Sync 1 DAGs
[2026-06-09T22:05:19.168+0000] {logging_mixin.py:190} INFO - [2026-06-09T22:05:19.168+0000] {dag.py:4180} INFO - Setting next_dagrun for create_analytics_mart to 2026-06-09 02:00:00+00:00, run_after=2026-06-10 02:00:00+00:00
[2026-06-09T22:05:19.189+0000] {processor.py:208} INFO - Processing /opt/airflow/dags/create_mart_dag.py took 0.099 seconds
[2026-06-09T22:05:49.533+0000] {processor.py:186} INFO - Started process (PID=15949) to work on /opt/airflow/dags/create_mart_dag.py
[2026-06-09T22:05:49.534+0000] {processor.py:914} INFO - Processing file /opt/airflow/dags/create_mart_dag.py for tasks to queue
[2026-06-09T22:05:49.537+0000] {logging_mixin.py:190} INFO - [2026-06-09T22:05:49.536+0000] {dagbag.py:588} INFO - Filling up the DagBag from /opt/airflow/dags/create_mart_dag.py
[2026-06-09T22:05:49.560+0000] {processor.py:925} INFO - DAG(s) 'create_analytics_mart' retrieved from /opt/airflow/dags/create_mart_dag.py
[2026-06-09T22:05:49.581+0000] {logging_mixin.py:190} INFO - [2026-06-09T22:05:49.580+0000] {dag.py:3239} INFO - Sync 1 DAGs
[2026-06-09T22:05:49.598+0000] {logging_mixin.py:190} INFO - [2026-06-09T22:05:49.598+0000] {dag.py:4180} INFO - Setting next_dagrun for create_analytics_mart to 2026-06-09 02:00:00+00:00, run_after=2026-06-10 02:00:00+00:00
[2026-06-09T22:05:49.615+0000] {processor.py:208} INFO - Processing /opt/airflow/dags/create_mart_dag.py took 0.086 seconds
[2026-06-09T22:06:19.933+0000] {processor.py:186} INFO - Started process (PID=15975) to work on /opt/airflow/dags/create_mart_dag.py
[2026-06-09T22:06:19.934+0000] {processor.py:914} INFO - Processing file /opt/airflow/dags/create_mart_dag.py for tasks to queue
[2026-06-09T22:06:19.936+0000] {logging_mixin.py:190} INFO - [2026-06-09T22:06:19.936+0000] {dagbag.py:588} INFO - Filling up the DagBag from /opt/airflow/dags/create_mart_dag.py
[2026-06-09T22:06:19.956+0000] {processor.py:925} INFO - DAG(s) 'create_analytics_mart' retrieved from /opt/airflow/dags/create_mart_dag.py
[2026-06-09T22:06:19.976+0000] {logging_mixin.py:190} INFO - [2026-06-09T22:06:19.976+0000] {dag.py:3239} INFO - Sync 1 DAGs
[2026-06-09T22:06:19.994+0000] {logging_mixin.py:190} INFO - [2026-06-09T22:06:19.994+0000] {dag.py:4180} INFO - Setting next_dagrun for create_analytics_mart to 2026-06-09 02:00:00+00:00, run_after=2026-06-10 02:00:00+00:00
[2026-06-09T22:06:20.012+0000] {processor.py:208} INFO - Processing /opt/airflow/dags/create_mart_dag.py took 0.083 seconds
[2026-06-09T22:06:50.219+0000] {processor.py:186} INFO - Started process (PID=16001) to work on /opt/airflow/dags/create_mart_dag.py
[2026-06-09T22:06:50.220+0000] {processor.py:914} INFO - Processing file /opt/airflow/dags/create_mart_dag.py for tasks to queue
[2026-06-09T22:06:50.222+0000] {logging_mixin.py:190} INFO - [2026-06-09T22:06:50.222+0000] {dagbag.py:588} INFO - Filling up the DagBag from /opt/airflow/dags/create_mart_dag.py
[2026-06-09T22:06:50.240+0000] {processor.py:925} INFO - DAG(s) 'create_analytics_mart' retrieved from /opt/airflow/dags/create_mart_dag.py
[2026-06-09T22:06:50.260+0000] {logging_mixin.py:190} INFO - [2026-06-09T22:06:50.260+0000] {dag.py:3239} INFO - Sync 1 DAGs
[2026-06-09T22:06:50.277+0000] {logging_mixin.py:190} INFO - [2026-06-09T22:06:50.277+0000] {dag.py:4180} INFO - Setting next_dagrun for create_analytics_mart to 2026-06-09 02:00:00+00:00, run_after=2026-06-10 02:00:00+00:00
[2026-06-09T22:06:50.292+0000] {processor.py:208} INFO - Processing /opt/airflow/dags/create_mart_dag.py took 0.078 seconds
[2026-06-09T22:07:20.564+0000] {processor.py:186} INFO - Started process (PID=16027) to work on /opt/airflow/dags/create_mart_dag.py
[2026-06-09T22:07:20.565+0000] {processor.py:914} INFO - Processing file /opt/airflow/dags/create_mart_dag.py for tasks to queue
[2026-06-09T22:07:20.568+0000] {logging_mixin.py:190} INFO - [2026-06-09T22:07:20.568+0000] {dagbag.py:588} INFO - Filling up the DagBag from /opt/airflow/dags/create_mart_dag.py
[2026-06-09T22:07:20.589+0000] {processor.py:925} INFO - DAG(s) 'create_analytics_mart' retrieved from /opt/airflow/dags/create_mart_dag.py
[2026-06-09T22:07:20.610+0000] {logging_mixin.py:190} INFO - [2026-06-09T22:07:20.610+0000] {dag.py:3239} INFO - Sync 1 DAGs
[2026-06-09T22:07:20.629+0000] {logging_mixin.py:190} INFO - [2026-06-09T22:07:20.628+0000] {dag.py:4180} INFO - Setting next_dagrun for create_analytics_mart to 2026-06-09 02:00:00+00:00, run_after=2026-06-10 02:00:00+00:00
[2026-06-09T22:07:20.645+0000] {processor.py:208} INFO - Processing /opt/airflow/dags/create_mart_dag.py took 0.085 seconds
[2026-06-09T22:07:50.968+0000] {processor.py:186} INFO - Started process (PID=16053) to work on /opt/airflow/dags/create_mart_dag.py
[2026-06-09T22:07:50.968+0000] {processor.py:914} INFO - Processing file /opt/airflow/dags/create_mart_dag.py for tasks to queue
[2026-06-09T22:07:50.971+0000] {logging_mixin.py:190} INFO - [2026-06-09T22:07:50.971+0000] {dagbag.py:588} INFO - Filling up the DagBag from /opt/airflow/dags/create_mart_dag.py
[2026-06-09T22:07:50.991+0000] {processor.py:925} INFO - DAG(s) 'create_analytics_mart' retrieved from /opt/airflow/dags/create_mart_dag.py
[2026-06-09T22:07:51.010+0000] {logging_mixin.py:190} INFO - [2026-06-09T22:07:51.010+0000] {dag.py:3239} INFO - Sync 1 DAGs
[2026-06-09T22:07:51.027+0000] {logging_mixin.py:190} INFO - [2026-06-09T22:07:51.027+0000] {dag.py:4180} INFO - Setting next_dagrun for create_analytics_mart to 2026-06-09 02:00:00+00:00, run_after=2026-06-10 02:00:00+00:00
[2026-06-09T22:07:51.042+0000] {processor.py:208} INFO - Processing /opt/airflow/dags/create_mart_dag.py took 0.079 seconds
[2026-06-09T22:08:21.377+0000] {processor.py:186} INFO - Started process (PID=16079) to work on /opt/airflow/dags/create_mart_dag.py
[2026-06-09T22:08:21.378+0000] {processor.py:914} INFO - Processing file /opt/airflow/dags/create_mart_dag.py for tasks to queue
[2026-06-09T22:08:21.381+0000] {logging_mixin.py:190} INFO - [2026-06-09T22:08:21.380+0000] {dagbag.py:588} INFO - Filling up the DagBag from /opt/airflow/dags/create_mart_dag.py
[2026-06-09T22:08:21.401+0000] {processor.py:925} INFO - DAG(s) 'create_analytics_mart' retrieved from /opt/airflow/dags/create_mart_dag.py
[2026-06-09T22:08:21.422+0000] {logging_mixin.py:190} INFO - [2026-06-09T22:08:21.422+0000] {dag.py:3239} INFO - Sync 1 DAGs
[2026-06-09T22:08:21.439+0000] {logging_mixin.py:190} INFO - [2026-06-09T22:08:21.439+0000] {dag.py:4180} INFO - Setting next_dagrun for create_analytics_mart to 2026-06-09 02:00:00+00:00, run_after=2026-06-10 02:00:00+00:00
[2026-06-09T22:08:21.455+0000] {processor.py:208} INFO - Processing /opt/airflow/dags/create_mart_dag.py took 0.082 seconds
