[2026-06-02T06:34:17.149+0000] {processor.py:186} INFO - Started process (PID=172) to work on /opt/airflow/dags/create_mart_dag.py
[2026-06-02T06:34:17.151+0000] {processor.py:914} INFO - Processing file /opt/airflow/dags/create_mart_dag.py for tasks to queue
[2026-06-02T06:34:17.156+0000] {logging_mixin.py:190} INFO - [2026-06-02T06:34:17.155+0000] {dagbag.py:588} INFO - Filling up the DagBag from /opt/airflow/dags/create_mart_dag.py
[2026-06-02T06:34:17.271+0000] {processor.py:925} INFO - DAG(s) 'create_analytics_mart' retrieved from /opt/airflow/dags/create_mart_dag.py
[2026-06-02T06:34:17.685+0000] {logging_mixin.py:190} INFO - [2026-06-02T06:34:17.683+0000] {override.py:1911} INFO - Created Permission View: can read on DAG:create_analytics_mart
[2026-06-02T06:34:17.705+0000] {logging_mixin.py:190} INFO - [2026-06-02T06:34:17.705+0000] {override.py:1911} INFO - Created Permission View: can delete on DAG:create_analytics_mart
[2026-06-02T06:34:17.722+0000] {logging_mixin.py:190} INFO - [2026-06-02T06:34:17.722+0000] {override.py:1911} INFO - Created Permission View: can edit on DAG:create_analytics_mart
[2026-06-02T06:34:17.742+0000] {logging_mixin.py:190} INFO - [2026-06-02T06:34:17.741+0000] {override.py:1911} INFO - Created Permission View: can read on DAG Run:create_analytics_mart
[2026-06-02T06:34:17.759+0000] {logging_mixin.py:190} INFO - [2026-06-02T06:34:17.759+0000] {override.py:1911} INFO - Created Permission View: menu access on DAG Run:create_analytics_mart
[2026-06-02T06:34:17.777+0000] {logging_mixin.py:190} INFO - [2026-06-02T06:34:17.776+0000] {override.py:1911} INFO - Created Permission View: can delete on DAG Run:create_analytics_mart
[2026-06-02T06:34:17.794+0000] {logging_mixin.py:190} INFO - [2026-06-02T06:34:17.794+0000] {override.py:1911} INFO - Created Permission View: can create on DAG Run:create_analytics_mart
[2026-06-02T06:34:17.796+0000] {logging_mixin.py:190} INFO - [2026-06-02T06:34:17.796+0000] {dag.py:3239} INFO - Sync 1 DAGs
[2026-06-02T06:34:17.817+0000] {logging_mixin.py:190} INFO - [2026-06-02T06:34:17.816+0000] {dag.py:3262} INFO - Creating ORM DAG for create_analytics_mart
[2026-06-02T06:34:17.839+0000] {logging_mixin.py:190} INFO - [2026-06-02T06:34:17.838+0000] {dag.py:4180} INFO - Setting next_dagrun for create_analytics_mart to 2026-06-01 02:00:00+00:00, run_after=2026-06-02 02:00:00+00:00
[2026-06-02T06:34:17.883+0000] {processor.py:208} INFO - Processing /opt/airflow/dags/create_mart_dag.py took 0.744 seconds
[2026-06-02T06:34:48.308+0000] {processor.py:186} INFO - Started process (PID=184) to work on /opt/airflow/dags/create_mart_dag.py
[2026-06-02T06:34:48.311+0000] {processor.py:914} INFO - Processing file /opt/airflow/dags/create_mart_dag.py for tasks to queue
[2026-06-02T06:34:48.317+0000] {logging_mixin.py:190} INFO - [2026-06-02T06:34:48.316+0000] {dagbag.py:588} INFO - Filling up the DagBag from /opt/airflow/dags/create_mart_dag.py
[2026-06-02T06:34:48.393+0000] {processor.py:925} INFO - DAG(s) 'create_analytics_mart' retrieved from /opt/airflow/dags/create_mart_dag.py
[2026-06-02T06:34:48.460+0000] {logging_mixin.py:190} INFO - [2026-06-02T06:34:48.459+0000] {dag.py:3239} INFO - Sync 1 DAGs
[2026-06-02T06:34:48.536+0000] {logging_mixin.py:190} INFO - [2026-06-02T06:34:48.535+0000] {dag.py:4180} INFO - Setting next_dagrun for create_analytics_mart to 2026-06-01 02:00:00+00:00, run_after=2026-06-02 02:00:00+00:00
[2026-06-02T06:34:48.599+0000] {processor.py:208} INFO - Processing /opt/airflow/dags/create_mart_dag.py took 0.305 seconds
[2026-06-02T06:35:18.764+0000] {processor.py:186} INFO - Started process (PID=195) to work on /opt/airflow/dags/create_mart_dag.py
[2026-06-02T06:35:18.766+0000] {processor.py:914} INFO - Processing file /opt/airflow/dags/create_mart_dag.py for tasks to queue
[2026-06-02T06:35:18.769+0000] {logging_mixin.py:190} INFO - [2026-06-02T06:35:18.768+0000] {dagbag.py:588} INFO - Filling up the DagBag from /opt/airflow/dags/create_mart_dag.py
[2026-06-02T06:35:18.807+0000] {processor.py:925} INFO - DAG(s) 'create_analytics_mart' retrieved from /opt/airflow/dags/create_mart_dag.py
[2026-06-02T06:35:18.843+0000] {logging_mixin.py:190} INFO - [2026-06-02T06:35:18.843+0000] {dag.py:3239} INFO - Sync 1 DAGs
[2026-06-02T06:35:18.870+0000] {logging_mixin.py:190} INFO - [2026-06-02T06:35:18.869+0000] {dag.py:4180} INFO - Setting next_dagrun for create_analytics_mart to 2026-06-01 02:00:00+00:00, run_after=2026-06-02 02:00:00+00:00
[2026-06-02T06:35:18.913+0000] {processor.py:208} INFO - Processing /opt/airflow/dags/create_mart_dag.py took 0.157 seconds
[2026-06-02T06:35:49.026+0000] {processor.py:186} INFO - Started process (PID=207) to work on /opt/airflow/dags/create_mart_dag.py
[2026-06-02T06:35:49.028+0000] {processor.py:914} INFO - Processing file /opt/airflow/dags/create_mart_dag.py for tasks to queue
[2026-06-02T06:35:49.031+0000] {logging_mixin.py:190} INFO - [2026-06-02T06:35:49.031+0000] {dagbag.py:588} INFO - Filling up the DagBag from /opt/airflow/dags/create_mart_dag.py
[2026-06-02T06:35:49.053+0000] {processor.py:925} INFO - DAG(s) 'create_analytics_mart' retrieved from /opt/airflow/dags/create_mart_dag.py
[2026-06-02T06:35:49.077+0000] {logging_mixin.py:190} INFO - [2026-06-02T06:35:49.077+0000] {dag.py:3239} INFO - Sync 1 DAGs
[2026-06-02T06:35:49.097+0000] {logging_mixin.py:190} INFO - [2026-06-02T06:35:49.096+0000] {dag.py:4180} INFO - Setting next_dagrun for create_analytics_mart to 2026-06-01 02:00:00+00:00, run_after=2026-06-02 02:00:00+00:00
[2026-06-02T06:35:49.126+0000] {processor.py:208} INFO - Processing /opt/airflow/dags/create_mart_dag.py took 0.105 seconds
[2026-06-02T06:36:19.369+0000] {processor.py:186} INFO - Started process (PID=218) to work on /opt/airflow/dags/create_mart_dag.py
[2026-06-02T06:36:19.370+0000] {processor.py:914} INFO - Processing file /opt/airflow/dags/create_mart_dag.py for tasks to queue
[2026-06-02T06:36:19.372+0000] {logging_mixin.py:190} INFO - [2026-06-02T06:36:19.371+0000] {dagbag.py:588} INFO - Filling up the DagBag from /opt/airflow/dags/create_mart_dag.py
[2026-06-02T06:36:19.396+0000] {processor.py:925} INFO - DAG(s) 'create_analytics_mart' retrieved from /opt/airflow/dags/create_mart_dag.py
[2026-06-02T06:36:19.416+0000] {logging_mixin.py:190} INFO - [2026-06-02T06:36:19.416+0000] {dag.py:3239} INFO - Sync 1 DAGs
[2026-06-02T06:36:19.433+0000] {logging_mixin.py:190} INFO - [2026-06-02T06:36:19.433+0000] {dag.py:4180} INFO - Setting next_dagrun for create_analytics_mart to 2026-06-01 02:00:00+00:00, run_after=2026-06-02 02:00:00+00:00
[2026-06-02T06:36:19.461+0000] {processor.py:208} INFO - Processing /opt/airflow/dags/create_mart_dag.py took 0.098 seconds
[2026-06-02T06:36:49.585+0000] {processor.py:186} INFO - Started process (PID=229) to work on /opt/airflow/dags/create_mart_dag.py
[2026-06-02T06:36:49.586+0000] {processor.py:914} INFO - Processing file /opt/airflow/dags/create_mart_dag.py for tasks to queue
[2026-06-02T06:36:49.588+0000] {logging_mixin.py:190} INFO - [2026-06-02T06:36:49.587+0000] {dagbag.py:588} INFO - Filling up the DagBag from /opt/airflow/dags/create_mart_dag.py
[2026-06-02T06:36:49.605+0000] {processor.py:925} INFO - DAG(s) 'create_analytics_mart' retrieved from /opt/airflow/dags/create_mart_dag.py
[2026-06-02T06:36:49.624+0000] {logging_mixin.py:190} INFO - [2026-06-02T06:36:49.624+0000] {dag.py:3239} INFO - Sync 1 DAGs
[2026-06-02T06:36:49.654+0000] {logging_mixin.py:190} INFO - [2026-06-02T06:36:49.653+0000] {dag.py:4180} INFO - Setting next_dagrun for create_analytics_mart to 2026-06-01 02:00:00+00:00, run_after=2026-06-02 02:00:00+00:00
[2026-06-02T06:36:49.686+0000] {processor.py:208} INFO - Processing /opt/airflow/dags/create_mart_dag.py took 0.106 seconds
[2026-06-02T06:37:19.936+0000] {processor.py:186} INFO - Started process (PID=246) to work on /opt/airflow/dags/create_mart_dag.py
[2026-06-02T06:37:19.938+0000] {processor.py:914} INFO - Processing file /opt/airflow/dags/create_mart_dag.py for tasks to queue
[2026-06-02T06:37:19.940+0000] {logging_mixin.py:190} INFO - [2026-06-02T06:37:19.940+0000] {dagbag.py:588} INFO - Filling up the DagBag from /opt/airflow/dags/create_mart_dag.py
[2026-06-02T06:37:19.972+0000] {processor.py:925} INFO - DAG(s) 'create_analytics_mart' retrieved from /opt/airflow/dags/create_mart_dag.py
[2026-06-02T06:37:19.998+0000] {logging_mixin.py:190} INFO - [2026-06-02T06:37:19.997+0000] {dag.py:3239} INFO - Sync 1 DAGs
[2026-06-02T06:37:20.018+0000] {logging_mixin.py:190} INFO - [2026-06-02T06:37:20.017+0000] {dag.py:4180} INFO - Setting next_dagrun for create_analytics_mart to 2026-06-02 02:00:00+00:00, run_after=2026-06-03 02:00:00+00:00
[2026-06-02T06:37:20.040+0000] {processor.py:208} INFO - Processing /opt/airflow/dags/create_mart_dag.py took 0.108 seconds
[2026-06-02T06:37:50.284+0000] {processor.py:186} INFO - Started process (PID=257) to work on /opt/airflow/dags/create_mart_dag.py
[2026-06-02T06:37:50.287+0000] {processor.py:914} INFO - Processing file /opt/airflow/dags/create_mart_dag.py for tasks to queue
[2026-06-02T06:37:50.298+0000] {logging_mixin.py:190} INFO - [2026-06-02T06:37:50.296+0000] {dagbag.py:588} INFO - Filling up the DagBag from /opt/airflow/dags/create_mart_dag.py
[2026-06-02T06:37:50.435+0000] {processor.py:925} INFO - DAG(s) 'create_analytics_mart' retrieved from /opt/airflow/dags/create_mart_dag.py
[2026-06-02T06:37:50.544+0000] {logging_mixin.py:190} INFO - [2026-06-02T06:37:50.543+0000] {dag.py:3239} INFO - Sync 1 DAGs
[2026-06-02T06:37:50.681+0000] {logging_mixin.py:190} INFO - [2026-06-02T06:37:50.680+0000] {dag.py:4180} INFO - Setting next_dagrun for create_analytics_mart to 2026-06-02 02:00:00+00:00, run_after=2026-06-03 02:00:00+00:00
[2026-06-02T06:37:50.779+0000] {processor.py:208} INFO - Processing /opt/airflow/dags/create_mart_dag.py took 0.514 seconds
[2026-06-02T06:38:21.186+0000] {processor.py:186} INFO - Started process (PID=268) to work on /opt/airflow/dags/create_mart_dag.py
[2026-06-02T06:38:21.187+0000] {processor.py:914} INFO - Processing file /opt/airflow/dags/create_mart_dag.py for tasks to queue
[2026-06-02T06:38:21.191+0000] {logging_mixin.py:190} INFO - [2026-06-02T06:38:21.190+0000] {dagbag.py:588} INFO - Filling up the DagBag from /opt/airflow/dags/create_mart_dag.py
[2026-06-02T06:38:21.218+0000] {processor.py:925} INFO - DAG(s) 'create_analytics_mart' retrieved from /opt/airflow/dags/create_mart_dag.py
[2026-06-02T06:38:21.242+0000] {logging_mixin.py:190} INFO - [2026-06-02T06:38:21.242+0000] {dag.py:3239} INFO - Sync 1 DAGs
[2026-06-02T06:38:21.262+0000] {logging_mixin.py:190} INFO - [2026-06-02T06:38:21.262+0000] {dag.py:4180} INFO - Setting next_dagrun for create_analytics_mart to 2026-06-02 02:00:00+00:00, run_after=2026-06-03 02:00:00+00:00
[2026-06-02T06:38:21.291+0000] {processor.py:208} INFO - Processing /opt/airflow/dags/create_mart_dag.py took 0.111 seconds
[2026-06-02T06:38:51.423+0000] {processor.py:186} INFO - Started process (PID=279) to work on /opt/airflow/dags/create_mart_dag.py
[2026-06-02T06:38:51.425+0000] {processor.py:914} INFO - Processing file /opt/airflow/dags/create_mart_dag.py for tasks to queue
[2026-06-02T06:38:51.430+0000] {logging_mixin.py:190} INFO - [2026-06-02T06:38:51.429+0000] {dagbag.py:588} INFO - Filling up the DagBag from /opt/airflow/dags/create_mart_dag.py
[2026-06-02T06:38:51.461+0000] {processor.py:925} INFO - DAG(s) 'create_analytics_mart' retrieved from /opt/airflow/dags/create_mart_dag.py
[2026-06-02T06:38:51.484+0000] {logging_mixin.py:190} INFO - [2026-06-02T06:38:51.484+0000] {dag.py:3239} INFO - Sync 1 DAGs
[2026-06-02T06:38:51.505+0000] {logging_mixin.py:190} INFO - [2026-06-02T06:38:51.505+0000] {dag.py:4180} INFO - Setting next_dagrun for create_analytics_mart to 2026-06-02 02:00:00+00:00, run_after=2026-06-03 02:00:00+00:00
[2026-06-02T06:38:51.528+0000] {processor.py:208} INFO - Processing /opt/airflow/dags/create_mart_dag.py took 0.110 seconds
[2026-06-02T06:39:21.857+0000] {processor.py:186} INFO - Started process (PID=290) to work on /opt/airflow/dags/create_mart_dag.py
[2026-06-02T06:39:21.858+0000] {processor.py:914} INFO - Processing file /opt/airflow/dags/create_mart_dag.py for tasks to queue
[2026-06-02T06:39:21.860+0000] {logging_mixin.py:190} INFO - [2026-06-02T06:39:21.860+0000] {dagbag.py:588} INFO - Filling up the DagBag from /opt/airflow/dags/create_mart_dag.py
[2026-06-02T06:39:21.883+0000] {processor.py:925} INFO - DAG(s) 'create_analytics_mart' retrieved from /opt/airflow/dags/create_mart_dag.py
[2026-06-02T06:39:21.905+0000] {logging_mixin.py:190} INFO - [2026-06-02T06:39:21.904+0000] {dag.py:3239} INFO - Sync 1 DAGs
[2026-06-02T06:39:21.925+0000] {logging_mixin.py:190} INFO - [2026-06-02T06:39:21.925+0000] {dag.py:4180} INFO - Setting next_dagrun for create_analytics_mart to 2026-06-02 02:00:00+00:00, run_after=2026-06-03 02:00:00+00:00
[2026-06-02T06:39:21.941+0000] {processor.py:208} INFO - Processing /opt/airflow/dags/create_mart_dag.py took 0.089 seconds
[2026-06-02T13:56:22.719+0000] {processor.py:186} INFO - Started process (PID=174) to work on /opt/airflow/dags/create_mart_dag.py
[2026-06-02T13:56:22.721+0000] {processor.py:914} INFO - Processing file /opt/airflow/dags/create_mart_dag.py for tasks to queue
[2026-06-02T13:56:22.724+0000] {logging_mixin.py:190} INFO - [2026-06-02T13:56:22.724+0000] {dagbag.py:588} INFO - Filling up the DagBag from /opt/airflow/dags/create_mart_dag.py
[2026-06-02T13:56:22.761+0000] {processor.py:925} INFO - DAG(s) 'create_analytics_mart' retrieved from /opt/airflow/dags/create_mart_dag.py
[2026-06-02T13:56:22.802+0000] {logging_mixin.py:190} INFO - [2026-06-02T13:56:22.802+0000] {dag.py:3239} INFO - Sync 1 DAGs
[2026-06-02T13:56:22.844+0000] {logging_mixin.py:190} INFO - [2026-06-02T13:56:22.843+0000] {dag.py:4180} INFO - Setting next_dagrun for create_analytics_mart to 2026-06-02 02:00:00+00:00, run_after=2026-06-03 02:00:00+00:00
[2026-06-02T13:56:22.879+0000] {processor.py:208} INFO - Processing /opt/airflow/dags/create_mart_dag.py took 0.168 seconds
[2026-06-02T13:56:53.050+0000] {processor.py:186} INFO - Started process (PID=189) to work on /opt/airflow/dags/create_mart_dag.py
[2026-06-02T13:56:53.051+0000] {processor.py:914} INFO - Processing file /opt/airflow/dags/create_mart_dag.py for tasks to queue
[2026-06-02T13:56:53.052+0000] {logging_mixin.py:190} INFO - [2026-06-02T13:56:53.052+0000] {dagbag.py:588} INFO - Filling up the DagBag from /opt/airflow/dags/create_mart_dag.py
[2026-06-02T13:56:53.067+0000] {processor.py:925} INFO - DAG(s) 'create_analytics_mart' retrieved from /opt/airflow/dags/create_mart_dag.py
[2026-06-02T13:56:53.087+0000] {logging_mixin.py:190} INFO - [2026-06-02T13:56:53.087+0000] {dag.py:3239} INFO - Sync 1 DAGs
[2026-06-02T13:56:53.103+0000] {logging_mixin.py:190} INFO - [2026-06-02T13:56:53.103+0000] {dag.py:4180} INFO - Setting next_dagrun for create_analytics_mart to 2026-06-02 02:00:00+00:00, run_after=2026-06-03 02:00:00+00:00
[2026-06-02T13:56:53.118+0000] {processor.py:208} INFO - Processing /opt/airflow/dags/create_mart_dag.py took 0.072 seconds
[2026-06-02T13:57:23.264+0000] {processor.py:186} INFO - Started process (PID=200) to work on /opt/airflow/dags/create_mart_dag.py
[2026-06-02T13:57:23.266+0000] {processor.py:914} INFO - Processing file /opt/airflow/dags/create_mart_dag.py for tasks to queue
[2026-06-02T13:57:23.270+0000] {logging_mixin.py:190} INFO - [2026-06-02T13:57:23.269+0000] {dagbag.py:588} INFO - Filling up the DagBag from /opt/airflow/dags/create_mart_dag.py
[2026-06-02T13:57:23.292+0000] {processor.py:925} INFO - DAG(s) 'create_analytics_mart' retrieved from /opt/airflow/dags/create_mart_dag.py
[2026-06-02T13:57:23.314+0000] {logging_mixin.py:190} INFO - [2026-06-02T13:57:23.314+0000] {dag.py:3239} INFO - Sync 1 DAGs
[2026-06-02T13:57:23.331+0000] {logging_mixin.py:190} INFO - [2026-06-02T13:57:23.330+0000] {dag.py:4180} INFO - Setting next_dagrun for create_analytics_mart to 2026-06-02 02:00:00+00:00, run_after=2026-06-03 02:00:00+00:00
[2026-06-02T13:57:23.357+0000] {processor.py:208} INFO - Processing /opt/airflow/dags/create_mart_dag.py took 0.097 seconds
[2026-06-02T13:57:53.541+0000] {processor.py:186} INFO - Started process (PID=211) to work on /opt/airflow/dags/create_mart_dag.py
[2026-06-02T13:57:53.542+0000] {processor.py:914} INFO - Processing file /opt/airflow/dags/create_mart_dag.py for tasks to queue
[2026-06-02T13:57:53.544+0000] {logging_mixin.py:190} INFO - [2026-06-02T13:57:53.544+0000] {dagbag.py:588} INFO - Filling up the DagBag from /opt/airflow/dags/create_mart_dag.py
[2026-06-02T13:57:53.564+0000] {processor.py:925} INFO - DAG(s) 'create_analytics_mart' retrieved from /opt/airflow/dags/create_mart_dag.py
[2026-06-02T13:57:53.582+0000] {logging_mixin.py:190} INFO - [2026-06-02T13:57:53.582+0000] {dag.py:3239} INFO - Sync 1 DAGs
[2026-06-02T13:57:53.602+0000] {logging_mixin.py:190} INFO - [2026-06-02T13:57:53.602+0000] {dag.py:4180} INFO - Setting next_dagrun for create_analytics_mart to 2026-06-02 02:00:00+00:00, run_after=2026-06-03 02:00:00+00:00
[2026-06-02T13:57:53.620+0000] {processor.py:208} INFO - Processing /opt/airflow/dags/create_mart_dag.py took 0.082 seconds
[2026-06-02T13:58:23.737+0000] {processor.py:186} INFO - Started process (PID=222) to work on /opt/airflow/dags/create_mart_dag.py
[2026-06-02T13:58:23.738+0000] {processor.py:914} INFO - Processing file /opt/airflow/dags/create_mart_dag.py for tasks to queue
[2026-06-02T13:58:23.739+0000] {logging_mixin.py:190} INFO - [2026-06-02T13:58:23.739+0000] {dagbag.py:588} INFO - Filling up the DagBag from /opt/airflow/dags/create_mart_dag.py
[2026-06-02T13:58:23.758+0000] {processor.py:925} INFO - DAG(s) 'create_analytics_mart' retrieved from /opt/airflow/dags/create_mart_dag.py
[2026-06-02T13:58:23.790+0000] {logging_mixin.py:190} INFO - [2026-06-02T13:58:23.790+0000] {dag.py:3239} INFO - Sync 1 DAGs
[2026-06-02T13:58:23.815+0000] {logging_mixin.py:190} INFO - [2026-06-02T13:58:23.814+0000] {dag.py:4180} INFO - Setting next_dagrun for create_analytics_mart to 2026-06-02 02:00:00+00:00, run_after=2026-06-03 02:00:00+00:00
[2026-06-02T13:58:23.833+0000] {processor.py:208} INFO - Processing /opt/airflow/dags/create_mart_dag.py took 0.101 seconds
[2026-06-02T13:58:53.963+0000] {processor.py:186} INFO - Started process (PID=233) to work on /opt/airflow/dags/create_mart_dag.py
[2026-06-02T13:58:53.964+0000] {processor.py:914} INFO - Processing file /opt/airflow/dags/create_mart_dag.py for tasks to queue
[2026-06-02T13:58:53.965+0000] {logging_mixin.py:190} INFO - [2026-06-02T13:58:53.965+0000] {dagbag.py:588} INFO - Filling up the DagBag from /opt/airflow/dags/create_mart_dag.py
[2026-06-02T13:58:53.981+0000] {processor.py:925} INFO - DAG(s) 'create_analytics_mart' retrieved from /opt/airflow/dags/create_mart_dag.py
[2026-06-02T13:58:53.999+0000] {logging_mixin.py:190} INFO - [2026-06-02T13:58:53.999+0000] {dag.py:3239} INFO - Sync 1 DAGs
[2026-06-02T13:58:54.016+0000] {logging_mixin.py:190} INFO - [2026-06-02T13:58:54.016+0000] {dag.py:4180} INFO - Setting next_dagrun for create_analytics_mart to 2026-06-02 02:00:00+00:00, run_after=2026-06-03 02:00:00+00:00
[2026-06-02T13:58:54.034+0000] {processor.py:208} INFO - Processing /opt/airflow/dags/create_mart_dag.py took 0.074 seconds
[2026-06-02T13:59:24.188+0000] {processor.py:186} INFO - Started process (PID=244) to work on /opt/airflow/dags/create_mart_dag.py
[2026-06-02T13:59:24.189+0000] {processor.py:914} INFO - Processing file /opt/airflow/dags/create_mart_dag.py for tasks to queue
[2026-06-02T13:59:24.190+0000] {logging_mixin.py:190} INFO - [2026-06-02T13:59:24.190+0000] {dagbag.py:588} INFO - Filling up the DagBag from /opt/airflow/dags/create_mart_dag.py
[2026-06-02T13:59:24.211+0000] {processor.py:925} INFO - DAG(s) 'create_analytics_mart' retrieved from /opt/airflow/dags/create_mart_dag.py
[2026-06-02T13:59:24.232+0000] {logging_mixin.py:190} INFO - [2026-06-02T13:59:24.232+0000] {dag.py:3239} INFO - Sync 1 DAGs
[2026-06-02T13:59:24.258+0000] {logging_mixin.py:190} INFO - [2026-06-02T13:59:24.257+0000] {dag.py:4180} INFO - Setting next_dagrun for create_analytics_mart to 2026-06-02 02:00:00+00:00, run_after=2026-06-03 02:00:00+00:00
[2026-06-02T13:59:24.282+0000] {processor.py:208} INFO - Processing /opt/airflow/dags/create_mart_dag.py took 0.098 seconds
[2026-06-02T13:59:55.912+0000] {processor.py:186} INFO - Started process (PID=172) to work on /opt/airflow/dags/create_mart_dag.py
[2026-06-02T13:59:55.913+0000] {processor.py:914} INFO - Processing file /opt/airflow/dags/create_mart_dag.py for tasks to queue
[2026-06-02T13:59:55.915+0000] {logging_mixin.py:190} INFO - [2026-06-02T13:59:55.914+0000] {dagbag.py:588} INFO - Filling up the DagBag from /opt/airflow/dags/create_mart_dag.py
[2026-06-02T13:59:55.941+0000] {processor.py:925} INFO - DAG(s) 'create_analytics_mart' retrieved from /opt/airflow/dags/create_mart_dag.py
[2026-06-02T13:59:55.965+0000] {logging_mixin.py:190} INFO - [2026-06-02T13:59:55.965+0000] {dag.py:3239} INFO - Sync 1 DAGs
[2026-06-02T13:59:55.990+0000] {logging_mixin.py:190} INFO - [2026-06-02T13:59:55.989+0000] {dag.py:4180} INFO - Setting next_dagrun for create_analytics_mart to 2026-06-02 02:00:00+00:00, run_after=2026-06-03 02:00:00+00:00
[2026-06-02T13:59:56.008+0000] {processor.py:208} INFO - Processing /opt/airflow/dags/create_mart_dag.py took 0.100 seconds
[2026-06-02T14:00:26.112+0000] {processor.py:186} INFO - Started process (PID=183) to work on /opt/airflow/dags/create_mart_dag.py
[2026-06-02T14:00:26.113+0000] {processor.py:914} INFO - Processing file /opt/airflow/dags/create_mart_dag.py for tasks to queue
[2026-06-02T14:00:26.115+0000] {logging_mixin.py:190} INFO - [2026-06-02T14:00:26.115+0000] {dagbag.py:588} INFO - Filling up the DagBag from /opt/airflow/dags/create_mart_dag.py
[2026-06-02T14:00:26.130+0000] {processor.py:925} INFO - DAG(s) 'create_analytics_mart' retrieved from /opt/airflow/dags/create_mart_dag.py
[2026-06-02T14:00:26.151+0000] {logging_mixin.py:190} INFO - [2026-06-02T14:00:26.151+0000] {dag.py:3239} INFO - Sync 1 DAGs
[2026-06-02T14:00:26.166+0000] {logging_mixin.py:190} INFO - [2026-06-02T14:00:26.166+0000] {dag.py:4180} INFO - Setting next_dagrun for create_analytics_mart to 2026-06-02 02:00:00+00:00, run_after=2026-06-03 02:00:00+00:00
[2026-06-02T14:00:26.180+0000] {processor.py:208} INFO - Processing /opt/airflow/dags/create_mart_dag.py took 0.072 seconds
[2026-06-02T14:00:56.293+0000] {processor.py:186} INFO - Started process (PID=194) to work on /opt/airflow/dags/create_mart_dag.py
[2026-06-02T14:00:56.294+0000] {processor.py:914} INFO - Processing file /opt/airflow/dags/create_mart_dag.py for tasks to queue
[2026-06-02T14:00:56.296+0000] {logging_mixin.py:190} INFO - [2026-06-02T14:00:56.295+0000] {dagbag.py:588} INFO - Filling up the DagBag from /opt/airflow/dags/create_mart_dag.py
[2026-06-02T14:00:56.310+0000] {processor.py:925} INFO - DAG(s) 'create_analytics_mart' retrieved from /opt/airflow/dags/create_mart_dag.py
[2026-06-02T14:00:56.328+0000] {logging_mixin.py:190} INFO - [2026-06-02T14:00:56.328+0000] {dag.py:3239} INFO - Sync 1 DAGs
[2026-06-02T14:00:56.344+0000] {logging_mixin.py:190} INFO - [2026-06-02T14:00:56.344+0000] {dag.py:4180} INFO - Setting next_dagrun for create_analytics_mart to 2026-06-02 02:00:00+00:00, run_after=2026-06-03 02:00:00+00:00
[2026-06-02T14:00:56.361+0000] {processor.py:208} INFO - Processing /opt/airflow/dags/create_mart_dag.py took 0.072 seconds
[2026-06-02T14:01:26.562+0000] {processor.py:186} INFO - Started process (PID=205) to work on /opt/airflow/dags/create_mart_dag.py
[2026-06-02T14:01:26.563+0000] {processor.py:914} INFO - Processing file /opt/airflow/dags/create_mart_dag.py for tasks to queue
[2026-06-02T14:01:26.565+0000] {logging_mixin.py:190} INFO - [2026-06-02T14:01:26.565+0000] {dagbag.py:588} INFO - Filling up the DagBag from /opt/airflow/dags/create_mart_dag.py
[2026-06-02T14:01:26.581+0000] {processor.py:925} INFO - DAG(s) 'create_analytics_mart' retrieved from /opt/airflow/dags/create_mart_dag.py
[2026-06-02T14:01:26.599+0000] {logging_mixin.py:190} INFO - [2026-06-02T14:01:26.599+0000] {dag.py:3239} INFO - Sync 1 DAGs
[2026-06-02T14:01:26.615+0000] {logging_mixin.py:190} INFO - [2026-06-02T14:01:26.615+0000] {dag.py:4180} INFO - Setting next_dagrun for create_analytics_mart to 2026-06-02 02:00:00+00:00, run_after=2026-06-03 02:00:00+00:00
[2026-06-02T14:01:26.632+0000] {processor.py:208} INFO - Processing /opt/airflow/dags/create_mart_dag.py took 0.073 seconds
[2026-06-02T14:01:56.842+0000] {processor.py:186} INFO - Started process (PID=216) to work on /opt/airflow/dags/create_mart_dag.py
[2026-06-02T14:01:56.844+0000] {processor.py:914} INFO - Processing file /opt/airflow/dags/create_mart_dag.py for tasks to queue
[2026-06-02T14:01:56.846+0000] {logging_mixin.py:190} INFO - [2026-06-02T14:01:56.846+0000] {dagbag.py:588} INFO - Filling up the DagBag from /opt/airflow/dags/create_mart_dag.py
[2026-06-02T14:01:56.876+0000] {processor.py:925} INFO - DAG(s) 'create_analytics_mart' retrieved from /opt/airflow/dags/create_mart_dag.py
[2026-06-02T14:01:56.903+0000] {logging_mixin.py:190} INFO - [2026-06-02T14:01:56.903+0000] {dag.py:3239} INFO - Sync 1 DAGs
[2026-06-02T14:01:56.928+0000] {logging_mixin.py:190} INFO - [2026-06-02T14:01:56.928+0000] {dag.py:4180} INFO - Setting next_dagrun for create_analytics_mart to 2026-06-02 02:00:00+00:00, run_after=2026-06-03 02:00:00+00:00
[2026-06-02T14:01:56.971+0000] {processor.py:208} INFO - Processing /opt/airflow/dags/create_mart_dag.py took 0.134 seconds
[2026-06-02T14:02:45.212+0000] {processor.py:186} INFO - Started process (PID=172) to work on /opt/airflow/dags/create_mart_dag.py
[2026-06-02T14:02:45.213+0000] {processor.py:914} INFO - Processing file /opt/airflow/dags/create_mart_dag.py for tasks to queue
[2026-06-02T14:02:45.217+0000] {logging_mixin.py:190} INFO - [2026-06-02T14:02:45.216+0000] {dagbag.py:588} INFO - Filling up the DagBag from /opt/airflow/dags/create_mart_dag.py
[2026-06-02T14:02:45.287+0000] {processor.py:925} INFO - DAG(s) 'create_analytics_mart' retrieved from /opt/airflow/dags/create_mart_dag.py
[2026-06-02T14:02:45.345+0000] {logging_mixin.py:190} INFO - [2026-06-02T14:02:45.344+0000] {dag.py:3239} INFO - Sync 1 DAGs
[2026-06-02T14:02:45.381+0000] {logging_mixin.py:190} INFO - [2026-06-02T14:02:45.381+0000] {dag.py:4180} INFO - Setting next_dagrun for create_analytics_mart to 2026-06-02 02:00:00+00:00, run_after=2026-06-03 02:00:00+00:00
[2026-06-02T14:02:45.416+0000] {processor.py:208} INFO - Processing /opt/airflow/dags/create_mart_dag.py took 0.210 seconds
[2026-06-02T14:03:15.625+0000] {processor.py:186} INFO - Started process (PID=183) to work on /opt/airflow/dags/create_mart_dag.py
[2026-06-02T14:03:15.626+0000] {processor.py:914} INFO - Processing file /opt/airflow/dags/create_mart_dag.py for tasks to queue
[2026-06-02T14:03:15.628+0000] {logging_mixin.py:190} INFO - [2026-06-02T14:03:15.627+0000] {dagbag.py:588} INFO - Filling up the DagBag from /opt/airflow/dags/create_mart_dag.py
[2026-06-02T14:03:15.645+0000] {processor.py:925} INFO - DAG(s) 'create_analytics_mart' retrieved from /opt/airflow/dags/create_mart_dag.py
[2026-06-02T14:03:15.663+0000] {logging_mixin.py:190} INFO - [2026-06-02T14:03:15.663+0000] {dag.py:3239} INFO - Sync 1 DAGs
[2026-06-02T14:03:15.681+0000] {logging_mixin.py:190} INFO - [2026-06-02T14:03:15.681+0000] {dag.py:4180} INFO - Setting next_dagrun for create_analytics_mart to 2026-06-02 02:00:00+00:00, run_after=2026-06-03 02:00:00+00:00
[2026-06-02T14:03:15.697+0000] {processor.py:208} INFO - Processing /opt/airflow/dags/create_mart_dag.py took 0.076 seconds
[2026-06-02T14:03:45.805+0000] {processor.py:186} INFO - Started process (PID=203) to work on /opt/airflow/dags/create_mart_dag.py
[2026-06-02T14:03:45.806+0000] {processor.py:914} INFO - Processing file /opt/airflow/dags/create_mart_dag.py for tasks to queue
[2026-06-02T14:03:45.807+0000] {logging_mixin.py:190} INFO - [2026-06-02T14:03:45.807+0000] {dagbag.py:588} INFO - Filling up the DagBag from /opt/airflow/dags/create_mart_dag.py
[2026-06-02T14:03:45.823+0000] {processor.py:925} INFO - DAG(s) 'create_analytics_mart' retrieved from /opt/airflow/dags/create_mart_dag.py
[2026-06-02T14:03:45.845+0000] {logging_mixin.py:190} INFO - [2026-06-02T14:03:45.845+0000] {dag.py:3239} INFO - Sync 1 DAGs
[2026-06-02T14:03:45.861+0000] {logging_mixin.py:190} INFO - [2026-06-02T14:03:45.861+0000] {dag.py:4180} INFO - Setting next_dagrun for create_analytics_mart to 2026-06-02 02:00:00+00:00, run_after=2026-06-03 02:00:00+00:00
[2026-06-02T14:03:45.876+0000] {processor.py:208} INFO - Processing /opt/airflow/dags/create_mart_dag.py took 0.075 seconds
[2026-06-02T14:04:16.066+0000] {processor.py:186} INFO - Started process (PID=214) to work on /opt/airflow/dags/create_mart_dag.py
[2026-06-02T14:04:16.067+0000] {processor.py:914} INFO - Processing file /opt/airflow/dags/create_mart_dag.py for tasks to queue
[2026-06-02T14:04:16.070+0000] {logging_mixin.py:190} INFO - [2026-06-02T14:04:16.070+0000] {dagbag.py:588} INFO - Filling up the DagBag from /opt/airflow/dags/create_mart_dag.py
[2026-06-02T14:04:16.096+0000] {processor.py:925} INFO - DAG(s) 'create_analytics_mart' retrieved from /opt/airflow/dags/create_mart_dag.py
[2026-06-02T14:04:16.114+0000] {logging_mixin.py:190} INFO - [2026-06-02T14:04:16.114+0000] {dag.py:3239} INFO - Sync 1 DAGs
[2026-06-02T14:04:16.131+0000] {logging_mixin.py:190} INFO - [2026-06-02T14:04:16.130+0000] {dag.py:4180} INFO - Setting next_dagrun for create_analytics_mart to 2026-06-02 02:00:00+00:00, run_after=2026-06-03 02:00:00+00:00
[2026-06-02T14:04:16.146+0000] {processor.py:208} INFO - Processing /opt/airflow/dags/create_mart_dag.py took 0.083 seconds
[2026-06-02T14:04:46.301+0000] {processor.py:186} INFO - Started process (PID=225) to work on /opt/airflow/dags/create_mart_dag.py
[2026-06-02T14:04:46.301+0000] {processor.py:914} INFO - Processing file /opt/airflow/dags/create_mart_dag.py for tasks to queue
[2026-06-02T14:04:46.303+0000] {logging_mixin.py:190} INFO - [2026-06-02T14:04:46.303+0000] {dagbag.py:588} INFO - Filling up the DagBag from /opt/airflow/dags/create_mart_dag.py
[2026-06-02T14:04:46.322+0000] {processor.py:925} INFO - DAG(s) 'create_analytics_mart' retrieved from /opt/airflow/dags/create_mart_dag.py
[2026-06-02T14:04:46.342+0000] {logging_mixin.py:190} INFO - [2026-06-02T14:04:46.341+0000] {dag.py:3239} INFO - Sync 1 DAGs
[2026-06-02T14:04:46.360+0000] {logging_mixin.py:190} INFO - [2026-06-02T14:04:46.360+0000] {dag.py:4180} INFO - Setting next_dagrun for create_analytics_mart to 2026-06-02 02:00:00+00:00, run_after=2026-06-03 02:00:00+00:00
[2026-06-02T14:04:46.385+0000] {processor.py:208} INFO - Processing /opt/airflow/dags/create_mart_dag.py took 0.089 seconds
[2026-06-02T14:05:16.520+0000] {processor.py:186} INFO - Started process (PID=237) to work on /opt/airflow/dags/create_mart_dag.py
[2026-06-02T14:05:16.521+0000] {processor.py:914} INFO - Processing file /opt/airflow/dags/create_mart_dag.py for tasks to queue
[2026-06-02T14:05:16.523+0000] {logging_mixin.py:190} INFO - [2026-06-02T14:05:16.522+0000] {dagbag.py:588} INFO - Filling up the DagBag from /opt/airflow/dags/create_mart_dag.py
[2026-06-02T14:05:16.538+0000] {processor.py:925} INFO - DAG(s) 'create_analytics_mart' retrieved from /opt/airflow/dags/create_mart_dag.py
[2026-06-02T14:05:16.557+0000] {logging_mixin.py:190} INFO - [2026-06-02T14:05:16.557+0000] {dag.py:3239} INFO - Sync 1 DAGs
[2026-06-02T14:05:16.574+0000] {logging_mixin.py:190} INFO - [2026-06-02T14:05:16.574+0000] {dag.py:4180} INFO - Setting next_dagrun for create_analytics_mart to 2026-06-02 02:00:00+00:00, run_after=2026-06-03 02:00:00+00:00
[2026-06-02T14:05:16.591+0000] {processor.py:208} INFO - Processing /opt/airflow/dags/create_mart_dag.py took 0.075 seconds
[2026-06-02T14:05:46.749+0000] {processor.py:186} INFO - Started process (PID=258) to work on /opt/airflow/dags/create_mart_dag.py
[2026-06-02T14:05:46.750+0000] {processor.py:914} INFO - Processing file /opt/airflow/dags/create_mart_dag.py for tasks to queue
[2026-06-02T14:05:46.753+0000] {logging_mixin.py:190} INFO - [2026-06-02T14:05:46.753+0000] {dagbag.py:588} INFO - Filling up the DagBag from /opt/airflow/dags/create_mart_dag.py
[2026-06-02T14:05:46.780+0000] {processor.py:925} INFO - DAG(s) 'create_analytics_mart' retrieved from /opt/airflow/dags/create_mart_dag.py
[2026-06-02T14:05:46.804+0000] {logging_mixin.py:190} INFO - [2026-06-02T14:05:46.804+0000] {dag.py:3239} INFO - Sync 1 DAGs
[2026-06-02T14:05:46.826+0000] {logging_mixin.py:190} INFO - [2026-06-02T14:05:46.826+0000] {dag.py:4180} INFO - Setting next_dagrun for create_analytics_mart to 2026-06-02 02:00:00+00:00, run_after=2026-06-03 02:00:00+00:00
[2026-06-02T14:05:46.847+0000] {processor.py:208} INFO - Processing /opt/airflow/dags/create_mart_dag.py took 0.105 seconds
[2026-06-02T14:06:16.981+0000] {processor.py:186} INFO - Started process (PID=270) to work on /opt/airflow/dags/create_mart_dag.py
[2026-06-02T14:06:16.982+0000] {processor.py:914} INFO - Processing file /opt/airflow/dags/create_mart_dag.py for tasks to queue
[2026-06-02T14:06:16.984+0000] {logging_mixin.py:190} INFO - [2026-06-02T14:06:16.984+0000] {dagbag.py:588} INFO - Filling up the DagBag from /opt/airflow/dags/create_mart_dag.py
[2026-06-02T14:06:17.006+0000] {processor.py:925} INFO - DAG(s) 'create_analytics_mart' retrieved from /opt/airflow/dags/create_mart_dag.py
[2026-06-02T14:06:17.029+0000] {logging_mixin.py:190} INFO - [2026-06-02T14:06:17.029+0000] {dag.py:3239} INFO - Sync 1 DAGs
[2026-06-02T14:06:17.047+0000] {logging_mixin.py:190} INFO - [2026-06-02T14:06:17.046+0000] {dag.py:4180} INFO - Setting next_dagrun for create_analytics_mart to 2026-06-02 02:00:00+00:00, run_after=2026-06-03 02:00:00+00:00
[2026-06-02T14:06:17.077+0000] {processor.py:208} INFO - Processing /opt/airflow/dags/create_mart_dag.py took 0.101 seconds
[2026-06-02T14:06:47.208+0000] {processor.py:186} INFO - Started process (PID=281) to work on /opt/airflow/dags/create_mart_dag.py
[2026-06-02T14:06:47.209+0000] {processor.py:914} INFO - Processing file /opt/airflow/dags/create_mart_dag.py for tasks to queue
[2026-06-02T14:06:47.211+0000] {logging_mixin.py:190} INFO - [2026-06-02T14:06:47.211+0000] {dagbag.py:588} INFO - Filling up the DagBag from /opt/airflow/dags/create_mart_dag.py
[2026-06-02T14:06:47.268+0000] {processor.py:925} INFO - DAG(s) 'create_analytics_mart' retrieved from /opt/airflow/dags/create_mart_dag.py
[2026-06-02T14:06:47.294+0000] {logging_mixin.py:190} INFO - [2026-06-02T14:06:47.294+0000] {dag.py:3239} INFO - Sync 1 DAGs
[2026-06-02T14:06:47.312+0000] {logging_mixin.py:190} INFO - [2026-06-02T14:06:47.312+0000] {dag.py:4180} INFO - Setting next_dagrun for create_analytics_mart to 2026-06-02 02:00:00+00:00, run_after=2026-06-03 02:00:00+00:00
[2026-06-02T14:06:47.333+0000] {processor.py:208} INFO - Processing /opt/airflow/dags/create_mart_dag.py took 0.130 seconds
[2026-06-02T14:07:17.496+0000] {processor.py:186} INFO - Started process (PID=292) to work on /opt/airflow/dags/create_mart_dag.py
[2026-06-02T14:07:17.496+0000] {processor.py:914} INFO - Processing file /opt/airflow/dags/create_mart_dag.py for tasks to queue
[2026-06-02T14:07:17.499+0000] {logging_mixin.py:190} INFO - [2026-06-02T14:07:17.499+0000] {dagbag.py:588} INFO - Filling up the DagBag from /opt/airflow/dags/create_mart_dag.py
[2026-06-02T14:07:17.516+0000] {processor.py:925} INFO - DAG(s) 'create_analytics_mart' retrieved from /opt/airflow/dags/create_mart_dag.py
[2026-06-02T14:07:17.534+0000] {logging_mixin.py:190} INFO - [2026-06-02T14:07:17.534+0000] {dag.py:3239} INFO - Sync 1 DAGs
[2026-06-02T14:07:17.552+0000] {logging_mixin.py:190} INFO - [2026-06-02T14:07:17.551+0000] {dag.py:4180} INFO - Setting next_dagrun for create_analytics_mart to 2026-06-02 02:00:00+00:00, run_after=2026-06-03 02:00:00+00:00
[2026-06-02T14:07:17.582+0000] {processor.py:208} INFO - Processing /opt/airflow/dags/create_mart_dag.py took 0.090 seconds
[2026-06-02T14:07:45.876+0000] {processor.py:186} INFO - Started process (PID=172) to work on /opt/airflow/dags/create_mart_dag.py
[2026-06-02T14:07:45.877+0000] {processor.py:914} INFO - Processing file /opt/airflow/dags/create_mart_dag.py for tasks to queue
[2026-06-02T14:07:45.880+0000] {logging_mixin.py:190} INFO - [2026-06-02T14:07:45.879+0000] {dagbag.py:588} INFO - Filling up the DagBag from /opt/airflow/dags/create_mart_dag.py
[2026-06-02T14:07:45.915+0000] {processor.py:925} INFO - DAG(s) 'create_analytics_mart' retrieved from /opt/airflow/dags/create_mart_dag.py
[2026-06-02T14:07:45.947+0000] {logging_mixin.py:190} INFO - [2026-06-02T14:07:45.947+0000] {dag.py:3239} INFO - Sync 1 DAGs
[2026-06-02T14:07:45.968+0000] {logging_mixin.py:190} INFO - [2026-06-02T14:07:45.968+0000] {dag.py:4180} INFO - Setting next_dagrun for create_analytics_mart to 2026-06-02 02:00:00+00:00, run_after=2026-06-03 02:00:00+00:00
[2026-06-02T14:07:45.989+0000] {processor.py:208} INFO - Processing /opt/airflow/dags/create_mart_dag.py took 0.119 seconds
[2026-06-02T14:08:16.074+0000] {processor.py:186} INFO - Started process (PID=183) to work on /opt/airflow/dags/create_mart_dag.py
[2026-06-02T14:08:16.074+0000] {processor.py:914} INFO - Processing file /opt/airflow/dags/create_mart_dag.py for tasks to queue
[2026-06-02T14:08:16.076+0000] {logging_mixin.py:190} INFO - [2026-06-02T14:08:16.076+0000] {dagbag.py:588} INFO - Filling up the DagBag from /opt/airflow/dags/create_mart_dag.py
[2026-06-02T14:08:16.091+0000] {processor.py:925} INFO - DAG(s) 'create_analytics_mart' retrieved from /opt/airflow/dags/create_mart_dag.py
[2026-06-02T14:08:16.110+0000] {logging_mixin.py:190} INFO - [2026-06-02T14:08:16.110+0000] {dag.py:3239} INFO - Sync 1 DAGs
[2026-06-02T14:08:16.127+0000] {logging_mixin.py:190} INFO - [2026-06-02T14:08:16.127+0000] {dag.py:4180} INFO - Setting next_dagrun for create_analytics_mart to 2026-06-02 02:00:00+00:00, run_after=2026-06-03 02:00:00+00:00
[2026-06-02T14:08:16.155+0000] {processor.py:208} INFO - Processing /opt/airflow/dags/create_mart_dag.py took 0.085 seconds
[2026-06-02T14:08:46.300+0000] {processor.py:186} INFO - Started process (PID=200) to work on /opt/airflow/dags/create_mart_dag.py
[2026-06-02T14:08:46.301+0000] {processor.py:914} INFO - Processing file /opt/airflow/dags/create_mart_dag.py for tasks to queue
[2026-06-02T14:08:46.303+0000] {logging_mixin.py:190} INFO - [2026-06-02T14:08:46.303+0000] {dagbag.py:588} INFO - Filling up the DagBag from /opt/airflow/dags/create_mart_dag.py
[2026-06-02T14:08:46.329+0000] {processor.py:925} INFO - DAG(s) 'create_analytics_mart' retrieved from /opt/airflow/dags/create_mart_dag.py
[2026-06-02T14:08:46.351+0000] {logging_mixin.py:190} INFO - [2026-06-02T14:08:46.351+0000] {dag.py:3239} INFO - Sync 1 DAGs
[2026-06-02T14:08:46.370+0000] {logging_mixin.py:190} INFO - [2026-06-02T14:08:46.370+0000] {dag.py:4180} INFO - Setting next_dagrun for create_analytics_mart to 2026-06-02 02:00:00+00:00, run_after=2026-06-03 02:00:00+00:00
[2026-06-02T14:08:46.403+0000] {processor.py:208} INFO - Processing /opt/airflow/dags/create_mart_dag.py took 0.107 seconds
[2026-06-02T14:09:16.492+0000] {processor.py:186} INFO - Started process (PID=218) to work on /opt/airflow/dags/create_mart_dag.py
[2026-06-02T14:09:16.493+0000] {processor.py:914} INFO - Processing file /opt/airflow/dags/create_mart_dag.py for tasks to queue
[2026-06-02T14:09:16.496+0000] {logging_mixin.py:190} INFO - [2026-06-02T14:09:16.496+0000] {dagbag.py:588} INFO - Filling up the DagBag from /opt/airflow/dags/create_mart_dag.py
[2026-06-02T14:09:16.521+0000] {processor.py:925} INFO - DAG(s) 'create_analytics_mart' retrieved from /opt/airflow/dags/create_mart_dag.py
[2026-06-02T14:09:16.542+0000] {logging_mixin.py:190} INFO - [2026-06-02T14:09:16.542+0000] {dag.py:3239} INFO - Sync 1 DAGs
[2026-06-02T14:09:16.562+0000] {logging_mixin.py:190} INFO - [2026-06-02T14:09:16.562+0000] {dag.py:4180} INFO - Setting next_dagrun for create_analytics_mart to 2026-06-02 02:00:00+00:00, run_after=2026-06-03 02:00:00+00:00
[2026-06-02T14:09:16.593+0000] {processor.py:208} INFO - Processing /opt/airflow/dags/create_mart_dag.py took 0.105 seconds
[2026-06-02T14:09:46.664+0000] {processor.py:186} INFO - Started process (PID=230) to work on /opt/airflow/dags/create_mart_dag.py
[2026-06-02T14:09:46.665+0000] {processor.py:914} INFO - Processing file /opt/airflow/dags/create_mart_dag.py for tasks to queue
[2026-06-02T14:09:46.667+0000] {logging_mixin.py:190} INFO - [2026-06-02T14:09:46.666+0000] {dagbag.py:588} INFO - Filling up the DagBag from /opt/airflow/dags/create_mart_dag.py
[2026-06-02T14:09:46.683+0000] {processor.py:925} INFO - DAG(s) 'create_analytics_mart' retrieved from /opt/airflow/dags/create_mart_dag.py
[2026-06-02T14:09:46.701+0000] {logging_mixin.py:190} INFO - [2026-06-02T14:09:46.701+0000] {dag.py:3239} INFO - Sync 1 DAGs
[2026-06-02T14:09:46.717+0000] {logging_mixin.py:190} INFO - [2026-06-02T14:09:46.717+0000] {dag.py:4180} INFO - Setting next_dagrun for create_analytics_mart to 2026-06-02 02:00:00+00:00, run_after=2026-06-03 02:00:00+00:00
[2026-06-02T14:09:46.734+0000] {processor.py:208} INFO - Processing /opt/airflow/dags/create_mart_dag.py took 0.074 seconds
[2026-06-02T14:10:16.993+0000] {processor.py:186} INFO - Started process (PID=241) to work on /opt/airflow/dags/create_mart_dag.py
[2026-06-02T14:10:16.994+0000] {processor.py:914} INFO - Processing file /opt/airflow/dags/create_mart_dag.py for tasks to queue
[2026-06-02T14:10:16.996+0000] {logging_mixin.py:190} INFO - [2026-06-02T14:10:16.995+0000] {dagbag.py:588} INFO - Filling up the DagBag from /opt/airflow/dags/create_mart_dag.py
[2026-06-02T14:10:17.011+0000] {processor.py:925} INFO - DAG(s) 'create_analytics_mart' retrieved from /opt/airflow/dags/create_mart_dag.py
[2026-06-02T14:10:17.029+0000] {logging_mixin.py:190} INFO - [2026-06-02T14:10:17.029+0000] {dag.py:3239} INFO - Sync 1 DAGs
[2026-06-02T14:10:17.047+0000] {logging_mixin.py:190} INFO - [2026-06-02T14:10:17.046+0000] {dag.py:4180} INFO - Setting next_dagrun for create_analytics_mart to 2026-06-02 02:00:00+00:00, run_after=2026-06-03 02:00:00+00:00
[2026-06-02T14:10:17.074+0000] {processor.py:208} INFO - Processing /opt/airflow/dags/create_mart_dag.py took 0.085 seconds
[2026-06-02T14:10:47.166+0000] {processor.py:186} INFO - Started process (PID=252) to work on /opt/airflow/dags/create_mart_dag.py
[2026-06-02T14:10:47.167+0000] {processor.py:914} INFO - Processing file /opt/airflow/dags/create_mart_dag.py for tasks to queue
[2026-06-02T14:10:47.169+0000] {logging_mixin.py:190} INFO - [2026-06-02T14:10:47.168+0000] {dagbag.py:588} INFO - Filling up the DagBag from /opt/airflow/dags/create_mart_dag.py
[2026-06-02T14:10:47.184+0000] {processor.py:925} INFO - DAG(s) 'create_analytics_mart' retrieved from /opt/airflow/dags/create_mart_dag.py
[2026-06-02T14:10:47.203+0000] {logging_mixin.py:190} INFO - [2026-06-02T14:10:47.202+0000] {dag.py:3239} INFO - Sync 1 DAGs
[2026-06-02T14:10:47.220+0000] {logging_mixin.py:190} INFO - [2026-06-02T14:10:47.220+0000] {dag.py:4180} INFO - Setting next_dagrun for create_analytics_mart to 2026-06-02 02:00:00+00:00, run_after=2026-06-03 02:00:00+00:00
[2026-06-02T14:10:47.247+0000] {processor.py:208} INFO - Processing /opt/airflow/dags/create_mart_dag.py took 0.085 seconds
[2026-06-02T14:11:17.456+0000] {processor.py:186} INFO - Started process (PID=263) to work on /opt/airflow/dags/create_mart_dag.py
[2026-06-02T14:11:17.457+0000] {processor.py:914} INFO - Processing file /opt/airflow/dags/create_mart_dag.py for tasks to queue
[2026-06-02T14:11:17.461+0000] {logging_mixin.py:190} INFO - [2026-06-02T14:11:17.461+0000] {dagbag.py:588} INFO - Filling up the DagBag from /opt/airflow/dags/create_mart_dag.py
[2026-06-02T14:11:17.494+0000] {processor.py:925} INFO - DAG(s) 'create_analytics_mart' retrieved from /opt/airflow/dags/create_mart_dag.py
[2026-06-02T14:11:17.517+0000] {logging_mixin.py:190} INFO - [2026-06-02T14:11:17.517+0000] {dag.py:3239} INFO - Sync 1 DAGs
[2026-06-02T14:11:17.536+0000] {logging_mixin.py:190} INFO - [2026-06-02T14:11:17.536+0000] {dag.py:4180} INFO - Setting next_dagrun for create_analytics_mart to 2026-06-02 02:00:00+00:00, run_after=2026-06-03 02:00:00+00:00
[2026-06-02T14:11:17.555+0000] {processor.py:208} INFO - Processing /opt/airflow/dags/create_mart_dag.py took 0.103 seconds
[2026-06-02T14:11:47.654+0000] {processor.py:186} INFO - Started process (PID=274) to work on /opt/airflow/dags/create_mart_dag.py
[2026-06-02T14:11:47.655+0000] {processor.py:914} INFO - Processing file /opt/airflow/dags/create_mart_dag.py for tasks to queue
[2026-06-02T14:11:47.658+0000] {logging_mixin.py:190} INFO - [2026-06-02T14:11:47.657+0000] {dagbag.py:588} INFO - Filling up the DagBag from /opt/airflow/dags/create_mart_dag.py
[2026-06-02T14:11:47.676+0000] {processor.py:925} INFO - DAG(s) 'create_analytics_mart' retrieved from /opt/airflow/dags/create_mart_dag.py
[2026-06-02T14:11:47.697+0000] {logging_mixin.py:190} INFO - [2026-06-02T14:11:47.697+0000] {dag.py:3239} INFO - Sync 1 DAGs
[2026-06-02T14:11:47.716+0000] {logging_mixin.py:190} INFO - [2026-06-02T14:11:47.716+0000] {dag.py:4180} INFO - Setting next_dagrun for create_analytics_mart to 2026-06-02 02:00:00+00:00, run_after=2026-06-03 02:00:00+00:00
[2026-06-02T14:11:47.735+0000] {processor.py:208} INFO - Processing /opt/airflow/dags/create_mart_dag.py took 0.085 seconds
[2026-06-02T14:12:17.962+0000] {processor.py:186} INFO - Started process (PID=285) to work on /opt/airflow/dags/create_mart_dag.py
[2026-06-02T14:12:17.963+0000] {processor.py:914} INFO - Processing file /opt/airflow/dags/create_mart_dag.py for tasks to queue
[2026-06-02T14:12:17.965+0000] {logging_mixin.py:190} INFO - [2026-06-02T14:12:17.965+0000] {dagbag.py:588} INFO - Filling up the DagBag from /opt/airflow/dags/create_mart_dag.py
[2026-06-02T14:12:17.984+0000] {processor.py:925} INFO - DAG(s) 'create_analytics_mart' retrieved from /opt/airflow/dags/create_mart_dag.py
[2026-06-02T14:12:18.004+0000] {logging_mixin.py:190} INFO - [2026-06-02T14:12:18.004+0000] {dag.py:3239} INFO - Sync 1 DAGs
[2026-06-02T14:12:18.022+0000] {logging_mixin.py:190} INFO - [2026-06-02T14:12:18.022+0000] {dag.py:4180} INFO - Setting next_dagrun for create_analytics_mart to 2026-06-02 02:00:00+00:00, run_after=2026-06-03 02:00:00+00:00
[2026-06-02T14:12:18.039+0000] {processor.py:208} INFO - Processing /opt/airflow/dags/create_mart_dag.py took 0.082 seconds
[2026-06-02T14:12:48.186+0000] {processor.py:186} INFO - Started process (PID=296) to work on /opt/airflow/dags/create_mart_dag.py
[2026-06-02T14:12:48.187+0000] {processor.py:914} INFO - Processing file /opt/airflow/dags/create_mart_dag.py for tasks to queue
[2026-06-02T14:12:48.189+0000] {logging_mixin.py:190} INFO - [2026-06-02T14:12:48.189+0000] {dagbag.py:588} INFO - Filling up the DagBag from /opt/airflow/dags/create_mart_dag.py
[2026-06-02T14:12:48.206+0000] {processor.py:925} INFO - DAG(s) 'create_analytics_mart' retrieved from /opt/airflow/dags/create_mart_dag.py
[2026-06-02T14:12:48.224+0000] {logging_mixin.py:190} INFO - [2026-06-02T14:12:48.224+0000] {dag.py:3239} INFO - Sync 1 DAGs
[2026-06-02T14:12:48.241+0000] {logging_mixin.py:190} INFO - [2026-06-02T14:12:48.240+0000] {dag.py:4180} INFO - Setting next_dagrun for create_analytics_mart to 2026-06-02 02:00:00+00:00, run_after=2026-06-03 02:00:00+00:00
[2026-06-02T14:12:48.258+0000] {processor.py:208} INFO - Processing /opt/airflow/dags/create_mart_dag.py took 0.076 seconds
[2026-06-02T14:13:18.414+0000] {processor.py:186} INFO - Started process (PID=307) to work on /opt/airflow/dags/create_mart_dag.py
[2026-06-02T14:13:18.415+0000] {processor.py:914} INFO - Processing file /opt/airflow/dags/create_mart_dag.py for tasks to queue
[2026-06-02T14:13:18.416+0000] {logging_mixin.py:190} INFO - [2026-06-02T14:13:18.416+0000] {dagbag.py:588} INFO - Filling up the DagBag from /opt/airflow/dags/create_mart_dag.py
[2026-06-02T14:13:18.433+0000] {processor.py:925} INFO - DAG(s) 'create_analytics_mart' retrieved from /opt/airflow/dags/create_mart_dag.py
[2026-06-02T14:13:18.452+0000] {logging_mixin.py:190} INFO - [2026-06-02T14:13:18.451+0000] {dag.py:3239} INFO - Sync 1 DAGs
[2026-06-02T14:13:18.469+0000] {logging_mixin.py:190} INFO - [2026-06-02T14:13:18.469+0000] {dag.py:4180} INFO - Setting next_dagrun for create_analytics_mart to 2026-06-02 02:00:00+00:00, run_after=2026-06-03 02:00:00+00:00
[2026-06-02T14:13:18.498+0000] {processor.py:208} INFO - Processing /opt/airflow/dags/create_mart_dag.py took 0.088 seconds
[2026-06-02T14:13:48.632+0000] {processor.py:186} INFO - Started process (PID=318) to work on /opt/airflow/dags/create_mart_dag.py
[2026-06-02T14:13:48.633+0000] {processor.py:914} INFO - Processing file /opt/airflow/dags/create_mart_dag.py for tasks to queue
[2026-06-02T14:13:48.635+0000] {logging_mixin.py:190} INFO - [2026-06-02T14:13:48.634+0000] {dagbag.py:588} INFO - Filling up the DagBag from /opt/airflow/dags/create_mart_dag.py
[2026-06-02T14:13:48.651+0000] {processor.py:925} INFO - DAG(s) 'create_analytics_mart' retrieved from /opt/airflow/dags/create_mart_dag.py
[2026-06-02T14:13:48.670+0000] {logging_mixin.py:190} INFO - [2026-06-02T14:13:48.670+0000] {dag.py:3239} INFO - Sync 1 DAGs
[2026-06-02T14:13:48.687+0000] {logging_mixin.py:190} INFO - [2026-06-02T14:13:48.687+0000] {dag.py:4180} INFO - Setting next_dagrun for create_analytics_mart to 2026-06-02 02:00:00+00:00, run_after=2026-06-03 02:00:00+00:00
[2026-06-02T14:13:48.707+0000] {processor.py:208} INFO - Processing /opt/airflow/dags/create_mart_dag.py took 0.079 seconds
[2026-06-02T14:14:18.855+0000] {processor.py:186} INFO - Started process (PID=329) to work on /opt/airflow/dags/create_mart_dag.py
[2026-06-02T14:14:18.855+0000] {processor.py:914} INFO - Processing file /opt/airflow/dags/create_mart_dag.py for tasks to queue
[2026-06-02T14:14:18.857+0000] {logging_mixin.py:190} INFO - [2026-06-02T14:14:18.856+0000] {dagbag.py:588} INFO - Filling up the DagBag from /opt/airflow/dags/create_mart_dag.py
[2026-06-02T14:14:18.872+0000] {processor.py:925} INFO - DAG(s) 'create_analytics_mart' retrieved from /opt/airflow/dags/create_mart_dag.py
[2026-06-02T14:14:18.892+0000] {logging_mixin.py:190} INFO - [2026-06-02T14:14:18.892+0000] {dag.py:3239} INFO - Sync 1 DAGs
[2026-06-02T14:14:18.910+0000] {logging_mixin.py:190} INFO - [2026-06-02T14:14:18.909+0000] {dag.py:4180} INFO - Setting next_dagrun for create_analytics_mart to 2026-06-02 02:00:00+00:00, run_after=2026-06-03 02:00:00+00:00
[2026-06-02T14:14:18.937+0000] {processor.py:208} INFO - Processing /opt/airflow/dags/create_mart_dag.py took 0.087 seconds
[2026-06-02T14:14:49.078+0000] {processor.py:186} INFO - Started process (PID=340) to work on /opt/airflow/dags/create_mart_dag.py
[2026-06-02T14:14:49.079+0000] {processor.py:914} INFO - Processing file /opt/airflow/dags/create_mart_dag.py for tasks to queue
[2026-06-02T14:14:49.082+0000] {logging_mixin.py:190} INFO - [2026-06-02T14:14:49.081+0000] {dagbag.py:588} INFO - Filling up the DagBag from /opt/airflow/dags/create_mart_dag.py
[2026-06-02T14:14:49.101+0000] {processor.py:925} INFO - DAG(s) 'create_analytics_mart' retrieved from /opt/airflow/dags/create_mart_dag.py
[2026-06-02T14:14:49.120+0000] {logging_mixin.py:190} INFO - [2026-06-02T14:14:49.120+0000] {dag.py:3239} INFO - Sync 1 DAGs
[2026-06-02T14:14:49.137+0000] {logging_mixin.py:190} INFO - [2026-06-02T14:14:49.137+0000] {dag.py:4180} INFO - Setting next_dagrun for create_analytics_mart to 2026-06-02 02:00:00+00:00, run_after=2026-06-03 02:00:00+00:00
[2026-06-02T14:14:49.162+0000] {processor.py:208} INFO - Processing /opt/airflow/dags/create_mart_dag.py took 0.088 seconds
[2026-06-02T14:15:19.316+0000] {processor.py:186} INFO - Started process (PID=351) to work on /opt/airflow/dags/create_mart_dag.py
[2026-06-02T14:15:19.317+0000] {processor.py:914} INFO - Processing file /opt/airflow/dags/create_mart_dag.py for tasks to queue
[2026-06-02T14:15:19.322+0000] {logging_mixin.py:190} INFO - [2026-06-02T14:15:19.321+0000] {dagbag.py:588} INFO - Filling up the DagBag from /opt/airflow/dags/create_mart_dag.py
[2026-06-02T14:15:19.350+0000] {processor.py:925} INFO - DAG(s) 'create_analytics_mart' retrieved from /opt/airflow/dags/create_mart_dag.py
[2026-06-02T14:15:19.378+0000] {logging_mixin.py:190} INFO - [2026-06-02T14:15:19.377+0000] {dag.py:3239} INFO - Sync 1 DAGs
[2026-06-02T14:15:19.401+0000] {logging_mixin.py:190} INFO - [2026-06-02T14:15:19.401+0000] {dag.py:4180} INFO - Setting next_dagrun for create_analytics_mart to 2026-06-02 02:00:00+00:00, run_after=2026-06-03 02:00:00+00:00
[2026-06-02T14:15:19.425+0000] {processor.py:208} INFO - Processing /opt/airflow/dags/create_mart_dag.py took 0.115 seconds
[2026-06-02T14:15:49.545+0000] {processor.py:186} INFO - Started process (PID=362) to work on /opt/airflow/dags/create_mart_dag.py
[2026-06-02T14:15:49.545+0000] {processor.py:914} INFO - Processing file /opt/airflow/dags/create_mart_dag.py for tasks to queue
[2026-06-02T14:15:49.547+0000] {logging_mixin.py:190} INFO - [2026-06-02T14:15:49.547+0000] {dagbag.py:588} INFO - Filling up the DagBag from /opt/airflow/dags/create_mart_dag.py
[2026-06-02T14:15:49.562+0000] {processor.py:925} INFO - DAG(s) 'create_analytics_mart' retrieved from /opt/airflow/dags/create_mart_dag.py
[2026-06-02T14:15:49.580+0000] {logging_mixin.py:190} INFO - [2026-06-02T14:15:49.580+0000] {dag.py:3239} INFO - Sync 1 DAGs
[2026-06-02T14:15:49.596+0000] {logging_mixin.py:190} INFO - [2026-06-02T14:15:49.596+0000] {dag.py:4180} INFO - Setting next_dagrun for create_analytics_mart to 2026-06-02 02:00:00+00:00, run_after=2026-06-03 02:00:00+00:00
[2026-06-02T14:15:49.621+0000] {processor.py:208} INFO - Processing /opt/airflow/dags/create_mart_dag.py took 0.080 seconds
[2026-06-02T14:16:19.792+0000] {processor.py:186} INFO - Started process (PID=373) to work on /opt/airflow/dags/create_mart_dag.py
[2026-06-02T14:16:19.793+0000] {processor.py:914} INFO - Processing file /opt/airflow/dags/create_mart_dag.py for tasks to queue
[2026-06-02T14:16:19.795+0000] {logging_mixin.py:190} INFO - [2026-06-02T14:16:19.795+0000] {dagbag.py:588} INFO - Filling up the DagBag from /opt/airflow/dags/create_mart_dag.py
[2026-06-02T14:16:19.811+0000] {processor.py:925} INFO - DAG(s) 'create_analytics_mart' retrieved from /opt/airflow/dags/create_mart_dag.py
[2026-06-02T14:16:19.828+0000] {logging_mixin.py:190} INFO - [2026-06-02T14:16:19.828+0000] {dag.py:3239} INFO - Sync 1 DAGs
[2026-06-02T14:16:19.844+0000] {logging_mixin.py:190} INFO - [2026-06-02T14:16:19.844+0000] {dag.py:4180} INFO - Setting next_dagrun for create_analytics_mart to 2026-06-02 02:00:00+00:00, run_after=2026-06-03 02:00:00+00:00
[2026-06-02T14:16:19.869+0000] {processor.py:208} INFO - Processing /opt/airflow/dags/create_mart_dag.py took 0.080 seconds
[2026-06-02T14:16:50.095+0000] {processor.py:186} INFO - Started process (PID=384) to work on /opt/airflow/dags/create_mart_dag.py
[2026-06-02T14:16:50.096+0000] {processor.py:914} INFO - Processing file /opt/airflow/dags/create_mart_dag.py for tasks to queue
[2026-06-02T14:16:50.098+0000] {logging_mixin.py:190} INFO - [2026-06-02T14:16:50.098+0000] {dagbag.py:588} INFO - Filling up the DagBag from /opt/airflow/dags/create_mart_dag.py
[2026-06-02T14:16:50.122+0000] {processor.py:925} INFO - DAG(s) 'create_analytics_mart' retrieved from /opt/airflow/dags/create_mart_dag.py
[2026-06-02T14:16:50.141+0000] {logging_mixin.py:190} INFO - [2026-06-02T14:16:50.141+0000] {dag.py:3239} INFO - Sync 1 DAGs
[2026-06-02T14:16:50.162+0000] {logging_mixin.py:190} INFO - [2026-06-02T14:16:50.162+0000] {dag.py:4180} INFO - Setting next_dagrun for create_analytics_mart to 2026-06-02 02:00:00+00:00, run_after=2026-06-03 02:00:00+00:00
[2026-06-02T14:16:50.181+0000] {processor.py:208} INFO - Processing /opt/airflow/dags/create_mart_dag.py took 0.091 seconds
[2026-06-02T14:17:20.309+0000] {processor.py:186} INFO - Started process (PID=395) to work on /opt/airflow/dags/create_mart_dag.py
[2026-06-02T14:17:20.310+0000] {processor.py:914} INFO - Processing file /opt/airflow/dags/create_mart_dag.py for tasks to queue
[2026-06-02T14:17:20.313+0000] {logging_mixin.py:190} INFO - [2026-06-02T14:17:20.312+0000] {dagbag.py:588} INFO - Filling up the DagBag from /opt/airflow/dags/create_mart_dag.py
[2026-06-02T14:17:20.339+0000] {processor.py:925} INFO - DAG(s) 'create_analytics_mart' retrieved from /opt/airflow/dags/create_mart_dag.py
[2026-06-02T14:17:20.362+0000] {logging_mixin.py:190} INFO - [2026-06-02T14:17:20.362+0000] {dag.py:3239} INFO - Sync 1 DAGs
[2026-06-02T14:17:20.379+0000] {logging_mixin.py:190} INFO - [2026-06-02T14:17:20.379+0000] {dag.py:4180} INFO - Setting next_dagrun for create_analytics_mart to 2026-06-02 02:00:00+00:00, run_after=2026-06-03 02:00:00+00:00
[2026-06-02T14:17:20.406+0000] {processor.py:208} INFO - Processing /opt/airflow/dags/create_mart_dag.py took 0.103 seconds
[2026-06-02T14:17:50.632+0000] {processor.py:186} INFO - Started process (PID=406) to work on /opt/airflow/dags/create_mart_dag.py
[2026-06-02T14:17:50.633+0000] {processor.py:914} INFO - Processing file /opt/airflow/dags/create_mart_dag.py for tasks to queue
[2026-06-02T14:17:50.635+0000] {logging_mixin.py:190} INFO - [2026-06-02T14:17:50.635+0000] {dagbag.py:588} INFO - Filling up the DagBag from /opt/airflow/dags/create_mart_dag.py
[2026-06-02T14:17:50.650+0000] {processor.py:925} INFO - DAG(s) 'create_analytics_mart' retrieved from /opt/airflow/dags/create_mart_dag.py
[2026-06-02T14:17:50.666+0000] {logging_mixin.py:190} INFO - [2026-06-02T14:17:50.666+0000] {dag.py:3239} INFO - Sync 1 DAGs
[2026-06-02T14:17:50.682+0000] {logging_mixin.py:190} INFO - [2026-06-02T14:17:50.682+0000] {dag.py:4180} INFO - Setting next_dagrun for create_analytics_mart to 2026-06-02 02:00:00+00:00, run_after=2026-06-03 02:00:00+00:00
[2026-06-02T14:17:50.698+0000] {processor.py:208} INFO - Processing /opt/airflow/dags/create_mart_dag.py took 0.070 seconds
[2026-06-02T14:18:20.917+0000] {processor.py:186} INFO - Started process (PID=418) to work on /opt/airflow/dags/create_mart_dag.py
[2026-06-02T14:18:20.918+0000] {processor.py:914} INFO - Processing file /opt/airflow/dags/create_mart_dag.py for tasks to queue
[2026-06-02T14:18:20.920+0000] {logging_mixin.py:190} INFO - [2026-06-02T14:18:20.919+0000] {dagbag.py:588} INFO - Filling up the DagBag from /opt/airflow/dags/create_mart_dag.py
[2026-06-02T14:18:20.946+0000] {processor.py:925} INFO - DAG(s) 'create_analytics_mart' retrieved from /opt/airflow/dags/create_mart_dag.py
[2026-06-02T14:18:20.974+0000] {logging_mixin.py:190} INFO - [2026-06-02T14:18:20.974+0000] {dag.py:3239} INFO - Sync 1 DAGs
[2026-06-02T14:18:20.990+0000] {logging_mixin.py:190} INFO - [2026-06-02T14:18:20.990+0000] {dag.py:4180} INFO - Setting next_dagrun for create_analytics_mart to 2026-06-02 02:00:00+00:00, run_after=2026-06-03 02:00:00+00:00
[2026-06-02T14:18:21.006+0000] {processor.py:208} INFO - Processing /opt/airflow/dags/create_mart_dag.py took 0.104 seconds
[2026-06-02T14:18:51.146+0000] {processor.py:186} INFO - Started process (PID=429) to work on /opt/airflow/dags/create_mart_dag.py
[2026-06-02T14:18:51.147+0000] {processor.py:914} INFO - Processing file /opt/airflow/dags/create_mart_dag.py for tasks to queue
[2026-06-02T14:18:51.149+0000] {logging_mixin.py:190} INFO - [2026-06-02T14:18:51.148+0000] {dagbag.py:588} INFO - Filling up the DagBag from /opt/airflow/dags/create_mart_dag.py
[2026-06-02T14:18:51.164+0000] {processor.py:925} INFO - DAG(s) 'create_analytics_mart' retrieved from /opt/airflow/dags/create_mart_dag.py
[2026-06-02T14:18:51.182+0000] {logging_mixin.py:190} INFO - [2026-06-02T14:18:51.182+0000] {dag.py:3239} INFO - Sync 1 DAGs
[2026-06-02T14:18:51.198+0000] {logging_mixin.py:190} INFO - [2026-06-02T14:18:51.197+0000] {dag.py:4180} INFO - Setting next_dagrun for create_analytics_mart to 2026-06-02 02:00:00+00:00, run_after=2026-06-03 02:00:00+00:00
[2026-06-02T14:18:51.225+0000] {processor.py:208} INFO - Processing /opt/airflow/dags/create_mart_dag.py took 0.083 seconds
[2026-06-02T14:19:21.347+0000] {processor.py:186} INFO - Started process (PID=440) to work on /opt/airflow/dags/create_mart_dag.py
[2026-06-02T14:19:21.348+0000] {processor.py:914} INFO - Processing file /opt/airflow/dags/create_mart_dag.py for tasks to queue
[2026-06-02T14:19:21.350+0000] {logging_mixin.py:190} INFO - [2026-06-02T14:19:21.350+0000] {dagbag.py:588} INFO - Filling up the DagBag from /opt/airflow/dags/create_mart_dag.py
[2026-06-02T14:19:21.364+0000] {processor.py:925} INFO - DAG(s) 'create_analytics_mart' retrieved from /opt/airflow/dags/create_mart_dag.py
[2026-06-02T14:19:21.381+0000] {logging_mixin.py:190} INFO - [2026-06-02T14:19:21.381+0000] {dag.py:3239} INFO - Sync 1 DAGs
[2026-06-02T14:19:21.397+0000] {logging_mixin.py:190} INFO - [2026-06-02T14:19:21.397+0000] {dag.py:4180} INFO - Setting next_dagrun for create_analytics_mart to 2026-06-02 02:00:00+00:00, run_after=2026-06-03 02:00:00+00:00
[2026-06-02T14:19:21.422+0000] {processor.py:208} INFO - Processing /opt/airflow/dags/create_mart_dag.py took 0.078 seconds
[2026-06-02T14:19:51.564+0000] {processor.py:186} INFO - Started process (PID=451) to work on /opt/airflow/dags/create_mart_dag.py
[2026-06-02T14:19:51.565+0000] {processor.py:914} INFO - Processing file /opt/airflow/dags/create_mart_dag.py for tasks to queue
[2026-06-02T14:19:51.568+0000] {logging_mixin.py:190} INFO - [2026-06-02T14:19:51.567+0000] {dagbag.py:588} INFO - Filling up the DagBag from /opt/airflow/dags/create_mart_dag.py
[2026-06-02T14:19:51.584+0000] {processor.py:925} INFO - DAG(s) 'create_analytics_mart' retrieved from /opt/airflow/dags/create_mart_dag.py
[2026-06-02T14:19:51.602+0000] {logging_mixin.py:190} INFO - [2026-06-02T14:19:51.602+0000] {dag.py:3239} INFO - Sync 1 DAGs
[2026-06-02T14:19:51.617+0000] {logging_mixin.py:190} INFO - [2026-06-02T14:19:51.617+0000] {dag.py:4180} INFO - Setting next_dagrun for create_analytics_mart to 2026-06-02 02:00:00+00:00, run_after=2026-06-03 02:00:00+00:00
[2026-06-02T14:19:51.641+0000] {processor.py:208} INFO - Processing /opt/airflow/dags/create_mart_dag.py took 0.081 seconds
[2026-06-02T14:20:21.763+0000] {processor.py:186} INFO - Started process (PID=462) to work on /opt/airflow/dags/create_mart_dag.py
[2026-06-02T14:20:21.763+0000] {processor.py:914} INFO - Processing file /opt/airflow/dags/create_mart_dag.py for tasks to queue
[2026-06-02T14:20:21.766+0000] {logging_mixin.py:190} INFO - [2026-06-02T14:20:21.765+0000] {dagbag.py:588} INFO - Filling up the DagBag from /opt/airflow/dags/create_mart_dag.py
[2026-06-02T14:20:21.782+0000] {processor.py:925} INFO - DAG(s) 'create_analytics_mart' retrieved from /opt/airflow/dags/create_mart_dag.py
[2026-06-02T14:20:21.801+0000] {logging_mixin.py:190} INFO - [2026-06-02T14:20:21.800+0000] {dag.py:3239} INFO - Sync 1 DAGs
[2026-06-02T14:20:21.818+0000] {logging_mixin.py:190} INFO - [2026-06-02T14:20:21.818+0000] {dag.py:4180} INFO - Setting next_dagrun for create_analytics_mart to 2026-06-02 02:00:00+00:00, run_after=2026-06-03 02:00:00+00:00
[2026-06-02T14:20:21.843+0000] {processor.py:208} INFO - Processing /opt/airflow/dags/create_mart_dag.py took 0.084 seconds
[2026-06-02T14:20:51.997+0000] {processor.py:186} INFO - Started process (PID=474) to work on /opt/airflow/dags/create_mart_dag.py
[2026-06-02T14:20:51.998+0000] {processor.py:914} INFO - Processing file /opt/airflow/dags/create_mart_dag.py for tasks to queue
[2026-06-02T14:20:51.999+0000] {logging_mixin.py:190} INFO - [2026-06-02T14:20:51.999+0000] {dagbag.py:588} INFO - Filling up the DagBag from /opt/airflow/dags/create_mart_dag.py
[2026-06-02T14:20:52.015+0000] {processor.py:925} INFO - DAG(s) 'create_analytics_mart' retrieved from /opt/airflow/dags/create_mart_dag.py
[2026-06-02T14:20:52.031+0000] {logging_mixin.py:190} INFO - [2026-06-02T14:20:52.031+0000] {dag.py:3239} INFO - Sync 1 DAGs
[2026-06-02T14:20:52.046+0000] {logging_mixin.py:190} INFO - [2026-06-02T14:20:52.046+0000] {dag.py:4180} INFO - Setting next_dagrun for create_analytics_mart to 2026-06-02 02:00:00+00:00, run_after=2026-06-03 02:00:00+00:00
[2026-06-02T14:20:52.062+0000] {processor.py:208} INFO - Processing /opt/airflow/dags/create_mart_dag.py took 0.069 seconds
[2026-06-02T14:21:22.250+0000] {processor.py:186} INFO - Started process (PID=486) to work on /opt/airflow/dags/create_mart_dag.py
[2026-06-02T14:21:22.251+0000] {processor.py:914} INFO - Processing file /opt/airflow/dags/create_mart_dag.py for tasks to queue
[2026-06-02T14:21:22.253+0000] {logging_mixin.py:190} INFO - [2026-06-02T14:21:22.253+0000] {dagbag.py:588} INFO - Filling up the DagBag from /opt/airflow/dags/create_mart_dag.py
[2026-06-02T14:21:22.272+0000] {processor.py:925} INFO - DAG(s) 'create_analytics_mart' retrieved from /opt/airflow/dags/create_mart_dag.py
[2026-06-02T14:21:22.290+0000] {logging_mixin.py:190} INFO - [2026-06-02T14:21:22.290+0000] {dag.py:3239} INFO - Sync 1 DAGs
[2026-06-02T14:21:22.309+0000] {logging_mixin.py:190} INFO - [2026-06-02T14:21:22.309+0000] {dag.py:4180} INFO - Setting next_dagrun for create_analytics_mart to 2026-06-02 02:00:00+00:00, run_after=2026-06-03 02:00:00+00:00
[2026-06-02T14:21:22.336+0000] {processor.py:208} INFO - Processing /opt/airflow/dags/create_mart_dag.py took 0.090 seconds
[2026-06-02T14:21:52.409+0000] {processor.py:186} INFO - Started process (PID=497) to work on /opt/airflow/dags/create_mart_dag.py
[2026-06-02T14:21:52.410+0000] {processor.py:914} INFO - Processing file /opt/airflow/dags/create_mart_dag.py for tasks to queue
[2026-06-02T14:21:52.412+0000] {logging_mixin.py:190} INFO - [2026-06-02T14:21:52.411+0000] {dagbag.py:588} INFO - Filling up the DagBag from /opt/airflow/dags/create_mart_dag.py
[2026-06-02T14:21:52.430+0000] {processor.py:925} INFO - DAG(s) 'create_analytics_mart' retrieved from /opt/airflow/dags/create_mart_dag.py
[2026-06-02T14:21:52.448+0000] {logging_mixin.py:190} INFO - [2026-06-02T14:21:52.447+0000] {dag.py:3239} INFO - Sync 1 DAGs
[2026-06-02T14:21:52.466+0000] {logging_mixin.py:190} INFO - [2026-06-02T14:21:52.466+0000] {dag.py:4180} INFO - Setting next_dagrun for create_analytics_mart to 2026-06-02 02:00:00+00:00, run_after=2026-06-03 02:00:00+00:00
[2026-06-02T14:21:52.494+0000] {processor.py:208} INFO - Processing /opt/airflow/dags/create_mart_dag.py took 0.089 seconds
[2026-06-02T14:22:22.565+0000] {processor.py:186} INFO - Started process (PID=508) to work on /opt/airflow/dags/create_mart_dag.py
[2026-06-02T14:22:22.573+0000] {processor.py:914} INFO - Processing file /opt/airflow/dags/create_mart_dag.py for tasks to queue
[2026-06-02T14:22:22.575+0000] {logging_mixin.py:190} INFO - [2026-06-02T14:22:22.574+0000] {dagbag.py:588} INFO - Filling up the DagBag from /opt/airflow/dags/create_mart_dag.py
[2026-06-02T14:22:22.594+0000] {processor.py:925} INFO - DAG(s) 'create_analytics_mart' retrieved from /opt/airflow/dags/create_mart_dag.py
[2026-06-02T14:22:22.612+0000] {logging_mixin.py:190} INFO - [2026-06-02T14:22:22.612+0000] {dag.py:3239} INFO - Sync 1 DAGs
[2026-06-02T14:22:22.628+0000] {logging_mixin.py:190} INFO - [2026-06-02T14:22:22.627+0000] {dag.py:4180} INFO - Setting next_dagrun for create_analytics_mart to 2026-06-02 02:00:00+00:00, run_after=2026-06-03 02:00:00+00:00
[2026-06-02T14:22:22.654+0000] {processor.py:208} INFO - Processing /opt/airflow/dags/create_mart_dag.py took 0.092 seconds
[2026-06-02T14:22:52.831+0000] {processor.py:186} INFO - Started process (PID=519) to work on /opt/airflow/dags/create_mart_dag.py
[2026-06-02T14:22:52.832+0000] {processor.py:914} INFO - Processing file /opt/airflow/dags/create_mart_dag.py for tasks to queue
[2026-06-02T14:22:52.834+0000] {logging_mixin.py:190} INFO - [2026-06-02T14:22:52.833+0000] {dagbag.py:588} INFO - Filling up the DagBag from /opt/airflow/dags/create_mart_dag.py
[2026-06-02T14:22:52.849+0000] {processor.py:925} INFO - DAG(s) 'create_analytics_mart' retrieved from /opt/airflow/dags/create_mart_dag.py
[2026-06-02T14:22:52.866+0000] {logging_mixin.py:190} INFO - [2026-06-02T14:22:52.866+0000] {dag.py:3239} INFO - Sync 1 DAGs
[2026-06-02T14:22:52.881+0000] {logging_mixin.py:190} INFO - [2026-06-02T14:22:52.881+0000] {dag.py:4180} INFO - Setting next_dagrun for create_analytics_mart to 2026-06-02 02:00:00+00:00, run_after=2026-06-03 02:00:00+00:00
[2026-06-02T14:22:52.907+0000] {processor.py:208} INFO - Processing /opt/airflow/dags/create_mart_dag.py took 0.080 seconds
[2026-06-02T14:23:22.992+0000] {processor.py:186} INFO - Started process (PID=530) to work on /opt/airflow/dags/create_mart_dag.py
[2026-06-02T14:23:22.993+0000] {processor.py:914} INFO - Processing file /opt/airflow/dags/create_mart_dag.py for tasks to queue
[2026-06-02T14:23:22.996+0000] {logging_mixin.py:190} INFO - [2026-06-02T14:23:22.995+0000] {dagbag.py:588} INFO - Filling up the DagBag from /opt/airflow/dags/create_mart_dag.py
[2026-06-02T14:23:23.011+0000] {processor.py:925} INFO - DAG(s) 'create_analytics_mart' retrieved from /opt/airflow/dags/create_mart_dag.py
[2026-06-02T14:23:23.030+0000] {logging_mixin.py:190} INFO - [2026-06-02T14:23:23.029+0000] {dag.py:3239} INFO - Sync 1 DAGs
[2026-06-02T14:23:23.046+0000] {logging_mixin.py:190} INFO - [2026-06-02T14:23:23.046+0000] {dag.py:4180} INFO - Setting next_dagrun for create_analytics_mart to 2026-06-02 02:00:00+00:00, run_after=2026-06-03 02:00:00+00:00
[2026-06-02T14:23:23.074+0000] {processor.py:208} INFO - Processing /opt/airflow/dags/create_mart_dag.py took 0.086 seconds
[2026-06-02T14:23:53.158+0000] {processor.py:186} INFO - Started process (PID=541) to work on /opt/airflow/dags/create_mart_dag.py
[2026-06-02T14:23:53.159+0000] {processor.py:914} INFO - Processing file /opt/airflow/dags/create_mart_dag.py for tasks to queue
[2026-06-02T14:23:53.161+0000] {logging_mixin.py:190} INFO - [2026-06-02T14:23:53.160+0000] {dagbag.py:588} INFO - Filling up the DagBag from /opt/airflow/dags/create_mart_dag.py
[2026-06-02T14:23:53.176+0000] {processor.py:925} INFO - DAG(s) 'create_analytics_mart' retrieved from /opt/airflow/dags/create_mart_dag.py
[2026-06-02T14:23:53.193+0000] {logging_mixin.py:190} INFO - [2026-06-02T14:23:53.193+0000] {dag.py:3239} INFO - Sync 1 DAGs
[2026-06-02T14:23:53.214+0000] {logging_mixin.py:190} INFO - [2026-06-02T14:23:53.214+0000] {dag.py:4180} INFO - Setting next_dagrun for create_analytics_mart to 2026-06-02 02:00:00+00:00, run_after=2026-06-03 02:00:00+00:00
[2026-06-02T14:23:53.241+0000] {processor.py:208} INFO - Processing /opt/airflow/dags/create_mart_dag.py took 0.086 seconds
[2026-06-02T14:24:23.392+0000] {processor.py:186} INFO - Started process (PID=552) to work on /opt/airflow/dags/create_mart_dag.py
[2026-06-02T14:24:23.392+0000] {processor.py:914} INFO - Processing file /opt/airflow/dags/create_mart_dag.py for tasks to queue
[2026-06-02T14:24:23.394+0000] {logging_mixin.py:190} INFO - [2026-06-02T14:24:23.394+0000] {dagbag.py:588} INFO - Filling up the DagBag from /opt/airflow/dags/create_mart_dag.py
[2026-06-02T14:24:23.412+0000] {processor.py:925} INFO - DAG(s) 'create_analytics_mart' retrieved from /opt/airflow/dags/create_mart_dag.py
[2026-06-02T14:24:23.431+0000] {logging_mixin.py:190} INFO - [2026-06-02T14:24:23.431+0000] {dag.py:3239} INFO - Sync 1 DAGs
[2026-06-02T14:24:23.448+0000] {logging_mixin.py:190} INFO - [2026-06-02T14:24:23.448+0000] {dag.py:4180} INFO - Setting next_dagrun for create_analytics_mart to 2026-06-02 02:00:00+00:00, run_after=2026-06-03 02:00:00+00:00
[2026-06-02T14:24:23.474+0000] {processor.py:208} INFO - Processing /opt/airflow/dags/create_mart_dag.py took 0.086 seconds
[2026-06-02T14:24:53.577+0000] {processor.py:186} INFO - Started process (PID=563) to work on /opt/airflow/dags/create_mart_dag.py
[2026-06-02T14:24:53.578+0000] {processor.py:914} INFO - Processing file /opt/airflow/dags/create_mart_dag.py for tasks to queue
[2026-06-02T14:24:53.580+0000] {logging_mixin.py:190} INFO - [2026-06-02T14:24:53.579+0000] {dagbag.py:588} INFO - Filling up the DagBag from /opt/airflow/dags/create_mart_dag.py
[2026-06-02T14:24:53.596+0000] {processor.py:925} INFO - DAG(s) 'create_analytics_mart' retrieved from /opt/airflow/dags/create_mart_dag.py
[2026-06-02T14:24:53.619+0000] {logging_mixin.py:190} INFO - [2026-06-02T14:24:53.618+0000] {dag.py:3239} INFO - Sync 1 DAGs
[2026-06-02T14:24:53.635+0000] {logging_mixin.py:190} INFO - [2026-06-02T14:24:53.635+0000] {dag.py:4180} INFO - Setting next_dagrun for create_analytics_mart to 2026-06-02 02:00:00+00:00, run_after=2026-06-03 02:00:00+00:00
[2026-06-02T14:24:53.664+0000] {processor.py:208} INFO - Processing /opt/airflow/dags/create_mart_dag.py took 0.091 seconds
[2026-06-02T14:25:23.761+0000] {processor.py:186} INFO - Started process (PID=574) to work on /opt/airflow/dags/create_mart_dag.py
[2026-06-02T14:25:23.762+0000] {processor.py:914} INFO - Processing file /opt/airflow/dags/create_mart_dag.py for tasks to queue
[2026-06-02T14:25:23.763+0000] {logging_mixin.py:190} INFO - [2026-06-02T14:25:23.763+0000] {dagbag.py:588} INFO - Filling up the DagBag from /opt/airflow/dags/create_mart_dag.py
[2026-06-02T14:25:23.778+0000] {processor.py:925} INFO - DAG(s) 'create_analytics_mart' retrieved from /opt/airflow/dags/create_mart_dag.py
[2026-06-02T14:25:23.795+0000] {logging_mixin.py:190} INFO - [2026-06-02T14:25:23.795+0000] {dag.py:3239} INFO - Sync 1 DAGs
[2026-06-02T14:25:23.813+0000] {logging_mixin.py:190} INFO - [2026-06-02T14:25:23.812+0000] {dag.py:4180} INFO - Setting next_dagrun for create_analytics_mart to 2026-06-02 02:00:00+00:00, run_after=2026-06-03 02:00:00+00:00
[2026-06-02T14:25:23.839+0000] {processor.py:208} INFO - Processing /opt/airflow/dags/create_mart_dag.py took 0.082 seconds
[2026-06-02T14:25:54.001+0000] {processor.py:186} INFO - Started process (PID=585) to work on /opt/airflow/dags/create_mart_dag.py
[2026-06-02T14:25:54.002+0000] {processor.py:914} INFO - Processing file /opt/airflow/dags/create_mart_dag.py for tasks to queue
[2026-06-02T14:25:54.003+0000] {logging_mixin.py:190} INFO - [2026-06-02T14:25:54.003+0000] {dagbag.py:588} INFO - Filling up the DagBag from /opt/airflow/dags/create_mart_dag.py
[2026-06-02T14:25:54.018+0000] {processor.py:925} INFO - DAG(s) 'create_analytics_mart' retrieved from /opt/airflow/dags/create_mart_dag.py
[2026-06-02T14:25:54.036+0000] {logging_mixin.py:190} INFO - [2026-06-02T14:25:54.036+0000] {dag.py:3239} INFO - Sync 1 DAGs
[2026-06-02T14:25:54.054+0000] {logging_mixin.py:190} INFO - [2026-06-02T14:25:54.054+0000] {dag.py:4180} INFO - Setting next_dagrun for create_analytics_mart to 2026-06-02 02:00:00+00:00, run_after=2026-06-03 02:00:00+00:00
[2026-06-02T14:25:54.080+0000] {processor.py:208} INFO - Processing /opt/airflow/dags/create_mart_dag.py took 0.083 seconds
[2026-06-02T14:26:24.209+0000] {processor.py:186} INFO - Started process (PID=596) to work on /opt/airflow/dags/create_mart_dag.py
[2026-06-02T14:26:24.210+0000] {processor.py:914} INFO - Processing file /opt/airflow/dags/create_mart_dag.py for tasks to queue
[2026-06-02T14:26:24.211+0000] {logging_mixin.py:190} INFO - [2026-06-02T14:26:24.211+0000] {dagbag.py:588} INFO - Filling up the DagBag from /opt/airflow/dags/create_mart_dag.py
[2026-06-02T14:26:24.226+0000] {processor.py:925} INFO - DAG(s) 'create_analytics_mart' retrieved from /opt/airflow/dags/create_mart_dag.py
[2026-06-02T14:26:24.243+0000] {logging_mixin.py:190} INFO - [2026-06-02T14:26:24.243+0000] {dag.py:3239} INFO - Sync 1 DAGs
[2026-06-02T14:26:24.261+0000] {logging_mixin.py:190} INFO - [2026-06-02T14:26:24.261+0000] {dag.py:4180} INFO - Setting next_dagrun for create_analytics_mart to 2026-06-02 02:00:00+00:00, run_after=2026-06-03 02:00:00+00:00
[2026-06-02T14:26:24.304+0000] {processor.py:208} INFO - Processing /opt/airflow/dags/create_mart_dag.py took 0.099 seconds
[2026-06-02T14:26:54.471+0000] {processor.py:186} INFO - Started process (PID=607) to work on /opt/airflow/dags/create_mart_dag.py
[2026-06-02T14:26:54.472+0000] {processor.py:914} INFO - Processing file /opt/airflow/dags/create_mart_dag.py for tasks to queue
[2026-06-02T14:26:54.474+0000] {logging_mixin.py:190} INFO - [2026-06-02T14:26:54.474+0000] {dagbag.py:588} INFO - Filling up the DagBag from /opt/airflow/dags/create_mart_dag.py
[2026-06-02T14:26:54.493+0000] {processor.py:925} INFO - DAG(s) 'create_analytics_mart' retrieved from /opt/airflow/dags/create_mart_dag.py
[2026-06-02T14:26:54.512+0000] {logging_mixin.py:190} INFO - [2026-06-02T14:26:54.512+0000] {dag.py:3239} INFO - Sync 1 DAGs
[2026-06-02T14:26:54.529+0000] {logging_mixin.py:190} INFO - [2026-06-02T14:26:54.529+0000] {dag.py:4180} INFO - Setting next_dagrun for create_analytics_mart to 2026-06-02 02:00:00+00:00, run_after=2026-06-03 02:00:00+00:00
[2026-06-02T14:26:54.555+0000] {processor.py:208} INFO - Processing /opt/airflow/dags/create_mart_dag.py took 0.088 seconds
[2026-06-02T14:27:24.677+0000] {processor.py:186} INFO - Started process (PID=618) to work on /opt/airflow/dags/create_mart_dag.py
[2026-06-02T14:27:24.678+0000] {processor.py:914} INFO - Processing file /opt/airflow/dags/create_mart_dag.py for tasks to queue
[2026-06-02T14:27:24.680+0000] {logging_mixin.py:190} INFO - [2026-06-02T14:27:24.679+0000] {dagbag.py:588} INFO - Filling up the DagBag from /opt/airflow/dags/create_mart_dag.py
[2026-06-02T14:27:24.698+0000] {processor.py:925} INFO - DAG(s) 'create_analytics_mart' retrieved from /opt/airflow/dags/create_mart_dag.py
[2026-06-02T14:27:24.717+0000] {logging_mixin.py:190} INFO - [2026-06-02T14:27:24.717+0000] {dag.py:3239} INFO - Sync 1 DAGs
[2026-06-02T14:27:24.732+0000] {logging_mixin.py:190} INFO - [2026-06-02T14:27:24.732+0000] {dag.py:4180} INFO - Setting next_dagrun for create_analytics_mart to 2026-06-02 02:00:00+00:00, run_after=2026-06-03 02:00:00+00:00
[2026-06-02T14:27:24.749+0000] {processor.py:208} INFO - Processing /opt/airflow/dags/create_mart_dag.py took 0.076 seconds
[2026-06-02T14:27:54.955+0000] {processor.py:186} INFO - Started process (PID=629) to work on /opt/airflow/dags/create_mart_dag.py
[2026-06-02T14:27:54.956+0000] {processor.py:914} INFO - Processing file /opt/airflow/dags/create_mart_dag.py for tasks to queue
[2026-06-02T14:27:54.958+0000] {logging_mixin.py:190} INFO - [2026-06-02T14:27:54.958+0000] {dagbag.py:588} INFO - Filling up the DagBag from /opt/airflow/dags/create_mart_dag.py
[2026-06-02T14:27:54.972+0000] {processor.py:925} INFO - DAG(s) 'create_analytics_mart' retrieved from /opt/airflow/dags/create_mart_dag.py
[2026-06-02T14:27:54.988+0000] {logging_mixin.py:190} INFO - [2026-06-02T14:27:54.988+0000] {dag.py:3239} INFO - Sync 1 DAGs
[2026-06-02T14:27:55.005+0000] {logging_mixin.py:190} INFO - [2026-06-02T14:27:55.004+0000] {dag.py:4180} INFO - Setting next_dagrun for create_analytics_mart to 2026-06-02 02:00:00+00:00, run_after=2026-06-03 02:00:00+00:00
[2026-06-02T14:27:55.035+0000] {processor.py:208} INFO - Processing /opt/airflow/dags/create_mart_dag.py took 0.083 seconds
[2026-06-02T14:28:25.115+0000] {processor.py:186} INFO - Started process (PID=640) to work on /opt/airflow/dags/create_mart_dag.py
[2026-06-02T14:28:25.116+0000] {processor.py:914} INFO - Processing file /opt/airflow/dags/create_mart_dag.py for tasks to queue
[2026-06-02T14:28:25.118+0000] {logging_mixin.py:190} INFO - [2026-06-02T14:28:25.118+0000] {dagbag.py:588} INFO - Filling up the DagBag from /opt/airflow/dags/create_mart_dag.py
[2026-06-02T14:28:25.132+0000] {processor.py:925} INFO - DAG(s) 'create_analytics_mart' retrieved from /opt/airflow/dags/create_mart_dag.py
[2026-06-02T14:28:25.150+0000] {logging_mixin.py:190} INFO - [2026-06-02T14:28:25.150+0000] {dag.py:3239} INFO - Sync 1 DAGs
[2026-06-02T14:28:25.165+0000] {logging_mixin.py:190} INFO - [2026-06-02T14:28:25.165+0000] {dag.py:4180} INFO - Setting next_dagrun for create_analytics_mart to 2026-06-02 02:00:00+00:00, run_after=2026-06-03 02:00:00+00:00
[2026-06-02T14:28:25.191+0000] {processor.py:208} INFO - Processing /opt/airflow/dags/create_mart_dag.py took 0.080 seconds
[2026-06-02T14:28:55.366+0000] {processor.py:186} INFO - Started process (PID=652) to work on /opt/airflow/dags/create_mart_dag.py
[2026-06-02T14:28:55.367+0000] {processor.py:914} INFO - Processing file /opt/airflow/dags/create_mart_dag.py for tasks to queue
[2026-06-02T14:28:55.369+0000] {logging_mixin.py:190} INFO - [2026-06-02T14:28:55.369+0000] {dagbag.py:588} INFO - Filling up the DagBag from /opt/airflow/dags/create_mart_dag.py
[2026-06-02T14:28:55.387+0000] {processor.py:925} INFO - DAG(s) 'create_analytics_mart' retrieved from /opt/airflow/dags/create_mart_dag.py
[2026-06-02T14:28:55.404+0000] {logging_mixin.py:190} INFO - [2026-06-02T14:28:55.404+0000] {dag.py:3239} INFO - Sync 1 DAGs
[2026-06-02T14:28:55.423+0000] {logging_mixin.py:190} INFO - [2026-06-02T14:28:55.423+0000] {dag.py:4180} INFO - Setting next_dagrun for create_analytics_mart to 2026-06-02 02:00:00+00:00, run_after=2026-06-03 02:00:00+00:00
[2026-06-02T14:28:55.451+0000] {processor.py:208} INFO - Processing /opt/airflow/dags/create_mart_dag.py took 0.088 seconds
[2026-06-02T14:29:25.564+0000] {processor.py:186} INFO - Started process (PID=663) to work on /opt/airflow/dags/create_mart_dag.py
[2026-06-02T14:29:25.564+0000] {processor.py:914} INFO - Processing file /opt/airflow/dags/create_mart_dag.py for tasks to queue
[2026-06-02T14:29:25.566+0000] {logging_mixin.py:190} INFO - [2026-06-02T14:29:25.566+0000] {dagbag.py:588} INFO - Filling up the DagBag from /opt/airflow/dags/create_mart_dag.py
[2026-06-02T14:29:25.581+0000] {processor.py:925} INFO - DAG(s) 'create_analytics_mart' retrieved from /opt/airflow/dags/create_mart_dag.py
[2026-06-02T14:29:25.598+0000] {logging_mixin.py:190} INFO - [2026-06-02T14:29:25.598+0000] {dag.py:3239} INFO - Sync 1 DAGs
[2026-06-02T14:29:25.614+0000] {logging_mixin.py:190} INFO - [2026-06-02T14:29:25.614+0000] {dag.py:4180} INFO - Setting next_dagrun for create_analytics_mart to 2026-06-02 02:00:00+00:00, run_after=2026-06-03 02:00:00+00:00
[2026-06-02T14:29:25.640+0000] {processor.py:208} INFO - Processing /opt/airflow/dags/create_mart_dag.py took 0.081 seconds
[2026-06-02T14:29:55.770+0000] {processor.py:186} INFO - Started process (PID=674) to work on /opt/airflow/dags/create_mart_dag.py
[2026-06-02T14:29:55.771+0000] {processor.py:914} INFO - Processing file /opt/airflow/dags/create_mart_dag.py for tasks to queue
[2026-06-02T14:29:55.773+0000] {logging_mixin.py:190} INFO - [2026-06-02T14:29:55.773+0000] {dagbag.py:588} INFO - Filling up the DagBag from /opt/airflow/dags/create_mart_dag.py
[2026-06-02T14:29:55.788+0000] {processor.py:925} INFO - DAG(s) 'create_analytics_mart' retrieved from /opt/airflow/dags/create_mart_dag.py
[2026-06-02T14:29:55.806+0000] {logging_mixin.py:190} INFO - [2026-06-02T14:29:55.806+0000] {dag.py:3239} INFO - Sync 1 DAGs
[2026-06-02T14:29:55.822+0000] {logging_mixin.py:190} INFO - [2026-06-02T14:29:55.822+0000] {dag.py:4180} INFO - Setting next_dagrun for create_analytics_mart to 2026-06-02 02:00:00+00:00, run_after=2026-06-03 02:00:00+00:00
[2026-06-02T14:29:55.847+0000] {processor.py:208} INFO - Processing /opt/airflow/dags/create_mart_dag.py took 0.081 seconds
[2026-06-02T14:30:26.004+0000] {processor.py:186} INFO - Started process (PID=685) to work on /opt/airflow/dags/create_mart_dag.py
[2026-06-02T14:30:26.005+0000] {processor.py:914} INFO - Processing file /opt/airflow/dags/create_mart_dag.py for tasks to queue
[2026-06-02T14:30:26.006+0000] {logging_mixin.py:190} INFO - [2026-06-02T14:30:26.006+0000] {dagbag.py:588} INFO - Filling up the DagBag from /opt/airflow/dags/create_mart_dag.py
[2026-06-02T14:30:26.021+0000] {processor.py:925} INFO - DAG(s) 'create_analytics_mart' retrieved from /opt/airflow/dags/create_mart_dag.py
[2026-06-02T14:30:26.038+0000] {logging_mixin.py:190} INFO - [2026-06-02T14:30:26.038+0000] {dag.py:3239} INFO - Sync 1 DAGs
[2026-06-02T14:30:26.054+0000] {logging_mixin.py:190} INFO - [2026-06-02T14:30:26.054+0000] {dag.py:4180} INFO - Setting next_dagrun for create_analytics_mart to 2026-06-02 02:00:00+00:00, run_after=2026-06-03 02:00:00+00:00
[2026-06-02T14:30:26.071+0000] {processor.py:208} INFO - Processing /opt/airflow/dags/create_mart_dag.py took 0.071 seconds
[2026-06-02T14:30:56.197+0000] {processor.py:186} INFO - Started process (PID=696) to work on /opt/airflow/dags/create_mart_dag.py
[2026-06-02T14:30:56.198+0000] {processor.py:914} INFO - Processing file /opt/airflow/dags/create_mart_dag.py for tasks to queue
[2026-06-02T14:30:56.200+0000] {logging_mixin.py:190} INFO - [2026-06-02T14:30:56.200+0000] {dagbag.py:588} INFO - Filling up the DagBag from /opt/airflow/dags/create_mart_dag.py
[2026-06-02T14:30:56.222+0000] {processor.py:925} INFO - DAG(s) 'create_analytics_mart' retrieved from /opt/airflow/dags/create_mart_dag.py
[2026-06-02T14:30:56.241+0000] {logging_mixin.py:190} INFO - [2026-06-02T14:30:56.241+0000] {dag.py:3239} INFO - Sync 1 DAGs
[2026-06-02T14:30:56.259+0000] {logging_mixin.py:190} INFO - [2026-06-02T14:30:56.259+0000] {dag.py:4180} INFO - Setting next_dagrun for create_analytics_mart to 2026-06-02 02:00:00+00:00, run_after=2026-06-03 02:00:00+00:00
[2026-06-02T14:30:56.276+0000] {processor.py:208} INFO - Processing /opt/airflow/dags/create_mart_dag.py took 0.083 seconds
[2026-06-02T14:31:26.438+0000] {processor.py:186} INFO - Started process (PID=707) to work on /opt/airflow/dags/create_mart_dag.py
[2026-06-02T14:31:26.439+0000] {processor.py:914} INFO - Processing file /opt/airflow/dags/create_mart_dag.py for tasks to queue
[2026-06-02T14:31:26.441+0000] {logging_mixin.py:190} INFO - [2026-06-02T14:31:26.440+0000] {dagbag.py:588} INFO - Filling up the DagBag from /opt/airflow/dags/create_mart_dag.py
[2026-06-02T14:31:26.462+0000] {processor.py:925} INFO - DAG(s) 'create_analytics_mart' retrieved from /opt/airflow/dags/create_mart_dag.py
[2026-06-02T14:31:26.484+0000] {logging_mixin.py:190} INFO - [2026-06-02T14:31:26.484+0000] {dag.py:3239} INFO - Sync 1 DAGs
[2026-06-02T14:31:26.504+0000] {logging_mixin.py:190} INFO - [2026-06-02T14:31:26.504+0000] {dag.py:4180} INFO - Setting next_dagrun for create_analytics_mart to 2026-06-02 02:00:00+00:00, run_after=2026-06-03 02:00:00+00:00
[2026-06-02T14:31:26.524+0000] {processor.py:208} INFO - Processing /opt/airflow/dags/create_mart_dag.py took 0.090 seconds
[2026-06-02T14:31:56.707+0000] {processor.py:186} INFO - Started process (PID=718) to work on /opt/airflow/dags/create_mart_dag.py
[2026-06-02T14:31:56.708+0000] {processor.py:914} INFO - Processing file /opt/airflow/dags/create_mart_dag.py for tasks to queue
[2026-06-02T14:31:56.710+0000] {logging_mixin.py:190} INFO - [2026-06-02T14:31:56.710+0000] {dagbag.py:588} INFO - Filling up the DagBag from /opt/airflow/dags/create_mart_dag.py
[2026-06-02T14:31:56.732+0000] {processor.py:925} INFO - DAG(s) 'create_analytics_mart' retrieved from /opt/airflow/dags/create_mart_dag.py
[2026-06-02T14:31:56.751+0000] {logging_mixin.py:190} INFO - [2026-06-02T14:31:56.751+0000] {dag.py:3239} INFO - Sync 1 DAGs
[2026-06-02T14:31:56.770+0000] {logging_mixin.py:190} INFO - [2026-06-02T14:31:56.769+0000] {dag.py:4180} INFO - Setting next_dagrun for create_analytics_mart to 2026-06-02 02:00:00+00:00, run_after=2026-06-03 02:00:00+00:00
[2026-06-02T14:31:56.799+0000] {processor.py:208} INFO - Processing /opt/airflow/dags/create_mart_dag.py took 0.097 seconds
[2026-06-02T14:32:26.908+0000] {processor.py:186} INFO - Started process (PID=729) to work on /opt/airflow/dags/create_mart_dag.py
[2026-06-02T14:32:26.909+0000] {processor.py:914} INFO - Processing file /opt/airflow/dags/create_mart_dag.py for tasks to queue
[2026-06-02T14:32:26.911+0000] {logging_mixin.py:190} INFO - [2026-06-02T14:32:26.911+0000] {dagbag.py:588} INFO - Filling up the DagBag from /opt/airflow/dags/create_mart_dag.py
[2026-06-02T14:32:26.928+0000] {processor.py:925} INFO - DAG(s) 'create_analytics_mart' retrieved from /opt/airflow/dags/create_mart_dag.py
[2026-06-02T14:32:26.945+0000] {logging_mixin.py:190} INFO - [2026-06-02T14:32:26.945+0000] {dag.py:3239} INFO - Sync 1 DAGs
[2026-06-02T14:32:26.961+0000] {logging_mixin.py:190} INFO - [2026-06-02T14:32:26.961+0000] {dag.py:4180} INFO - Setting next_dagrun for create_analytics_mart to 2026-06-02 02:00:00+00:00, run_after=2026-06-03 02:00:00+00:00
[2026-06-02T14:32:26.979+0000] {processor.py:208} INFO - Processing /opt/airflow/dags/create_mart_dag.py took 0.074 seconds
[2026-06-02T14:32:57.274+0000] {processor.py:186} INFO - Started process (PID=740) to work on /opt/airflow/dags/create_mart_dag.py
[2026-06-02T14:32:57.275+0000] {processor.py:914} INFO - Processing file /opt/airflow/dags/create_mart_dag.py for tasks to queue
[2026-06-02T14:32:57.277+0000] {logging_mixin.py:190} INFO - [2026-06-02T14:32:57.277+0000] {dagbag.py:588} INFO - Filling up the DagBag from /opt/airflow/dags/create_mart_dag.py
[2026-06-02T14:32:57.298+0000] {processor.py:925} INFO - DAG(s) 'create_analytics_mart' retrieved from /opt/airflow/dags/create_mart_dag.py
[2026-06-02T14:32:57.320+0000] {logging_mixin.py:190} INFO - [2026-06-02T14:32:57.319+0000] {dag.py:3239} INFO - Sync 1 DAGs
[2026-06-02T14:32:57.336+0000] {logging_mixin.py:190} INFO - [2026-06-02T14:32:57.336+0000] {dag.py:4180} INFO - Setting next_dagrun for create_analytics_mart to 2026-06-02 02:00:00+00:00, run_after=2026-06-03 02:00:00+00:00
[2026-06-02T14:32:57.371+0000] {processor.py:208} INFO - Processing /opt/airflow/dags/create_mart_dag.py took 0.101 seconds
[2026-06-02T14:33:27.486+0000] {processor.py:186} INFO - Started process (PID=751) to work on /opt/airflow/dags/create_mart_dag.py
[2026-06-02T14:33:27.487+0000] {processor.py:914} INFO - Processing file /opt/airflow/dags/create_mart_dag.py for tasks to queue
[2026-06-02T14:33:27.489+0000] {logging_mixin.py:190} INFO - [2026-06-02T14:33:27.489+0000] {dagbag.py:588} INFO - Filling up the DagBag from /opt/airflow/dags/create_mart_dag.py
[2026-06-02T14:33:27.503+0000] {processor.py:925} INFO - DAG(s) 'create_analytics_mart' retrieved from /opt/airflow/dags/create_mart_dag.py
[2026-06-02T14:33:27.521+0000] {logging_mixin.py:190} INFO - [2026-06-02T14:33:27.521+0000] {dag.py:3239} INFO - Sync 1 DAGs
[2026-06-02T14:33:27.538+0000] {logging_mixin.py:190} INFO - [2026-06-02T14:33:27.537+0000] {dag.py:4180} INFO - Setting next_dagrun for create_analytics_mart to 2026-06-02 02:00:00+00:00, run_after=2026-06-03 02:00:00+00:00
[2026-06-02T14:33:27.554+0000] {processor.py:208} INFO - Processing /opt/airflow/dags/create_mart_dag.py took 0.072 seconds
[2026-06-02T14:33:57.776+0000] {processor.py:186} INFO - Started process (PID=762) to work on /opt/airflow/dags/create_mart_dag.py
[2026-06-02T14:33:57.778+0000] {processor.py:914} INFO - Processing file /opt/airflow/dags/create_mart_dag.py for tasks to queue
[2026-06-02T14:33:57.783+0000] {logging_mixin.py:190} INFO - [2026-06-02T14:33:57.782+0000] {dagbag.py:588} INFO - Filling up the DagBag from /opt/airflow/dags/create_mart_dag.py
[2026-06-02T14:33:57.818+0000] {processor.py:925} INFO - DAG(s) 'create_analytics_mart' retrieved from /opt/airflow/dags/create_mart_dag.py
[2026-06-02T14:33:57.847+0000] {logging_mixin.py:190} INFO - [2026-06-02T14:33:57.847+0000] {dag.py:3239} INFO - Sync 1 DAGs
[2026-06-02T14:33:57.874+0000] {logging_mixin.py:190} INFO - [2026-06-02T14:33:57.874+0000] {dag.py:4180} INFO - Setting next_dagrun for create_analytics_mart to 2026-06-02 02:00:00+00:00, run_after=2026-06-03 02:00:00+00:00
[2026-06-02T14:33:57.910+0000] {processor.py:208} INFO - Processing /opt/airflow/dags/create_mart_dag.py took 0.143 seconds
[2026-06-02T14:34:27.970+0000] {processor.py:186} INFO - Started process (PID=773) to work on /opt/airflow/dags/create_mart_dag.py
[2026-06-02T14:34:27.970+0000] {processor.py:914} INFO - Processing file /opt/airflow/dags/create_mart_dag.py for tasks to queue
[2026-06-02T14:34:27.972+0000] {logging_mixin.py:190} INFO - [2026-06-02T14:34:27.972+0000] {dagbag.py:588} INFO - Filling up the DagBag from /opt/airflow/dags/create_mart_dag.py
[2026-06-02T14:34:27.989+0000] {processor.py:925} INFO - DAG(s) 'create_analytics_mart' retrieved from /opt/airflow/dags/create_mart_dag.py
[2026-06-02T14:34:28.007+0000] {logging_mixin.py:190} INFO - [2026-06-02T14:34:28.007+0000] {dag.py:3239} INFO - Sync 1 DAGs
[2026-06-02T14:34:28.028+0000] {logging_mixin.py:190} INFO - [2026-06-02T14:34:28.028+0000] {dag.py:4180} INFO - Setting next_dagrun for create_analytics_mart to 2026-06-02 02:00:00+00:00, run_after=2026-06-03 02:00:00+00:00
[2026-06-02T14:34:28.052+0000] {processor.py:208} INFO - Processing /opt/airflow/dags/create_mart_dag.py took 0.087 seconds
[2026-06-02T14:34:58.193+0000] {processor.py:186} INFO - Started process (PID=784) to work on /opt/airflow/dags/create_mart_dag.py
[2026-06-02T14:34:58.194+0000] {processor.py:914} INFO - Processing file /opt/airflow/dags/create_mart_dag.py for tasks to queue
[2026-06-02T14:34:58.196+0000] {logging_mixin.py:190} INFO - [2026-06-02T14:34:58.196+0000] {dagbag.py:588} INFO - Filling up the DagBag from /opt/airflow/dags/create_mart_dag.py
[2026-06-02T14:34:58.225+0000] {processor.py:925} INFO - DAG(s) 'create_analytics_mart' retrieved from /opt/airflow/dags/create_mart_dag.py
[2026-06-02T14:34:58.248+0000] {logging_mixin.py:190} INFO - [2026-06-02T14:34:58.248+0000] {dag.py:3239} INFO - Sync 1 DAGs
[2026-06-02T14:34:58.275+0000] {logging_mixin.py:190} INFO - [2026-06-02T14:34:58.274+0000] {dag.py:4180} INFO - Setting next_dagrun for create_analytics_mart to 2026-06-02 02:00:00+00:00, run_after=2026-06-03 02:00:00+00:00
[2026-06-02T14:34:58.302+0000] {processor.py:208} INFO - Processing /opt/airflow/dags/create_mart_dag.py took 0.114 seconds
[2026-06-02T14:35:28.459+0000] {processor.py:186} INFO - Started process (PID=795) to work on /opt/airflow/dags/create_mart_dag.py
[2026-06-02T14:35:28.461+0000] {processor.py:914} INFO - Processing file /opt/airflow/dags/create_mart_dag.py for tasks to queue
[2026-06-02T14:35:28.463+0000] {logging_mixin.py:190} INFO - [2026-06-02T14:35:28.462+0000] {dagbag.py:588} INFO - Filling up the DagBag from /opt/airflow/dags/create_mart_dag.py
[2026-06-02T14:35:28.500+0000] {processor.py:925} INFO - DAG(s) 'create_analytics_mart' retrieved from /opt/airflow/dags/create_mart_dag.py
[2026-06-02T14:35:28.524+0000] {logging_mixin.py:190} INFO - [2026-06-02T14:35:28.524+0000] {dag.py:3239} INFO - Sync 1 DAGs
[2026-06-02T14:35:28.543+0000] {logging_mixin.py:190} INFO - [2026-06-02T14:35:28.543+0000] {dag.py:4180} INFO - Setting next_dagrun for create_analytics_mart to 2026-06-02 02:00:00+00:00, run_after=2026-06-03 02:00:00+00:00
[2026-06-02T14:35:28.559+0000] {processor.py:208} INFO - Processing /opt/airflow/dags/create_mart_dag.py took 0.105 seconds
[2026-06-02T14:35:58.830+0000] {processor.py:186} INFO - Started process (PID=806) to work on /opt/airflow/dags/create_mart_dag.py
[2026-06-02T14:35:58.831+0000] {processor.py:914} INFO - Processing file /opt/airflow/dags/create_mart_dag.py for tasks to queue
[2026-06-02T14:35:58.834+0000] {logging_mixin.py:190} INFO - [2026-06-02T14:35:58.834+0000] {dagbag.py:588} INFO - Filling up the DagBag from /opt/airflow/dags/create_mart_dag.py
[2026-06-02T14:35:58.866+0000] {processor.py:925} INFO - DAG(s) 'create_analytics_mart' retrieved from /opt/airflow/dags/create_mart_dag.py
[2026-06-02T14:35:58.891+0000] {logging_mixin.py:190} INFO - [2026-06-02T14:35:58.891+0000] {dag.py:3239} INFO - Sync 1 DAGs
[2026-06-02T14:35:58.911+0000] {logging_mixin.py:190} INFO - [2026-06-02T14:35:58.911+0000] {dag.py:4180} INFO - Setting next_dagrun for create_analytics_mart to 2026-06-02 02:00:00+00:00, run_after=2026-06-03 02:00:00+00:00
[2026-06-02T14:35:58.943+0000] {processor.py:208} INFO - Processing /opt/airflow/dags/create_mart_dag.py took 0.118 seconds
[2026-06-02T14:36:29.120+0000] {processor.py:186} INFO - Started process (PID=817) to work on /opt/airflow/dags/create_mart_dag.py
[2026-06-02T14:36:29.121+0000] {processor.py:914} INFO - Processing file /opt/airflow/dags/create_mart_dag.py for tasks to queue
[2026-06-02T14:36:29.123+0000] {logging_mixin.py:190} INFO - [2026-06-02T14:36:29.123+0000] {dagbag.py:588} INFO - Filling up the DagBag from /opt/airflow/dags/create_mart_dag.py
[2026-06-02T14:36:29.187+0000] {processor.py:925} INFO - DAG(s) 'create_analytics_mart' retrieved from /opt/airflow/dags/create_mart_dag.py
[2026-06-02T14:36:29.216+0000] {logging_mixin.py:190} INFO - [2026-06-02T14:36:29.215+0000] {dag.py:3239} INFO - Sync 1 DAGs
[2026-06-02T14:36:29.239+0000] {logging_mixin.py:190} INFO - [2026-06-02T14:36:29.239+0000] {dag.py:4180} INFO - Setting next_dagrun for create_analytics_mart to 2026-06-02 02:00:00+00:00, run_after=2026-06-03 02:00:00+00:00
[2026-06-02T14:36:29.262+0000] {processor.py:208} INFO - Processing /opt/airflow/dags/create_mart_dag.py took 0.146 seconds
[2026-06-02T14:36:59.399+0000] {processor.py:186} INFO - Started process (PID=828) to work on /opt/airflow/dags/create_mart_dag.py
[2026-06-02T14:36:59.399+0000] {processor.py:914} INFO - Processing file /opt/airflow/dags/create_mart_dag.py for tasks to queue
[2026-06-02T14:36:59.402+0000] {logging_mixin.py:190} INFO - [2026-06-02T14:36:59.401+0000] {dagbag.py:588} INFO - Filling up the DagBag from /opt/airflow/dags/create_mart_dag.py
[2026-06-02T14:36:59.420+0000] {processor.py:925} INFO - DAG(s) 'create_analytics_mart' retrieved from /opt/airflow/dags/create_mart_dag.py
[2026-06-02T14:36:59.439+0000] {logging_mixin.py:190} INFO - [2026-06-02T14:36:59.439+0000] {dag.py:3239} INFO - Sync 1 DAGs
[2026-06-02T14:36:59.457+0000] {logging_mixin.py:190} INFO - [2026-06-02T14:36:59.457+0000] {dag.py:4180} INFO - Setting next_dagrun for create_analytics_mart to 2026-06-02 02:00:00+00:00, run_after=2026-06-03 02:00:00+00:00
[2026-06-02T14:36:59.484+0000] {processor.py:208} INFO - Processing /opt/airflow/dags/create_mart_dag.py took 0.089 seconds
[2026-06-02T14:37:29.662+0000] {processor.py:186} INFO - Started process (PID=839) to work on /opt/airflow/dags/create_mart_dag.py
[2026-06-02T14:37:29.663+0000] {processor.py:914} INFO - Processing file /opt/airflow/dags/create_mart_dag.py for tasks to queue
[2026-06-02T14:37:29.665+0000] {logging_mixin.py:190} INFO - [2026-06-02T14:37:29.665+0000] {dagbag.py:588} INFO - Filling up the DagBag from /opt/airflow/dags/create_mart_dag.py
[2026-06-02T14:37:29.684+0000] {processor.py:925} INFO - DAG(s) 'create_analytics_mart' retrieved from /opt/airflow/dags/create_mart_dag.py
[2026-06-02T14:37:29.704+0000] {logging_mixin.py:190} INFO - [2026-06-02T14:37:29.704+0000] {dag.py:3239} INFO - Sync 1 DAGs
[2026-06-02T14:37:29.723+0000] {logging_mixin.py:190} INFO - [2026-06-02T14:37:29.723+0000] {dag.py:4180} INFO - Setting next_dagrun for create_analytics_mart to 2026-06-02 02:00:00+00:00, run_after=2026-06-03 02:00:00+00:00
[2026-06-02T14:37:29.742+0000] {processor.py:208} INFO - Processing /opt/airflow/dags/create_mart_dag.py took 0.084 seconds
[2026-06-02T14:37:59.893+0000] {processor.py:186} INFO - Started process (PID=850) to work on /opt/airflow/dags/create_mart_dag.py
[2026-06-02T14:37:59.894+0000] {processor.py:914} INFO - Processing file /opt/airflow/dags/create_mart_dag.py for tasks to queue
[2026-06-02T14:37:59.896+0000] {logging_mixin.py:190} INFO - [2026-06-02T14:37:59.896+0000] {dagbag.py:588} INFO - Filling up the DagBag from /opt/airflow/dags/create_mart_dag.py
[2026-06-02T14:37:59.913+0000] {processor.py:925} INFO - DAG(s) 'create_analytics_mart' retrieved from /opt/airflow/dags/create_mart_dag.py
[2026-06-02T14:37:59.933+0000] {logging_mixin.py:190} INFO - [2026-06-02T14:37:59.933+0000] {dag.py:3239} INFO - Sync 1 DAGs
[2026-06-02T14:37:59.950+0000] {logging_mixin.py:190} INFO - [2026-06-02T14:37:59.950+0000] {dag.py:4180} INFO - Setting next_dagrun for create_analytics_mart to 2026-06-02 02:00:00+00:00, run_after=2026-06-03 02:00:00+00:00
[2026-06-02T14:37:59.976+0000] {processor.py:208} INFO - Processing /opt/airflow/dags/create_mart_dag.py took 0.087 seconds
[2026-06-02T14:38:30.085+0000] {processor.py:186} INFO - Started process (PID=861) to work on /opt/airflow/dags/create_mart_dag.py
[2026-06-02T14:38:30.086+0000] {processor.py:914} INFO - Processing file /opt/airflow/dags/create_mart_dag.py for tasks to queue
[2026-06-02T14:38:30.088+0000] {logging_mixin.py:190} INFO - [2026-06-02T14:38:30.088+0000] {dagbag.py:588} INFO - Filling up the DagBag from /opt/airflow/dags/create_mart_dag.py
[2026-06-02T14:38:30.105+0000] {processor.py:925} INFO - DAG(s) 'create_analytics_mart' retrieved from /opt/airflow/dags/create_mart_dag.py
[2026-06-02T14:38:30.124+0000] {logging_mixin.py:190} INFO - [2026-06-02T14:38:30.124+0000] {dag.py:3239} INFO - Sync 1 DAGs
[2026-06-02T14:38:30.141+0000] {logging_mixin.py:190} INFO - [2026-06-02T14:38:30.141+0000] {dag.py:4180} INFO - Setting next_dagrun for create_analytics_mart to 2026-06-02 02:00:00+00:00, run_after=2026-06-03 02:00:00+00:00
[2026-06-02T14:38:30.160+0000] {processor.py:208} INFO - Processing /opt/airflow/dags/create_mart_dag.py took 0.079 seconds
[2026-06-02T14:39:00.359+0000] {processor.py:186} INFO - Started process (PID=872) to work on /opt/airflow/dags/create_mart_dag.py
[2026-06-02T14:39:00.404+0000] {processor.py:914} INFO - Processing file /opt/airflow/dags/create_mart_dag.py for tasks to queue
[2026-06-02T14:39:00.406+0000] {logging_mixin.py:190} INFO - [2026-06-02T14:39:00.406+0000] {dagbag.py:588} INFO - Filling up the DagBag from /opt/airflow/dags/create_mart_dag.py
[2026-06-02T14:39:00.425+0000] {processor.py:925} INFO - DAG(s) 'create_analytics_mart' retrieved from /opt/airflow/dags/create_mart_dag.py
[2026-06-02T14:39:00.443+0000] {logging_mixin.py:190} INFO - [2026-06-02T14:39:00.443+0000] {dag.py:3239} INFO - Sync 1 DAGs
[2026-06-02T14:39:00.460+0000] {logging_mixin.py:190} INFO - [2026-06-02T14:39:00.460+0000] {dag.py:4180} INFO - Setting next_dagrun for create_analytics_mart to 2026-06-02 02:00:00+00:00, run_after=2026-06-03 02:00:00+00:00
[2026-06-02T14:39:00.492+0000] {processor.py:208} INFO - Processing /opt/airflow/dags/create_mart_dag.py took 0.137 seconds
[2026-06-02T14:39:30.560+0000] {processor.py:186} INFO - Started process (PID=883) to work on /opt/airflow/dags/create_mart_dag.py
[2026-06-02T14:39:30.561+0000] {processor.py:914} INFO - Processing file /opt/airflow/dags/create_mart_dag.py for tasks to queue
[2026-06-02T14:39:30.563+0000] {logging_mixin.py:190} INFO - [2026-06-02T14:39:30.563+0000] {dagbag.py:588} INFO - Filling up the DagBag from /opt/airflow/dags/create_mart_dag.py
[2026-06-02T14:39:30.593+0000] {processor.py:925} INFO - DAG(s) 'create_analytics_mart' retrieved from /opt/airflow/dags/create_mart_dag.py
[2026-06-02T14:39:30.613+0000] {logging_mixin.py:190} INFO - [2026-06-02T14:39:30.613+0000] {dag.py:3239} INFO - Sync 1 DAGs
[2026-06-02T14:39:30.631+0000] {logging_mixin.py:190} INFO - [2026-06-02T14:39:30.631+0000] {dag.py:4180} INFO - Setting next_dagrun for create_analytics_mart to 2026-06-02 02:00:00+00:00, run_after=2026-06-03 02:00:00+00:00
[2026-06-02T14:39:30.659+0000] {processor.py:208} INFO - Processing /opt/airflow/dags/create_mart_dag.py took 0.103 seconds
[2026-06-02T14:40:00.881+0000] {processor.py:186} INFO - Started process (PID=894) to work on /opt/airflow/dags/create_mart_dag.py
[2026-06-02T14:40:00.882+0000] {processor.py:914} INFO - Processing file /opt/airflow/dags/create_mart_dag.py for tasks to queue
[2026-06-02T14:40:00.884+0000] {logging_mixin.py:190} INFO - [2026-06-02T14:40:00.884+0000] {dagbag.py:588} INFO - Filling up the DagBag from /opt/airflow/dags/create_mart_dag.py
[2026-06-02T14:40:00.903+0000] {processor.py:925} INFO - DAG(s) 'create_analytics_mart' retrieved from /opt/airflow/dags/create_mart_dag.py
[2026-06-02T14:40:00.925+0000] {logging_mixin.py:190} INFO - [2026-06-02T14:40:00.925+0000] {dag.py:3239} INFO - Sync 1 DAGs
[2026-06-02T14:40:00.944+0000] {logging_mixin.py:190} INFO - [2026-06-02T14:40:00.944+0000] {dag.py:4180} INFO - Setting next_dagrun for create_analytics_mart to 2026-06-02 02:00:00+00:00, run_after=2026-06-03 02:00:00+00:00
[2026-06-02T14:40:00.974+0000] {processor.py:208} INFO - Processing /opt/airflow/dags/create_mart_dag.py took 0.097 seconds
[2026-06-02T14:40:31.062+0000] {processor.py:186} INFO - Started process (PID=905) to work on /opt/airflow/dags/create_mart_dag.py
[2026-06-02T14:40:31.063+0000] {processor.py:914} INFO - Processing file /opt/airflow/dags/create_mart_dag.py for tasks to queue
[2026-06-02T14:40:31.065+0000] {logging_mixin.py:190} INFO - [2026-06-02T14:40:31.064+0000] {dagbag.py:588} INFO - Filling up the DagBag from /opt/airflow/dags/create_mart_dag.py
[2026-06-02T14:40:31.084+0000] {processor.py:925} INFO - DAG(s) 'create_analytics_mart' retrieved from /opt/airflow/dags/create_mart_dag.py
[2026-06-02T14:40:31.113+0000] {logging_mixin.py:190} INFO - [2026-06-02T14:40:31.113+0000] {dag.py:3239} INFO - Sync 1 DAGs
[2026-06-02T14:40:31.136+0000] {logging_mixin.py:190} INFO - [2026-06-02T14:40:31.135+0000] {dag.py:4180} INFO - Setting next_dagrun for create_analytics_mart to 2026-06-02 02:00:00+00:00, run_after=2026-06-03 02:00:00+00:00
[2026-06-02T14:40:31.158+0000] {processor.py:208} INFO - Processing /opt/airflow/dags/create_mart_dag.py took 0.100 seconds
[2026-06-02T14:41:01.296+0000] {processor.py:186} INFO - Started process (PID=916) to work on /opt/airflow/dags/create_mart_dag.py
[2026-06-02T14:41:01.296+0000] {processor.py:914} INFO - Processing file /opt/airflow/dags/create_mart_dag.py for tasks to queue
[2026-06-02T14:41:01.298+0000] {logging_mixin.py:190} INFO - [2026-06-02T14:41:01.298+0000] {dagbag.py:588} INFO - Filling up the DagBag from /opt/airflow/dags/create_mart_dag.py
[2026-06-02T14:41:01.320+0000] {processor.py:925} INFO - DAG(s) 'create_analytics_mart' retrieved from /opt/airflow/dags/create_mart_dag.py
[2026-06-02T14:41:01.340+0000] {logging_mixin.py:190} INFO - [2026-06-02T14:41:01.340+0000] {dag.py:3239} INFO - Sync 1 DAGs
[2026-06-02T14:41:01.358+0000] {logging_mixin.py:190} INFO - [2026-06-02T14:41:01.358+0000] {dag.py:4180} INFO - Setting next_dagrun for create_analytics_mart to 2026-06-02 02:00:00+00:00, run_after=2026-06-03 02:00:00+00:00
[2026-06-02T14:41:01.377+0000] {processor.py:208} INFO - Processing /opt/airflow/dags/create_mart_dag.py took 0.086 seconds
[2026-06-02T14:41:31.667+0000] {processor.py:186} INFO - Started process (PID=927) to work on /opt/airflow/dags/create_mart_dag.py
[2026-06-02T14:41:31.668+0000] {processor.py:914} INFO - Processing file /opt/airflow/dags/create_mart_dag.py for tasks to queue
[2026-06-02T14:41:31.672+0000] {logging_mixin.py:190} INFO - [2026-06-02T14:41:31.672+0000] {dagbag.py:588} INFO - Filling up the DagBag from /opt/airflow/dags/create_mart_dag.py
[2026-06-02T14:41:31.724+0000] {processor.py:925} INFO - DAG(s) 'create_analytics_mart' retrieved from /opt/airflow/dags/create_mart_dag.py
[2026-06-02T14:41:31.755+0000] {logging_mixin.py:190} INFO - [2026-06-02T14:41:31.755+0000] {dag.py:3239} INFO - Sync 1 DAGs
[2026-06-02T14:41:31.778+0000] {logging_mixin.py:190} INFO - [2026-06-02T14:41:31.777+0000] {dag.py:4180} INFO - Setting next_dagrun for create_analytics_mart to 2026-06-02 02:00:00+00:00, run_after=2026-06-03 02:00:00+00:00
[2026-06-02T14:41:31.808+0000] {processor.py:208} INFO - Processing /opt/airflow/dags/create_mart_dag.py took 0.148 seconds
[2026-06-02T14:42:01.864+0000] {processor.py:186} INFO - Started process (PID=938) to work on /opt/airflow/dags/create_mart_dag.py
[2026-06-02T14:42:01.864+0000] {processor.py:914} INFO - Processing file /opt/airflow/dags/create_mart_dag.py for tasks to queue
[2026-06-02T14:42:01.867+0000] {logging_mixin.py:190} INFO - [2026-06-02T14:42:01.867+0000] {dagbag.py:588} INFO - Filling up the DagBag from /opt/airflow/dags/create_mart_dag.py
[2026-06-02T14:42:01.883+0000] {processor.py:925} INFO - DAG(s) 'create_analytics_mart' retrieved from /opt/airflow/dags/create_mart_dag.py
[2026-06-02T14:42:01.902+0000] {logging_mixin.py:190} INFO - [2026-06-02T14:42:01.902+0000] {dag.py:3239} INFO - Sync 1 DAGs
[2026-06-02T14:42:01.921+0000] {logging_mixin.py:190} INFO - [2026-06-02T14:42:01.921+0000] {dag.py:4180} INFO - Setting next_dagrun for create_analytics_mart to 2026-06-02 02:00:00+00:00, run_after=2026-06-03 02:00:00+00:00
[2026-06-02T14:42:01.950+0000] {processor.py:208} INFO - Processing /opt/airflow/dags/create_mart_dag.py took 0.091 seconds
[2026-06-02T14:42:32.066+0000] {processor.py:186} INFO - Started process (PID=949) to work on /opt/airflow/dags/create_mart_dag.py
[2026-06-02T14:42:32.067+0000] {processor.py:914} INFO - Processing file /opt/airflow/dags/create_mart_dag.py for tasks to queue
[2026-06-02T14:42:32.069+0000] {logging_mixin.py:190} INFO - [2026-06-02T14:42:32.069+0000] {dagbag.py:588} INFO - Filling up the DagBag from /opt/airflow/dags/create_mart_dag.py
[2026-06-02T14:42:32.089+0000] {processor.py:925} INFO - DAG(s) 'create_analytics_mart' retrieved from /opt/airflow/dags/create_mart_dag.py
[2026-06-02T14:42:32.108+0000] {logging_mixin.py:190} INFO - [2026-06-02T14:42:32.108+0000] {dag.py:3239} INFO - Sync 1 DAGs
[2026-06-02T14:42:32.127+0000] {logging_mixin.py:190} INFO - [2026-06-02T14:42:32.127+0000] {dag.py:4180} INFO - Setting next_dagrun for create_analytics_mart to 2026-06-02 02:00:00+00:00, run_after=2026-06-03 02:00:00+00:00
[2026-06-02T14:42:32.153+0000] {processor.py:208} INFO - Processing /opt/airflow/dags/create_mart_dag.py took 0.092 seconds
[2026-06-02T14:42:45.257+0000] {processor.py:186} INFO - Started process (PID=960) to work on /opt/airflow/dags/create_mart_dag.py
[2026-06-02T14:42:45.258+0000] {processor.py:914} INFO - Processing file /opt/airflow/dags/create_mart_dag.py for tasks to queue
[2026-06-02T14:42:45.260+0000] {logging_mixin.py:190} INFO - [2026-06-02T14:42:45.260+0000] {dagbag.py:588} INFO - Filling up the DagBag from /opt/airflow/dags/create_mart_dag.py
[2026-06-02T14:42:45.290+0000] {processor.py:925} INFO - DAG(s) 'create_analytics_mart' retrieved from /opt/airflow/dags/create_mart_dag.py
[2026-06-02T14:42:45.309+0000] {logging_mixin.py:190} INFO - [2026-06-02T14:42:45.309+0000] {dag.py:3239} INFO - Sync 1 DAGs
[2026-06-02T14:42:45.326+0000] {logging_mixin.py:190} INFO - [2026-06-02T14:42:45.326+0000] {dag.py:4180} INFO - Setting next_dagrun for create_analytics_mart to 2026-06-02 02:00:00+00:00, run_after=2026-06-03 02:00:00+00:00
[2026-06-02T14:42:45.356+0000] {processor.py:208} INFO - Processing /opt/airflow/dags/create_mart_dag.py took 0.104 seconds
[2026-06-02T14:43:15.580+0000] {processor.py:186} INFO - Started process (PID=971) to work on /opt/airflow/dags/create_mart_dag.py
[2026-06-02T14:43:15.581+0000] {processor.py:914} INFO - Processing file /opt/airflow/dags/create_mart_dag.py for tasks to queue
[2026-06-02T14:43:15.584+0000] {logging_mixin.py:190} INFO - [2026-06-02T14:43:15.583+0000] {dagbag.py:588} INFO - Filling up the DagBag from /opt/airflow/dags/create_mart_dag.py
[2026-06-02T14:43:15.614+0000] {processor.py:925} INFO - DAG(s) 'create_analytics_mart' retrieved from /opt/airflow/dags/create_mart_dag.py
[2026-06-02T14:43:15.634+0000] {logging_mixin.py:190} INFO - [2026-06-02T14:43:15.634+0000] {dag.py:3239} INFO - Sync 1 DAGs
[2026-06-02T14:43:15.651+0000] {logging_mixin.py:190} INFO - [2026-06-02T14:43:15.651+0000] {dag.py:4180} INFO - Setting next_dagrun for create_analytics_mart to 2026-06-02 02:00:00+00:00, run_after=2026-06-03 02:00:00+00:00
[2026-06-02T14:43:15.670+0000] {processor.py:208} INFO - Processing /opt/airflow/dags/create_mart_dag.py took 0.094 seconds
[2026-06-02T14:43:45.859+0000] {processor.py:186} INFO - Started process (PID=982) to work on /opt/airflow/dags/create_mart_dag.py
[2026-06-02T14:43:45.860+0000] {processor.py:914} INFO - Processing file /opt/airflow/dags/create_mart_dag.py for tasks to queue
[2026-06-02T14:43:45.863+0000] {logging_mixin.py:190} INFO - [2026-06-02T14:43:45.863+0000] {dagbag.py:588} INFO - Filling up the DagBag from /opt/airflow/dags/create_mart_dag.py
[2026-06-02T14:43:45.893+0000] {processor.py:925} INFO - DAG(s) 'create_analytics_mart' retrieved from /opt/airflow/dags/create_mart_dag.py
[2026-06-02T14:43:45.913+0000] {logging_mixin.py:190} INFO - [2026-06-02T14:43:45.913+0000] {dag.py:3239} INFO - Sync 1 DAGs
[2026-06-02T14:43:45.931+0000] {logging_mixin.py:190} INFO - [2026-06-02T14:43:45.931+0000] {dag.py:4180} INFO - Setting next_dagrun for create_analytics_mart to 2026-06-02 02:00:00+00:00, run_after=2026-06-03 02:00:00+00:00
[2026-06-02T14:43:45.959+0000] {processor.py:208} INFO - Processing /opt/airflow/dags/create_mart_dag.py took 0.105 seconds
[2026-06-02T14:44:16.112+0000] {processor.py:186} INFO - Started process (PID=993) to work on /opt/airflow/dags/create_mart_dag.py
[2026-06-02T14:44:16.113+0000] {processor.py:914} INFO - Processing file /opt/airflow/dags/create_mart_dag.py for tasks to queue
[2026-06-02T14:44:16.115+0000] {logging_mixin.py:190} INFO - [2026-06-02T14:44:16.115+0000] {dagbag.py:588} INFO - Filling up the DagBag from /opt/airflow/dags/create_mart_dag.py
[2026-06-02T14:44:16.137+0000] {processor.py:925} INFO - DAG(s) 'create_analytics_mart' retrieved from /opt/airflow/dags/create_mart_dag.py
[2026-06-02T14:44:16.159+0000] {logging_mixin.py:190} INFO - [2026-06-02T14:44:16.158+0000] {dag.py:3239} INFO - Sync 1 DAGs
[2026-06-02T14:44:16.178+0000] {logging_mixin.py:190} INFO - [2026-06-02T14:44:16.178+0000] {dag.py:4180} INFO - Setting next_dagrun for create_analytics_mart to 2026-06-02 02:00:00+00:00, run_after=2026-06-03 02:00:00+00:00
[2026-06-02T14:44:16.208+0000] {processor.py:208} INFO - Processing /opt/airflow/dags/create_mart_dag.py took 0.100 seconds
[2026-06-02T14:44:46.435+0000] {processor.py:186} INFO - Started process (PID=1004) to work on /opt/airflow/dags/create_mart_dag.py
[2026-06-02T14:44:46.436+0000] {processor.py:914} INFO - Processing file /opt/airflow/dags/create_mart_dag.py for tasks to queue
[2026-06-02T14:44:46.438+0000] {logging_mixin.py:190} INFO - [2026-06-02T14:44:46.438+0000] {dagbag.py:588} INFO - Filling up the DagBag from /opt/airflow/dags/create_mart_dag.py
[2026-06-02T14:44:46.454+0000] {processor.py:925} INFO - DAG(s) 'create_analytics_mart' retrieved from /opt/airflow/dags/create_mart_dag.py
[2026-06-02T14:44:46.473+0000] {logging_mixin.py:190} INFO - [2026-06-02T14:44:46.473+0000] {dag.py:3239} INFO - Sync 1 DAGs
[2026-06-02T14:44:46.490+0000] {logging_mixin.py:190} INFO - [2026-06-02T14:44:46.490+0000] {dag.py:4180} INFO - Setting next_dagrun for create_analytics_mart to 2026-06-02 02:00:00+00:00, run_after=2026-06-03 02:00:00+00:00
[2026-06-02T14:44:46.509+0000] {processor.py:208} INFO - Processing /opt/airflow/dags/create_mart_dag.py took 0.078 seconds
[2026-06-02T14:45:16.646+0000] {processor.py:186} INFO - Started process (PID=1014) to work on /opt/airflow/dags/create_mart_dag.py
[2026-06-02T14:45:16.647+0000] {processor.py:914} INFO - Processing file /opt/airflow/dags/create_mart_dag.py for tasks to queue
[2026-06-02T14:45:16.649+0000] {logging_mixin.py:190} INFO - [2026-06-02T14:45:16.649+0000] {dagbag.py:588} INFO - Filling up the DagBag from /opt/airflow/dags/create_mart_dag.py
[2026-06-02T14:45:16.675+0000] {processor.py:925} INFO - DAG(s) 'create_analytics_mart' retrieved from /opt/airflow/dags/create_mart_dag.py
[2026-06-02T14:45:16.701+0000] {logging_mixin.py:190} INFO - [2026-06-02T14:45:16.701+0000] {dag.py:3239} INFO - Sync 1 DAGs
[2026-06-02T14:45:16.720+0000] {logging_mixin.py:190} INFO - [2026-06-02T14:45:16.719+0000] {dag.py:4180} INFO - Setting next_dagrun for create_analytics_mart to 2026-06-02 02:00:00+00:00, run_after=2026-06-03 02:00:00+00:00
[2026-06-02T14:45:16.739+0000] {processor.py:208} INFO - Processing /opt/airflow/dags/create_mart_dag.py took 0.109 seconds
[2026-06-02T14:45:46.977+0000] {processor.py:186} INFO - Started process (PID=1025) to work on /opt/airflow/dags/create_mart_dag.py
[2026-06-02T14:45:46.979+0000] {processor.py:914} INFO - Processing file /opt/airflow/dags/create_mart_dag.py for tasks to queue
[2026-06-02T14:45:46.983+0000] {logging_mixin.py:190} INFO - [2026-06-02T14:45:46.982+0000] {dagbag.py:588} INFO - Filling up the DagBag from /opt/airflow/dags/create_mart_dag.py
[2026-06-02T14:45:47.035+0000] {processor.py:925} INFO - DAG(s) 'create_analytics_mart' retrieved from /opt/airflow/dags/create_mart_dag.py
[2026-06-02T14:45:47.082+0000] {logging_mixin.py:190} INFO - [2026-06-02T14:45:47.081+0000] {dag.py:3239} INFO - Sync 1 DAGs
[2026-06-02T14:45:47.129+0000] {logging_mixin.py:190} INFO - [2026-06-02T14:45:47.128+0000] {dag.py:4180} INFO - Setting next_dagrun for create_analytics_mart to 2026-06-02 02:00:00+00:00, run_after=2026-06-03 02:00:00+00:00
[2026-06-02T14:45:47.186+0000] {processor.py:208} INFO - Processing /opt/airflow/dags/create_mart_dag.py took 0.217 seconds
[2026-06-02T14:46:17.243+0000] {processor.py:186} INFO - Started process (PID=1036) to work on /opt/airflow/dags/create_mart_dag.py
[2026-06-02T14:46:17.244+0000] {processor.py:914} INFO - Processing file /opt/airflow/dags/create_mart_dag.py for tasks to queue
[2026-06-02T14:46:17.246+0000] {logging_mixin.py:190} INFO - [2026-06-02T14:46:17.246+0000] {dagbag.py:588} INFO - Filling up the DagBag from /opt/airflow/dags/create_mart_dag.py
[2026-06-02T14:46:17.264+0000] {processor.py:925} INFO - DAG(s) 'create_analytics_mart' retrieved from /opt/airflow/dags/create_mart_dag.py
[2026-06-02T14:46:17.284+0000] {logging_mixin.py:190} INFO - [2026-06-02T14:46:17.284+0000] {dag.py:3239} INFO - Sync 1 DAGs
[2026-06-02T14:46:17.302+0000] {logging_mixin.py:190} INFO - [2026-06-02T14:46:17.302+0000] {dag.py:4180} INFO - Setting next_dagrun for create_analytics_mart to 2026-06-02 02:00:00+00:00, run_after=2026-06-03 02:00:00+00:00
[2026-06-02T14:46:17.330+0000] {processor.py:208} INFO - Processing /opt/airflow/dags/create_mart_dag.py took 0.092 seconds
[2026-06-02T14:46:47.479+0000] {processor.py:186} INFO - Started process (PID=1051) to work on /opt/airflow/dags/create_mart_dag.py
[2026-06-02T14:46:47.481+0000] {processor.py:914} INFO - Processing file /opt/airflow/dags/create_mart_dag.py for tasks to queue
[2026-06-02T14:46:47.485+0000] {logging_mixin.py:190} INFO - [2026-06-02T14:46:47.484+0000] {dagbag.py:588} INFO - Filling up the DagBag from /opt/airflow/dags/create_mart_dag.py
[2026-06-02T14:46:47.506+0000] {processor.py:925} INFO - DAG(s) 'create_analytics_mart' retrieved from /opt/airflow/dags/create_mart_dag.py
[2026-06-02T14:46:47.528+0000] {logging_mixin.py:190} INFO - [2026-06-02T14:46:47.528+0000] {dag.py:3239} INFO - Sync 1 DAGs
[2026-06-02T14:46:47.546+0000] {logging_mixin.py:190} INFO - [2026-06-02T14:46:47.546+0000] {dag.py:4180} INFO - Setting next_dagrun for create_analytics_mart to 2026-06-02 02:00:00+00:00, run_after=2026-06-03 02:00:00+00:00
[2026-06-02T14:46:47.568+0000] {processor.py:208} INFO - Processing /opt/airflow/dags/create_mart_dag.py took 0.093 seconds
[2026-06-02T14:47:17.781+0000] {processor.py:186} INFO - Started process (PID=1062) to work on /opt/airflow/dags/create_mart_dag.py
[2026-06-02T14:47:17.782+0000] {processor.py:914} INFO - Processing file /opt/airflow/dags/create_mart_dag.py for tasks to queue
[2026-06-02T14:47:17.784+0000] {logging_mixin.py:190} INFO - [2026-06-02T14:47:17.784+0000] {dagbag.py:588} INFO - Filling up the DagBag from /opt/airflow/dags/create_mart_dag.py
[2026-06-02T14:47:17.820+0000] {processor.py:925} INFO - DAG(s) 'create_analytics_mart' retrieved from /opt/airflow/dags/create_mart_dag.py
[2026-06-02T14:47:17.844+0000] {logging_mixin.py:190} INFO - [2026-06-02T14:47:17.843+0000] {dag.py:3239} INFO - Sync 1 DAGs
[2026-06-02T14:47:17.861+0000] {logging_mixin.py:190} INFO - [2026-06-02T14:47:17.861+0000] {dag.py:4180} INFO - Setting next_dagrun for create_analytics_mart to 2026-06-02 02:00:00+00:00, run_after=2026-06-03 02:00:00+00:00
[2026-06-02T14:47:17.879+0000] {processor.py:208} INFO - Processing /opt/airflow/dags/create_mart_dag.py took 0.104 seconds
[2026-06-02T14:47:47.984+0000] {processor.py:186} INFO - Started process (PID=1073) to work on /opt/airflow/dags/create_mart_dag.py
[2026-06-02T14:47:47.985+0000] {processor.py:914} INFO - Processing file /opt/airflow/dags/create_mart_dag.py for tasks to queue
[2026-06-02T14:47:47.987+0000] {logging_mixin.py:190} INFO - [2026-06-02T14:47:47.987+0000] {dagbag.py:588} INFO - Filling up the DagBag from /opt/airflow/dags/create_mart_dag.py
[2026-06-02T14:47:48.004+0000] {processor.py:925} INFO - DAG(s) 'create_analytics_mart' retrieved from /opt/airflow/dags/create_mart_dag.py
[2026-06-02T14:47:48.024+0000] {logging_mixin.py:190} INFO - [2026-06-02T14:47:48.023+0000] {dag.py:3239} INFO - Sync 1 DAGs
[2026-06-02T14:47:48.041+0000] {logging_mixin.py:190} INFO - [2026-06-02T14:47:48.040+0000] {dag.py:4180} INFO - Setting next_dagrun for create_analytics_mart to 2026-06-02 02:00:00+00:00, run_after=2026-06-03 02:00:00+00:00
[2026-06-02T14:47:48.060+0000] {processor.py:208} INFO - Processing /opt/airflow/dags/create_mart_dag.py took 0.080 seconds
[2026-06-02T14:48:18.340+0000] {processor.py:186} INFO - Started process (PID=1084) to work on /opt/airflow/dags/create_mart_dag.py
[2026-06-02T14:48:18.341+0000] {processor.py:914} INFO - Processing file /opt/airflow/dags/create_mart_dag.py for tasks to queue
[2026-06-02T14:48:18.343+0000] {logging_mixin.py:190} INFO - [2026-06-02T14:48:18.342+0000] {dagbag.py:588} INFO - Filling up the DagBag from /opt/airflow/dags/create_mart_dag.py
[2026-06-02T14:48:18.359+0000] {processor.py:925} INFO - DAG(s) 'create_analytics_mart' retrieved from /opt/airflow/dags/create_mart_dag.py
[2026-06-02T14:48:18.377+0000] {logging_mixin.py:190} INFO - [2026-06-02T14:48:18.377+0000] {dag.py:3239} INFO - Sync 1 DAGs
[2026-06-02T14:48:18.397+0000] {logging_mixin.py:190} INFO - [2026-06-02T14:48:18.397+0000] {dag.py:4180} INFO - Setting next_dagrun for create_analytics_mart to 2026-06-02 02:00:00+00:00, run_after=2026-06-03 02:00:00+00:00
[2026-06-02T14:48:18.428+0000] {processor.py:208} INFO - Processing /opt/airflow/dags/create_mart_dag.py took 0.092 seconds
[2026-06-02T14:48:48.542+0000] {processor.py:186} INFO - Started process (PID=1094) to work on /opt/airflow/dags/create_mart_dag.py
[2026-06-02T14:48:48.543+0000] {processor.py:914} INFO - Processing file /opt/airflow/dags/create_mart_dag.py for tasks to queue
[2026-06-02T14:48:48.544+0000] {logging_mixin.py:190} INFO - [2026-06-02T14:48:48.544+0000] {dagbag.py:588} INFO - Filling up the DagBag from /opt/airflow/dags/create_mart_dag.py
[2026-06-02T14:48:48.564+0000] {processor.py:925} INFO - DAG(s) 'create_analytics_mart' retrieved from /opt/airflow/dags/create_mart_dag.py
[2026-06-02T14:48:48.588+0000] {logging_mixin.py:190} INFO - [2026-06-02T14:48:48.587+0000] {dag.py:3239} INFO - Sync 1 DAGs
[2026-06-02T14:48:48.605+0000] {logging_mixin.py:190} INFO - [2026-06-02T14:48:48.605+0000] {dag.py:4180} INFO - Setting next_dagrun for create_analytics_mart to 2026-06-02 02:00:00+00:00, run_after=2026-06-03 02:00:00+00:00
[2026-06-02T14:48:48.634+0000] {processor.py:208} INFO - Processing /opt/airflow/dags/create_mart_dag.py took 0.096 seconds
[2026-06-02T14:49:18.750+0000] {processor.py:186} INFO - Started process (PID=1104) to work on /opt/airflow/dags/create_mart_dag.py
[2026-06-02T14:49:18.751+0000] {processor.py:914} INFO - Processing file /opt/airflow/dags/create_mart_dag.py for tasks to queue
[2026-06-02T14:49:18.753+0000] {logging_mixin.py:190} INFO - [2026-06-02T14:49:18.753+0000] {dagbag.py:588} INFO - Filling up the DagBag from /opt/airflow/dags/create_mart_dag.py
[2026-06-02T14:49:18.771+0000] {processor.py:925} INFO - DAG(s) 'create_analytics_mart' retrieved from /opt/airflow/dags/create_mart_dag.py
[2026-06-02T14:49:18.791+0000] {logging_mixin.py:190} INFO - [2026-06-02T14:49:18.791+0000] {dag.py:3239} INFO - Sync 1 DAGs
[2026-06-02T14:49:18.808+0000] {logging_mixin.py:190} INFO - [2026-06-02T14:49:18.808+0000] {dag.py:4180} INFO - Setting next_dagrun for create_analytics_mart to 2026-06-02 02:00:00+00:00, run_after=2026-06-03 02:00:00+00:00
[2026-06-02T14:49:18.835+0000] {processor.py:208} INFO - Processing /opt/airflow/dags/create_mart_dag.py took 0.089 seconds
[2026-06-02T14:49:49.010+0000] {processor.py:186} INFO - Started process (PID=1115) to work on /opt/airflow/dags/create_mart_dag.py
[2026-06-02T14:49:49.011+0000] {processor.py:914} INFO - Processing file /opt/airflow/dags/create_mart_dag.py for tasks to queue
[2026-06-02T14:49:49.013+0000] {logging_mixin.py:190} INFO - [2026-06-02T14:49:49.013+0000] {dagbag.py:588} INFO - Filling up the DagBag from /opt/airflow/dags/create_mart_dag.py
[2026-06-02T14:49:49.037+0000] {processor.py:925} INFO - DAG(s) 'create_analytics_mart' retrieved from /opt/airflow/dags/create_mart_dag.py
[2026-06-02T14:49:49.057+0000] {logging_mixin.py:190} INFO - [2026-06-02T14:49:49.057+0000] {dag.py:3239} INFO - Sync 1 DAGs
[2026-06-02T14:49:49.076+0000] {logging_mixin.py:190} INFO - [2026-06-02T14:49:49.076+0000] {dag.py:4180} INFO - Setting next_dagrun for create_analytics_mart to 2026-06-02 02:00:00+00:00, run_after=2026-06-03 02:00:00+00:00
[2026-06-02T14:49:49.093+0000] {processor.py:208} INFO - Processing /opt/airflow/dags/create_mart_dag.py took 0.087 seconds
[2026-06-02T14:50:19.236+0000] {processor.py:186} INFO - Started process (PID=1126) to work on /opt/airflow/dags/create_mart_dag.py
[2026-06-02T14:50:19.237+0000] {processor.py:914} INFO - Processing file /opt/airflow/dags/create_mart_dag.py for tasks to queue
[2026-06-02T14:50:19.239+0000] {logging_mixin.py:190} INFO - [2026-06-02T14:50:19.238+0000] {dagbag.py:588} INFO - Filling up the DagBag from /opt/airflow/dags/create_mart_dag.py
[2026-06-02T14:50:19.256+0000] {processor.py:925} INFO - DAG(s) 'create_analytics_mart' retrieved from /opt/airflow/dags/create_mart_dag.py
[2026-06-02T14:50:19.276+0000] {logging_mixin.py:190} INFO - [2026-06-02T14:50:19.276+0000] {dag.py:3239} INFO - Sync 1 DAGs
[2026-06-02T14:50:19.295+0000] {logging_mixin.py:190} INFO - [2026-06-02T14:50:19.294+0000] {dag.py:4180} INFO - Setting next_dagrun for create_analytics_mart to 2026-06-02 02:00:00+00:00, run_after=2026-06-03 02:00:00+00:00
[2026-06-02T14:50:19.325+0000] {processor.py:208} INFO - Processing /opt/airflow/dags/create_mart_dag.py took 0.093 seconds
[2026-06-02T14:50:49.661+0000] {processor.py:186} INFO - Started process (PID=1137) to work on /opt/airflow/dags/create_mart_dag.py
[2026-06-02T14:50:49.661+0000] {processor.py:914} INFO - Processing file /opt/airflow/dags/create_mart_dag.py for tasks to queue
[2026-06-02T14:50:49.663+0000] {logging_mixin.py:190} INFO - [2026-06-02T14:50:49.663+0000] {dagbag.py:588} INFO - Filling up the DagBag from /opt/airflow/dags/create_mart_dag.py
[2026-06-02T14:50:49.685+0000] {processor.py:925} INFO - DAG(s) 'create_analytics_mart' retrieved from /opt/airflow/dags/create_mart_dag.py
[2026-06-02T14:50:49.703+0000] {logging_mixin.py:190} INFO - [2026-06-02T14:50:49.703+0000] {dag.py:3239} INFO - Sync 1 DAGs
[2026-06-02T14:50:49.721+0000] {logging_mixin.py:190} INFO - [2026-06-02T14:50:49.721+0000] {dag.py:4180} INFO - Setting next_dagrun for create_analytics_mart to 2026-06-02 02:00:00+00:00, run_after=2026-06-03 02:00:00+00:00
[2026-06-02T14:50:49.735+0000] {processor.py:208} INFO - Processing /opt/airflow/dags/create_mart_dag.py took 0.079 seconds
[2026-06-02T14:51:20.211+0000] {processor.py:186} INFO - Started process (PID=1148) to work on /opt/airflow/dags/create_mart_dag.py
[2026-06-02T14:51:20.212+0000] {processor.py:914} INFO - Processing file /opt/airflow/dags/create_mart_dag.py for tasks to queue
[2026-06-02T14:51:20.214+0000] {logging_mixin.py:190} INFO - [2026-06-02T14:51:20.214+0000] {dagbag.py:588} INFO - Filling up the DagBag from /opt/airflow/dags/create_mart_dag.py
[2026-06-02T14:51:20.250+0000] {processor.py:925} INFO - DAG(s) 'create_analytics_mart' retrieved from /opt/airflow/dags/create_mart_dag.py
[2026-06-02T14:51:20.270+0000] {logging_mixin.py:190} INFO - [2026-06-02T14:51:20.270+0000] {dag.py:3239} INFO - Sync 1 DAGs
[2026-06-02T14:51:20.288+0000] {logging_mixin.py:190} INFO - [2026-06-02T14:51:20.287+0000] {dag.py:4180} INFO - Setting next_dagrun for create_analytics_mart to 2026-06-02 02:00:00+00:00, run_after=2026-06-03 02:00:00+00:00
[2026-06-02T14:51:20.311+0000] {processor.py:208} INFO - Processing /opt/airflow/dags/create_mart_dag.py took 0.104 seconds
[2026-06-02T14:51:50.501+0000] {processor.py:186} INFO - Started process (PID=1159) to work on /opt/airflow/dags/create_mart_dag.py
[2026-06-02T14:51:50.502+0000] {processor.py:914} INFO - Processing file /opt/airflow/dags/create_mart_dag.py for tasks to queue
[2026-06-02T14:51:50.504+0000] {logging_mixin.py:190} INFO - [2026-06-02T14:51:50.504+0000] {dagbag.py:588} INFO - Filling up the DagBag from /opt/airflow/dags/create_mart_dag.py
[2026-06-02T14:51:50.522+0000] {processor.py:925} INFO - DAG(s) 'create_analytics_mart' retrieved from /opt/airflow/dags/create_mart_dag.py
[2026-06-02T14:51:50.540+0000] {logging_mixin.py:190} INFO - [2026-06-02T14:51:50.540+0000] {dag.py:3239} INFO - Sync 1 DAGs
[2026-06-02T14:51:50.557+0000] {logging_mixin.py:190} INFO - [2026-06-02T14:51:50.556+0000] {dag.py:4180} INFO - Setting next_dagrun for create_analytics_mart to 2026-06-02 02:00:00+00:00, run_after=2026-06-03 02:00:00+00:00
[2026-06-02T14:51:50.573+0000] {processor.py:208} INFO - Processing /opt/airflow/dags/create_mart_dag.py took 0.077 seconds
[2026-06-02T14:52:20.686+0000] {processor.py:186} INFO - Started process (PID=1171) to work on /opt/airflow/dags/create_mart_dag.py
[2026-06-02T14:52:20.687+0000] {processor.py:914} INFO - Processing file /opt/airflow/dags/create_mart_dag.py for tasks to queue
[2026-06-02T14:52:20.689+0000] {logging_mixin.py:190} INFO - [2026-06-02T14:52:20.689+0000] {dagbag.py:588} INFO - Filling up the DagBag from /opt/airflow/dags/create_mart_dag.py
[2026-06-02T14:52:20.704+0000] {processor.py:925} INFO - DAG(s) 'create_analytics_mart' retrieved from /opt/airflow/dags/create_mart_dag.py
[2026-06-02T14:52:20.722+0000] {logging_mixin.py:190} INFO - [2026-06-02T14:52:20.722+0000] {dag.py:3239} INFO - Sync 1 DAGs
[2026-06-02T14:52:20.738+0000] {logging_mixin.py:190} INFO - [2026-06-02T14:52:20.738+0000] {dag.py:4180} INFO - Setting next_dagrun for create_analytics_mart to 2026-06-02 02:00:00+00:00, run_after=2026-06-03 02:00:00+00:00
[2026-06-02T14:52:20.754+0000] {processor.py:208} INFO - Processing /opt/airflow/dags/create_mart_dag.py took 0.072 seconds
[2026-06-02T14:52:50.923+0000] {processor.py:186} INFO - Started process (PID=1182) to work on /opt/airflow/dags/create_mart_dag.py
[2026-06-02T14:52:50.924+0000] {processor.py:914} INFO - Processing file /opt/airflow/dags/create_mart_dag.py for tasks to queue
[2026-06-02T14:52:50.925+0000] {logging_mixin.py:190} INFO - [2026-06-02T14:52:50.925+0000] {dagbag.py:588} INFO - Filling up the DagBag from /opt/airflow/dags/create_mart_dag.py
[2026-06-02T14:52:50.942+0000] {processor.py:925} INFO - DAG(s) 'create_analytics_mart' retrieved from /opt/airflow/dags/create_mart_dag.py
[2026-06-02T14:52:50.959+0000] {logging_mixin.py:190} INFO - [2026-06-02T14:52:50.959+0000] {dag.py:3239} INFO - Sync 1 DAGs
[2026-06-02T14:52:50.976+0000] {logging_mixin.py:190} INFO - [2026-06-02T14:52:50.976+0000] {dag.py:4180} INFO - Setting next_dagrun for create_analytics_mart to 2026-06-02 02:00:00+00:00, run_after=2026-06-03 02:00:00+00:00
[2026-06-02T14:52:50.993+0000] {processor.py:208} INFO - Processing /opt/airflow/dags/create_mart_dag.py took 0.074 seconds
[2026-06-02T14:53:21.120+0000] {processor.py:186} INFO - Started process (PID=1193) to work on /opt/airflow/dags/create_mart_dag.py
[2026-06-02T14:53:21.121+0000] {processor.py:914} INFO - Processing file /opt/airflow/dags/create_mart_dag.py for tasks to queue
[2026-06-02T14:53:21.123+0000] {logging_mixin.py:190} INFO - [2026-06-02T14:53:21.122+0000] {dagbag.py:588} INFO - Filling up the DagBag from /opt/airflow/dags/create_mart_dag.py
[2026-06-02T14:53:21.139+0000] {processor.py:925} INFO - DAG(s) 'create_analytics_mart' retrieved from /opt/airflow/dags/create_mart_dag.py
[2026-06-02T14:53:21.156+0000] {logging_mixin.py:190} INFO - [2026-06-02T14:53:21.156+0000] {dag.py:3239} INFO - Sync 1 DAGs
[2026-06-02T14:53:21.172+0000] {logging_mixin.py:190} INFO - [2026-06-02T14:53:21.172+0000] {dag.py:4180} INFO - Setting next_dagrun for create_analytics_mart to 2026-06-02 02:00:00+00:00, run_after=2026-06-03 02:00:00+00:00
[2026-06-02T14:53:21.188+0000] {processor.py:208} INFO - Processing /opt/airflow/dags/create_mart_dag.py took 0.072 seconds
[2026-06-02T14:53:51.306+0000] {processor.py:186} INFO - Started process (PID=1204) to work on /opt/airflow/dags/create_mart_dag.py
[2026-06-02T14:53:51.306+0000] {processor.py:914} INFO - Processing file /opt/airflow/dags/create_mart_dag.py for tasks to queue
[2026-06-02T14:53:51.309+0000] {logging_mixin.py:190} INFO - [2026-06-02T14:53:51.309+0000] {dagbag.py:588} INFO - Filling up the DagBag from /opt/airflow/dags/create_mart_dag.py
[2026-06-02T14:53:51.324+0000] {processor.py:925} INFO - DAG(s) 'create_analytics_mart' retrieved from /opt/airflow/dags/create_mart_dag.py
[2026-06-02T14:53:51.342+0000] {logging_mixin.py:190} INFO - [2026-06-02T14:53:51.342+0000] {dag.py:3239} INFO - Sync 1 DAGs
[2026-06-02T14:53:51.358+0000] {logging_mixin.py:190} INFO - [2026-06-02T14:53:51.358+0000] {dag.py:4180} INFO - Setting next_dagrun for create_analytics_mart to 2026-06-02 02:00:00+00:00, run_after=2026-06-03 02:00:00+00:00
[2026-06-02T14:53:51.373+0000] {processor.py:208} INFO - Processing /opt/airflow/dags/create_mart_dag.py took 0.072 seconds
[2026-06-02T14:54:21.557+0000] {processor.py:186} INFO - Started process (PID=1215) to work on /opt/airflow/dags/create_mart_dag.py
[2026-06-02T14:54:21.558+0000] {processor.py:914} INFO - Processing file /opt/airflow/dags/create_mart_dag.py for tasks to queue
[2026-06-02T14:54:21.561+0000] {logging_mixin.py:190} INFO - [2026-06-02T14:54:21.560+0000] {dagbag.py:588} INFO - Filling up the DagBag from /opt/airflow/dags/create_mart_dag.py
[2026-06-02T14:54:21.576+0000] {processor.py:925} INFO - DAG(s) 'create_analytics_mart' retrieved from /opt/airflow/dags/create_mart_dag.py
[2026-06-02T14:54:21.593+0000] {logging_mixin.py:190} INFO - [2026-06-02T14:54:21.593+0000] {dag.py:3239} INFO - Sync 1 DAGs
[2026-06-02T14:54:21.609+0000] {logging_mixin.py:190} INFO - [2026-06-02T14:54:21.608+0000] {dag.py:4180} INFO - Setting next_dagrun for create_analytics_mart to 2026-06-02 02:00:00+00:00, run_after=2026-06-03 02:00:00+00:00
[2026-06-02T14:54:21.624+0000] {processor.py:208} INFO - Processing /opt/airflow/dags/create_mart_dag.py took 0.070 seconds
[2026-06-02T14:54:51.764+0000] {processor.py:186} INFO - Started process (PID=1226) to work on /opt/airflow/dags/create_mart_dag.py
[2026-06-02T14:54:51.765+0000] {processor.py:914} INFO - Processing file /opt/airflow/dags/create_mart_dag.py for tasks to queue
[2026-06-02T14:54:51.768+0000] {logging_mixin.py:190} INFO - [2026-06-02T14:54:51.767+0000] {dagbag.py:588} INFO - Filling up the DagBag from /opt/airflow/dags/create_mart_dag.py
[2026-06-02T14:54:51.795+0000] {processor.py:925} INFO - DAG(s) 'create_analytics_mart' retrieved from /opt/airflow/dags/create_mart_dag.py
[2026-06-02T14:54:51.822+0000] {logging_mixin.py:190} INFO - [2026-06-02T14:54:51.822+0000] {dag.py:3239} INFO - Sync 1 DAGs
[2026-06-02T14:54:51.845+0000] {logging_mixin.py:190} INFO - [2026-06-02T14:54:51.845+0000] {dag.py:4180} INFO - Setting next_dagrun for create_analytics_mart to 2026-06-02 02:00:00+00:00, run_after=2026-06-03 02:00:00+00:00
[2026-06-02T14:54:51.867+0000] {processor.py:208} INFO - Processing /opt/airflow/dags/create_mart_dag.py took 0.108 seconds
[2026-06-02T14:55:21.948+0000] {processor.py:186} INFO - Started process (PID=1237) to work on /opt/airflow/dags/create_mart_dag.py
[2026-06-02T14:55:21.949+0000] {processor.py:914} INFO - Processing file /opt/airflow/dags/create_mart_dag.py for tasks to queue
[2026-06-02T14:55:21.952+0000] {logging_mixin.py:190} INFO - [2026-06-02T14:55:21.952+0000] {dagbag.py:588} INFO - Filling up the DagBag from /opt/airflow/dags/create_mart_dag.py
[2026-06-02T14:55:21.977+0000] {processor.py:925} INFO - DAG(s) 'create_analytics_mart' retrieved from /opt/airflow/dags/create_mart_dag.py
[2026-06-02T14:55:21.998+0000] {logging_mixin.py:190} INFO - [2026-06-02T14:55:21.998+0000] {dag.py:3239} INFO - Sync 1 DAGs
[2026-06-02T14:55:22.018+0000] {logging_mixin.py:190} INFO - [2026-06-02T14:55:22.018+0000] {dag.py:4180} INFO - Setting next_dagrun for create_analytics_mart to 2026-06-02 02:00:00+00:00, run_after=2026-06-03 02:00:00+00:00
[2026-06-02T14:55:22.036+0000] {processor.py:208} INFO - Processing /opt/airflow/dags/create_mart_dag.py took 0.092 seconds
[2026-06-02T14:55:52.125+0000] {processor.py:186} INFO - Started process (PID=1248) to work on /opt/airflow/dags/create_mart_dag.py
[2026-06-02T14:55:52.126+0000] {processor.py:914} INFO - Processing file /opt/airflow/dags/create_mart_dag.py for tasks to queue
[2026-06-02T14:55:52.128+0000] {logging_mixin.py:190} INFO - [2026-06-02T14:55:52.128+0000] {dagbag.py:588} INFO - Filling up the DagBag from /opt/airflow/dags/create_mart_dag.py
[2026-06-02T14:55:52.142+0000] {processor.py:925} INFO - DAG(s) 'create_analytics_mart' retrieved from /opt/airflow/dags/create_mart_dag.py
[2026-06-02T14:55:52.160+0000] {logging_mixin.py:190} INFO - [2026-06-02T14:55:52.160+0000] {dag.py:3239} INFO - Sync 1 DAGs
[2026-06-02T14:55:52.176+0000] {logging_mixin.py:190} INFO - [2026-06-02T14:55:52.176+0000] {dag.py:4180} INFO - Setting next_dagrun for create_analytics_mart to 2026-06-02 02:00:00+00:00, run_after=2026-06-03 02:00:00+00:00
[2026-06-02T14:55:52.192+0000] {processor.py:208} INFO - Processing /opt/airflow/dags/create_mart_dag.py took 0.071 seconds
[2026-06-02T14:56:22.361+0000] {processor.py:186} INFO - Started process (PID=1259) to work on /opt/airflow/dags/create_mart_dag.py
[2026-06-02T14:56:22.361+0000] {processor.py:914} INFO - Processing file /opt/airflow/dags/create_mart_dag.py for tasks to queue
[2026-06-02T14:56:22.363+0000] {logging_mixin.py:190} INFO - [2026-06-02T14:56:22.363+0000] {dagbag.py:588} INFO - Filling up the DagBag from /opt/airflow/dags/create_mart_dag.py
[2026-06-02T14:56:22.378+0000] {processor.py:925} INFO - DAG(s) 'create_analytics_mart' retrieved from /opt/airflow/dags/create_mart_dag.py
[2026-06-02T14:56:22.396+0000] {logging_mixin.py:190} INFO - [2026-06-02T14:56:22.396+0000] {dag.py:3239} INFO - Sync 1 DAGs
[2026-06-02T14:56:22.411+0000] {logging_mixin.py:190} INFO - [2026-06-02T14:56:22.411+0000] {dag.py:4180} INFO - Setting next_dagrun for create_analytics_mart to 2026-06-02 02:00:00+00:00, run_after=2026-06-03 02:00:00+00:00
[2026-06-02T14:56:22.528+0000] {processor.py:208} INFO - Processing /opt/airflow/dags/create_mart_dag.py took 0.172 seconds
[2026-06-02T14:56:52.690+0000] {processor.py:186} INFO - Started process (PID=1270) to work on /opt/airflow/dags/create_mart_dag.py
[2026-06-02T14:56:52.691+0000] {processor.py:914} INFO - Processing file /opt/airflow/dags/create_mart_dag.py for tasks to queue
[2026-06-02T14:56:52.692+0000] {logging_mixin.py:190} INFO - [2026-06-02T14:56:52.692+0000] {dagbag.py:588} INFO - Filling up the DagBag from /opt/airflow/dags/create_mart_dag.py
[2026-06-02T14:56:52.707+0000] {processor.py:925} INFO - DAG(s) 'create_analytics_mart' retrieved from /opt/airflow/dags/create_mart_dag.py
[2026-06-02T14:56:52.725+0000] {logging_mixin.py:190} INFO - [2026-06-02T14:56:52.725+0000] {dag.py:3239} INFO - Sync 1 DAGs
[2026-06-02T14:56:52.741+0000] {logging_mixin.py:190} INFO - [2026-06-02T14:56:52.741+0000] {dag.py:4180} INFO - Setting next_dagrun for create_analytics_mart to 2026-06-02 02:00:00+00:00, run_after=2026-06-03 02:00:00+00:00
[2026-06-02T14:56:52.758+0000] {processor.py:208} INFO - Processing /opt/airflow/dags/create_mart_dag.py took 0.072 seconds
[2026-06-02T14:57:22.852+0000] {processor.py:186} INFO - Started process (PID=1281) to work on /opt/airflow/dags/create_mart_dag.py
[2026-06-02T14:57:22.853+0000] {processor.py:914} INFO - Processing file /opt/airflow/dags/create_mart_dag.py for tasks to queue
[2026-06-02T14:57:22.855+0000] {logging_mixin.py:190} INFO - [2026-06-02T14:57:22.855+0000] {dagbag.py:588} INFO - Filling up the DagBag from /opt/airflow/dags/create_mart_dag.py
[2026-06-02T14:57:22.871+0000] {processor.py:925} INFO - DAG(s) 'create_analytics_mart' retrieved from /opt/airflow/dags/create_mart_dag.py
[2026-06-02T14:57:22.891+0000] {logging_mixin.py:190} INFO - [2026-06-02T14:57:22.891+0000] {dag.py:3239} INFO - Sync 1 DAGs
[2026-06-02T14:57:22.907+0000] {logging_mixin.py:190} INFO - [2026-06-02T14:57:22.907+0000] {dag.py:4180} INFO - Setting next_dagrun for create_analytics_mart to 2026-06-02 02:00:00+00:00, run_after=2026-06-03 02:00:00+00:00
[2026-06-02T14:57:22.925+0000] {processor.py:208} INFO - Processing /opt/airflow/dags/create_mart_dag.py took 0.078 seconds
[2026-06-02T14:57:53.079+0000] {processor.py:186} INFO - Started process (PID=1292) to work on /opt/airflow/dags/create_mart_dag.py
[2026-06-02T14:57:53.080+0000] {processor.py:914} INFO - Processing file /opt/airflow/dags/create_mart_dag.py for tasks to queue
[2026-06-02T14:57:53.082+0000] {logging_mixin.py:190} INFO - [2026-06-02T14:57:53.081+0000] {dagbag.py:588} INFO - Filling up the DagBag from /opt/airflow/dags/create_mart_dag.py
[2026-06-02T14:57:53.096+0000] {processor.py:925} INFO - DAG(s) 'create_analytics_mart' retrieved from /opt/airflow/dags/create_mart_dag.py
[2026-06-02T14:57:53.113+0000] {logging_mixin.py:190} INFO - [2026-06-02T14:57:53.113+0000] {dag.py:3239} INFO - Sync 1 DAGs
[2026-06-02T14:57:53.130+0000] {logging_mixin.py:190} INFO - [2026-06-02T14:57:53.130+0000] {dag.py:4180} INFO - Setting next_dagrun for create_analytics_mart to 2026-06-02 02:00:00+00:00, run_after=2026-06-03 02:00:00+00:00
[2026-06-02T14:57:53.145+0000] {processor.py:208} INFO - Processing /opt/airflow/dags/create_mart_dag.py took 0.070 seconds
[2026-06-02T14:58:23.310+0000] {processor.py:186} INFO - Started process (PID=1303) to work on /opt/airflow/dags/create_mart_dag.py
[2026-06-02T14:58:23.311+0000] {processor.py:914} INFO - Processing file /opt/airflow/dags/create_mart_dag.py for tasks to queue
[2026-06-02T14:58:23.313+0000] {logging_mixin.py:190} INFO - [2026-06-02T14:58:23.312+0000] {dagbag.py:588} INFO - Filling up the DagBag from /opt/airflow/dags/create_mart_dag.py
[2026-06-02T14:58:23.329+0000] {processor.py:925} INFO - DAG(s) 'create_analytics_mart' retrieved from /opt/airflow/dags/create_mart_dag.py
[2026-06-02T14:58:23.346+0000] {logging_mixin.py:190} INFO - [2026-06-02T14:58:23.346+0000] {dag.py:3239} INFO - Sync 1 DAGs
[2026-06-02T14:58:23.361+0000] {logging_mixin.py:190} INFO - [2026-06-02T14:58:23.361+0000] {dag.py:4180} INFO - Setting next_dagrun for create_analytics_mart to 2026-06-02 02:00:00+00:00, run_after=2026-06-03 02:00:00+00:00
[2026-06-02T14:58:23.377+0000] {processor.py:208} INFO - Processing /opt/airflow/dags/create_mart_dag.py took 0.070 seconds
[2026-06-02T14:58:53.502+0000] {processor.py:186} INFO - Started process (PID=1314) to work on /opt/airflow/dags/create_mart_dag.py
[2026-06-02T14:58:53.504+0000] {processor.py:914} INFO - Processing file /opt/airflow/dags/create_mart_dag.py for tasks to queue
[2026-06-02T14:58:53.506+0000] {logging_mixin.py:190} INFO - [2026-06-02T14:58:53.506+0000] {dagbag.py:588} INFO - Filling up the DagBag from /opt/airflow/dags/create_mart_dag.py
[2026-06-02T14:58:53.524+0000] {processor.py:925} INFO - DAG(s) 'create_analytics_mart' retrieved from /opt/airflow/dags/create_mart_dag.py
[2026-06-02T14:58:53.541+0000] {logging_mixin.py:190} INFO - [2026-06-02T14:58:53.540+0000] {dag.py:3239} INFO - Sync 1 DAGs
[2026-06-02T14:58:53.556+0000] {logging_mixin.py:190} INFO - [2026-06-02T14:58:53.556+0000] {dag.py:4180} INFO - Setting next_dagrun for create_analytics_mart to 2026-06-02 02:00:00+00:00, run_after=2026-06-03 02:00:00+00:00
[2026-06-02T14:58:53.573+0000] {processor.py:208} INFO - Processing /opt/airflow/dags/create_mart_dag.py took 0.075 seconds
[2026-06-02T14:59:23.668+0000] {processor.py:186} INFO - Started process (PID=1325) to work on /opt/airflow/dags/create_mart_dag.py
[2026-06-02T14:59:23.668+0000] {processor.py:914} INFO - Processing file /opt/airflow/dags/create_mart_dag.py for tasks to queue
[2026-06-02T14:59:23.670+0000] {logging_mixin.py:190} INFO - [2026-06-02T14:59:23.670+0000] {dagbag.py:588} INFO - Filling up the DagBag from /opt/airflow/dags/create_mart_dag.py
[2026-06-02T14:59:23.684+0000] {processor.py:925} INFO - DAG(s) 'create_analytics_mart' retrieved from /opt/airflow/dags/create_mart_dag.py
[2026-06-02T14:59:23.702+0000] {logging_mixin.py:190} INFO - [2026-06-02T14:59:23.702+0000] {dag.py:3239} INFO - Sync 1 DAGs
[2026-06-02T14:59:23.766+0000] {logging_mixin.py:190} INFO - [2026-06-02T14:59:23.766+0000] {dag.py:4180} INFO - Setting next_dagrun for create_analytics_mart to 2026-06-02 02:00:00+00:00, run_after=2026-06-03 02:00:00+00:00
[2026-06-02T14:59:23.783+0000] {processor.py:208} INFO - Processing /opt/airflow/dags/create_mart_dag.py took 0.119 seconds
[2026-06-02T14:59:53.935+0000] {processor.py:186} INFO - Started process (PID=1336) to work on /opt/airflow/dags/create_mart_dag.py
[2026-06-02T14:59:53.936+0000] {processor.py:914} INFO - Processing file /opt/airflow/dags/create_mart_dag.py for tasks to queue
[2026-06-02T14:59:53.938+0000] {logging_mixin.py:190} INFO - [2026-06-02T14:59:53.937+0000] {dagbag.py:588} INFO - Filling up the DagBag from /opt/airflow/dags/create_mart_dag.py
[2026-06-02T14:59:53.952+0000] {processor.py:925} INFO - DAG(s) 'create_analytics_mart' retrieved from /opt/airflow/dags/create_mart_dag.py
[2026-06-02T14:59:53.969+0000] {logging_mixin.py:190} INFO - [2026-06-02T14:59:53.968+0000] {dag.py:3239} INFO - Sync 1 DAGs
[2026-06-02T14:59:53.984+0000] {logging_mixin.py:190} INFO - [2026-06-02T14:59:53.984+0000] {dag.py:4180} INFO - Setting next_dagrun for create_analytics_mart to 2026-06-02 02:00:00+00:00, run_after=2026-06-03 02:00:00+00:00
[2026-06-02T14:59:53.999+0000] {processor.py:208} INFO - Processing /opt/airflow/dags/create_mart_dag.py took 0.068 seconds
[2026-06-02T15:00:24.086+0000] {processor.py:186} INFO - Started process (PID=1347) to work on /opt/airflow/dags/create_mart_dag.py
[2026-06-02T15:00:24.087+0000] {processor.py:914} INFO - Processing file /opt/airflow/dags/create_mart_dag.py for tasks to queue
[2026-06-02T15:00:24.089+0000] {logging_mixin.py:190} INFO - [2026-06-02T15:00:24.088+0000] {dagbag.py:588} INFO - Filling up the DagBag from /opt/airflow/dags/create_mart_dag.py
[2026-06-02T15:00:24.105+0000] {processor.py:925} INFO - DAG(s) 'create_analytics_mart' retrieved from /opt/airflow/dags/create_mart_dag.py
[2026-06-02T15:00:24.121+0000] {logging_mixin.py:190} INFO - [2026-06-02T15:00:24.121+0000] {dag.py:3239} INFO - Sync 1 DAGs
[2026-06-02T15:00:24.137+0000] {logging_mixin.py:190} INFO - [2026-06-02T15:00:24.137+0000] {dag.py:4180} INFO - Setting next_dagrun for create_analytics_mart to 2026-06-02 02:00:00+00:00, run_after=2026-06-03 02:00:00+00:00
[2026-06-02T15:00:24.152+0000] {processor.py:208} INFO - Processing /opt/airflow/dags/create_mart_dag.py took 0.070 seconds
[2026-06-02T15:00:54.270+0000] {processor.py:186} INFO - Started process (PID=1358) to work on /opt/airflow/dags/create_mart_dag.py
[2026-06-02T15:00:54.270+0000] {processor.py:914} INFO - Processing file /opt/airflow/dags/create_mart_dag.py for tasks to queue
[2026-06-02T15:00:54.273+0000] {logging_mixin.py:190} INFO - [2026-06-02T15:00:54.272+0000] {dagbag.py:588} INFO - Filling up the DagBag from /opt/airflow/dags/create_mart_dag.py
[2026-06-02T15:00:54.289+0000] {processor.py:925} INFO - DAG(s) 'create_analytics_mart' retrieved from /opt/airflow/dags/create_mart_dag.py
[2026-06-02T15:00:54.306+0000] {logging_mixin.py:190} INFO - [2026-06-02T15:00:54.305+0000] {dag.py:3239} INFO - Sync 1 DAGs
[2026-06-02T15:00:54.321+0000] {logging_mixin.py:190} INFO - [2026-06-02T15:00:54.321+0000] {dag.py:4180} INFO - Setting next_dagrun for create_analytics_mart to 2026-06-02 02:00:00+00:00, run_after=2026-06-03 02:00:00+00:00
[2026-06-02T15:00:54.336+0000] {processor.py:208} INFO - Processing /opt/airflow/dags/create_mart_dag.py took 0.070 seconds
[2026-06-02T15:01:24.502+0000] {processor.py:186} INFO - Started process (PID=1369) to work on /opt/airflow/dags/create_mart_dag.py
[2026-06-02T15:01:24.502+0000] {processor.py:914} INFO - Processing file /opt/airflow/dags/create_mart_dag.py for tasks to queue
[2026-06-02T15:01:24.504+0000] {logging_mixin.py:190} INFO - [2026-06-02T15:01:24.504+0000] {dagbag.py:588} INFO - Filling up the DagBag from /opt/airflow/dags/create_mart_dag.py
[2026-06-02T15:01:24.519+0000] {processor.py:925} INFO - DAG(s) 'create_analytics_mart' retrieved from /opt/airflow/dags/create_mart_dag.py
[2026-06-02T15:01:24.536+0000] {logging_mixin.py:190} INFO - [2026-06-02T15:01:24.536+0000] {dag.py:3239} INFO - Sync 1 DAGs
[2026-06-02T15:01:24.552+0000] {logging_mixin.py:190} INFO - [2026-06-02T15:01:24.552+0000] {dag.py:4180} INFO - Setting next_dagrun for create_analytics_mart to 2026-06-02 02:00:00+00:00, run_after=2026-06-03 02:00:00+00:00
[2026-06-02T15:01:24.566+0000] {processor.py:208} INFO - Processing /opt/airflow/dags/create_mart_dag.py took 0.068 seconds
[2026-06-02T15:01:54.684+0000] {processor.py:186} INFO - Started process (PID=1380) to work on /opt/airflow/dags/create_mart_dag.py
[2026-06-02T15:01:54.684+0000] {processor.py:914} INFO - Processing file /opt/airflow/dags/create_mart_dag.py for tasks to queue
[2026-06-02T15:01:54.686+0000] {logging_mixin.py:190} INFO - [2026-06-02T15:01:54.686+0000] {dagbag.py:588} INFO - Filling up the DagBag from /opt/airflow/dags/create_mart_dag.py
[2026-06-02T15:01:54.701+0000] {processor.py:925} INFO - DAG(s) 'create_analytics_mart' retrieved from /opt/airflow/dags/create_mart_dag.py
[2026-06-02T15:01:54.718+0000] {logging_mixin.py:190} INFO - [2026-06-02T15:01:54.718+0000] {dag.py:3239} INFO - Sync 1 DAGs
[2026-06-02T15:01:54.735+0000] {logging_mixin.py:190} INFO - [2026-06-02T15:01:54.735+0000] {dag.py:4180} INFO - Setting next_dagrun for create_analytics_mart to 2026-06-02 02:00:00+00:00, run_after=2026-06-03 02:00:00+00:00
[2026-06-02T15:01:54.752+0000] {processor.py:208} INFO - Processing /opt/airflow/dags/create_mart_dag.py took 0.072 seconds
[2026-06-02T15:02:24.900+0000] {processor.py:186} INFO - Started process (PID=1391) to work on /opt/airflow/dags/create_mart_dag.py
[2026-06-02T15:02:24.901+0000] {processor.py:914} INFO - Processing file /opt/airflow/dags/create_mart_dag.py for tasks to queue
[2026-06-02T15:02:24.903+0000] {logging_mixin.py:190} INFO - [2026-06-02T15:02:24.903+0000] {dagbag.py:588} INFO - Filling up the DagBag from /opt/airflow/dags/create_mart_dag.py
[2026-06-02T15:02:24.918+0000] {processor.py:925} INFO - DAG(s) 'create_analytics_mart' retrieved from /opt/airflow/dags/create_mart_dag.py
[2026-06-02T15:02:24.936+0000] {logging_mixin.py:190} INFO - [2026-06-02T15:02:24.936+0000] {dag.py:3239} INFO - Sync 1 DAGs
[2026-06-02T15:02:24.952+0000] {logging_mixin.py:190} INFO - [2026-06-02T15:02:24.952+0000] {dag.py:4180} INFO - Setting next_dagrun for create_analytics_mart to 2026-06-02 02:00:00+00:00, run_after=2026-06-03 02:00:00+00:00
[2026-06-02T15:02:24.967+0000] {processor.py:208} INFO - Processing /opt/airflow/dags/create_mart_dag.py took 0.071 seconds
[2026-06-02T15:02:55.130+0000] {processor.py:186} INFO - Started process (PID=1402) to work on /opt/airflow/dags/create_mart_dag.py
[2026-06-02T15:02:55.131+0000] {processor.py:914} INFO - Processing file /opt/airflow/dags/create_mart_dag.py for tasks to queue
[2026-06-02T15:02:55.132+0000] {logging_mixin.py:190} INFO - [2026-06-02T15:02:55.132+0000] {dagbag.py:588} INFO - Filling up the DagBag from /opt/airflow/dags/create_mart_dag.py
[2026-06-02T15:02:55.147+0000] {processor.py:925} INFO - DAG(s) 'create_analytics_mart' retrieved from /opt/airflow/dags/create_mart_dag.py
[2026-06-02T15:02:55.164+0000] {logging_mixin.py:190} INFO - [2026-06-02T15:02:55.163+0000] {dag.py:3239} INFO - Sync 1 DAGs
[2026-06-02T15:02:55.179+0000] {logging_mixin.py:190} INFO - [2026-06-02T15:02:55.179+0000] {dag.py:4180} INFO - Setting next_dagrun for create_analytics_mart to 2026-06-02 02:00:00+00:00, run_after=2026-06-03 02:00:00+00:00
[2026-06-02T15:02:55.193+0000] {processor.py:208} INFO - Processing /opt/airflow/dags/create_mart_dag.py took 0.067 seconds
[2026-06-02T15:03:25.305+0000] {processor.py:186} INFO - Started process (PID=1413) to work on /opt/airflow/dags/create_mart_dag.py
[2026-06-02T15:03:25.306+0000] {processor.py:914} INFO - Processing file /opt/airflow/dags/create_mart_dag.py for tasks to queue
[2026-06-02T15:03:25.308+0000] {logging_mixin.py:190} INFO - [2026-06-02T15:03:25.308+0000] {dagbag.py:588} INFO - Filling up the DagBag from /opt/airflow/dags/create_mart_dag.py
[2026-06-02T15:03:25.323+0000] {processor.py:925} INFO - DAG(s) 'create_analytics_mart' retrieved from /opt/airflow/dags/create_mart_dag.py
[2026-06-02T15:03:25.340+0000] {logging_mixin.py:190} INFO - [2026-06-02T15:03:25.340+0000] {dag.py:3239} INFO - Sync 1 DAGs
[2026-06-02T15:03:25.355+0000] {logging_mixin.py:190} INFO - [2026-06-02T15:03:25.355+0000] {dag.py:4180} INFO - Setting next_dagrun for create_analytics_mart to 2026-06-02 02:00:00+00:00, run_after=2026-06-03 02:00:00+00:00
[2026-06-02T15:03:25.370+0000] {processor.py:208} INFO - Processing /opt/airflow/dags/create_mart_dag.py took 0.069 seconds
[2026-06-02T15:03:55.511+0000] {processor.py:186} INFO - Started process (PID=1424) to work on /opt/airflow/dags/create_mart_dag.py
[2026-06-02T15:03:55.512+0000] {processor.py:914} INFO - Processing file /opt/airflow/dags/create_mart_dag.py for tasks to queue
[2026-06-02T15:03:55.514+0000] {logging_mixin.py:190} INFO - [2026-06-02T15:03:55.514+0000] {dagbag.py:588} INFO - Filling up the DagBag from /opt/airflow/dags/create_mart_dag.py
[2026-06-02T15:03:55.529+0000] {processor.py:925} INFO - DAG(s) 'create_analytics_mart' retrieved from /opt/airflow/dags/create_mart_dag.py
[2026-06-02T15:03:55.546+0000] {logging_mixin.py:190} INFO - [2026-06-02T15:03:55.546+0000] {dag.py:3239} INFO - Sync 1 DAGs
[2026-06-02T15:03:55.562+0000] {logging_mixin.py:190} INFO - [2026-06-02T15:03:55.562+0000] {dag.py:4180} INFO - Setting next_dagrun for create_analytics_mart to 2026-06-02 02:00:00+00:00, run_after=2026-06-03 02:00:00+00:00
[2026-06-02T15:03:55.578+0000] {processor.py:208} INFO - Processing /opt/airflow/dags/create_mart_dag.py took 0.070 seconds
[2026-06-02T15:04:25.693+0000] {processor.py:186} INFO - Started process (PID=1435) to work on /opt/airflow/dags/create_mart_dag.py
[2026-06-02T15:04:25.694+0000] {processor.py:914} INFO - Processing file /opt/airflow/dags/create_mart_dag.py for tasks to queue
[2026-06-02T15:04:25.696+0000] {logging_mixin.py:190} INFO - [2026-06-02T15:04:25.696+0000] {dagbag.py:588} INFO - Filling up the DagBag from /opt/airflow/dags/create_mart_dag.py
[2026-06-02T15:04:25.712+0000] {processor.py:925} INFO - DAG(s) 'create_analytics_mart' retrieved from /opt/airflow/dags/create_mart_dag.py
[2026-06-02T15:04:25.729+0000] {logging_mixin.py:190} INFO - [2026-06-02T15:04:25.729+0000] {dag.py:3239} INFO - Sync 1 DAGs
[2026-06-02T15:04:25.744+0000] {logging_mixin.py:190} INFO - [2026-06-02T15:04:25.744+0000] {dag.py:4180} INFO - Setting next_dagrun for create_analytics_mart to 2026-06-02 02:00:00+00:00, run_after=2026-06-03 02:00:00+00:00
[2026-06-02T15:04:25.759+0000] {processor.py:208} INFO - Processing /opt/airflow/dags/create_mart_dag.py took 0.069 seconds
[2026-06-02T15:04:55.880+0000] {processor.py:186} INFO - Started process (PID=1446) to work on /opt/airflow/dags/create_mart_dag.py
[2026-06-02T15:04:55.881+0000] {processor.py:914} INFO - Processing file /opt/airflow/dags/create_mart_dag.py for tasks to queue
[2026-06-02T15:04:55.883+0000] {logging_mixin.py:190} INFO - [2026-06-02T15:04:55.883+0000] {dagbag.py:588} INFO - Filling up the DagBag from /opt/airflow/dags/create_mart_dag.py
[2026-06-02T15:04:55.906+0000] {processor.py:925} INFO - DAG(s) 'create_analytics_mart' retrieved from /opt/airflow/dags/create_mart_dag.py
[2026-06-02T15:04:55.926+0000] {logging_mixin.py:190} INFO - [2026-06-02T15:04:55.925+0000] {dag.py:3239} INFO - Sync 1 DAGs
[2026-06-02T15:04:55.943+0000] {logging_mixin.py:190} INFO - [2026-06-02T15:04:55.942+0000] {dag.py:4180} INFO - Setting next_dagrun for create_analytics_mart to 2026-06-02 02:00:00+00:00, run_after=2026-06-03 02:00:00+00:00
[2026-06-02T15:04:56.059+0000] {processor.py:208} INFO - Processing /opt/airflow/dags/create_mart_dag.py took 0.183 seconds
[2026-06-02T15:05:26.146+0000] {processor.py:186} INFO - Started process (PID=1457) to work on /opt/airflow/dags/create_mart_dag.py
[2026-06-02T15:05:26.147+0000] {processor.py:914} INFO - Processing file /opt/airflow/dags/create_mart_dag.py for tasks to queue
[2026-06-02T15:05:26.149+0000] {logging_mixin.py:190} INFO - [2026-06-02T15:05:26.149+0000] {dagbag.py:588} INFO - Filling up the DagBag from /opt/airflow/dags/create_mart_dag.py
[2026-06-02T15:05:26.177+0000] {processor.py:925} INFO - DAG(s) 'create_analytics_mart' retrieved from /opt/airflow/dags/create_mart_dag.py
[2026-06-02T15:05:26.201+0000] {logging_mixin.py:190} INFO - [2026-06-02T15:05:26.201+0000] {dag.py:3239} INFO - Sync 1 DAGs
[2026-06-02T15:05:26.220+0000] {logging_mixin.py:190} INFO - [2026-06-02T15:05:26.220+0000] {dag.py:4180} INFO - Setting next_dagrun for create_analytics_mart to 2026-06-02 02:00:00+00:00, run_after=2026-06-03 02:00:00+00:00
[2026-06-02T15:05:26.236+0000] {processor.py:208} INFO - Processing /opt/airflow/dags/create_mart_dag.py took 0.096 seconds
[2026-06-02T15:09:58.030+0000] {processor.py:186} INFO - Started process (PID=1468) to work on /opt/airflow/dags/create_mart_dag.py
[2026-06-02T15:09:58.033+0000] {processor.py:914} INFO - Processing file /opt/airflow/dags/create_mart_dag.py for tasks to queue
[2026-06-02T15:09:58.045+0000] {logging_mixin.py:190} INFO - [2026-06-02T15:09:58.039+0000] {dagbag.py:588} INFO - Filling up the DagBag from /opt/airflow/dags/create_mart_dag.py
[2026-06-02T15:09:58.095+0000] {processor.py:925} INFO - DAG(s) 'create_analytics_mart' retrieved from /opt/airflow/dags/create_mart_dag.py
[2026-06-02T15:09:58.135+0000] {logging_mixin.py:190} INFO - [2026-06-02T15:09:58.134+0000] {dag.py:3239} INFO - Sync 1 DAGs
[2026-06-02T15:09:58.180+0000] {logging_mixin.py:190} INFO - [2026-06-02T15:09:58.180+0000] {dag.py:4180} INFO - Setting next_dagrun for create_analytics_mart to 2026-06-02 02:00:00+00:00, run_after=2026-06-03 02:00:00+00:00
[2026-06-02T15:09:58.219+0000] {processor.py:208} INFO - Processing /opt/airflow/dags/create_mart_dag.py took 0.205 seconds
[2026-06-02T15:17:58.749+0000] {processor.py:186} INFO - Started process (PID=1473) to work on /opt/airflow/dags/create_mart_dag.py
[2026-06-02T15:17:58.750+0000] {processor.py:914} INFO - Processing file /opt/airflow/dags/create_mart_dag.py for tasks to queue
[2026-06-02T15:17:58.751+0000] {logging_mixin.py:190} INFO - [2026-06-02T15:17:58.751+0000] {dagbag.py:588} INFO - Filling up the DagBag from /opt/airflow/dags/create_mart_dag.py
[2026-06-02T15:17:58.769+0000] {processor.py:925} INFO - DAG(s) 'create_analytics_mart' retrieved from /opt/airflow/dags/create_mart_dag.py
[2026-06-02T15:17:58.789+0000] {logging_mixin.py:190} INFO - [2026-06-02T15:17:58.788+0000] {dag.py:3239} INFO - Sync 1 DAGs
[2026-06-02T15:17:58.807+0000] {logging_mixin.py:190} INFO - [2026-06-02T15:17:58.806+0000] {dag.py:4180} INFO - Setting next_dagrun for create_analytics_mart to 2026-06-02 02:00:00+00:00, run_after=2026-06-03 02:00:00+00:00
[2026-06-02T15:17:58.824+0000] {processor.py:208} INFO - Processing /opt/airflow/dags/create_mart_dag.py took 0.081 seconds
[2026-06-02T19:26:45.757+0000] {processor.py:186} INFO - Started process (PID=175) to work on /opt/airflow/dags/create_mart_dag.py
[2026-06-02T19:26:45.759+0000] {processor.py:914} INFO - Processing file /opt/airflow/dags/create_mart_dag.py for tasks to queue
[2026-06-02T19:26:45.762+0000] {logging_mixin.py:190} INFO - [2026-06-02T19:26:45.761+0000] {dagbag.py:588} INFO - Filling up the DagBag from /opt/airflow/dags/create_mart_dag.py
[2026-06-02T19:26:45.813+0000] {processor.py:925} INFO - DAG(s) 'create_analytics_mart' retrieved from /opt/airflow/dags/create_mart_dag.py
[2026-06-02T19:26:45.841+0000] {logging_mixin.py:190} INFO - [2026-06-02T19:26:45.840+0000] {dag.py:3239} INFO - Sync 1 DAGs
[2026-06-02T19:26:45.871+0000] {logging_mixin.py:190} INFO - [2026-06-02T19:26:45.870+0000] {dag.py:4180} INFO - Setting next_dagrun for create_analytics_mart to 2026-06-02 02:00:00+00:00, run_after=2026-06-03 02:00:00+00:00
[2026-06-02T19:26:45.893+0000] {processor.py:208} INFO - Processing /opt/airflow/dags/create_mart_dag.py took 0.144 seconds
